"3,095,680"
date,star_point,comment,photo
20.12.09.,1,"제가 11월 26일 구매를 하고 28일 토요일 빠르게 배송을 받았습니다.
이때까지는 기분이 좋았는데... 컴퓨터가 작동을 안하더군요...
판매자에게 주말이라 연락할 방법이 없어 월요일에 연락을 했더니...
고객응대를 참 독특하게 하시더군요. 하나 하나 차근 차근 설명을 드리려고하는데 다짜고짜 화부터 내시면서 제 말은 하나도 듣지 않았습니다.
저도 이런일이 처음이라 판매자가 구매자에게 험 한말을 자주 들어서 그런가 했지만 막무가네로 나가니 저도 참을 수가 없더군요. 그래서 네이버에 중재 요청을 하고 시간이 지나 1주일 후쯤 네이버도 나몰라라 하더군요....
애플은 정식 판매점에서 구매한게 해줄수 있는게 없고 이런경우는 판매자가 책임을 져야한다...판매자는 그냥 자기는 잘못없다... 300만원이 넘는 제품을... 하~
다행히 명동 애플센터에서 하자가 있는 베터리를 교체해주었습니다.
그래서 제품을 제가 받은게 오늘입니다... 12월 9일...

여기서 왠만하면 구매하지 마세요.... 뽑기 잘하시면 여기서 구매하시구요
뽑기 잘못하시면 저처럼 됩니다... 저 정도면 양호 한겁니다. 애플에 전화하고 센터에 몇번을 방문해서 베터리 무상교체 받았으니까요... 다른 분들은 아마 교체 비용 내셔야 할겁니다~

잘생각하고 구매하세요... 아니 여기서는 구매하지 마세요
공식판매처 찾아보시고 세일이나 행사하는지 보고 구매하시길~~~",['https://phinf.pstatic.net/checkout/20201209_273/1607518564287or1BP_JPEG/review-attachment-20f63380-139f-44ee-a4ce-7eebcc3c541e.jpeg?type=f287']
20.03.26.,5,"2017년 맥북프로 13인치를 쓰다가 넘어왔습니다.
16인치 디스플레이는 명불허전이고, 스피커 역시 아주 훌륭합니다. 키보드가 가위식으로 들어가서 좋아졌다는 얘기가 많은데 별도의 키보드를 연결해서 쓰다보니 잘 모르겠네요.
2kg 무게도 약간 부담은 있지만 성인남성이 백팩에 넣어다니기엔 괜찮은 것 같네요.
애플케어플러스까지 먹였으니 오래오래 써야겠습니다.","['https://phinf.pstatic.net/checkout/20200326_159/1585202717615KtPnG_JPEG/E6294788-042F-4015-98C1-E6282EFFD772.jpeg?type=f287', 'https://phinf.pstatic.net/checkout/20200326_103/1585202718127jbOJQ_JPEG/F8166D4F-27D4-4C73-ABDE-2F6047ED6BAD.jpeg?type=f287']"
20.10.05.,1,너무 늦게왓어요 당일배송할것처럼 판매해놓고 한달 다되서 받았네요 저말고 다른분들도 그렇게 낚이신것같네요 늦게올줄알앗으면 싸도 여기서 안샀을텐데....기다리다보니 한달가까이되서받긴 받앗는데 기분은 좋지 않아요..,['https://phinf.pstatic.net/checkout/20201005_48/1601872454097fUbqR_JPEG/review-attachment-71c1dd57-dd55-4ad2-b4d4-93b52378a357.jpeg?type=f287']
20.12.31.,1,"별도 포장없이 기본 제품박스 (노란박스)에 택배송장 붙어서 왔네요.
제품 가격이 340만원임을 생각하고, 전자제품인걸 감안한다면 너무 무감각하네요.

심지어 다른사람 리뷰에는 뽁뽁이로 꼼꼼하게 포장되어 왔다고 하던데. 저한테만 포장없이 보내",['https://phinf.pstatic.net/checkout/20201231_2/1609420156055ay2Ds_PNG/review-attachment-c511771e-2a52-43f1-9768-a2f2482dcb3d.png?type=f287']
20.08.28.,4,우선 맥북 성능이야 미리 알고 구매한거라 문제는 없었지만2020년 4월 제조 제품인데 방전이 되서 와서 몹시 당황스크린 타임 보니 근래에 사용한 것 같이 켜져있었는지..기록이 있어서 그것 또한 놀랬네요.판매자 분께 상황을 설명드리니 사용에 이상이 있으면 애플에 문의하라 하시니...이전 맥북 백업중이라 본격 세팅 후 사용은 해봐야 할 것 같습니다.,[]
20.12.31.,4,"연말에 코로나까지 겹쳐서 배송은 진짜 오래 걸렸어요. 배송 일정을 미리 알 수도 없어서 넘 답답했는데 그래도 무사히 받게 돼서 다행입니다.
배송일에 날씨가 영하 강추위라 배터리가 걱정됐는데 부팅도 잘 되고 잘 돌아갑니다. 아직 문제가 발견되지 않았고 정품 맞습니다. 저렴한 가격에 잘 샀어요. 감사합니다^^",[]
20.08.21.,5,"현재 mvvk2kh/a 모델을 가장 저렴한 가격에 구입할 수 있는 곳이라고 생각하며, 그렇다고 물건이 하자가 있거나 배송이 느리냐? 물건 제가 받아보니 매우 양품이고, 배송도 퀵으로 빠르게 보내주셨습니다. 퀵비는 착불이지만, 비교적 저렴한 가격에 사는만큼, 퀵비 정도 내더라도 구매자입장에서는 더 빠르게 받고 싸게 샀으니 됬죠. 배송에 따른 연락도 틈틈히 해주시고 일처리 신뢰감 있게 좋았습니다. 상품평같은거 잘 안쓰는데, 이 비싼 맥북프로를 좋은 가격에 잘 구입해서 양품 판매해준 판매처에게 고마운 마음에 길게 평을 남깁니다^^",[]
20.07.14.,5,"고가인 물건을 제대로 받을지 조심스러워서 고민을 한건 사실이예요. 믿고 살수 있을까하는 마음이 안생기진 않드라구요. 그런데 예상을 깨고 ! 같은물건 저렴하게 구매하게 해주어서 넘 감사하드라구요. 본매장 기본사양 값으로 좀더 업해서 구매한거거든요. 대만족이고, 아주 소중히 살 사용하겠습니다.",[]
20.06.26.,1,"2020.5.11.에 주문하여 2020.6.1. 제품을 택배(박스도 다 찢겨져 너덜너덜한 상태로 도착)로 수령하자마자 노트북에 하자(찍힘)를 발견해 환불을 요청하였으나 외형상 긁힘이나 찍힘에 대해서는 교환, 환불이 되지 않는다고 환불을 거절하고 있습니다.
또, 제품 구매 당시부터 제품 수령일 다음날까지(2020.5.11.~2020.6.2.) 상품 판매 페이지에 애플 AS 규정안내라는 항목은 하나도 없었는데 막상 환불을 요구하니 제품 판매 페이지에 환불해 줄 수 없다는 규정을 막 집어넣고, 그 규정에 의해서 환불을 해 줄 수 없다고 합니다. 하지만 제가 미리 판매 페이지를 캡처하여 증거자료로 보관중이라 그나마 다행이네요.
저처럼 피해당하시는 분이 없길 바라면서 구매후기를 남깁니다.",[]
21.02.21.,5,"우선 상품을 받아보고 역시!! 맥프로 너무 좋아요 신ㅅㅔ계입니다
그리고 퀵으로 보내주는게 옵션인지 몰랐지만
직원분께서 전화를 주시더니 퀵으로 보내줬습니다
전화주신 직원분은 엄청 친절하셨고
퀵으로 받아서 엄청 빨리 받았어요
너무 감사해요",[]
20.06.09.,5,"상품자체가 워낙 비싸다보니 얼마나 싸게 살수 있는지 의미가 없을 수 도 있겠지만, 다른곳보다 싸게 구입한것같아요! 배송도 빠르고, 패키지 모서리부분이 살짝 찌그러지긴했지만, 신경쓸건없고, 내용물자체는 불량없이 양품으로 온것같아요^^",[]
20.08.10.,5,"상품 설명란에 스펙만 있고색상 설명과 사진도 없어서 뭐지? 싶었는데,맥북프로 16인치 고급형, 색상은 스페이스 그레이 입니다.배송 잘 받았고,장마와 수요대비 공급 부족으로 약간의 배송 딜레이가 있긴 했지만,전화하면 바로바로 받아서 친절하게 안내해주시더라구요.배송 받으시면 언능 열어서 상품 정상여부 확인해 보시고, 구매결정을 눌러주세요 ~ ㅋㅋ구매결정을 해야 대금이 판매자에게 들어가므로...",[]
20.09.16.,3,"무사히 잘 받았네요. 당일 배송 문구와 저렴했던 가격 보고 바로 주문했습니다. 업무때문에 급하게 필요해서 당일배송 문구 보고 주문하였으나, 따로 고지없이 배송까지 2주 넘게 소요되어 애가 타는 시간이었습니다. 사전에 미리 고지를 해주셨으면하는 아쉬움이 많이 남습니다.",[]
20.05.10.,5,다른데보다 저렴해서 좀 걱정했는데 상품 맞구요~ 박스 두개로 해서 꼼꼼하게 포장해서 보내주셨습니다~ 맥북처음이라 걱정인데 하다보면 적응 되겠죠~ 너무 떨리네요 사진 보정할 생각하니~ 상품 문제 없이 배송 빠르고 좋습니다~,[]
20.07.27.,5,"배송이 늦어진다고 연라도 주시고 해서 기다려는데 잘 받았습니다
근데 배송기사님이 막 던졌는지 박스가 다 훼손되서 왔어요
그나마 물건은 잘 싸서 상태는 양호하지만 이런식에 배송은 쫌 아닌거 같습니다. 차후 구매시는 확인 부탁드릴께요",[]
20.07.18.,5,"2020-07-03 주문/2020-07-17 수령주문후 수령까지 2주 소요되었으나, 제조일이 2020년 5월이므로, 제조후 중국-한국 국제 배송기간 고려하면 만족함. 단, 국내 배송시, 너무 큰 배송박스에 넣어서 발송하여, 박스가 눌려서 다 찌그러지고 포장 테이프 부분이 터져서 내부가 노출됨. 다행히 상품 자체 포장은 훼손되지 않음. 이 부분은 보완 필요.",[]
20.04.21.,5,"아 사장님.
매우매우 고맙습니다.
다소 귀찮게 했는데..덕분에 잘 받았습니다.
강추합니다!!
***
사장님 구매 결정 늦어서 죄송합니다. 구매결정 버튼이 안나와서 배송 완료뜨면 자동으로 구매결정 되는줄 알았네요.
문자 받고 바로 구매결정 하였습니다.",[]
20.06.16.,5,"주문하고 다음 날 배송 받았습니다.
로켓택배가 옥션에서 배송추적이 되지 않아 전화문의 했는데, 바로 확인 하시고 배송상황도 공유해주셨어요.
제품도 마음에 들고 배송도 빠르고 대응도 잘 해주셔서 기분 좋게 사용하게 되었습니다.",[]
20.01.15.,5,"주말에 주문했는데 월요일 배송 시작해서 화요일날 바로 받았습니다! 기기도 정상이고, 애플 정품 박스에 뽁뽁이 추가된 배송박스 한번 넣어서 오니까 더 든든합니다 배송도 빨라서 좋으네요. 10년만에 구입하는 맥북프로, 게다가 16인치 고급형이라니! 앞으로 또 10년동안 잘 써봐야 겠네요.",[]
21.02.27.,5,"윤 대표님 너무 친절하시고 설명도 너무 감사했습니다~
하루만에 받았어요~ 정말 빠른 배송도 감드립니다~
상품도 굿~
많이 판매하세요~~~~","['https://phinf.pstatic.net/checkout/20210227_146/1614394062149YdA24_JPEG/review-attachment-609c0c17-42bf-4878-b46d-915b87e6ffb0.jpeg?type=f287', 'https://phinf.pstatic.net/checkout/20210227_81/1614394062488vMPE8_JPEG/review-attachment-0d0b87b8-2867-417e-a114-0de30ce18f2a.jpeg?type=f287', 'https://phinf.pstatic.net/checkout/20210227_144/1614394062442ooOQz_JPEG/review-attachment-5b8079e2-eeab-4ebf-aa1f-f9ac1d1cc41b.jpeg?type=f287', 'https://phinf.pstatic.net/checkout/20210227_184/16143940624470MYK8_JPEG/review-attachment-d8bb40d1-21fe-4c67-9528-2ac2186e8077.jpeg?type=f287']"
21.02.07.,5,최고의 제품 멋진 선물 무엇보다 재고량 유지로 빠른 배송 감사드립니다,"['https://phinf.pstatic.net/checkout/20210207_172/1612671192716RC62c_JPEG/review-attachment-fe5678ad-5ba7-43ca-82d8-1e1492137a68.jpeg?type=f287', 'https://phinf.pstatic.net/checkout/20210207_146/1612671192914bFS8p_JPEG/review-attachment-2e1f85e9-261d-4cd9-adbb-b92a34d88af6.jpeg?type=f287', 'https://phinf.pstatic.net/checkout/20210207_209/1612671192923gOUAD_JPEG/review-attachment-adfae787-0080-431f-ac88-bb4977e7abb2.jpeg?type=f287']"
20.10.23.,5,엄청나게 빠른 배송 감사합니다. 다른곳에서 2개월 걸린다고 해서 이곳에 전화했더니 2일 걸린다고 하더라구요. 엄청난 차이! 사용중인 개발자가 넘 좋아라 합니다.,"['https://phinf.pstatic.net/checkout/20201023_237/1603440628329zmwbv_JPEG/review-attachment-8be21d01-c760-4eff-97f4-c98b8e05d05f.jpeg?type=f287', 'https://phinf.pstatic.net/checkout/20201023_235/1603440628338P8xc2_JPEG/review-attachment-d4936a30-11ea-43bf-8d1f-b65e566f39a8.jpeg?type=f287', 'https://phinf.pstatic.net/checkout/20201023_237/1603440628293jHW1t_JPEG/review-attachment-d5a8c63e-e536-4afa-80e4-4c6b610ecae9.jpeg?type=f287', 'https://phinf.pstatic.net/checkout/20201023_219/1603440628311tM5En_JPEG/review-attachment-938d5fca-1f5a-4c61-a5cb-05392e794e72.jpeg?type=f287']"
20.08.27.,4,택배가 살짝 찌그러져서 오고 안에 뽁뽁이도 부실하게 되어있었지만 제품 자체엔 문제없네요 잘쓸게요 :),"['https://phinf.pstatic.net/checkout/20200827_74/1598505445173kPSmo_JPEG/review-attachment-1c26ac52-c6c9-46a8-8b3a-4022fae4caf2.jpeg?type=f287', 'https://phinf.pstatic.net/checkout/20200827_299/1598505501098L1vjj_JPEG/review-attachment-abed7ed4-bcae-4062-82fb-5562b6903156.jpeg?type=f287', 'https://phinf.pstatic.net/checkout/20200827_79/15985055111707LqLJ_JPEG/review-attachment-8fca7a0c-a2bf-430c-9a7c-d14871d8fc5d.jpeg?type=f287', 'https://phinf.pstatic.net/checkout/20200827_286/15985055198798B2pJ_JPEG/review-attachment-78fe38ff-6758-4c50-8f6d-8c7d9ac939f4.jpeg?type=f287']"
21.03.05.,5,배송 짱 빨라요~~제품은 두말하면 잔소리죠,"['https://phinf.pstatic.net/checkout/20210305_179/1614926938502GlHed_JPEG/review-attachment-54a3e6a9-9e6f-45a6-9a05-2869aab9fdf6.jpeg?type=f287', 'https://phinf.pstatic.net/checkout/20210305_66/1614926938447dk2K5_JPEG/review-attachment-4c50646c-d6ce-457d-89f2-4abc0072d4ec.jpeg?type=f287']"
21.02.22.,5,배송도 빠르고 제품도 문제없고 좋아요!,"['https://phinf.pstatic.net/checkout/20210222_92/1613978762295Fdmi5_JPEG/review-attachment-873cdc45-5eeb-466d-b94c-7791dc190463.jpeg?type=f287', 'https://phinf.pstatic.net/checkout/20210222_12/16139788096648GAhI_JPEG/review-attachment-ced8ee1a-0f54-48e6-8b1b-3f8ac81b190c.jpeg?type=f287']"
21.01.05.,5,"많이 늦었지만 이뿌고 좋아요

여자친구가 엄청좋아해서 눈물까지 글썽거리네요","['https://phinf.pstatic.net/checkout/20210105_91/1609844768740ICPrS_JPEG/review-attachment-ea5054e3-8cda-44ff-a590-5fcc70baecf9.jpeg?type=f287', 'https://phinf.pstatic.net/checkout/20210105_187/1609844784888qDnC1_JPEG/review-attachment-ac8d96fa-c081-4d76-b4b7-71901fb87f44.jpeg?type=f287']"
20.11.17.,4,"결제할때 일주일정도 기다려야한다고 안내 받았고, 딱 일주일만에 받았어요! 주문한 스페이스그레이 대신 실버로 변경해야했지만... 빨리 받고 싶은 마음이 컸어요 ㅎㅎ 저렴한 가격에 잘 샀고요~ 잘 쓸게요^^","['https://phinf.pstatic.net/checkout/20201117_40/16055983027816h4vJ_JPEG/review-attachment-db1c9052-7f4a-46be-bbdc-514e344b95ba.jpeg?type=f287', 'https://phinf.pstatic.net/checkout/20201117_1/16055983123575Q1nM_JPEG/review-attachment-74248256-cdcc-49da-a439-179a8877cf12.jpeg?type=f287']"
21.03.18.,3,다소 느린감이.. 느껴지는데 그거말고는 좋아요,['https://phinf.pstatic.net/checkout/20210318_249/16160635015047yp2E_JPEG/review-attachment-992f3650-20c9-46e4-9245-87566ea697af.jpeg?type=f287']
21.03.23.,5,요구사항 잘 들어주시고 배송이 정말 빨라요,['https://phinf.pstatic.net/checkout/20210323_66/1616477616894m7c5j_PNG/review-attachment-b53b1165-6c17-4dd8-9d5b-5f51aa75970f.png?type=f287']
21.03.16.,5,"배송잘받았습니다~~
많이 파세요~~",['https://phinf.pstatic.net/checkout/20210316_222/1615875668530XRBEj_JPEG/review-attachment-28923dc0-cee1-401d-9215-872c9b646d76.jpeg?type=f287']
21.03.16.,5,"굿~
저렴하게 잘 구매했습니다.",['https://phinf.pstatic.net/checkout/20210316_138/1615855296213bBoSb_JPEG/review-attachment-8cd0cafb-5e18-4eb4-8fd5-697441f6fb72.jpeg?type=f287']
21.03.24.,5,싼가갹에 잘 규매했습니다,['https://phinf.pstatic.net/checkout/20210324_250/1616575062605E2TNU_JPEG/review-attachment-19261e27-4a1f-4d48-b898-f7018186ac5c.jpeg?type=f287']
21.03.16.,5,배송이 정말 빠릅니다.,['https://phinf.pstatic.net/checkout/20210316_171/1615870010030r1xjj_JPEG/review-attachment-ce7e6b2b-a60a-434e-bdef-7d45db012eb7.jpeg?type=f287']
21.03.24.,5,잘 사용하고 있습니다,['https://phinf.pstatic.net/checkout/20210324_272/16165876706516rzVA_JPEG/review-attachment-f3452930-47f1-477e-b6b2-568e663ef970.jpeg?type=f287']
21.03.11.,5,배송도 빠르고 상품도 만족스러워요.,['https://phinf.pstatic.net/checkout/20210311_240/1615416633560JDiOk_JPEG/review-attachment-d7137566-9376-4784-afe6-e3200b7dba13.jpeg?type=f287']
21.03.12.,5,안전하게 포장 잘 해 보내주셨네요,['https://phinf.pstatic.net/checkout/20210312_297/1615543058289XW5nO_JPEG/review-attachment-2d6e48e8-0202-4d87-8766-5ddf8a070910.jpeg?type=f287']
21.03.12.,5,제품 좋아요 잘 쓸께요,['https://phinf.pstatic.net/checkout/20210312_60/1615535644271JO48s_JPEG/review-attachment-68e2a5a0-cdeb-4605-939a-95e0d3f07667.jpeg?type=f287']
21.03.04.,5,"잘 사용하고 있습니다.
역시 맥북프로는 좋네요. 돈값 하네요.",['https://phinf.pstatic.net/checkout/20210304_268/1614850246579C2Glt_JPEG/review-attachment-f398b011-3fdb-4fa3-b878-abc64f1e0502.jpeg?type=f287']
21.03.05.,4,배송 빠르고 저렴하게 잘 샀어요. 문제 없이 잘 되면 좋겠어요.,['https://phinf.pstatic.net/checkout/20210305_247/1614951628534qjgBu_JPEG/review-attachment-6e660a7f-0045-4ad5-a6f8-d9e7e4afa0fd.jpeg?type=f287']
21.03.06.,5,가격 굳 입니다. 잘쓰겠습니다.,['https://phinf.pstatic.net/checkout/20210306_62/1614988268682Kw0fq_JPEG/review-attachment-46a683ea-1294-49c5-b77c-578d61fd8fe5.jpeg?type=f287']
21.02.26.,5,최고의 상품을 합리적인 가격에 감사드립니다.,['https://phinf.pstatic.net/checkout/20210226_28/1614313551907MTj2w_JPEG/review-attachment-780cafad-5c54-4a09-9fb6-c70d0010dfd1.jpeg?type=f287']
21.02.21.,5,하루만에 배송해 주시고 정품 최고입니다.,['https://phinf.pstatic.net/checkout/20210221_111/16138989133827L9Fk_JPEG/review-attachment-438bc988-fab5-4395-9e48-fdaf16a561e0.jpeg?type=f287']
20.11.03.,5,서울은 무료 퀵배송으로 주문 3시간만에 배송 받았습니다. 제품도 미개봉 새상품이고 박스상태도 양호하네요. 다음에 또 구매할께요.,"['https://phinf.pstatic.net/checkout/20201103_108/16043873892874bfFJ_JPEG/review-attachment-1c4c374f-8768-4f53-8e86-1bf41d798936.jpeg?type=f287', 'https://phinf.pstatic.net/checkout/20201103_166/16043873891836Goyj_JPEG/review-attachment-5d21d8ce-3344-405e-91d7-bb32166db824.jpeg?type=f287']"
21.03.07.,5,배송빠르고 답변 빠르고 전화 통화 잘 더고 좋습니다,['https://phinf.pstatic.net/checkout/20210307_276/1615089685899MfQfF_JPEG/review-attachment-dd2ad6db-e759-4c79-be7f-266ba216a0c7.jpeg?type=f287']
21.02.19.,4,뽁뽁이와 상자로 한번 더 싸주셔서 좋아요,['https://phinf.pstatic.net/checkout/20210219_166/16137247837573EfqE_JPEG/review-attachment-3e37cc06-bedb-434f-ba88-aa2f1d8fca1a.jpeg?type=f287']
21.02.10.,5,퀵으로 바로 배송받았어요 좋아요,['https://phinf.pstatic.net/checkout/20210210_255/1612946351193J5e7u_JPEG/review-attachment-7a1da23f-1f8e-4e26-98a6-76f69727e67f.jpeg?type=f287']
21.02.04.,5,친절하시고싸고서비스 좋고 다한다다해,['https://phinf.pstatic.net/checkout/20210204_158/1612386252283TVoMW_JPEG/review-attachment-1dff54c1-2dea-41c2-ad14-8339bdbd911e.jpeg?type=f287']
21.01.19.,5,"배송 관련 이슈가 살짝 있었지만 빠르게 잘 도착했습니다.
문의전화만 잘 받아주면 더 좋을 것 같네요.",['https://phinf.pstatic.net/checkout/20210119_277/16110356039787nxBP_JPEG/review-attachment-ca1108d6-61e4-44eb-b938-cf046f4b4714.jpeg?type=f287']
20.09.19.,5,와 배송은 오래걸렸지만 받고보니 기다린보람이 있어요 이정도 고급사양의 맥북프로를 원가보다 약 50만원싸게 산것도 그렇고 대 만족입니다!!,"['https://phinf.pstatic.net/checkout/20200919_152/1600453954233huvBo_JPEG/review-attachment-bdce093d-ad69-4050-977c-9bd5c06c4b02.jpeg?type=f287', 'https://phinf.pstatic.net/checkout/20200919_188/1600453954640VuFUh_JPEG/review-attachment-301ed174-0989-451d-9d6a-b77f212b3d96.jpeg?type=f287']"
21.01.12.,5,"친절하십니다 생각보단 일찍 받아 좋습니다
일단 개봉하진 못하였지만 좋겠지요 뭐~~",['https://phinf.pstatic.net/checkout/20210112_271/1610447203620Whp4f_JPEG/review-attachment-ad07e1e4-e24d-42e6-9234-c6be9e07a3e2.jpeg?type=f287']
21.01.08.,5,"오 잘받았습니다.

역시 맥북프로네요!!",['https://phinf.pstatic.net/checkout/20210108_94/1610082621255PrhyU_JPEG/review-attachment-cce19a3c-32ab-4cde-8b71-9586d687669d.jpeg?type=f287']
21.01.05.,5,기다림만큼 받았을때 기분도 좋아요.,['https://phinf.pstatic.net/checkout/20210105_17/16098429137831vOGy_JPEG/review-attachment-b2d5b257-9e12-4796-a244-d0a975e134cf.jpeg?type=f287']
21.01.07.,5,"배송이 느렸지만 알고 구매했으니
최대한 조치해 주셔서 감사합니다.",['https://phinf.pstatic.net/checkout/20210107_151/1609998384779J9VmI_JPEG/review-attachment-a4eb9b24-17be-4698-8de3-2a9021659111.jpeg?type=f287']
21.01.12.,5,좋습니다. 배송도 적당했고 만족합니다 :),['https://phinf.pstatic.net/checkout/20210112_170/1610378060600NdIqI_JPEG/review-attachment-935fbeb4-face-443d-84bc-ee73549bdb6c.jpeg?type=f287']
20.12.26.,5,믿고쓰는 애플 3d프로그램돌아갈때마다 흐믓합니다,['https://phinf.pstatic.net/checkout/20201226_167/1608970781035q7wax_JPEG/review-attachment-e600b85f-f35d-4ff3-a2e0-2cb468083805.jpeg?type=f287']
21.01.27.,5,좋아요 좋아요 친절하심,['https://phinf.pstatic.net/checkout/20210127_206/1611737503781Mb82o_JPEG/review-attachment-3b72baf8-b1bd-46f9-acd4-5cff5a37b15c.jpeg?type=f287']
21.01.04.,5,좋은 제품을 합리적인 가격에 감사드립니다.,['https://phinf.pstatic.net/checkout/20210104_24/1609713281302M94yR_JPEG/review-attachment-34aad9d5-ac0e-416e-91b5-3c0068b85433.jpeg?type=f287']
20.12.31.,5,두달을 기다려 드디어 받았습니다^^,['https://phinf.pstatic.net/checkout/20201231_125/1609397088431S2IgW_JPEG/review-attachment-d6f8f6bd-4e2a-40a7-a98e-0818d00e515c.jpeg?type=f287']
21.01.07.,5,"배송이 느렸지만 알고 구매한 상황이니 이해합니다.
전화시 친절하게 제품정보 및 배송 상황을 설명해 주셔서 감사합니다.
번창하세요",['https://phinf.pstatic.net/checkout/20210107_214/16099980108553rs1W_JPEG/review-attachment-3cbc0841-735e-47e7-a6cb-fffa44b26cc7.jpeg?type=f287']
20.12.30.,5,빠른배송 as1년 감사합니다,['https://phinf.pstatic.net/checkout/20201230_95/16093200661233Xdig_JPEG/review-attachment-c2aac035-da72-420d-888e-3ae9b4b1eda4.jpeg?type=f287']
20.12.22.,5,"선물했어요
너무너무가지고싶다하여....
작업하는것도 편하다하고 사용하기에 최고라네요:-)",['https://phinf.pstatic.net/checkout/20201222_85/1608594264069Yptvi_JPEG/review-attachment-b862c297-e7e8-409f-b466-7f095e8425eb.jpeg?type=f287']
20.12.20.,5,좋은제품 잘보내주셔서감사,['https://phinf.pstatic.net/checkout/20201220_61/1608416813379LAJ2N_JPEG/review-attachment-566028ea-17e5-482c-b465-05276af6f84c.jpeg?type=f287']
20.12.18.,5,와 역시 좋숩니다 맥북,['https://phinf.pstatic.net/checkout/20201218_268/1608295332499VVODK_JPEG/review-attachment-36575a64-3bcc-497b-8b3f-9a6e48a67a9b.jpeg?type=f287']
21.03.15.,1,"송장주소 제대로 확인하고 발송하세요.
급한데 다른집으로 배송되서 사용도 못했습니다.",[]
20.11.25.,5,배송도 빠르고 가격은 조금 비싸지만 그래도 만족합니다 가방도 쓸만하구요,['https://phinf.pstatic.net/checkout/20201125_197/1606302927235PutqU_JPEG/review-attachment-69eb4e8c-d5a9-4913-a69b-ebd94ea96725.jpeg?type=f287']
21.03.15.,5,제품 잘 받았습니다 늦을거라고 하셨는데 이틀만에 보내주셔서 너무 감사드립니다,[]
20.11.17.,5,원하던 제품입니다. 화면이 크고 좋네요,['https://phinf.pstatic.net/checkout/20201117_80/1605600073958UoWIH_JPEG/review-attachment-274c53f0-73ea-452a-aed5-f7beb7024a2a.jpeg?type=f287']
21.03.25.,5,역시 맥북입니다~~~~~~~~~~~~~~~~~~~~~~~~~~~~~,[]
21.03.24.,5,빠른배송 좋아요~~~,[]
20.11.22.,5,배송은 약1주일 조금 더걸렸지만 미리 양해전화가 왔었어요. 생각보다 빨리 도착했네요. 만족합니다,['https://phinf.pstatic.net/checkout/20201122_86/1606005728427EXM7a_JPEG/review-attachment-deaffd0b-7777-440a-ba8b-ef8e572f19c7.jpeg?type=f287']
20.11.11.,5,"배송 한달 남짓 걸렸어요
미리 안내받아서 늦는거 알고있는 상태에서 주문한거라 괜찮았어요 잊어먹을때쯤 배송이 와주네요ㅋㅋ
저렴하게 잘샀어요 맥북은 사랑입니다 촤하핫",['https://phinf.pstatic.net/checkout/20201111_8/1605033104193nM0MV_JPEG/review-attachment-fcfc4775-6808-46cc-a5fe-39cc8fb461ab.jpeg?type=f287']
21.03.17.,5,배송도 빠르고 친절하고 좋습니다!,[]
20.11.09.,5,빠른 배송과 안전포장 최고입니다!,['https://phinf.pstatic.net/checkout/20201109_59/1604885226408Pv24l_JPEG/review-attachment-e4f2e0a6-d454-4ed8-a767-901613e0bb9b.jpeg?type=f287']
21.03.10.,5,Apple 맥북 프로 16형 2019년형 1T,[]
21.03.04.,5,아주 만족하며 사용중입니더,[]
20.11.16.,5,"항상 빠른 배송 감사드려요~
덕분에 회사에서 사용할 맥북을 항상 맥플러스에서 구입중입니다",['https://phinf.pstatic.net/checkout/20201116_217/1605491743616N4Cmk_JPEG/review-attachment-f5da147e-03dc-4e48-8462-07b1eef93b12.jpeg?type=f287']
20.11.13.,5,배송빨라요 좋아요~~!!!,['https://phinf.pstatic.net/checkout/20201113_149/1605248279847JQmPq_JPEG/review-attachment-f42e94c6-732b-4e94-ba15-820de5503d1a.jpeg?type=f287']
21.03.09.,4,"좋은상품 저렴하게 잘 구매한것 같아요 감사합니다
잘쓰겠습니다.",[]
21.03.13.,5,배송도 빠르고 제조년일이 2021년이라 더 좋았어요감사합니다,[]
20.10.30.,5,상담도 친절하고 무엇보다 가격이 너무 착해요,['https://phinf.pstatic.net/checkout/20201030_289/1604059763557HDbgl_JPEG/review-attachment-d2eab83a-04bf-4254-84d9-f91de6301f92.jpeg?type=f287']
21.02.24.,5,맥북프로 16 잘 구매했네요.오히려 애플 공식홈페이지에 학생 할인 이벤트보다도 더 저렴하게 구매했어요잘 사용할께요크기도 커서 보기도 좋네요.사운드도 좋구요,[]
20.11.11.,5,"귀한 제품을 어렵게 잘 구해주셔서 너무너무 감사합니다
고객만족도 리뷰및 중간 중간 안내까지 해주시는 참 고마운 업체이십니다
최고입니다",['https://phinf.pstatic.net/checkout/20201111_144/1605067216448QO0nO_JPEG/review-attachment-d936f1e9-490d-4fbc-a1ee-9313fb51bc54.jpeg?type=f287']
21.03.08.,5,가격 저렴하고 제품 좋네요 주문생산 방식이라 수령까지는 아주 오래 걸렸지만 중간중간 업체에서 전화주셔서 일정 안내도 해주시고 아주 친절하시네요,[]
21.02.28.,5,배송 빠르고 워낙 비싼 노트북이어서 가격도 저렴하게 구입해서 만족합니다,[]
20.10.22.,5,제품은 다들 아시잖아요 ㅎ 배송 빠르고 가격 너무 착하게 잘샀습니다.,['https://phinf.pstatic.net/checkout/20201022_62/1603370516815TDdIO_JPEG/review-attachment-994bbccf-4019-46c8-aafe-b2e0b47117aa.jpeg?type=f287']
20.10.29.,5,아주 친절하시고 물건도 꼼꼼하게 챙겨주셨어요! 강추입니다,['https://phinf.pstatic.net/checkout/20201029_229/1603942582632P47Io_JPEG/review-attachment-2ce7ffa1-533f-431a-b9f4-b74b491d1a3c.jpeg?type=f287']
21.02.27.,4,수급이 잘 안되어 꽤 오래 기다려서야 받았습니다,[]
21.02.25.,5,좋은제품 신상 착한가격에 빠르게 잘 받았어요잘 쓰도록 하겠습니다 감사합니다,[]
20.10.27.,5,빠른배송 좋아요~~편리하게 받았어요~~~,['https://phinf.pstatic.net/checkout/20201027_35/16038028451410MJft_JPEG/review-attachment-de2d9494-0617-4e8a-8a74-b2bf08d25475.jpeg?type=f287']
20.10.25.,5,좋은 제품 저렴하게 구매했어요 ㅎㅎ,['https://phinf.pstatic.net/checkout/20201025_185/16036141868136NauS_JPEG/review-attachment-b9d3f872-f194-44fd-b1e7-128dfa6928e2.jpeg?type=f287']
20.10.29.,5,하루만에 왔네요. 따로 받긴했어도,['https://phinf.pstatic.net/checkout/20201029_254/1603945937430Um9vN_JPEG/review-attachment-cba2118d-3eb7-42a2-8689-67af159b34b8.jpeg?type=f287']
21.02.27.,5,빠르고 안전하게 배송 받았습니다,[]
21.02.20.,5,하루만에 배송되었습니다!,[]
20.11.06.,5,애플만의 갬성이 있죠,['https://phinf.pstatic.net/checkout/20201106_141/1604669063637GTCHs_JPEG/review-attachment-45cd803b-d0ec-4e08-b948-4f38676afa1b.jpeg?type=f287']
21.02.23.,5,빠른 배송이 좋습니다,[]
21.02.25.,5,빠른 배송 제품만족,[]
21.02.25.,5,꼭 구매하고 싶은 모델 저렴하게 잘 구매했어요. 사업 번창하세요,[]
21.02.20.,5,제조년월이 2020년 12월로 최근 만들어졌네요,[]
21.03.02.,5,배송도 넘 빠르게 해주셔서 넘감사합니다.주변분들께 추천 할께요~~,[]
21.02.20.,5,업무 때문에 급하게 필요했는데 네이버 톡톡 답변도 빠르게 주시고 배송도 빠르게 보내주셔서 감사해요~\n맥북 잘 받았습니다!!\n잘 쓰겠습니다~,[]
