"570,000"
date,star_point,comment,photo
21.01.09.,4,"리퍼나 중고를 살까하다가 좋은 제품을 보게되어 구매했습니다.
윈도운 없는 Free Dos노트북으로 램은 기본 4GB에서 4GB추가하여 8GB로하고 HDD 1TB를 추가하여 구매를 하였네요. 아쉬운 점은 제가 온전히 확인은 못했지만 마우스만 없는 게 좀 아쉽습니다. 물론 기존의 마우스를 사용해도 되지만 그래도 저가 인강용 사무용 노트북이지만 마우스도 포함되었으면 좋았겠습니다.
화이트색이 이쁘고 아내에게 선물 했는데 무척 좋아하네요. 15인치라 화면도 크고 영상과 사운드도 좋습니다. 화상회의를 위해 줌에서 사용해 보았는데 끊기지 않고 깨끗하고 음성도 좋고 만족합니다. 아내의 화상회의와 원격교육 및 문서 작업용으로 구매했는데 비록 업그레이드와 추가로 예상보다 가격이 늘었지만 만족합니다.","['https://phinf.pstatic.net/image.nmv/shopnbuyer_2021_01_09_0/64f13060-5288-11eb-9ca7-48df379ccacc_03.jpg?type=f287', 'https://phinf.pstatic.net/checkout/20210109_42/1610203035160uJlar_JPEG/review-attachment-c1a08eb9-04db-4bc2-96f1-66d972a618f1.jpeg?type=f287', 'https://phinf.pstatic.net/checkout/20210109_37/1610203035177SXUGW_JPEG/review-attachment-f47a6a9e-5db0-4bb4-b7c0-a360dc38ded7.jpeg?type=f287', 'https://phinf.pstatic.net/checkout/20210109_97/16102030352683cqqA_JPEG/review-attachment-851ffb65-470d-4858-973e-787a55e468aa.jpeg?type=f287', 'https://phinf.pstatic.net/checkout/20210109_85/1610203035284a96js_JPEG/review-attachment-2a89ca52-aef2-4612-aba6-b012f07bb723.jpeg?type=f287', 'https://phinf.pstatic.net/checkout/20210109_148/1610203036300k3wjY_JPEG/review-attachment-80241122-db0f-4cf7-9a42-10e99e6bb4b7.jpeg?type=f287']"
20.09.04.,5,제품 안전하게 잘 배송되었습니다!! 사은품도 너무 감사해요 ㅎㅎ 무선무소음마우스답게 정말 마우스 누를 때 부드럽고 조용합니다! 프리도스제품이라 윈도우10설치하는데 어렵고 복잡할 줄 알았는데 유튜브에 쉽게 설명되어 있어 무료로 설치까지 완료했습니다~~~~ 가성비 갑! 화면도 15인치라 아주 넓고 특히나 강의들을 때 집중이 잘 될 것 같아요!,"['https://phinf.pstatic.net/checkout/20200904_44/1599222749233Aup4n_JPEG/review-attachment-263cad59-ae4d-476f-98c2-35bd5cb3b1e6.jpeg?type=f287', 'https://phinf.pstatic.net/checkout/20200904_185/1599222748013mBMka_JPEG/review-attachment-97a46e3d-4e6e-41de-9d4a-707b37796ab0.jpeg?type=f287', 'https://phinf.pstatic.net/checkout/20200904_281/159922274987741gD6_JPEG/review-attachment-86322818-2f7f-4aa4-beda-44d8c1a9c4d3.jpeg?type=f287', 'https://phinf.pstatic.net/checkout/20200904_205/1599222768931wqiDP_JPEG/review-attachment-ef512b9e-f961-443a-8da3-9441be344405.jpeg?type=f287', 'https://phinf.pstatic.net/checkout/20200904_261/1599222769219zzLoD_JPEG/review-attachment-4360eee4-aa3f-49c0-b1bb-ab47e2ce4523.jpeg?type=f287']"
20.12.09.,5,"가성비가 참 좋은 노트북입니다.
초기 상품이 문제가 있는 제품이 왔는데,
빠른 응대로 새제품으로 잘 바꿔주셔서
지금은 잘 사용하고 있습니다.

LG 노트북 내 virtoo by lg 라는 기능이 있어
윈도우 설치후, 실행하려고 하니
(사용설명서가 동봉)
에러 팝업창이 계속 떠 판매자분께 문의 드리니
LG서비스센터 전화번호 주셔서,
문의 드리고, 알려주신 방법대로 설치가 되지않아
안되는 구나 했는데, 오후 늦게 LG서비스 센터에서 본사로 연락을 취해 프리도스 노트북에서 Virtoo by lg실행 하는방법을 엔지니어 분이 문의하셔서,
원격으로 설치완료 해주셨습니다
(인터넷 환경이 되시면, 원격으로 봐주십니다)

, 👍","['https://phinf.pstatic.net/checkout/20201209_172/1607473655626GQKxl_JPEG/review-attachment-fc96f60a-c55c-4394-a53c-603ac43a7442.jpeg?type=f287', 'https://phinf.pstatic.net/checkout/20201209_255/1607473663639LyF95_JPEG/review-attachment-e8684097-1a2b-494c-9215-3786dcc0c8ec.jpeg?type=f287', 'https://phinf.pstatic.net/checkout/20201209_91/1607473665653LYgYV_JPEG/review-attachment-77f02edd-5f26-4f1d-a2a9-a97cb47fd4d7.jpeg?type=f287']"
20.08.26.,4,"배송이 정말 빠르고 제품이 망가지지 않도록 잘 포장 돼서 좋았습니다. 가격이 저렴한데에 비해 노트북 무게도 가볍고 화면도 커서 좋네요. 아직 윈도우를 깔지 못했지만 이번주에 깔고 제대로 사용해보려고 합니다. 이 가격에 마우스, 노트북 가방, 패드까지 주니까 정말 좋은 것 같아요. 디자인도 흰색으로 깔끔하고 정말 예뻐요. 제가 초반에 이거 샀다고 했을 때 부모님과 동생들이 질에 대해 의심을 했지만 실제로 보여주니까 엄청 좋아보인다고 하더라고요. 그래서 제 동생도 이걸 살까 하는 마음을 가지기도 했을 정도로 정말 가성비가 좋은 것 같습니다.
개선되어야 할 점은 윈도우 설치를 추가옵션으로 넣어주셨으면 엄청 좋았을 것 같아요. 무조건적으로 윈도우 미설치라 조금 아쉽네요.",['https://phinf.pstatic.net/checkout/20200826_265/1598373627126PRK6H_JPEG/review-attachment-a04c35c8-302a-4f17-8603-ba3b6fe4eba2.jpeg?type=f287']
20.09.05.,5,"배송이 하루만에.. 정말 빠릅니다ㅎ 기쁜맘에 얼른 뜯어서 설치하려는데 컴알못이라 기존에 설치가 되있는건지 뭐가뭔지 몰라서,, 윈도우 설치가 어려웠고 인터넷도 와이파이 잡는것도 첨에 안되서 당황하다가 다른사람이 남겨놓은 QnA 찾아보고 프로그램 까니까 바로 되네요,, 이 과정이 힘들었어요ㅠㅠㅠ 어쨌든 크기도 만족스럽고 화이트가 깔끔한게 예쁩니다!ㅎ 정말 고민 많이했었는데 만족입니다!","['https://phinf.pstatic.net/checkout/20200905_89/1599295125408iFDb8_JPEG/review-attachment-534d89e6-9dc4-4b49-ac56-d44211c88ab6.jpeg?type=f287', 'https://phinf.pstatic.net/checkout/20200905_169/1599295125572NSgEy_JPEG/review-attachment-e427ce5e-558a-44f5-a268-e3c477bc8412.jpeg?type=f287', 'https://phinf.pstatic.net/checkout/20200905_263/1599295125347kiL9C_JPEG/review-attachment-07805f86-3da5-4a4d-ad9c-b8de8db95fc9.jpeg?type=f287']"
21.01.01.,5,"화상수업 준비로 구매했습니다
화질면을 고려 LG를 선택했으며
기본사양으로 딱 필요한요소만 탑재하는것으로 추가했습니다
그래도 가격이 90언저리가 되네요



아이들 쓰기에 선택할 노트북이 별로없긴하네요
너무 저렴한건 후기가 난장판수준이라 제선택을 최선이라 생각합니다","['https://phinf.pstatic.net/checkout/20210101_41/1609465916851VjxvI_JPEG/review-attachment-d742617f-f957-48a9-ba86-8ea341fb0486.jpeg?type=f287', 'https://phinf.pstatic.net/checkout/20210101_7/1609465938882QCpy3_JPEG/review-attachment-f1544389-640a-4217-b7cd-089c9d2c01b7.jpeg?type=f287']"
21.02.08.,5,"기본 메모리용량만 업해서 주문하길 잘했네요
매해 수백수천장씩 늘어나는 아이사진까지 휴대용메모리에 저장하고도 만약을대비 노트북메모리에 넣었는데도 아주 충분합니다.
물론 각자의 생활패턴에 따라 다를수있겠지만 아이 화상수업과 사진정리등 큰작업을 요하지는 않지만 화질과 화면의 크기등을 고려한다면 추천합니다

가격은 저렴까지는 아닌것같고 기업의신뢰를 바탕으로 추천입니다",['https://phinf.pstatic.net/checkout/20210208_284/161275075883379jvv_JPEG/review-attachment-8acc5346-646a-4815-bc4f-e034edbb7849.jpeg?type=f287']
21.01.29.,5,"어제 12시쯤에 주문하고 오늘 2시쯤 받았어요.
올해 초등학교 입학하는 첫째 아이에게 혹시 온라인 수업에 필요할까 싶어서 주문했어요.사실은 다른 온라인대리점에 주문해놓고 2달동안 기다리다가 결국 취소당하고 여기 찾아서 주문했는데 하루만에 받은거에요.답글도 바로 달아주시고 물건도 바로 보내주시고 너무 감사합니다.노트북은 생소한 아줌마라 도움필요하면 문의글 남길께요.고맙습니다.더욱 대박나세요!!",['https://phinf.pstatic.net/checkout/20210129_163/1611900081718KOnto_JPEG/review-attachment-ccc6622b-c8e7-4f2c-b76f-faa10894135e.jpeg?type=f287']
20.10.22.,5,"바쁜일 때문에 이제서야 리뷰를 올립니다.
급한 작업으로 추석연휴에 임박해서 주문했는데 사정 얘기들으시고 재고가 없음에도 여기저기 알아봐주셔서 제때에 뙇! 보내주셨어요.
바로 사용하기 편하게 윈도우도 잘깔아주셔서 노트북 받자마자 바로 사용할 수 있었어요.
세심한 배려에 무사히 급한불 껐습니다.
역시 갓G의 가성비 짱인 노트북이구요, 당연히 배송도 문제없이 도착했습니다.
사장님 복받으세요~~~",['https://phinf.pstatic.net/checkout/20201022_167/1603329675501kOGgu_JPEG/review-attachment-b2e8fee5-4f04-4427-96b7-17431e7ea855.jpeg?type=f287']
20.12.13.,5,저렴하게 잘 구매한것같아요 저렴하다고 해도 이것저것 추가해보니 가격이 ㅠㅠ 할부결제가 아니면 안될것같아서 살까말까 계속 고민 하다가 사기로 결정~ 문서작업용으로 구매한거라 너무 만족하는중입니다 고장없이 오래오래 쓰고 싶어용 화면도 크고 무게가 가볍진 않아요 가방이 있어서 좋네요,['https://phinf.pstatic.net/checkout/20201213_245/1607863620576a3nux_JPEG/review-attachment-9e0cc2aa-252e-4ae1-9aef-fa4bd8117268.jpeg?type=f287']
21.01.06.,5,"주문하고 20일이 소요된다하여, 기대없이(?) 기다리고 있었는데.. 10일만에 도착해 너무 기뻤어요~
다른 곳을 찾아봐도, 동급 제품은 다 예약주문이더라고요.
좋은 제품을 보다 저렴히 구매할 수 있어 너무 좋았어요~ 중딩 소녀가 매우 흡족해하네요.
크기도 디자인도 사양도 고객님께서 매우 만족하셔서 집사인 저도 기분좋습니다.
고객님이 크시면 보답해주시..겠...죠??? ㅋㅋㅋ ㅠㅠ",['https://phinf.pstatic.net/checkout/20210106_291/1609916727253feTed_JPEG/review-attachment-7c07b5f6-e2e8-4899-b69a-f4c5d2b29de9.jpeg?type=f287']
20.12.02.,5,"잘벋았습니다 포장도 꼼콤하고
그런데 택배기사분이 현관에서 마주칠때
상자를 철푸덕 놓는걸보고 식겁했어요
박스에 엘지라고되어있지만 노트북 표시가없다보니..
개봉해보니 크게 이상없고 같이 구입한 프로그램도
잘되어있고 인강듣기용으로",['https://phinf.pstatic.net/checkout/20201202_170/1606888948352lrijw_JPEG/review-attachment-aa6125ea-212f-4dc7-9002-53fc238b1606.jpeg?type=f287']
20.11.08.,5,"아들 줌수업용으로 샀어요.화면 크고 좋네요.저는 업무용으로.엘지그램 쓰는데 들고다녀야해서 13인치 신용중입니다.13인치대비 화면 크고 좋아요~제가 문저작업하느라 잠깐 빌려써보니 안정감 있고 좋습니다.친정아빠도 하나 주문해달라하셔서 추가 주문예정입니다.
비슷한 가격대의 삼성노트북과 비교 후 샀어요~",['https://phinf.pstatic.net/checkout/20201108_83/1604801172358BumCS_JPEG/review-attachment-68121cac-e1ff-4cd4-a66b-b54a99353aca.jpeg?type=f287']
20.09.09.,5,"사실 처음에는 펜티엄골드 라서 머뭇거렸는데 리뷰에 보니 속도도 좋고 인강및 사무용으로 딱 적격이라해서 구매했는데 속도도 빠르고 무엇보다 메모리8/256 으로 사양으로 가성비가 진짜 좋은것 같아요
정말 사기를 잘한것 같고 얼마전 LG 고사양 130만 주고 샀는데 후회합니다.ㅠㅠ 적극 강추합니다.","['https://phinf.pstatic.net/checkout/20200909_74/1599618583715KOLB4_JPEG/review-attachment-19d2a5b3-8595-4378-a16e-1b9411f997c4.jpeg?type=f287', 'https://phinf.pstatic.net/checkout/20200909_279/1599618596226ahIVu_JPEG/review-attachment-cae0ce7c-f953-4ecd-ab2e-90baa17e0112.jpeg?type=f287']"
20.11.29.,5,"일단 사용설명서 대로 f10 키 눌렀는데 부팅장치 선택화면이 안나와서 esc 누르니까 나오더라고요 ㅎㅎ 나머지는 유튜브 보고 설치 완료하였습니다! 윈도우 제품키는 제가 따로 구매를 해야하는 부분이니 ㅠㅠ 그부분은 감수해야항 것 같네요
받은지 오래됐었는데 설치를 좀 뒤늦게ㅜ했습니다 화면도 크고 해서 잘 쓸 수 잇을거 같아요~!",['https://phinf.pstatic.net/checkout/20201129_117/1606625791072OPIx2_JPEG/review-attachment-9fc5efb7-bf1a-4f2b-8a86-c60992108bfe.jpeg?type=f287']
21.03.10.,5,"예정보다 하루 늦게 도착하였지만 뽁뽁이 많이 감싸서 안전하게 받았다는 느낌 받았구요. 서비스로 주신 마우스도 잘 받았습니다.
다만 서비스상품이라 품질면은 조금 낮을 수 밖에는 없지만 마우스가 아니라 노트북을 구매한거니까 만족합니다.
감사합니다. 수고하세요..",[]
21.02.07.,5,"경험상 인터넷으로 노트북을 사보고 실패한 저는 인터넷 구매 믿지못했으나 속는셈치고 다시 구매하고 문의도 드렸는데..진짜 담당자분 너무너무 친절하시고 상품도 너무 안전히 잘 도착했습니다!
이런 만족 처음이네요!!
감사합니다 잘 사용하겠습니다",['https://phinf.pstatic.net/checkout/20210207_237/1612634404100RzoPk_JPEG/review-attachment-a84581eb-1a97-416a-b676-b4c676a5106d.jpeg?type=f287']
21.01.02.,5,와 좋은 제품 싸게 잘 샀어요 기존에 있던 노트북이 속도도 느리고 점점 늙어가는 통에 새로운거 사려고 뒤적거리다 우연히 이 제품 발견했는데 넘 운이 좋았네요 완전 만족해요ㅋㅋ배송도 2주정도 걸리신다기에 기다려야지했는데 생각지도 못하게 빨리 받아서 더 기분이 좋네요 감사합니다♡배송도 꼼꼼히 안전하게 보내주셨네요 신경써주셔서 감사해요. 새해 복 많이 받으세요♡,['https://phinf.pstatic.net/checkout/20210102_44/1609558707007fzwvJ_JPEG/review-attachment-38f1bf9a-6143-4430-8486-f9c5a75c110b.jpeg?type=f287']
21.03.05.,5,엄청엄청 빨리 보내주셨는데 택배 파업으로 인해 약간 배송이 늦어지는 바람에 오늘 받았습니다 그래도 엄청 빨리 왔고 상품은 마음에 쏙 들어요 노트북 여러개 고민하다가 결정 한건데 절대 후회 안합니다 노트북 고민중이시라면 추천해 드리고 싶어요!,['https://phinf.pstatic.net/checkout/20210305_66/16149318002373E5No_JPEG/review-attachment-fbfb62f5-38aa-4cdb-a6fa-37da97d959ad.jpeg?type=f287']
21.01.09.,5,"택배 포장도 깔끔하고 제품도 좋습니다
좀 아쉬운 점이 있다면 추가로 판매하시는 마우스나 받침대 같은 상품의 설명도 있었으면 합니다.. 저는 그런 설명은 못 본 듯 해서요.. 아 옥시 제가 못 본걸까요? 아무튼 좋은 제품 감사합니다~!",['https://phinf.pstatic.net/checkout/20210109_67/1610161765277CXkYp_JPEG/review-attachment-ea0c6729-baa7-4c68-9cfb-7635a7d085fb.jpeg?type=f287']
20.10.14.,5,"윈도우까지 설치해서 받았구요 무선네트워크잡는데 비행기모드 해제하느라 엄청 애먹었습니다
fn+F5키가 안먹더라구요
어찌어찌 힘들게 잡고 잘 사용하고 있습니다
보내주신 사은품 노트북가방도 튼튼하고 좋구요
무선마우스도 굿입니다
패드는 별루였어요",['https://phinf.pstatic.net/checkout/20201014_240/160264234968823oaU_JPEG/review-attachment-5e05da92-3e75-4f49-b3d1-eeb47603ede0.jpeg?type=f287']
21.01.17.,5,"가성비로는 괜찬은 제품입니다. 만약 cpu등을 많이 사용하거나, 고도의 그래픽 작업은 사용하기에는 적합하지는 않습니다.재택 근무용으로는 상당히 가성비가 좋다고 생각합니다.특히, 동영상 배속 처리 를 하시는 분들은 12배속 등의 배속 처리는 cpu 성능과 관계가 있기 때문에, i5 정도의 배속 속도 차이가 꽤 납니다.재택 근무 또는 아이들 인강 용으로는 가성비 갑이라고 생각합니다.",[]
20.09.11.,5,"배송이 빨랐어요
옵션으로 윈도우설치해서 받았는데 윈도우업데이트 할게 너무많아서 엘지에서 제공하는 드라이브 설치프로그램이 안열려서 세팅하는데 3시간걸렷어요ㅠ하지만 싼값에 샀으니 만족합니다
디자인은 삼성보다 엘지가 더좋은것같아요",['https://phinf.pstatic.net/checkout/20200911_18/1599814414247PInvO_JPEG/review-attachment-4172448f-02dc-4e86-b1ba-039455fece21.jpeg?type=f287']
20.10.23.,5,"저렴한 가격에 좋은 제품 구매했네요. 부모님께서 인터넷 서핑과 문서작업으로 사용할 목적으로 구매했는데, 딱 그 용도로는 좋네요. 영상도 유튜브로 4K까지 재생되나 그 이상의 고해상도는 끊어지네요. 문서작성과 서핑만을 생각하시면",['https://phinf.pstatic.net/checkout/20201023_260/1603456260528D5s3E_JPEG/review-attachment-ade5cc14-5d53-42fe-bf8f-2c1ff1c8a4e6.jpeg?type=f287']
20.09.16.,3,"한달이상 사용해본 결과 다른건 다 문제없이 만족하며 잘사용하고 있는데, 배터리가 빨리 닳아요.. 전 동영상 강의만 듣는데 새노트북인데도 빨리 닳네요 이건 정확히 엘지서비스센터에 문의해봐야 알겠지만, 제가 써본 결과는 정말 빨리 닳아요. 뭐가 문제인지 서비스센터 가서 물어볼려구요..! 배터리 빼고는 다 만족스럽습니당",['https://phinf.pstatic.net/checkout/20200916_23/16002224026658bXNx_JPEG/review-attachment-92099fb9-9db2-47e2-a5d5-3e138e723367.jpeg?type=f287']
20.10.22.,5,램 4기가 추가 구매하여 설치함. 윈도우는 아직 설치하지 않아서 컴퓨터 성능은 잘 모르겠음. 흰 색상으로 디자인은 깔끔한 편임. 노트북 가방 준다는 설명이 없어서 파우치를 추가 구매했는데 접착 찍찍이도 없어 너덜너덜 거림. 괜히 구매했다고 후회하고 있음.,[]
20.10.04.,5,"추석연휴 앞두고 시켰는데도 하루만에 왔어요. (월요일주문->화요일도착) 마우스패드랑 무선마우스도 잘 왔구, 뽁뽁이로 여러번 감싸주셔서 꼼꼼히 발송해주셨구나 싶었어요. 노트북 무겁지만 거의 집에서만 쓸 예정이라 괜찮은 거 같아요 가성비 👍",[]
21.01.08.,4,윈도우 깔지않고 주문했더니ㅠㅠ혼자서 해결하기 조금 힘들었네요.. 저처럼 기계 잘 못만지면.. 윈도우 깔고 주문하시는게 편하긴 할거 같아요~ 디자인도 이쁘고 생각보다 가볍네요! 재택근무용으로 산건데 잘 산거 같아요! 감사합니다^_^,[]
20.09.29.,4,"예약구매하면 4g무료 업글이라고했는데 생각보다 일찍와서 업글이 됐는지 모르겠네요~상자가 뜯긴 흔적이 있으니까 업글해주셨겠죠??

그리고 저는 무선마우스가 안 돼요ㅠㅠㅠ 사은품이라 그냥 넘어가지만 다른 분들 댓글에서 잘사용하신다고 하니까 마음은 아프네요 ㅠㅠ",['https://phinf.pstatic.net/checkout/20200929_57/1601385891554pElMc_JPEG/review-attachment-d8059dfc-5bc7-42b6-97ce-28e0c0e8bd34.jpeg?type=f287']
21.01.29.,5,배송은 2월 입고라 하셨는데 좀 더 일찍 입고인지 더 일찍 보내주셨어요! 좋아요! 일단 같은제품 작년보다 10만원쯤 오른게 좀 아쉽지만 그래도 기본적으로 가성비는 좋습니다!! 배송 안전하게 왔고 원도우 설치하니 잘 작동됩니다ㅎㅎ 더 써봐야 알겠지만 초기 하자는 없는것같아요,[]
20.09.01.,5,"그램을 살까 울트라를 살까 고민고민하다가 결국 울트라를 삼..
사무용, 서핑용, 이동없이 가정용으로만 쓸 예정이라면 굳이 그램을 살 필요가 없을 정도로 속도도 빠르고 화면도 크고 좋습니다. 가격도 배로 저렴하니 잘 샀다는 생각이 드네요",[]
20.08.25.,5,"장점 : 1.배송도 엄청 빨리옴
2. 색도 맘에 든다 예뻐요
3. 숫자키패드 따로 있어 편리
4.무선 마우스, 마우스패드,노트북 가방 사은품
5. 가격

단점
1. 무게가 1.76kg인데 여자인 내가노트북 가방에 넣어서 들고 이동하면 좀 어깨가 아픔 (양쪽 어깨에 번갈아 드는 걸로 극복하자)
2.화면이 유광이라 조명이 거슬림
그러나 가격으로 모두 극복가능
이상",[]
20.11.09.,4,"물건이 없어 입고 날짜만 기다렸었어요~ 판매자께서 신속하게 발송해주셔서 배송은 다음날 받았어요. 노트북 구매할때 윈도우 설치 선택이 있었는데 설치를 원해도 설치 없음으로만 나와서 따로 설치비가 많이 들었네요. 이 노트북은 윈도우 10 정품만 설치할수 있어서 그 점 구매자들은 참고하시길 바랍니다. 사은품으로 마우스, 마우스 패드 그리고 노트북 가방까지 잘 받았습니다. 감사합니다. ^^",[]
20.10.01.,3,"노트북은 만족스럽습니다.
판매처에 윈도우10 유료 설치를 신청했는데, 최신버전을 깔아주지 않으셨네요. 네트워크 프로그램에도 문제가 있었고요. 급하게 사용해야 해서 주말에 엘지 서비스센터에 전화해서 윈도우 업데이트도 하고 네트워크 문제도 해결받았습니다. 조금 더 꼼꼼히 신경써주시면 좋을 것 같습니다.",[]
20.08.17.,5,"아직까지 별 이상 없이 잘 쓰고 있어요.
가성비 좋은 제품입니다. 인터넷서핑, 문서작성 등 기본 사용은 말할 필요도 없이 잘 돌아가고 더할 나위 없이 쾌적합니다~! 딱히 무거운 게임을 하지 않아서 그 이상은 잘 모르겠지만, 저처럼 사용하는 정도라면 아주아주 강추합니다~!!",[]
20.07.25.,5,"배송지연으로 늦게 도착하기는 하였지만 노트북은 정말 좋아요 ~^^
그리고 배송지연 미리 연락 주셔서 알려 주시고 상담도 정말 친절하게 잘해 주셔서 기다림이 전혀 힘들지 않았어요~^^ 그리고 포장도 깔끔하게 잘 되어 와서 너무 좋았어요 ~이 가격에 이 제품은 정말 말도 안되는것 같아요~대박 나실거예요~^^",['https://phinf.pstatic.net/checkout/20200725_71/1595678652580UBigO_JPEG/review-attachment-cceccc63-6310-49b3-839b-db73ad71dff0.jpeg?type=f287']
20.09.25.,5,방문수령관련해서 상담해주셨던 직원분이 정말 친절하게 상담해줬어요.식사시간이신거 같았는데 티내지않고 오히려 잘 챙겨주셨어요.노트북도 받았는데 깔끔했습니다.무엇보다 상담 해주셨던분이 너무 친절했어서 별 다섯개 드립니다.많이 파세요.감사합니다~^^,['https://phinf.pstatic.net/checkout/20200925_11/16010388248330Hxbm_JPEG/review-attachment-5bb5c605-cb95-4309-bd78-89682b1abbe8.jpeg?type=f287']
20.12.03.,5,"가격도 저렴하고 가성비 짱짱입니다!!!!
노트북을 이 가격주고 구입하다니요","['https://phinf.pstatic.net/checkout/20201203_1/16069790583166vvjl_JPEG/review-attachment-537ee078-44ab-4cbd-a1f8-878d9c7e6533.jpeg?type=f287', 'https://phinf.pstatic.net/checkout/20201203_245/16069790594578WPbt_JPEG/review-attachment-ca08b37d-38aa-4a53-b7eb-66d082fc8119.jpeg?type=f287', 'https://phinf.pstatic.net/checkout/20201203_177/1606979059507lJhd4_JPEG/review-attachment-5fa39dd3-4620-4539-9c5b-b3291e2951d8.jpeg?type=f287', 'https://phinf.pstatic.net/checkout/20201203_217/1606979060198GV40t_JPEG/review-attachment-a077a24e-69ec-45f2-9248-5a16db102c5a.jpeg?type=f287', 'https://phinf.pstatic.net/checkout/20201203_99/16069790599351AM72_JPEG/review-attachment-23de0ad3-1fa2-4f1f-a96a-39a1ff5a6857.jpeg?type=f287']"
20.10.07.,5,가게에서 사용할 저렴한 노트북을 찾다가 처음엔 중고로 살려고 했는데 이걸로 사길 잘한거 같아요 성능도 무난하고 우선 새거라 좋으네요 배송도 빠르고 굿입니다,"['https://shopping-phinf.pstatic.net/20201009_3/e4edef56-50fd-442c-9c95-f7dfc3ea1eca.jpg?type=f287', 'https://shopping-phinf.pstatic.net/20201009_12/362408e6-e661-4775-b8b6-ba456aef4bac.jpg?type=f287', 'https://shopping-phinf.pstatic.net/20201009_29/b219029a-d432-483e-82e6-8c16bd1c0e31.jpg?type=f287', 'https://shopping-phinf.pstatic.net/20201009_13/2f478762-c740-4e38-b1d5-af14eff687e1.jpg?type=f287', 'https://shopping-phinf.pstatic.net/20201009_7/cd5fb79c-d3dd-460e-9f5a-315038cc5015.jpg?type=f287']"
21.01.08.,5,"최강 한파속을 헤치고
15ud50n-lx20k 울트라 노뜨북이 도착 햇네요!
지금 운영체제 설치중 이구요!
노트북 가방도 들어 있어요!
결재후 한달만에 도착!","['https://phinf.pstatic.net/checkout/20210108_55/16100904278246Uuc8_JPEG/review-attachment-37c85a52-aba8-4126-a8ac-0e42b0257a66.jpg?type=f287', 'https://phinf.pstatic.net/checkout/20210108_291/1610090449025JfTHY_JPEG/review-attachment-caf20d04-864a-4a80-8887-2a84f393a5d3.jpg?type=f287', 'https://phinf.pstatic.net/checkout/20210108_199/16100904647331M4Fw_JPEG/review-attachment-5d736e31-bde5-406b-9e77-5c17bfd6273d.jpg?type=f287']"
21.01.11.,5,가성비가좋아요 윈도우는 인터넷으로 사셔서 하시면되요,"['https://phinf.pstatic.net/checkout/20210111_216/1610363458660PaSzu_JPEG/review-attachment-015585bf-cd43-4413-975b-9e743b6974d3.jpeg?type=f287', 'https://phinf.pstatic.net/checkout/20210111_30/1610363458069AUOoK_JPEG/review-attachment-f6f368d6-1a56-482a-b4a0-63ceb47de137.jpeg?type=f287', 'https://phinf.pstatic.net/checkout/20210111_22/1610363458112hX0Ys_JPEG/review-attachment-6038ae6f-3a3b-465c-a5fd-85560f38cbda.jpeg?type=f287']"
21.01.12.,5,"집에서 용산이면 멀어도 1시간 30분 거리인데ㅠㅠ
너무 오래걸렸어요ㅠㅠ 요즘 물량 많아서 그렇다고는 생각했지만.. 근데 배터리 충전하는건 별도로 구매해야하는건가요?? 별도로 구매하는거면 어디서 해야하나요??","['https://phinf.pstatic.net/checkout/20210112_161/1610452299204qpJ6I_JPEG/review-attachment-db7a1e7d-e0ba-4bcd-bff5-68561354617b.jpeg?type=f287', 'https://phinf.pstatic.net/checkout/20210112_245/161045229969267DXi_JPEG/review-attachment-87ca1a49-897a-445c-aebe-347e06f592c9.jpeg?type=f287', 'https://phinf.pstatic.net/checkout/20210112_12/16104522996752cv0f_JPEG/review-attachment-ab5dcc9f-7f9a-41b8-93c5-daf39a94743a.jpeg?type=f287']"
20.12.04.,5,"물건 잘 받았습니다
재택근무하려고 샀어요
깔끔하고 너무 좋네요","['https://phinf.pstatic.net/checkout/20201204_223/16070892022073LJgI_JPEG/review-attachment-8f3d6d32-4398-49bf-8623-5b757fc9b260.jpeg?type=f287', 'https://phinf.pstatic.net/checkout/20201204_197/1607089218058bb3CQ_JPEG/review-attachment-490d75e6-3c4f-455f-a8a8-b1b59614c2d1.jpeg?type=f287', 'https://phinf.pstatic.net/checkout/20201204_253/1607089227424hcGNq_JPEG/review-attachment-4e7e0737-60c5-4487-9623-41b461efa6ec.jpeg?type=f287']"
20.12.17.,5,빠른배송감사합니당 수고하세용,"['https://phinf.pstatic.net/checkout/20201217_196/1608194945284Y7SYn_JPEG/review-attachment-9b148240-71d8-4676-895e-8be89cf7177c.jpeg?type=f287', 'https://phinf.pstatic.net/checkout/20201217_282/1608194957730BfepH_JPEG/review-attachment-c9c1a56a-b1ba-4e01-a929-b372259b580c.jpeg?type=f287', 'https://phinf.pstatic.net/checkout/20201217_54/1608194972226dXEOe_JPEG/review-attachment-6697735d-421a-43d9-b396-e3394cf12fa7.jpeg?type=f287']"
21.03.04.,5,가성비 좋고 잘 작동해요!,"['https://phinf.pstatic.net/checkout/20210304_19/1614833967351HTKc0_JPEG/review-attachment-80a518e5-131d-49a9-bc19-540e2f33cd21.jpeg?type=f287', 'https://phinf.pstatic.net/checkout/20210304_30/1614833967669ASXUd_JPEG/review-attachment-d7136986-2407-45bc-8e0f-8fe2fc2e1b1e.jpeg?type=f287']"
21.02.20.,3,"배송 빠르게 보내주셨고 상품도 잘 받았어요.
노트북케이스 밟으셨는지 신발자국 비슷하게 있어요ㅎ","['https://phinf.pstatic.net/checkout/20210220_7/1613801308708c4shq_JPEG/review-attachment-bd1a553c-7c5e-47ea-8166-5eeba385fe70.jpeg?type=f287', 'https://phinf.pstatic.net/checkout/20210220_181/16138013086024ugYx_JPEG/review-attachment-9561ccf6-1613-43b5-870a-c75d0d40eb63.jpeg?type=f287']"
21.03.01.,5,간단한 웹서핑이나 인강용으로 사용하기 좋아요,"['https://phinf.pstatic.net/checkout/20210301_3/1614579641147B5eEa_JPEG/review-attachment-896efc01-1e15-476c-95df-86a4ebc05e85.jpeg?type=f287', 'https://phinf.pstatic.net/checkout/20210301_118/1614579641416z6MsX_JPEG/review-attachment-f3063fa5-fabf-4d71-8de1-9c4e79998f8f.jpeg?type=f287']"
20.10.07.,5,배송도 빠르고 상품도 좋아서 마음에 들어용,"['https://phinf.pstatic.net/checkout/20201007_48/16020381692143bvTn_JPEG/review-attachment-8647bf53-aabd-4a83-a594-5cf970f8ccde.jpeg?type=f287', 'https://phinf.pstatic.net/checkout/20201007_251/1602038169213aiVOV_JPEG/review-attachment-55899651-669b-4157-b70c-3c5e009e289b.jpeg?type=f287', 'https://phinf.pstatic.net/checkout/20201007_161/1602038169225F0Hg0_JPEG/review-attachment-4ed47b92-aa53-443f-a6ef-bca08184f1de.jpeg?type=f287']"
21.02.20.,5,가성비 최고 입니다. 만족합니다. 만족합니다.,"['https://phinf.pstatic.net/checkout/20210220_176/16137713021921osDP_JPEG/review-attachment-92dfaf3c-a60a-4978-a994-e3c54d24b420.jpeg?type=f287', 'https://phinf.pstatic.net/checkout/20210220_300/1613771326642B05TF_JPEG/review-attachment-0634ee95-ef44-4ede-8241-b42f0fe67727.jpeg?type=f287']"
21.01.28.,5,예상보다 배송도 빠르고 리뷰가 많고 좋은데에는 역시 이유가 있는것같습니다! !감사합니다! !,"['https://phinf.pstatic.net/checkout/20210128_228/16118339108573B4J6_JPEG/review-attachment-f6d4a5a0-b686-4a12-b05e-d0ad189d3fb0.jpeg?type=f287', 'https://phinf.pstatic.net/checkout/20210128_243/1611833911390c1WAi_JPEG/review-attachment-84e41314-c81b-4f15-a204-c83f7ed3655c.jpeg?type=f287']"
21.01.21.,5,"가격대비 디자인 성능 좋와요
업무용 으로 사용하기좋구 .게임 롤도 잘돌아가네요","['https://phinf.pstatic.net/checkout/20210121_245/16112191317263c2Nh_JPEG/review-attachment-a2def2c4-ad7d-4865-9bb1-c878f333f7a9.jpeg?type=f287', 'https://phinf.pstatic.net/checkout/20210121_86/1611219140715E85qL_JPEG/review-attachment-b1b7a1ad-59f3-4544-a8d4-24099c6280d0.jpeg?type=f287']"
21.01.05.,5,"가성비 좋은 제품 구입해서 만족합니다.
윈도우설치가 쉽지 않아서 센터방문했는데 친절하게 도와주셔서 무사히 해결했네요.
인강용 검색용으로 충분한거 같아요.","['https://phinf.pstatic.net/checkout/20210105_169/1609844339684VEXQn_JPEG/review-attachment-1950f2ef-d380-4bad-8951-4c9a070800d7.jpeg?type=f287', 'https://phinf.pstatic.net/checkout/20210105_186/1609844355366cOyWp_JPEG/review-attachment-15af7daf-1739-4ddf-a054-2fdd03e25dc6.jpeg?type=f287']"
21.01.15.,5,배송은 한참 기다렸지만 정말 이쁘거 괜찮습니다~ 가성비 굿굿! 키보드감도 좋아여~,"['https://phinf.pstatic.net/checkout/20210115_235/1610712023105WTJhe_JPEG/review-attachment-4f25d3d5-ab96-408c-b9b3-b4fd734b7ded.jpeg?type=f287', 'https://phinf.pstatic.net/checkout/20210115_89/1610712023307k7W0t_JPEG/review-attachment-e112804d-63de-4527-8885-633f7d98fe25.jpeg?type=f287']"
21.01.03.,5,좋은 제품을 저렴하게 구입했네요. 아이 줌수업때문에 준비했는데 이정도 사양이면 충분하네요.,"['https://phinf.pstatic.net/checkout/20210103_114/1609654651228a766d_JPEG/review-attachment-8a60a82b-3d08-4407-95aa-e60643676f5f.jpeg?type=f287', 'https://phinf.pstatic.net/checkout/20210103_265/1609654659361jo9xg_JPEG/review-attachment-57044387-4de2-4918-9b59-acfca8e56fd1.jpeg?type=f287']"
21.01.12.,5,2번째 구매합니다. 줌수업하기에 좋아요. 간단한 과제나 문서작업에도 딱입니다. 정말 좋은 가격에 구매했어요.,"['https://phinf.pstatic.net/checkout/20210112_216/1610458007416uUks8_JPEG/review-attachment-687472a3-8e90-44c0-829e-244f5058aeb9.jpeg?type=f287', 'https://phinf.pstatic.net/checkout/20210112_250/1610458015337roHUF_JPEG/review-attachment-feb096ca-b3b9-4c41-b3b8-ab578a60169c.jpeg?type=f287']"
21.01.14.,5,제품이 매우 깔끔하고 포장상태도 완전 좋았습니다,"['https://phinf.pstatic.net/checkout/20210114_257/1610594316526Df8sO_JPEG/review-attachment-b03f9cf9-676b-4300-95d4-445b89bddc09.jpeg?type=f287', 'https://phinf.pstatic.net/checkout/20210114_264/1610594317012sfEfE_JPEG/review-attachment-cb31cb11-752a-404c-95e0-cc3a97ea56f3.jpeg?type=f287']"
21.01.11.,5,"초등졸업선물겸 입학선물로 구매했어요~
가격대비 좋네요 딸램이 너무 좋아해요 ^^","['https://phinf.pstatic.net/checkout/20210111_165/1610324619449IfRS2_JPEG/review-attachment-f7d81d20-90fe-47e6-bb77-8b11d3df8a38.jpeg?type=f287', 'https://phinf.pstatic.net/checkout/20210111_214/16103246551729wiOL_JPEG/review-attachment-50c0fc8c-f099-4de5-83a9-9f3c2e1aae3c.jpeg?type=f287']"
21.01.07.,5,"가격이 젤 싸요
포장도 꼼꼼
잘 쓸께요~^^","['https://phinf.pstatic.net/checkout/20210107_123/1610026728804DVR6d_JPEG/review-attachment-882d874e-1b85-412c-8389-1d718bc6b43f.jpeg?type=f287', 'https://phinf.pstatic.net/checkout/20210107_212/1610026733556RJjJq_JPEG/review-attachment-f2422d90-3765-4cfa-8253-e540231a45e3.jpeg?type=f287']"
20.12.31.,5,"4기가 추가하고 윈도우 10 개봉설치 했습니다 넷플이랑인강 볼려고 샀어요
화면도크고 좋습니다","['https://phinf.pstatic.net/checkout/20201231_69/1609420710235Kht5A_JPEG/review-attachment-97009193-b3dd-4bac-85c3-9b316a6a7b47.jpeg?type=f287', 'https://phinf.pstatic.net/checkout/20201231_87/1609420739266Em6pU_JPEG/review-attachment-aba0c15f-bdb1-4d71-b9b9-1ce0647fb06e.jpeg?type=f287']"
21.01.05.,5,배송 빠르고 상품도 좋아요 저렴하게 잘 샀어요 감사합니다,"['https://phinf.pstatic.net/checkout/20210105_41/1609815777449KIpD4_JPEG/review-attachment-d3c99828-8771-42c3-ba2a-a702f140b2be.jpeg?type=f287', 'https://phinf.pstatic.net/checkout/20210105_36/1609815792648ufWKQ_JPEG/review-attachment-3e974383-e40d-44c9-81dd-8d63e970f2fd.jpeg?type=f287']"
20.08.22.,5,"생각보다도..더 더 괜찮아요.^^
포장상태도 좋고요.
문의글에 답도 잘 해주셔서,
잘 사용중입니다.","['https://phinf.pstatic.net/checkout/20200822_212/1598062400177lpOcR_JPEG/review-attachment-d93ba31e-c476-4b40-82a2-36f7f647f39c.jpeg?type=f287', 'https://phinf.pstatic.net/checkout/20200822_108/15980624121319RdBC_JPEG/review-attachment-608a65aa-343a-44c8-91a7-310ec0c26e3b.jpeg?type=f287', 'https://phinf.pstatic.net/checkout/20200822_36/1598062419872mhEVq_JPEG/review-attachment-9cfa9ce8-25e9-4353-86bd-fe1001755460.jpeg?type=f287']"
20.12.10.,5,"아침에 주문하고 퀵으로 오후 세시 이전에 받았습니다
저렴한 가격네 집에서 사무용으로 참 좋네요","['https://phinf.pstatic.net/checkout/20201210_299/1607541300739sTtyO_JPEG/review-attachment-f3ca264e-939f-49e1-bed3-1c55cf9308c4.jpeg?type=f287', 'https://phinf.pstatic.net/checkout/20201210_135/1607541300384mpmtm_JPEG/review-attachment-3edae94b-c436-424c-a3b0-f0207772babc.jpeg?type=f287']"
20.12.10.,5,"요새 택배물량이 밀렷지만
그래도 일찍받앗어요
맘에 듭니다","['https://phinf.pstatic.net/checkout/20201210_202/1607555034670nyNLT_JPEG/review-attachment-9a3d723c-a6cb-4716-8384-baa493d4c1fc.jpeg?type=f287', 'https://phinf.pstatic.net/checkout/20201210_80/1607555042107cCgPg_JPEG/review-attachment-02898dd7-d913-43d6-9375-30afa4da7d52.jpeg?type=f287']"
21.03.16.,5,"언박싱하구 바로 사진찍었어요 ㅎ
실물 안보고 인터넷으로 바로 구매했는데
예상보다 더 예쁘네요!!
크기도 작을까바 걱정했는데
사용하기 딱 좋은 15인치입니다!!
가성비도 좋고~ 강추강추^^",['https://phinf.pstatic.net/checkout/20210316_212/1615894332590bsDB5_JPEG/review-attachment-ce2fdf5a-af68-4f52-8709-b9a077516049.jpeg?type=f287']
21.03.23.,5,"가격대비 좋은것같아요 디자인도 깔끔해요
이제 프로그램 다깔고 사용했습니다
USB 3.0지원이예요",['https://phinf.pstatic.net/checkout/20210323_291/1616480366972JxNFU_JPEG/review-attachment-faedc1ce-8298-4e73-8061-f5491175aa68.jpeg?type=f287']
21.03.16.,5,"디자인도 예쁘고 화질도 좋고
가격대비 만족합니다~^^",['https://phinf.pstatic.net/checkout/20210316_250/16159062022427RwBN_JPEG/review-attachment-ef9e66f0-e26c-4e80-bfcb-3ebf61bd838f.jpeg?type=f287']
21.03.16.,4,"우선 수령은 잘 했습니다
포장 잘되어 왔네요",['https://phinf.pstatic.net/checkout/20210316_118/1615870831522CUPUe_JPEG/review-attachment-0ffba333-a383-446f-bad3-6b6ad2013791.jpeg?type=f287']
21.03.25.,5,"두번째 구매, 학생들 줌수업하기 좋네요. 가격 저렴해도 사용하는데 문제는 없네요",['https://phinf.pstatic.net/checkout/20210325_120/1616673453755Mr58t_JPEG/review-attachment-34a4a6ce-79fb-4005-83cc-9941a0cdb9e1.jpeg?type=f287']
21.03.22.,5,가격 대비 가성비 너무 좋아요,['https://phinf.pstatic.net/checkout/20210322_77/1616420860449YbOdq_JPEG/review-attachment-e01d5f1c-cdc7-495f-8de9-ad347d460367.jpeg?type=f287']
21.03.24.,5,"ㅋㅋ잘쓰고있어요ㅋ
굿굿",['https://phinf.pstatic.net/checkout/20210324_125/1616580612716uyfsO_JPEG/review-attachment-c5563b37-1d6b-49ad-904b-5a40b5943cd0.jpeg?type=f287']
20.12.05.,5,빠른 배송 아주 좋습니다. 감사합니다!!!,"['https://phinf.pstatic.net/checkout/20201205_63/1607161409105nIrOe_JPEG/review-attachment-5f2bad31-9fce-4c31-8764-02b0173c5cff.jpeg?type=f287', 'https://phinf.pstatic.net/checkout/20201205_218/16071614091020rn9b_JPEG/review-attachment-71b0d544-0254-4b65-a80c-8f0c105232d0.jpeg?type=f287']"
21.03.11.,5,엘지전자 너무 감사해요. 가격대비 성능 최고 입니다. 256기가에 1테라까지 상당히 빨라요~~,['https://shopping-phinf.pstatic.net/20210313_19/a4b5bacd-d373-4438-8b6d-d65f2e359761.jpg?type=f287']
21.03.06.,5,재구매했습니다.사용해보니좋아서 올해대학생이되는 사촌동생한테선물로주려고요~~,['https://phinf.pstatic.net/checkout/20210306_15/1614995615406PdpeN_JPEG/review-attachment-24f0d1b4-3dfa-4ba9-bce1-7a47489b4c3a.jpeg?type=f287']
21.03.03.,5,업무용 및 아이 학습용으로 정말 잘 사용중 입니다,['https://phinf.pstatic.net/checkout/20210303_223/1614725952942d4DaW_JPEG/review-attachment-9a3e5928-a4e3-40ba-bfcc-214d07d5a8c1.jpeg?type=f287']
21.03.12.,5,아주잘이용하고있습니다 정말싸게잘산거같아요,['https://phinf.pstatic.net/checkout/20210312_186/1615519834577jUoX6_JPEG/review-attachment-2e132ad3-47bb-4445-a255-9db456283c01.jpeg?type=f287']
21.03.09.,5,가성비 만족합니다 가격이올랐네요,['https://phinf.pstatic.net/checkout/20210309_52/1615293641912YDm3T_JPEG/review-attachment-97d15c15-ef0d-4f72-9a7d-b9c8d0fcd396.jpeg?type=f287']
20.11.14.,5,가성비짱이에요 넘 좋아요,"['https://phinf.pstatic.net/checkout/20201114_65/1605336434443n92Fp_JPEG/review-attachment-257a3e10-e529-43ec-befd-cdf1f0f19cef.jpeg?type=f287', 'https://phinf.pstatic.net/checkout/20201114_142/1605336434710jUgLd_JPEG/review-attachment-6a7ec82f-3f20-43ee-9a30-b6d209469b55.jpeg?type=f287']"
21.03.04.,5,"배송 빠르고 판매자님도 친절하세요. 문서 작업, 영상 시청용으로 손색 없는 가성비 좋은 제품인 것 같습니다.",['https://phinf.pstatic.net/checkout/20210304_193/1614830367947FKyPG_JPEG/review-attachment-f04fbeb9-b712-4681-8abe-763c7bc5b506.jpeg?type=f287']
20.11.02.,5,"잘 쓰겠습니다, 가격대비 만족합니다.","['https://phinf.pstatic.net/checkout/20201102_226/1604286723563k8Mh7_JPEG/review-attachment-ece3bd2e-28b7-40d8-b433-958eb3f2c1b7.jpeg?type=f287', 'https://phinf.pstatic.net/checkout/20201102_93/1604286723510i70Sg_JPEG/review-attachment-31e29ec3-1fd6-4c45-bbd1-eff8d979500c.jpeg?type=f287']"
21.02.26.,5,"재구매했어요!!
옵션 최대한으로 추가해도 다른 노트북보다 훨씬 가성비 좋아요~!!
추천합니다!",['https://phinf.pstatic.net/checkout/20210226_80/1614314367901LHEIi_JPEG/review-attachment-a2fc2719-8f82-49b8-ad94-492549d8ed42.jpeg?type=f287']
20.10.14.,5,"배송 오래 걸릴 줄 알았는데 이틀 만에 왔어요!
안전하게 포장되어 왔고 노트북도 크고 깔끔하고 마음에 들어요. 같이 온 무선마우스도 굉장히 가볍고 편합니다. 싼 가격에 잘 산 거 같아요 ㅎㅎ
잘 쓰겠습니다~","['https://phinf.pstatic.net/checkout/20201014_250/1602666019644zrkCh_JPEG/review-attachment-9d21bd79-b16e-4655-a634-60da2a2d14a3.jpeg?type=f287', 'https://phinf.pstatic.net/checkout/20201014_111/16026660644929QLER_JPEG/review-attachment-084769e1-7957-4f2c-8ed3-ca378af4dcce.jpeg?type=f287']"
20.10.18.,5,"크기도적당하고
무게도생각보다무겁진않아요
자동으로드라이브설치해주니편해요","['https://phinf.pstatic.net/checkout/20201018_91/1603018396744TMc7f_JPEG/review-attachment-fa8e9044-0e64-457b-9183-1a0ba38a0abe.jpeg?type=f287', 'https://phinf.pstatic.net/checkout/20201018_210/1603018396921yJLGI_JPEG/review-attachment-635f04c9-53fb-4e03-823b-041a2afd84b8.jpeg?type=f287']"
21.02.24.,5,기본 인터넷과 문서 작성용으로 좋습니다.,['https://phinf.pstatic.net/checkout/20210224_142/1614118510060DuyG0_PNG/review-attachment-901ec04e-e38e-4b90-b4a5-be49ebbc3bc4.png?type=f287']
21.02.25.,5,잘 사용하고 있어요. 고장도 없구요. ^^,['https://phinf.pstatic.net/checkout/20210225_219/1614253492995VLdtQ_JPEG/review-attachment-1211c004-f8d0-4c63-a4e8-48c8e37ac4c1.jpeg?type=f287']
21.02.28.,5,화질도 좋고 전보다 속도도 빠르네요,['https://phinf.pstatic.net/checkout/20210228_109/1614438204917WCVho_JPEG/review-attachment-5eb9715e-13e9-4db8-ac9b-7f9fada731ee.jpeg?type=f287']
21.02.23.,4,기능 디자인 전부 맘에 들어요,['https://phinf.pstatic.net/checkout/20210223_94/1614080956031ScFEM_JPEG/review-attachment-28487cb8-c958-4f81-942a-430ba93dc82f.jpeg?type=f287']
21.03.01.,5,배송빠르고 상품이 좋아요,['https://phinf.pstatic.net/checkout/20210301_76/1614560762338ix2er_JPEG/review-attachment-434089e7-ebc6-4bd7-89b9-e301cea99979.jpeg?type=f287']
21.03.07.,5,"배송도 빠르고, 제품도 만족합니다. 잘 사용할게요~ 감사합니다.",['https://phinf.pstatic.net/checkout/20210307_124/1615082487714CCS4H_JPEG/review-attachment-ec5ae25b-040a-489b-9025-54a5605e06b0.jpeg?type=f287']
21.02.26.,5,딸아이가 대학생이어서 구매했어요 잘쓰고있어요,['https://phinf.pstatic.net/checkout/20210226_168/1614316213962AJ8uw_JPEG/review-attachment-592b6878-0914-4a45-9e3a-6257a1600c7d.jpeg?type=f287']
21.02.17.,5,배송이 빠르고 포장도 꼼꼼하게해서 보내주시네요. 상품은 생각보다 무게는 있지만 정말 가성비 최고같아요 디자인도 이쁘고 화면도 큼직하고 좋네요~!!,['https://phinf.pstatic.net/checkout/20210217_128/1613556676171soEba_JPEG/review-attachment-74e71f46-6d02-449b-b983-c67c263eb5ec.jpeg?type=f287']
21.02.20.,5,인강용으로 구매했어요. 가성비 좋아요. 메모리는 추가~ 배송빠르고 좋아요~,['https://shopping-phinf.pstatic.net/20210222_22/05df9ba5-6fac-466d-994a-4b6fb5e119d1.jpg?type=f287']
21.02.28.,5,빠른 배송 감사합니다. 한가지 윈도우 미 설치라고 크게 표시 해 주세요,['https://phinf.pstatic.net/checkout/20210228_264/1614472646345sCXj3_JPEG/review-attachment-6c70b831-f2a7-4e4e-bd94-009b4703531c.jpeg?type=f287']
21.02.09.,5,"퀵배송으로 무사히 잘 받았어요. 윈도우도 잘 설치되어 있고, 인강 듣거나 웹서핑 하기에 딱 좋을 듯 해요.",['https://phinf.pstatic.net/checkout/20210209_109/1612868967372AehGc_JPEG/review-attachment-b72705f0-b823-4317-a942-679579b51e66.jpeg?type=f287']
21.02.12.,5,"아버지 무난하게 쓰실 노트북 저렴하게 구매했어요
윈도우 설치해서 받으니 편해요
전에 쓰시던것보다 가볍다고 좋아하십니다",['https://phinf.pstatic.net/checkout/20210212_173/16131209996648UR3D_JPEG/review-attachment-7b3c3e6b-5d18-4e17-b2fc-4bbc13d573a3.jpeg?type=f287']
21.02.11.,5,"가성비대 정말 만족스럽네요. 잔고장없이 속도도 만족! 영상도 만족!
역시입니다요. 제친구도 눈독을 들이고 있다는 ㅎ
잘쓰겠습니다. 대박나세요^^",['https://phinf.pstatic.net/checkout/20210211_212/1613021420391mrkBL_JPEG/review-attachment-8ecff427-02b1-4c78-8926-f948a09eab4a.jpeg?type=f287']
20.10.01.,5,배송도 빠르고 포장도 꼼꼼히 왔습니다. 윈도우 설치까지 잘 끝났고 속도도 만족스럽습니다. 더 세부적인건 앞으로 사용해봐야 알것같습니다.,"['https://phinf.pstatic.net/checkout/20201001_109/1601538491376NpWzH_JPEG/review-attachment-2b2f8f6c-841a-479b-9769-e12a2699e278.jpeg?type=f287', 'https://phinf.pstatic.net/checkout/20201001_158/1601538491223uFzen_JPEG/review-attachment-56513422-c28b-4b6b-9f5d-cf315c109743.jpeg?type=f287']"
21.02.08.,5,너무 좋아요 화이트 색상도 맘에 들고 good,['https://phinf.pstatic.net/checkout/20210208_58/1612772262383ANUBS_JPEG/review-attachment-26417d78-87c6-4b4b-b93f-963d8c81fe84.jpeg?type=f287']
21.02.18.,5,노트북 저렴이가 필요했는데 좋네요^^,['https://phinf.pstatic.net/checkout/20210218_161/1613614553402QpcXJ_JPEG/review-attachment-f7a09e73-332c-4e59-a35c-7baca7760fb7.jpeg?type=f287']
21.02.08.,5,아주 좋아요 램추가하니까 딱 좋네요,['https://phinf.pstatic.net/checkout/20210208_261/1612767988619qYpM1_JPEG/review-attachment-48e33dc3-07d4-4eb9-b0ea-7b1755f0fe75.jpeg?type=f287']
21.02.19.,5,아이들이 잘사용하고 있어요,['https://phinf.pstatic.net/checkout/20210219_215/1613695420525PQGEj_JPEG/review-attachment-86e4e9bb-1e04-4443-98dc-3d1db4cd21f7.jpeg?type=f287']
