"1,554,990"
date,star_point,comment,photo
21.02.02.,2,"먼저 제품은 만족합니다.
다만, 실버 색상은 기간이 오래걸린다고 하여, 제 아내의 생일날 선물로 주기 위해 스페이스 그레이로 바꾸었는데,
담당자가 배송 약속한 날짜를 까먹어서,
생일 당일 날 도착해야 할 제품이 생일이 3일이 지나고 와버렸네요.
생일 선물 의미가 없어졌고, 비싸고 좋은 제품을 받아도 기쁘지가 않았네요..
사실 많이 바쁘실까봐 연락도 안하려고 노력했는데..
이 케이머그스토어는 주문과 동시에 전화를 자주해야 하는 곳 같네요.
연락 안 드려도 잘 진행해주면 그만큼 인력 소모도 없을텐데..
배송 까먹은 것에 대한 보상도 없고..
한국에서 아직도 이런 기대 이하의 서비스를 제공하는 회사는 경쟁력이 없다고 생각을 합니다.",['https://phinf.pstatic.net/checkout/20210202_41/16121937742636X5xY_JPEG/review-attachment-1cd4ad80-2da9-40f2-9548-30c8dac61d90.jpeg?type=f287']
21.01.28.,5,박싱은 역시 애플...제 실수로 결제 잘못해서 재결제했음에도 1월 마지막 주 입고물량 중 선착순 배송해주셔서 고맙습니다~~~,"['https://phinf.pstatic.net/checkout/20210128_10/16118213886386HEk6_JPEG/review-attachment-ed5e647d-5bf5-4d87-b4ac-4ac2829b3615.jpeg?type=f287', 'https://phinf.pstatic.net/checkout/20210128_222/1611821389391QeJ4e_JPEG/review-attachment-0826a49c-5655-40a9-b178-3b34fc6c16a3.jpeg?type=f287', 'https://phinf.pstatic.net/checkout/20210128_74/1611821389374LGf5a_JPEG/review-attachment-de08a43c-0d30-4eaa-ab79-d8f136535aae.jpeg?type=f287', 'https://phinf.pstatic.net/checkout/20210128_300/1611821389529PzeMy_JPEG/review-attachment-c2ec6deb-909e-470c-88f5-0ff578224ed8.jpeg?type=f287', 'https://phinf.pstatic.net/checkout/20210128_37/1611821390888TsKJV_JPEG/review-attachment-e27837a6-daf3-4b27-b13b-4b55c5e34da6.jpeg?type=f287']"
21.02.08.,5,배송기간이 짧아서 좋았고 역시 맥북프로네요 ㅎ,"['https://phinf.pstatic.net/checkout/20210208_161/1612765348668d2ekb_JPEG/review-attachment-5bebbcc2-2839-4a9a-beb0-9f719d89f543.jpeg?type=f287', 'https://phinf.pstatic.net/checkout/20210208_289/16127653487685Jmjh_JPEG/review-attachment-d34fea6f-21cc-41e2-9834-6c4454fced2d.jpeg?type=f287', 'https://phinf.pstatic.net/checkout/20210208_169/1612765348770qpgbO_JPEG/review-attachment-a9fe6b08-4ea8-494c-afe9-25f7710d185d.jpeg?type=f287']"
21.03.01.,5,"진짜 역대급이네요..배송은 3주 정도 걸리는데 품질, 속도 베터리 진짜 대박입니다..","['https://phinf.pstatic.net/checkout/20210301_18/1614593826551gMkcE_JPEG/review-attachment-94d62986-2957-4404-83bf-917d9c131250.jpeg?type=f287', 'https://phinf.pstatic.net/checkout/20210301_118/16145938267643B7oL_JPEG/review-attachment-56e0eec0-a1e6-4689-b275-5edc28ace474.jpeg?type=f287']"
21.02.27.,5,빠른배송 안전하게 잘 왔습니다^^,"['https://phinf.pstatic.net/checkout/20210227_150/16143880145860zgD7_JPEG/review-attachment-4fd5b960-8e00-484f-ab77-778de5290fd4.jpeg?type=f287', 'https://phinf.pstatic.net/checkout/20210227_129/1614388025721PNXm7_JPEG/review-attachment-020c8c6e-4149-4b47-a6a7-3ac0a4149666.jpeg?type=f287']"
21.01.12.,5,완전 좋아요! 발열없고 조용하고~,"['https://shopping-phinf.pstatic.net/20210113_20/e3fec1c2-a55e-41ec-a1f4-9c2e179a58ca.jpg?type=f287', 'https://shopping-phinf.pstatic.net/20210113_18/0aee981f-1893-41a6-a042-0e92a4c5d4c5.jpg?type=f287']"
21.01.09.,5,처음산 맥인데 너무 좋네요ㅎㅎ,"['https://phinf.pstatic.net/checkout/20210109_49/16102014829190rz5c_JPEG/review-attachment-1a2e29bf-883c-4737-9042-0ba352e806cc.jpeg?type=f287', 'https://phinf.pstatic.net/checkout/20210109_21/16102015046181SqKR_JPEG/review-attachment-51d9dbcf-c9c4-4049-bd5e-0204863bee0f.jpeg?type=f287']"
21.02.21.,5,배송이 조금 느렸지만 맥북은 만족합니다,['https://phinf.pstatic.net/checkout/20210221_231/1613866663396eSowS_JPEG/review-attachment-0851321c-f57d-46d0-9043-ff985dfed51d.jpeg?type=f287']
21.02.22.,5,역시 맥북 편집 용으로 좋아요,['https://phinf.pstatic.net/checkout/20210222_154/1613930962338qIi1u_JPEG/review-attachment-8a93b713-af17-401c-a790-119717b13850.jpeg?type=f287']
21.02.21.,5,좋아요~ 감사합니다^^!!,['https://phinf.pstatic.net/checkout/20210221_207/1613877832976PImai_JPEG/review-attachment-8f46f650-216a-4fa8-8b1a-d99c6fa447c0.jpeg?type=f287']
21.02.04.,5,"아주 빠르게 배송되어서 좋았구요.
성능도 아주 만족 합니다.",['https://phinf.pstatic.net/checkout/20210204_31/1612441424245EDRPl_JPEG/review-attachment-72375957-daa5-4101-9cea-9a4069cc4464.jpeg?type=f287']
21.01.30.,5,생각보다 빠른배송 감사합니다,['https://phinf.pstatic.net/checkout/20210130_279/16119798044469uS2i_JPEG/review-attachment-84d9262b-7ecf-488e-aba2-c3816dfa1017.jpeg?type=f287']
21.01.26.,5,만족합니다 참 좋네요.,['https://phinf.pstatic.net/checkout/20210126_148/1611671051222LFb05_JPEG/review-attachment-809c780d-7494-4d27-964b-79e2ab4c646f.jpeg?type=f287']
21.01.23.,5,아주좋아요 배송도 빠르네요,['https://phinf.pstatic.net/checkout/20210123_167/1611328709417GkAA7_JPEG/review-attachment-b2431ae7-182d-4eb6-bb33-3bea7b4a13b6.jpeg?type=f287']
21.01.27.,5,잘 받았습니다 .배송이 빠릅니다.,['https://phinf.pstatic.net/checkout/20210127_83/1611735001359qNzlt_JPEG/review-attachment-3c4fc498-7e0c-45f3-af9b-80f7b594331b.jpeg?type=f287']
21.01.10.,5,"빠른배송감사드랍니다
잘쓰겠고
기타 악세사리 또구입하겠습니다",['https://phinf.pstatic.net/checkout/20210110_206/1610232858577G1muj_JPEG/review-attachment-72865720-94d9-4dc5-aba3-a58fb47c0659.jpeg?type=f287']
21.01.15.,5,"맥북은 첨인데 아주 만족합니다
디자인 성능 다만족합니다",['https://phinf.pstatic.net/checkout/20210115_294/1610692780360kVfCI_JPEG/review-attachment-43a97515-24ba-4d6e-8903-fd9ea1815c45.jpeg?type=f287']
21.03.20.,5,배송도 빠르고 좋습니다,[]
21.03.20.,5,좋아요~~정말 빠르네요,[]
21.03.03.,5,굿굿 스타벅스 입장권 구매한기분,[]
21.03.13.,5,배송빠르고 조아요~,[]
21.02.22.,5,CTO 제품이라 배송이 늦었지만 제품 좋고 공홈 구매보다 조금더 저렴해서 만족스럽습니다.,[]
21.02.20.,5,제품 잘 받았습니다 역시 맥은 실버!,[]
21.02.15.,5,"빠른배송감사드리고
잘쓰겠습니다~^^

자주이용할께요~",[]
21.02.11.,5,맥북처음사용하는데 신세계네요 ㅎ,[]
21.02.03.,5,하루만에 배송오고 가격도 다른싸이트에 비해 저렴하네요! 만족합니다,[]
21.02.04.,5,맥북은 처음쓰는거라 어려울거라 생각했는데 ios에 적응이 되어있어서 그런지 생각보다 쉽고 간단해서 좋아요,[]
21.01.27.,5,우리집은다 아이폰이라 연동이 되니 애들이 너무좋아하네요. 한참을 망설이다 샀어요.,[]
21.01.17.,5,사고싶던거 저렴하게 당일로 잘받았습니당!,[]
21.01.12.,5,프로그램도 조용히 잘돌아가고 발열도 많지않아 좋아요!,[]
21.01.08.,5,상품 잘 받았습니다. 감사합니다.,[]
21.01.01.,5,빠른 배송 감사합니다.,[]
