"940,000"
date,star_point,comment,photo
21.03.19.,5,"어머니께서 이번에 늦깍이 대학생으로 입학하게 되어 노트북이 필요할 것 같아 구매하게 되었습니다~
고가의 노트북은 조금 부담스럽고 100만원 선에서 찾아보고 또 찾아보던차에 AMD 르누아르가 좋을것 같다는 결정을 내리게 되었습니다.
막상 구매하려고 보니 제품이 품절인 곳이 많았고 또 LG인증점에서 사는게 믿고 살수있을 것 같아서 찾아본 곳이 메인 CNS였습니다.
먼저 재고가 있는지 확인하고 가격도 나쁘지 않은것 같아서 구매했습니다.
LG 울트라pc도 그램 못지 않게 디자인, 성능 괜찮고 무게도 그렇게 무겁지 않아요~
윈도우 설치하는데도 어렵지 않게 설명대로 하면 누구나 충분히 할수 있습니다.
오래오래 잘썼으면 좋겠네요~
번창하세요~","['https://phinf.pstatic.net/checkout/20210319_55/1616135599160kF7n3_JPEG/review-attachment-eb3b4b79-e70d-4dfd-b498-2edf2b511a60.jpeg?type=f287', 'https://phinf.pstatic.net/checkout/20210319_58/1616135599056i4uNx_JPEG/review-attachment-cde6a87c-585d-43b3-9424-adfd63cd1e90.jpeg?type=f287', 'https://phinf.pstatic.net/checkout/20210319_165/1616135598988gd5W1_JPEG/review-attachment-2a51201d-88cd-4ace-a2c0-e351f8b565b2.jpeg?type=f287', 'https://phinf.pstatic.net/checkout/20210319_15/1616135598960Sar1g_JPEG/review-attachment-f69eed7a-0dc8-46a4-9e66-e7b791c23e85.jpeg?type=f287', 'https://phinf.pstatic.net/checkout/20210319_99/1616135599129j9yTP_JPEG/review-attachment-6a8b13b3-3c7a-496f-ad68-58e4c7809d04.jpeg?type=f287']"
21.02.02.,5,"컴퓨터에 대해 잘 몰라서 지인들한테 물어봐서 이 제품을 골랐습니다. 인텔 i 계열은 너무 비싸고해서 AMD계열중 가성비 갑이라는 라이젠5 4500U 를 선택하게 되었습니다. 사실 끝까지 그램 살까 울트라 살까 고민하다 이 제품으로 선택했는데 가격이면 가격 성능이면 성능. 정말 갑입니다. 갑. 아이가 온라인 수업때문에 산 노트북이라 RAM 8G, SSD 256G 면 충분하다고 생각했구요. RAM슬롯도 한개 더 있고 HDD한개 더 붙일 수 있어서 나중에 저장공간이 모자르면 추가할려구요. 디스플레이도 IPS라서 정말 선명하구요. 15인치라 시인성 좋구요. C타입도 있고 마이크로슬롯도 있구요. 하지만 단점 하나- USB단자가 2개 뿐이라는겁니다. 물론 C타입이 있어서 갯수는 맞췄지만 보통 USB단자는 3개인데 ...... 이 부분이 살짝 아쉬움이였고 다른 부분은 다 만족합니다.","['https://shopping-phinf.pstatic.net/20210203_16/ad15975c-66f6-4414-b26b-d4ceb8f6a796.jpg?type=f287', 'https://shopping-phinf.pstatic.net/20210203_7/710efbc5-bad6-4080-87af-49122734f4a0.jpg?type=f287', 'https://shopping-phinf.pstatic.net/20210203_28/d069faaf-12ad-4d16-9cbc-7552e65f1f01.jpg?type=f287', 'https://shopping-phinf.pstatic.net/20210203_19/44c26d06-fad1-4caf-9ad2-0d1e8793b3fe.jpg?type=f287']"
20.10.08.,5,"노트북은 소모품이라 생각하는 저에게 역시 선택은 가성비입니다 메모리 16G옵션은 후회없는 선택이었습니다 온보드 특성상 메모리 넉넉하면 그래픽 성능 제법 향상 됩니다. ^_^ 약간의 무게감을 보상하는 확장성이 가장 맘에 들고 윈도 설치도 빠르고 드라이버도 간단하게 해결 되네요 영상 촬영과 음성 녹음도 테스트 해보니 깔끔하고 좋아서 원격수업으로 상당 시간을 집에서 지내야 하는 우리 막내가 너무 좋아하네요 youtube 4K영상도 부드럽게 재생 됩니다.유선 마우스 ,키보드스킨, 액정보호 필름, 대형마우스 패드 선물도 감사합니다.","['https://phinf.pstatic.net/checkout/20201008_30/16021372643958KBMI_JPEG/review-attachment-998ec6ca-7b2f-4b32-83be-43b904c2e2d5.jpeg?type=f287', 'https://phinf.pstatic.net/checkout/20201008_25/1602137264758dlAsN_JPEG/review-attachment-dcd67a13-f498-4c11-928b-6cce73b42bc2.jpeg?type=f287', 'https://phinf.pstatic.net/checkout/20201008_209/1602137264782KjWPT_JPEG/review-attachment-28975542-ed21-4c84-bcae-4978f0ae2ba4.jpeg?type=f287', 'https://phinf.pstatic.net/checkout/20201008_280/1602137265787t2M7O_JPEG/review-attachment-fb70ad99-be29-4245-8b8e-91792b6236b3.jpeg?type=f287', 'https://phinf.pstatic.net/checkout/20201008_286/1602137264827eknVf_JPEG/review-attachment-3e344769-5cac-4bcf-b777-649ceb5214ce.jpeg?type=f287']"
21.03.18.,5,"노트북 1.8KG로 무게감 있지만, 튼튼하니 좋네요. 배송도 하루만에 왔어요. 다른 프로그램 설치가 엄청 빠르게 설치가 되구요, 마우스도 부드럽게 작동하네요. 키스킨 깔아두니 자판기 두드리는 소리 없이 손가락에 무리가 없을거 같아요. 화면이 크니까 영상회의시 넘 좋을거 같아요. 회사 사무실용으로 아주 잘 쓸거 같아요. 윈도우가 설치가 잘 되어서 왔어요. USB에도 윈도우10 HOME을 설치드라이버가 있네요. USB와 밀대걸레도 너무 좋네요. 감사합니다. 잘쓰겠습니다. 사무용으로 강력 추천합니다. 친절한 상담도 항상 고맙습니다.","['https://phinf.pstatic.net/checkout/20210318_240/1616052093542wUNbI_JPEG/review-attachment-6d85618f-4e9d-4e32-b67c-bedc70cf5a3f.jpeg?type=f287', 'https://phinf.pstatic.net/checkout/20210318_253/16160520935288jmNI_JPEG/review-attachment-07a69df9-90ec-4fd5-8a3e-3fabec09a920.jpeg?type=f287', 'https://phinf.pstatic.net/checkout/20210318_100/1616052093600PecjD_JPEG/review-attachment-97d0dcc8-e912-4ea3-b6ef-12367ed5c907.jpeg?type=f287', 'https://phinf.pstatic.net/checkout/20210318_271/16160520936684SvNM_JPEG/review-attachment-93e357d5-aea7-44ae-92db-8a7f1e88151e.jpeg?type=f287', 'https://phinf.pstatic.net/checkout/20210318_225/1616052093769uu7Es_JPEG/review-attachment-b8f7dc3a-bc30-46a5-af30-2d718f0d29c7.jpeg?type=f287']"
21.01.28.,5,"AMD 4000 시리즈 CPU 탑재~! 슬림 디자인~! 다양한 확장포트~! SSD 보다 빠른 NVME SSD~! 그램은 아니지만 왠만한 노트북보다 가벼운 1.8KG ~! LG노트북에서 이 사양이 가능한것은 오직 이 제품 뿐입니다. 너무 좋아서 총 2대나 구입했고, 또 구입할 예정입니다. 제가 구입하니 너도 나도 사고 싶다고... 그 정도로 매력이 넘치는 제품이네요~^^ 뿜뿜뿜뿜뿜~!","['https://shopping-phinf.pstatic.net/20210130_23/b4397919-f083-49de-9483-ffba21c6b230.jpg?type=f287', 'https://shopping-phinf.pstatic.net/20210130_3/ed498694-9c89-40d3-98f6-8627b6a7e1fd.jpg?type=f287', 'https://shopping-phinf.pstatic.net/20210130_28/1902d658-fc20-45c0-b5f5-508774cff4d9.jpg?type=f287', 'https://shopping-phinf.pstatic.net/20210130_12/c7a9fcdb-6245-4ee9-8b5a-f68ee894c514.jpg?type=f287', 'https://shopping-phinf.pstatic.net/20210130_12/384ffd6f-d9f5-4414-961a-37df8c356e5e.jpg?type=f287']"
21.02.05.,5,"배송 정말 빠릅니다. 당일 발송해서 다음날 낮에 수령했어요.작년에도 알아보다가 말았는데 그 사이에 노트북 가격이 많이 올랐네요.그래도 제가 주문할때에는 여기가 제일 싼것 같아서 주문했습니다.옵션은 추가없이 기본으로 했습니다.글래어 패널이라 밖에서는 많이 비칠것같긴한데 주로 실내에서 사용할거라크게 불편하진 않습니다. 거슬리면 필름붙여서 쓰려고합니다. 속도는 만족할만큼 빠르구요, HDD 따로 구매해서 장착했는데 뜯어보니까 다른부품 필요없이 하드만 있으면 쉽게 달 수 있게 잘되어있네요. 윈도우 설치후 D드라이브에 엘지소프트웨어가 있는데 이걸로 드라이버가 한번에 다 설치됩니다.사은품으로 온 마우스도 쓸만하고 키스킨도 잘 맞네요.오래 쓸것 같습니다. 많이 파세요~!!","['https://shopping-phinf.pstatic.net/20210206_18/9f23fed8-3b78-427c-bade-bdd783a695f9.jpg?type=f287', 'https://shopping-phinf.pstatic.net/20210206_15/227e0c8a-fa71-487b-812d-a3eda4e372d5.jpg?type=f287', 'https://shopping-phinf.pstatic.net/20210206_1/b70b561e-9985-43bc-ba83-48c980d0e6c6.jpg?type=f287']"
21.03.04.,5,기존의 삼성노트북 사용하다가 너무 느려져서 이번에는 AMD탑제가 된 LG 노트북 구매했습니다ㅎ램도 업그레이드하고 HDD도 업그레이드 하다보니 신세계입니다ㅎ게임은 안하고 영화보고 업무 포트폴리오 용인데도 속도도 빠르고 아주 신세계입니다ㅎ친구가 그램 사용하는데 가격 차이는 나도 성능 차이는 거의 나지 않습니다ㅎ절대 후회없는 선택입니다ㅎ,"['https://phinf.pstatic.net/checkout/20210304_26/1614799634021zmu0k_JPEG/review-attachment-283bd8a5-dedb-49b0-bc00-b1637e9baeb3.jpeg?type=f287', 'https://phinf.pstatic.net/checkout/20210304_18/1614799641138D6k9d_JPEG/review-attachment-35e5862b-f51e-4788-b64e-a15ae667dd8d.jpeg?type=f287', 'https://phinf.pstatic.net/checkout/20210304_14/1614799647127nrk9O_JPEG/review-attachment-bfd0b56c-ce9a-4d06-ae60-5e2d40790119.jpeg?type=f287', 'https://phinf.pstatic.net/checkout/20210304_270/1614799654369oprI6_JPEG/review-attachment-002fb85a-d468-40a7-a4a7-70313643a492.jpeg?type=f287', 'https://phinf.pstatic.net/checkout/20210304_149/1614799661319VdxET_JPEG/review-attachment-ef9c491a-2022-4064-b515-bd0b3ee80534.jpeg?type=f287']"
20.12.06.,5,"1. 예약구매 신청했는데 12월 4일 순차배송이었는데 훨씬 빠른 2일에 받아서 넘 기뻤네요

2. 마우스, 게임용 마우스 장패드, 액정보호필름사은품 거기다가 예약구매 선착순 50명에게 지급되는 오피스 365.
솔직히 오피스365는 말만 그렇지 안주겠지 싶었는데, 저도 대상자가 됐는지 지급돼서 완전 감동했습니다.
(불신했던 점에 대해서 양심상 죄송하네요 ㅋ)

3. 운영체제 설치하기 쉽게 상세설명에 블로그 링크 있어서 그대로 따라했더니 쉽게 설치되더군요. 윈도우10 처음 깔아봤는데 블로그 설명이 상세해서 시행착오없이 설치해서 기뻤습니다.

4. 운영체제 설치후 D 드라이브에 있는 LG DNA Center 프로그램 설치하니 세팅값 자동으로 잡아줘서 조용해 지네요
현재까지 , 아주 조용합니다^^

5. 르느와르 4500 처음 써보는데 신세계네요. 속도가 가성비 갑

6. 마지막으로 좋은 노트북 괜찮은 가격에 많은 사은품까지 준 노트북 랜드 21측에 감사드립니다","['https://phinf.pstatic.net/checkout/20201206_141/1607187807649mI0w8_JPEG/review-attachment-8291e330-b031-471a-baae-e5aa8148bee3.jpeg?type=f287', 'https://phinf.pstatic.net/checkout/20201206_116/16071878076473VrI1_JPEG/review-attachment-2d33fd94-1469-43f7-b4d7-f1ce50eb63cc.jpeg?type=f287', 'https://phinf.pstatic.net/checkout/20201206_283/16071878077090Acog_JPEG/review-attachment-6ebb7107-2e12-4ac2-8f8e-74b527c18924.jpeg?type=f287']"
21.01.26.,5,"어머니 업무용 노트북으로 구매했습니다.
이것저것 가성비 따져보며 많이 알아봤는데
어른분들은 A/S가 잘되는 삼성이나 LG가 좋을 것 같아서
두 브랜드 노트북 이것저것 알아보는 중에
CPU 라이젠 4500U로 LG 제품이 있길래 구매했습니다.

몇만원 더 저렴하게 판매하는 곳도 있었지만,
이 곳에서 구매한 이유는 공식판매점이라는 점이 마음에 놓였습니다.

덤으로 사은품으로 마우스랑 마우스패드 화이트로 요청했었는데
번거로운 일임에도 불구하고 마우스도 심플하고 예쁜걸로 주시고
마우스패드는 화이트가 없다고 친절히 메모도 남겨주셨습니다.

아직 윈도우 설치를 못해서 사용은 못해봤는데
친절하고, 배송도 빠르고 디자인도 매우 만족스럽습니다.
사용해보고 만족스러우면 제가 쓸 용도로도 구매할 예정입니다.","['https://phinf.pstatic.net/checkout/20210126_44/16116429358700VW7F_JPEG/review-attachment-64ccd86a-f577-47dd-9b15-5b95f20d45cd.jpeg?type=f287', 'https://phinf.pstatic.net/checkout/20210126_175/1611642941790ct7YN_JPEG/review-attachment-2af5bbfe-5e3a-4f99-b86b-9377d6d37118.jpeg?type=f287', 'https://phinf.pstatic.net/checkout/20210126_193/1611642946068jMmLv_JPEG/review-attachment-ba9c40ad-239d-47bd-aef3-e1b61a86f68d.jpeg?type=f287']"
21.01.12.,5,다른 타사 제품과는 달리 깔끔한 흰색 외관과 파티션을 따로 나누어서 윈도우 설치 후 기본 드라이버를 바로 설치할 수 있게 해 주어서 좋았습니다. 만약 윈도우 설치 도중에 파티션을 지웠을 경우에는 엘지 서비스 사이트에서 랜드라이버를 받고 랜선을 끼우신 후 dna서비스를 설치 후 사용하시면 됩니다. 기능적으로나 외관으로나 만족합니다.,"['https://phinf.pstatic.net/checkout/20210112_167/1610427223794XlTHH_JPEG/review-attachment-223cf31b-f8fa-4975-a3d7-913a8c50040b.jpeg?type=f287', 'https://phinf.pstatic.net/checkout/20210112_106/1610427223908Y7pYD_JPEG/review-attachment-c01a91f9-bb1f-4055-951c-d8716cbd9b3e.jpeg?type=f287', 'https://phinf.pstatic.net/checkout/20210112_196/1610427224155IVIkU_JPEG/review-attachment-ab6cec3f-55d0-4b99-bbcd-4e4cdf20427a.jpeg?type=f287', 'https://phinf.pstatic.net/checkout/20210112_104/1610427223850RUkyI_JPEG/review-attachment-edbe1e1b-ab3e-4291-ad6a-ef2f35203761.jpeg?type=f287']"
21.01.10.,5,"제가 선택한 이유 1. amd ryzen 5 2. 노트북 열어서 램 추가 귀찮아서 기본 8기가 3. 사용목적에 부합한 가성비 노트북 4. as 잘 되는지 5. 사은품으로 여기서 키스킨, 마우스, 마우스패드에 추가로 파우치 주셨네요. 안 주신다고 했는데 주신건 이벤트인가요 ^^ 카드할인으로 70만원대 가능한 이녀석 최고","['https://shopping-phinf.pstatic.net/20210111_9/0d1d52ff-28af-4d1f-825a-c3bdc06b2c70.jpg?type=f287', 'https://shopping-phinf.pstatic.net/20210111_1/1c6d6e66-a702-4a40-a799-3679faaafb9c.jpg?type=f287', 'https://shopping-phinf.pstatic.net/20210111_1/a5e49fce-0035-4bc3-aa12-155437bcecfa.jpg?type=f287', 'https://shopping-phinf.pstatic.net/20210111_7/d2236353-0a1c-4ab6-bc68-14f0040bb86c.jpg?type=f287']"
20.12.21.,5,"아이들 화상 수업 등의 용도로 구매를 했으며 가격과 성능 모두 만족합니다.1. 국내 대기업 제품으로 AS 때문에 스트레스 받을 필요가 없습니다.2. 가성비의 끝판왕인 AMD이며, 동급의 인텔 CPU에 비해 성능이 우수 합니다.3. 메모리와 저장 장치의 확장이 가능합니다. 일부 해외 제품은 확장이 되지 않거나 너무 작은 메모리가 기본으로 탑재되어 있어 제외 했습니다. 또한 AMD 라이젠은 듀얼 메모리를 사용하면 성능 향상에 도움이 되므로 확장이 되는 것이 큰 장점입니다.4. 외부에 들고 다니기엔 약간 무거울 수 있으나 집 안에서만 이동한다면 문제가 되지 않을 것 같습니다. 제가 가지고 있는 그램17과 비교하면 두께는 조금 있는 편입니다.5. 외형은 흰색을 베이스로 화면 주변은 검은색입니다. 그램과 동일한 배색이고 이쁩니다.6. 키보드 느낌은 그램과 같아 보이며 편합니다.7. 급하게 만들어서 그런지 마감이 아쉽습니다. AMD 로고와 전원 관련 스티커가 삐뚤게 붙어 있어 바로 잡으려다 그냥 제거 했습니다.",[]
21.01.17.,5,"배송도 빠르고 노트북도 좋습니다. lg노트북이라서 다른 메이커보다 비싸지만 나중에 as등을 생각해서 구매하게 되었습니다. 계속 인텔 cpu사용하는 노트북을 사용하다 이번에 amd cpu을 처음 사용했는데 성능이 더 좋은것 같습니다. 조카 고등학교 입학 기념으로 구매한건데 카드 할인 받아서 정말 저렴하게 구매했습니다. 판매자가 이야기한 72만원아니고, 74만원에 구매했급니다. 추천합니다.","['https://shopping-phinf.pstatic.net/20210119_1/a3b4635b-04e9-4193-95e4-1183d12c2864.jpg?type=f287', 'https://shopping-phinf.pstatic.net/20210119_12/d404af1b-c9a1-4071-9501-35cb7449f3af.jpg?type=f287', 'https://shopping-phinf.pstatic.net/20210119_14/f754b539-f2b4-4da9-858b-bbf6dbad5780.jpg?type=f287']"
20.10.06.,4,"장점 :
1. 모자람 없는 성능 - 일반적인 가정용, 재택근무용, 사무용으로는 물론이고, 고사양 최신게임이 아니면 게임도 웬만큼 돌아감. 창 여러개 띄워도 빠릿빠릿하다.
2. 확장성 - 뒷판 분해가 쉬운 편이어서 셀프로 메모리 하드디스크 추가장착 업그레이드 해서 사용
3. 포트 범용성 - 최근에 고오급이라면서 USB3.0 포트 없는 제품이 출시되고 있는데, 아직은 있어야 됨... 고오급이라서 불편한 건 사절. 유선랜 포트도 있어서 VPN 재택근무 대응 가능. 그리고 외부활용을 위한 켄싱턴락도.
4. 키감 : 비교적 괜찮은 키감. 생각보다 키판 자체가 울렁거리지도 않음.

단점 :
1. 외형 - 플라스틱... . 모서리의 LG로고는 은색으로 '인쇄'돼 있는데 싼티를 더해 줌. 스티커로 가리고 싶을 정도. 그거 크롬같은 걸로 하나 붙여주면 좀 어때서.
2. 어댑터 : 크게 무겁진 않지만 2~3만원 가격 올리더라도 PD충전까지만 지원해 줬더라면 참참참 좋았을 것을...
3. 디스플레이 : 광시야각 IPS 패널이라는데 확실히 178도는 아니다. 120도 넘어가면 뭔가 구석이 어두워져... 그리고 밝기도 어둡다. 실내에서 쓰는데도 밝기를 80% 이상으로 올려야 쓸만하다. IPS 중 저가형 패널임이 분명. 보급형이라 감수해야 할 부분이긴 하지만 가장 아쉬운 부분.",[]
21.02.06.,5,구매하고 물건이 빨리 들어 와서 며칠있다가 바로 받았어요.. 받자마자 윈도우 깔고 설명되어 있는데로 드라이브도 깔고 역시 대기업 제품이라 프로그램 지원이라든지 하는건 매우 쉽에 되어 있네요. 드라이브 까지 깔고 뒷판을 뜯어서 (눈에 보이는 나사만 풀면 열수 있습니다. 예전엔 숨김 나사 같은거 있었는데 그런거 없이 편하게 뜯을수 있네요) 마침 여유분으로 가지고 있던 512 ssd 가 하나 있어서 설명서 대로 꼽으니까 바로 인식 됩니다. 뭔가 다른 브랜드 보단 매우 간편하고 인식율도 좋은거 같네요.. 지금 사용한지 거의 1개월이 다 되어 가는데요. 일반적인 사용에서 소음은 전혀 없다고 느껴집니다. 키감 타이핑은 무난하고 가격대비 레노버나 아수스 보다 훨 좋습니다. 국내 생산인지 물건도 계속 들어 오는 상황 같구요.. 안기다려도 되고. 가격도 국내제품으로 이 가격이면 거의 뭐... 최고네요.. 이상 한달 정도 사용한 사용기구요. 저는 적극 추천 드립니다...,[]
21.02.26.,5,"문득 자격증시험이나 쳐볼까 싶어 폭풍검색~문서작성,인강시청을 주용도로 할것이기에르누아르,8g이상,256g이상을 기본으로 가격비교끝에 동일 기본사양으로 저렴한 타사컴퓨터를 주문하였으나 받아보기까지 1개월 반이 걸린다는 큰 단점때문에 주저하고있던터에 카드할인 혜택으로 저렴하게 구매할 수 있어서 갈아타기~물론 가격은 더 나가지만 브랜드값이라 생각하기로~싼티 1도 없는 외양프리도스로 구매해서 윈도우깔고 예전 소유 윈도우7 노트북 시리얼로 가볍게 정품인증~키보드 타격감도 구웃~키보드 백라이트가 없다는 아쉬움, 모니터 반사가 있다는거, 타사 저렴이버전에도 있는 지문인식기능이 없다는거..pd충전도 좀 아쉽고..그렇지만 이런저런 기능이 추가되면 결국 가격면에서 크나큰 아쉬움이 따라올것이기에 패쓰~갈아타기 잘한짓인듯..",[]
20.09.20.,5,제품은 만족합니다. 추천합니다 !!장점은 정말 많아요 !!1. 발열은 제가 간단한 작업만 해서 그런지는 모르겠지만 못느꼈구요.... 팬은 사용하면서 돌아간적이 없을정도로 조용했습니다.....동일한 CPU (라이젠5 4500U)가 들어간 타사 노트북을 사용해봤을때는 발열이랑 팬소음이 꽤 있었는데 LG꺼는 아직까지 발열과 팬소음도 없고 만족스럽습니다....2. 윈도우 설치할때 기본적으로 드라이버 자동으로 설치해주는 프로그램을 설치할수있어서 편리해요 !3. 디자인이 마음에 들어요 !! 4. 성능도 만족스럽습니다 !!5. 무게도 생각보다 무겁지 않아요 !6. LG라서 믿고 사용할수 있을것같아요 !(전에 타사 노트북 AS 맡겼다가 정말 별로였는데 LG는 믿을수 있을것같아요 !!)그외에는 사용해보면서 알게될것같아요 !아쉬운점도 있습니다 !!1. 다른 노트북들은 노트북 열면 바로 켜지는 기능이 있던데 없는점이 조금 아쉽네요....2. ...3. 키보드 백라이트 기능이 있었으면 더 좋았을것같기도 합니다.4. USB C 포트에 PD충전이 지원되면 더 좋았을것같아요.그외에는 아쉬운점이 없는것같아요....추가로 사은품도 주셔서 너무 감사했습니다 !!금요일 오전에 주문했는데 오후에 발송해주셔서 토요일 오후에 받아볼수 있었습니다 !!,[]
20.10.15.,4,쿠폰과 카드 청구할인으로 저렴하게 잘샀어요.이뻐요.후기보고 잘살펴봤는데 하자는 없어요. 근데..사진처럼 스티거제거가 깔끔하게 안되네요.열심히 닦아냄..무엇보다!!!!! 서울시 강동구 성내1동 cj택배 담당기사 정말 시러요! 집에 없을수도 있는시간이라 메세지남기고 배송전 연락달라고 요구사항에도 남겼는데 연락없이 그냥 왔어요!! 타사 반품할것도 그분이 가져가는건데 제가 없으면 어쩌려구.. 항상 그딴식! 여기다 화풀이할건 아니지만! 배송이 제일 맘에 안듭니다.,"['https://shopping-phinf.pstatic.net/20201017_21/2bbc5282-1669-4160-914d-f00d58e6149e.jpg?type=f287', 'https://shopping-phinf.pstatic.net/20201017_13/51b30ac3-c670-44f3-b839-753a04033bed.jpg?type=f287', 'https://shopping-phinf.pstatic.net/20201017_0/62671fa4-7c7e-40ab-93f0-de17e9251898.jpg?type=f287']"
21.02.18.,5,"노트북 고르는게 일이긴 하네요. 조카가 대학에 가게 되어서 간단하게 웹셔핑하고 문서작업 가능하고 동영상 볼수있는 노트북을 찾게 되었습니다.
가성비 노트북을 고르다보니 결국 AMD를 골랐네요. 메이저 PC를 원해서 엘지를 골랐어요..처음에 구매를 고민하게 만들었던게 빛반사문제였어요.. 엘지놋북은 거울 없을때 거울 대용으로 노트북화면을 사용할 수 있습니다. 약간 과장해서... 동영상 자체만 따지면 엘지가 화면이 좋은데 ..훔..그래서 영화는 어둡게 해서 봅니다....일단 윈도우10을 깔고 기본 프로그램을 설치하고 동영상을 구동해보니 설치가 진짜 빠르네요.. 프로그램 실행도 데스크탑보다 낫구 화면도 깨끗하게 잘나오네요..ㅎ..아직 설치한 프로그램이 적어서 빠른게 맞긴 해요...별도의 비디오카드없이 고퀄 화면을 제공해주니 잘 산 것 같습니다....오피스도 잘 돌아가구 만족스러운 구매였습니다.",[]
21.03.10.,4,"일주일동안 고민하다가 울트라 56K를 선택했습니다.
그렘과 비교했을때 화면선명도가 조금 떨어지고 무게가 조금 더 무겁지만 가성비가 좋은 모델입니다.
같은 스펙으로 그렘과 비교시 60만원정도 차이가 납니다. 구입시 메모리8G추가하시고 SSD512G교환장착 추천합니다. 키보드 터치감도 좋고 외관도 이쁘네요.","['https://phinf.pstatic.net/checkout/20210310_61/1615341003985B5N2I_JPEG/review-attachment-fd85cc1e-c0d6-4048-803d-3f74732aa1a9.jpeg?type=f287', 'https://phinf.pstatic.net/checkout/20210310_216/16153410120257rHA0_JPEG/review-attachment-8c20fa2e-6c2d-422d-9907-e816fbf00a07.jpeg?type=f287']"
21.01.06.,4,"항상 별 고민없이 노트북은 고가라인을 선택했는데 정작 제게 필요한걸 생각해보니 직장인이라 회사가 아닌 집에서의 사용빈도는 낮았습니다. pc게임을 하지 않고 주로 웹서핑, 동영상 재생, 문서 작성이어서 그 용도로 서치하다보니 이 제품을 선택하게 됐어요. 우선 cpu가 인텔이 아닌 AMD인 제품을 골랐고 메모리도 8GB, SSD도 512GB로 업그레이드했습니다. 기존 같은 사이즈 사용하던 제품보다는 무겁고 크기도 큰데 들고 다니기보다 집에서 쓰는 용도라 크게 거슬리진 않습니다. 고가라인과 비교하니 특히 힌지쪽 화면 하단 베젤 두께가 1~2센티 더 두꺼운게 결정적이네요.그럼에도 불구하고 좋은 성능을 가진 합리적인 가격의 제품이어서 매우 만족합니다. 늘 메탈, 블랙만 사용해서 화이트 제품으로 골랐는데 무광 재질이라 스크래치나 손때 걱정이 좀 되긴 합니다만 예뻐서 맘에 듭니다. 주문부터 배송까지 1달 정도 예상했는데 생각보다 배송도 한 2주만에 빨리와서 만족스럽네요.저처럼 사용하는 직장인이나 학생뿐만 아니라 집에서 가족들이 함께 사용하는 용도로도 적합할 것 같습니다.",[]
20.10.13.,4,"lg노트북 6세대 i3 사용하다가 새로 주문해서 약 한달간 사용한 개인적인 후기입니다. 개인적으로 화면 색감이 기존것이 더 나은듯 싶네요. 익숙해져서인지 몰라도 이번것은 화면에 붉은빛이 미세하게 더 있는것 같지만.. 그래도 전시장에서 본 다른 회사 제품 보다는 나은것 같네요. 스피커 성능은 기존것에 비해 많이 아쉽네요. (다만, 이어폰이나 별도 스피커 연결하면 빵빵한걸 보니.. 사운드카드와는 별개인듯 하네요.) 팬소음은 어플 많이 돌리면 다른제품처럼 소리가 느껴집니다. 기존것은 본체가 뜨거우면 뜨거워졌지 소음이 거의 없어 오히려 이상하긴 했지만요.. 키패드는 정말 많이 발전했네요. 터치감이 좋아요. 디자인도 나아졌구요. 물론 속도는 말할필요 없이 좋아졌습니다. 객관적인 자료는 벤치 테스트 참고하세요. 배터리도 넉넉해서 몇시간씩 차량에서 유트브 뮤비 크게 틀어놓곤 했습니다.",[]
21.02.19.,5,"지인분 노트북 구매 문의해서 대기업 제품으로 구입해드렸습니다지인분도 흰색이고 깔끔하고 이쁘다 하시네요전 맥북프로 2015년 사용중인데요엘지노트북 많이 좋아졌다 생각 들어요간단한 작업용, 사무용으로 좋습니다키감도 간단한 작업용으로 쓰면 괜찮을듯합니다","['https://shopping-phinf.pstatic.net/20210221_23/2a860715-d33f-48dd-aa40-f6aac02b449f.jpg?type=f287', 'https://shopping-phinf.pstatic.net/20210221_5/dfc62b2c-1336-4487-932e-0616df898b48.jpg?type=f287', 'https://shopping-phinf.pstatic.net/20210221_6/8922f53f-493c-4e7a-b62e-d3970fe0ae92.jpg?type=f287']"
20.11.12.,5,"조카선물로 구매했습니다. 온라인학습때문에...윈도우10 홈, 오피스2019 설치 후 사용해보니 대만족입니다.화면크고 선명함. 속도가 매우 빠름. 웹써핑시 메뉴클릭과 동시에 화면 넘어가며 전체화면이 바로 뜸. 인터넷연결도 안정적이며 속도 높게 나옴.확장성 좋음. 밑판열고 메모리와 하드 꼽기만 하면됨.풀자판이라 숫자키까지 있어서 입력이 편함다만, 소리출력이 낮은듯. 소리가 작음기존에 그램을 쓰고 있어서 그런지 다소 무겁다고 느껴짐.묵직한 느낌이지만 휴대시 크게 부담스럽지는 않으며 주로 집에서 두고 쓰는 용도라 상관없음무엇보다 타브랜드 대비 믿을수있는 AS, 최신 고성능, 저렴한 가격은 구매하고나서 참 잘샀다는 생각을 굳히게 만듦.",[]
21.01.21.,5,"드디어 구했습니다~! 최강 가성비 울트라PC 노트북이요!!! 사진에서 라이젠 스티커 보이시나요? 휴... 너를 얼마나 기다렸다고!!!예약주문이여서 저는 시간이 많이 걸릴줄 알았는데, 허걱~! 바로 보내주셔서 너무 감사합니다~!가격은 계속 오르고, 다들 예약 주문이라고 하는데... 당장 제품은 필요하고...ㅠㅠ발 동동 하고 있었는데, 판매자님이 바로 제품을 보내주셔서 감동감동...왕감동~!측면 포트도 딱 원하는 갯수, 디스플레이는 역시 짱짱짱~!판매자님도 최고~! 제품도 최고~! 나도 최고~! 좋은 제품 너무 감사합니다!","['https://shopping-phinf.pstatic.net/20210123_5/2cbb6cb2-e288-4b8c-8738-61f22f64ebc5.jpg?type=f287', 'https://shopping-phinf.pstatic.net/20210123_9/a00d1b13-7796-436c-a92f-669fad76e6bb.jpg?type=f287', 'https://shopping-phinf.pstatic.net/20210123_0/51f03294-ee09-4dec-850c-7c0cd0222722.jpg?type=f287']"
21.01.04.,4,"컴맹에게 윈도우 깔기란.. 힘들었네요.

속도 빠르고 소리, 화면도 괜찮아요.
아이패드 에어4를 쓰고 있는데
역시 화질은 조금 딸리더라고요.
롤도 잘 돌아가는데 가끔 렉이 걸려요.(보통사양)

딱 한 가지 단점이 있다면 배터리 인 것 같아요.
게임 컴퓨터가 아니라서 그런지 게임 돌리면 2시간도 못 쓰는 느낌.. 그래도 사무적인 활동할 때는 꽤 오래 사용가능한 느낌이에요. 더 써봐야 알겠지만

이 가격에 이 정도 성능이면 만족합니다!",['https://phinf.pstatic.net/checkout/20210104_278/1609716968579QuWzY_JPEG/review-attachment-f7ef1d6f-eade-4a72-9ba1-9f6cfbccde58.jpeg?type=f287']
21.01.02.,5,"램 8GB 업그레이드해서 16GB로 SSD 512 GB로 업그레이드했어요
원래 다음에 나오는 세대 기다리려고 하다가, 코로나로 인해서 언제 들어올지도 모르는 거고, 시간이 걸릴 거 같아서, 노트북도 타이밍 맞게 구입해야되는 거 같네요
원래 타사 제품 구매했다가, 초기 불량 나서 LG로 다시 바꿨네요
요즈음 코로나 같은 시기에 A/S 가 괜찮은 회사로 선택하기로 했어요
브랜드값이 있는 제품이라 원래 비싼데, LG제품 치고는 인거 같네요 , 가격도 램, ssd 업글했는데도 100만원이 넘지 않으니...
사은품 기간에 제품을 구매하지 못한게 아쉽긴하지만...
원래 1월 15일 안에 도착한다고 했는데, 12월 말에 입고되었다고 전화주셔서, 방문수령, 택배수령도 확인해주시고, 예상 시간보다 훨씬 빨리 도착해서 만족합니다!
아직까지 별 문제 없지만, 문제 있으면 집 앞에 있는 LG서비스 센터에서 점검 받으면 되니까요!!

감사히 잘쓰겠습니다.",['https://phinf.pstatic.net/checkout/20210102_195/16095740478121N2xp_JPEG/review-attachment-75645c27-7438-40af-8cc3-6c4f31a1d10f.jpeg?type=f287']
20.12.29.,5,"LG 울트라PC 15UD40N-GX56K 가성비 노트북이라는 입소문 때문인지 시중에 재고가 없었는데 생각보다 배송을 빨리 받았습니다. 사은품도 무선마우스에 키스킨, 마우스패드까지 알차게 챙겨주시고 좋네요. ^^ 제가 LG 노트북을 좋아하는게 타사 노트북에 비해 발열이 적다는 점입니다. 윈도우10을 설치하고 이것 저것 노트북에 필요한 프로그램들을 설치하면서 단 한번도 팬이 돌지 않아서 Hwmonitor 다운받아 CPU 온도를 체크해보니 35도~~~ AMD CPU에 LG 기술이 더해져서인지 실작업 중 온도는 고정 35도 정말 감동입니다. 라이젠 5세대 CPU 성능은 알고 있던거 보다 사용해보니 훨씬 더 훌륭합니다. 노트북 키보드 키감도 좋고 노트북 칼라가 화이트라서 때가 타는게 좀 걱정이긴한데 색은 정말 이쁩니다. 아직은 사용한지가 얼마되지 않았지만 사용하면서 정말 만족스러웠고 다시 한번 느낀거지만 LG노트북은 정말 최적화가 잘되어 있는거 같네요. 가성비 있는 노트북을 원하시는 분들께 드립니다.",[]
21.01.08.,5,"상품평 남깁니다. 먼저, 당시 구매시에 품절로 1월 10일경 배송 예정이었으나, 다행히도 12월 29일날 예상보다 일찍 배송해주셔서 큰 기다림 없이 받았구요. 중요한 부분인 제품 성능도 고성능 고사양 제품이 아님에도 업무상 캐드와 엑셀을 주로 사용하는데 해당 프로그램은 아주 쾌적하게 (제입장에서&가격대비) 돌아가는 것 같아 만족스럽습니다. 저는 256 GB SSD로 구입하여, 제가 직접 스스디 512기가와 램을 추가 및 교체 하였는데 이것도 뒷판 볼트 열고 손쉽게 업그레이드 가능해서 좋았습니다. 누가 80만원 이하의 노트북을 구매하신다면 이제품 강력히 추천하고 싶네요. TIP) 업그레이드 시에 뒷판 열때, 볼트 다 풀고, 힌지부분 틈이 잘 열리는데 그부분에 신용카드 끼워서 쭉 돌려지면 쉽게 따집니다.",[]
21.01.02.,5,"예상보다 배송이 엄청 빨리 됐어요~~ 성능은 가격대비 좋아요~ 원래 유명한 상품이다 보니 만족합니다~ AMD 상품중에 메이커상품은 LG울트라 뿐이네요~ AS도 문제 없겠죠~ 윈도우 미설치 상품이여서 제가 설치했고 지금 2일째 사용 중인데 아주 만족하고 있습니다. 제가 게임을 안해서 어느정도 게임 사양이 되는지는 모르겠으나 문서작업 웹쇼핑 인강등으로 사용하기엔 성능이 아주 좋네요~ 사은품으로 보내주신 무선마우스, 키스킨, 패드 다 잘들어 있었구요~ 포장도 파손된곳없이 아주 잘 도착해서 만족스럽습니다. 아, 참고로 저는 그램 보다가 이쪽으로 온건데 핸드폰으로 충전하는 기능은 없더라구요~ 그리고 전 SSD, RAM 확장은 안했어요~ 이상태에서 무게는 대략 1.8kg이 안되더라구요~ 추후에 사용하면서 추가해 나갈 생각입니다. 감사합니다~~",[]
20.12.03.,5,"레노* 9월에 주문해서 몇차례 연기되고
클스마쑤 선물로나 받겠다 싶다가 ..

15마논도 더내면 win10포함으로 바로 준댔다
또 10만원더내면 8g추가 해서 바로준댄다^^;

원래 모델은 올해는 받을똥 말똥이라는 개똥같은 문자 ㅜㅜ

이럴바엔 그돈 좀더주고 엘쥐뉨 사는게 AS 받을때라도 편하겠다 싶었다 요상태론 레노* AS도 불가능할듯보인다

그래서 엘쥐님 으로 구매! 요녀석도 한차례 연기는 있었으나 일주일^^;
이제 일주일은 기둘리는것 같지도않다

그런데 판매자님이 보낸 구구절절 배송지연 사과 문자에 살짜쿵 감동 ㅜㅜ
암요 요정돈 참을수있어요~근데 생각보다 일찍 도착했당^^
포장도 튼튼하게 꺼내보니 뽀오얀 !

액정필름은 실패다 ㅜㅜ 물방울 작렬 ㅠㅠ 잘가~
마우수 깔맞춤으로 생쥐다~
대형 마우스장판~요건 좀 냄새가 나는관계로 베란다에 감금!

쿨러는 따로 오늘 보내주신단다~
언넝책상 닦아야겄다!",[]
21.01.11.,5,최신제조품 잘받았습니다. 인기가 많은 제품이라 엄청 늦게 받을줄 알고 기대 안하고있었는데 토요일 오후에 배송이 ？？!생각보다 일찍 노트북이 와서 좋네요아이들 인강용 + 업무용 겸용으로 사용하려고 라이젠 5 4500u 들어간 모델은 찾고 비교해보고 최종적으로 구매했습니다. 메모리나 SSD는 필요히 손쉽게 업그레이드 할 수있는 점과 편한 a/s 를 선택에 있어서 점수를 후하게 줬습니다.윈도우는 기본설치된 모델이 아니라 직접 설치하고기본탑재된 LG DNA 프로그램으로 다른 하드웨어 설정을 마무리하고 사용하시면 됩니다. 사양이 아이들 인강용과 업무용으로만 쓰기에는 너무 좋아서 게임을 깔아야하나 하는 생각이 들고있는중입니다. 가성비 노트북 15UD40N 좋은선택입니다. 참고하시고~ 판매자님 빠른배송 감사드려요.,[]
20.12.29.,5,"방이 좀 어두워서, 사진이나 동영상이 좀 어둡게 나왔지만 화이트 색상에 깔끔합니다. 소음도 적고, 성능도 좋습니다. 1월 중순에 받을줄 알았는데, 예상보다 빨리 왔네요 RAM는 8G 추가해서 16G이고(A-DATA 8G + SK Hynix 8G) 이전 노트북은 밧데리가 뒷편에 있었는데, 이것은 내장되어있네요. 참고하시기 바랍니다. 나중에 저장 장치만 확장하면 되는데, 뒷판 나서를 풀어야 하는데, 노트북 전용 드라이버를 사야겠네요. 그럼 참고하시기 바랍니다. 그리고 보내주신 키스킨+마우스패드+마우스 감사합니다. 수고하세요",[]
21.01.14.,5,"예전에 hp, lenovo, 삼성 등을 써왔습니다.코로나로 아이 대면 수업과 제가 수업 예비용으로 이번 노트북을 구입하게되었네요.가전제품 lg라는 명성답게 깔끔한 마감이 좋네요~타 노트북은 메탈릭하게 나온 반면 lg는 백색으로~ㅎㅎ윈도우및 여러 프로그램들도 시원하게 일사천리로 깔립니다.살짝 아쉬운점은 역시 스피커 사운드량인데요~ 화끈한 액션 동영상을 보기엔 조금 답답할 수는 있겠지만 그리 실망스럽진 않네요~재작년 구입한 레노보와 영상도 비교했습니다. nit값도 괜찮은듯...좋은 가격에 잘 샀다고 생각됩니다. 그램사기엔 좀 부담되고 가격대비 메이커, a/s문제 등등 가성비 노트북으론 최고네요",[]
21.01.03.,5,"1월 중순 배송 예정이었는데 생각보다 빨리 배송되어서 받았습니다 사은품인 마우스, 마우스패드, 키패드 커버도 잘 받았구요 화상회의용으로 구매한지라 성능은 르누아르에 내장 그래픽이니 충분하구요 부팅도 생각외로 매우 빠르고, 발열이나 소음도 딱히 없어서 맘에 드네요 무게는 가격이 가격이니 만큼 그램처럼 가볍진 않지만 충분이 이동하면서 사용할만한 무게 입니다. 고가는 아니지만 LG 제품이니 만큼 디자인도 깔끔하고 마감도 무난 하구요 한가지 아쉬운점은 Ram 이나 SSD(HDD) 추가시에 하판을 다 뜯어야 한다는 점이네요 이건 사실 한두번밖에 뜯을일이 없으니 사실 단점이라기도 애매하네요 ㅎㅎ LG 울트라PC 가격대비 전반적으로 만족합니다 ^^",[]
20.12.30.,5,확실히 4500이어서 그런지 빠릅니다. 전에도 LG노트북 사용했는데 이번에도 믿고 사용해 봅니다. 윈도우도 무난히 설치했고요. 노트북은 소모성이지만 이번에는 오래 사용했으면 좋겠네요. 물론 전에 노트북도 7년 사용했고요. KF94마스크 5장 주셨네요. 감사합니다. 무선 마우스도 있어서 좋았어요. 가성비 좋다고 생각하고요. 디자인이 흰색이라 조심히 써야 겠다는 생각이 드네요. 아무튼 결론은 만족합니다!,['https://phinf.pstatic.net/checkout/20201230_181/1609337445850eDzbV_JPEG/review-attachment-97698e72-1d65-49da-8d43-9b9e72407e2e.jpeg?type=f287']
20.12.28.,5,"1. 배송)노트북이 급하게 필요했는데생각보다 빠르게 배송이 되어서 너무 감사합니다2. 무게)생각보다 가볍습니다백팩에 넣어서 지하철 타고 왔다갔다 했지만 무겁다는 생각이 하나도 안들었어요3. 성능)요즘 인텔이 발열문제 관련해서 많은 말들이 있고또 요즘 르누아르는 없어서 못사는 정도라길래처음으로 AMD제품을 사용해봤습니다사용한지 한달도 안지나서 정확하게는 모르겠지만현재까지는 만족스럽습니다 4.LG)레노버, 아수스 제품으로 알아보다가 이 제품으로 구매했습니다""디자인, AS, 가격""이 세가지만 봤을 때 이 제품이 가장 합리적이었습니다쿠폰을 적용하면해외브랜드 제품과 가격차이가 심하지 않았습니다그리고 온보드가 아니라는 점이 좋았습니다",[]
21.01.10.,5,"올해초등학생이되는 쌍둥이아이들을위해 준비해봤어요 ^^.. 둥이들이다보니 모든지 두개씩사야되다보니 여러가지로 생각을마니하고 구입하는데 요번제품? 가겨대비 성능대비 너무너무잘구입한것 같아요. 외관도 깔끔하고, 무게도 적당하고 모든부분에서 맘에쏙~~들어요~~~ . 아이들도좋은지 이게뭐야?!? 이걸로공부해?! 관심을 마니보이네요..아이들 수업용으로준비했는데 모든면에서 너무아까워서 제가탐내고있습니다..가격, 성능, 외관,무게 어디하나빠지는게 없어요 최고입니다",[]
21.01.27.,4,속도도 괜찮고 소음도 적은 편이라 좋네요. 또한 램이나 HDD도 어렵지 않게 추가할 수도 있구요. 사실 그램이 더 좋아보일지도 모르지만 휴대를 자주 하는 것이 아니라면 가성비로 울트라PC가 좋은것 같아요. 그라고 운나쁘게 초기 불량제품을 받아 번거롭게 LG서비스센터에서 제품교환을 받았지만 이런 면에서 대기업 제품이 괜찮은듯 싶네요.아이의 인강용 노트북으로 사용합니다.,[]
20.11.07.,3,"카메라에 접착제가 묻었는지 먼지 같은게 들어있네요. 그리고 상판이 플라스틱이라 그런지 같이 보내준 보호필름이 한 부분이 살짝 뜨는데 상판 조금 만져주면 붙네요. 그러다가 상판 각도 바뀌면 다시 뜨고...액정 밝기도 글래어 패널에 250니트라니...안티글래어 패널을 하던지 밝기를 올리던지 야외에서 사용하기 힘들거 같네요. 레노버 슬림5가 물량이 딸려서 엘지로 했는데 pd충전이나 패널, 무게, 배터리 타임 등 가격은 높지만 마감이나 기능에서 아쉬운게 좀 있습니다.",[]
21.01.16.,5,"말씀해주신 출고일보다 빠르게 도착했습니다. 메모리랑 SSD 추가해서 주문했습니다. 집에서 간단한 업무 보기에 괜찮은 것 같습니다. 윈도우 따로 구입하여 설치하는데 잘 안 되서 전화 문의 드렸더니 친절하게 응대해주셨습니다. 밝을 때 사용하면 확실히 화면 반사가 좀 있으나,대부분 밤에 사용할 예정이라 크게 무리는 없을 것 같습니다. 보내주신 장패드, 마우스는.. 잘 사용해볼게요. 감사합니다. 부디, 오래 잘 사용할 수 있기를 바랍니다.",['https://shopping-phinf.pstatic.net/20210118_27/a094fb9b-416d-4160-bf81-c2d15236e98d.jpg?type=f287']
20.10.21.,5,CJ택배의 문제 때문에 기다리는 시간이 좀 그랬지만... 제품의 가치와 판매처의 대응 및 서비스는 최상이었다고 생각합니다...초등학교 5학년 꼬마의 생일 선물로 구입한 노트북인데...거의 1주일이 다 되어가는 시점임에도...만족도와 설렘 지수가 점점 상승한다며 웃는 아이를 보면서...정말 만족스러운 상품을 구매했다는 생각을 몇 번이나 하곤 합니다...가격도 카드사 청구 할인을 포함하여 예상보다 저렴하게 구매한 듯하여 만족스럽구요...딱 하나 아쉬운 점은 화면의 밝기가 조금 더 나았으면 하는 것인데...이 또한 가격을 생각한다면 충분히 남득할 수 있는 것이기에 큰 불만은 없네요...좋은 상품 합리적인 가격으로 제공해 주시고...배송 문의에도 친절하게 답변해 주셔서 정말 감사하구요...다음 번 제품 구매 과정에서 또 인연을 이어갈 수 있기를 강력하게 희망합니다... 감사합니다!!,[]
21.03.01.,5,"노트북 2달 사용후 리뷰 남깁니다~^^ 기숙사 학교 들어가는 아이를 위해 여기저기 알아보다 구입한 노트북인데...많이 무겁지도 않고 추가옵션으로 3200MhzRAM 8GB, NVMe 512GB도 장착 해서 사양이 전혀 손색 없고, 행사할때 구입해서 가격도 넘 만족스러웠고 가성비 짱입니다~ 학교에서 인강용으로 너무 잘 사용할수 있을것 같습니디~~ 감사합니다~~^^",[]
21.01.10.,5,온라인강의때문에 서브로 구매하려고 국산외산 다비교해서 샀는데 만족합니다 외산은 가격대비 가성비가 좋은데 당장 구매할수없고 A/S면까지 생각한다면 당연 국산이 낫기때문에 이제품 선택햇습니다 윈도우는 따로잇어서 프리버전으로 구매하엿고 램은 제가 따로 구매햇습니다 탈착도 외산보다 쉬워서 누구나 하실수 잇구요램추가하니 쾌적하구요 무게감은 기존 그램보다 조금 더무겁구요 갖고 다니지않고 고정해서 쓰시기에는 너무 만족합니다 디자인 깔끔하고 기존 인텔만 쓰다 처음으로 amd 사용하는데 성능도 아주 좋습니다 빠른배송 성능 가성비강추,[]
21.02.20.,5,빠른배송으로 만족감 좋구요LG 노트북이야 워낙 좋기로 소문났으니 말한들머할까요외관 다자인 색상 깔끔하고 뺄게 없이 좋습니다원도우 및 프로그램 설치 금방했구요15인치 화면이라 큼직해서 보기 좋습니다동종해주신 마우스 랑 스킨커버 문제없이 잘되고사용잘하고 있습니다 잘쑬께요 좋은 제품 보내주셔서 감사해요,[]
21.02.19.,4,비슷한 성능을 지닌 외산 노트북 많지만 국산으로 사고 싶었어요. 그램 보다는 조금 무게는 나가지만 밖에 들고 나갈 일은 없고 가격 대비 성능 괜찮은 울트라북 선택했어요.깔끔한 화이트 디자인이 이뻐요. 윈도우 까는 것도 어려울 줄 알았는데 무사히 잘 깔고 사용중입니다.사은품 3종도 잘 챙겨주셨어요.,[]
20.12.22.,5,1월초 배송이라고 해서 마음비우고 기다렸는데 오늘 도착해서 깜짝 놀랬네요~~디자인: 디자인도 얇고 화이트 색상도 예뻐요~ 무게: 그램처럼 가볍진 않아서 휴대용으로 아쉽지만 가성비짱이요!!^^ 속도: 부팅속도 빨라요~ 다 빨라요 설치: 윈도우 설치도 어렵지 않게 잘 설치했고 정상 작동되네요 만족도: 너무 만족합니다^^ LG 노트북14년쓰다 바꾸네요 이번에도 오래오래 함께하길~~,[]
20.12.22.,5,"요새 핫하다는 르누아르 노트북을 검색하다가 마침 lg노트북이 있어 구매하게 되었습니다. 일단 장점은 속도가 빠르고, 소음이 없고, 설치가 쉽고, 간편합니다. 배송도 1월에 올 줄 알았는데 빨리 왔네요. 무게는 좀 있지만 집에서 유튜브, 문서작업, 웹서핑 용도라 충분할 것 같습니다. 잘쓸게요^^(키스킨이 없어요~ 따로 보내주시면 감사하겠습니다^^)",[]
21.01.14.,5,컴퓨터는 하나인데 아이가 둘이다 보니 온라인 수업하는데 너무 불편했는데 동생이 추천해줘서 구입했습니다.화질도 선명하고 속도도 아주 빠르고 좋은데저는 아직 노트북 사용이 익숙지 않아 어렵네요.역시 LG 노트북 좋네요.노트북 받고 의문사항이 있었는데 메일로 빠르게 안내해 주셔서 아주 좋았습니다.중학교 입학하는 큰딸 인강도 보고 유튜브도 볼 수 있다고 신나합니다.지금 열심히 사용하고 있습니다.,[]
21.01.14.,5,주말에 주문했는데 오늘(목요일)오전 도착했어요추가구성 있는거 생각하면 빨리 온듯합니다amd가성비 좋다는 말처럼 부팅도 빠르고 다운속도도 빠르구요 일단 처음이라서인지 모든게 클릭하는대로 바로 처리되니 참 좋습니다무게감우 바깥으로 들고다닐게 아니고 집 여기저기서 사용할 목적으로 구매한걸로 생각하면 괜찮아요,[]
21.01.17.,5,"배송이 많이 늦을꺼라 생각했는데 도착날짜에 와서 좋았어요 엘지제품을 좋아해서 노트북도 가성비도 좋고 나름 가격도 괜찮아서 샀어요 문서작성과 대학강의용도로 쓰려고 하고 초등학생은 원격수업용으로 쓰려고 합니다 window를 까는데 어렵지는 않았고 설명서에 차례대로 하니 정말 쉬웠어요 사은품으로 마우스,패드,킨스킨받았구요 구성품도 설명서랑 아답터도 잘 들어있었어요 엘지 노트북을 두번째 구매인데 잘 사용하고 만족합니다",[]
20.12.29.,5,노트북을 알아보다가 르누아르가 좋다는 얘기를 많이 들어서 구입하게되었습니다LG노트북인데도 많이 비싸지않은 수준에서 고르기좋은 모델 이네요 가성비 좋고 대기업 제품에 as 빠르고 좋네요디자인도 고급형 모델과 비슷한 모양처럼 보이고 나쁘지않아요단점도 찾아보면 나오겠지만 첫째로 가성비를 선택한부분이라 잘골랐습니다,[]
21.03.07.,5,첫음구매했는데 원도우도 잘실행되고. 좋아요. 옩라인에서첫 구매라서 떨려는데 좋아요 만족합니다. 부팅도 2초만에 켜지내요 딸레미 온란인수업때물에 구매했는데 사무용으론 좋은것 같습니다 게임용으론 햐드가 딸리지만 온란인 수업 음악듣고 가족사진정도. 저장하기에는 무리가 없을것 같습니다. 앞으로 10년 간사용 할낍니다 예전s제품도 10년 넘게 사용하고있습니다.,[]
21.01.30.,5,주문하고 당일 출고되어 익일 배송됐어요. 고등입학하는 아들 배정 발표나는날 도착해서 멋진 선물이 됐습니다. 화이트라 외관도 이쁘고.. 속도도 좋고 가성비 좋은것 같습니다. 전 무게가 생각보다 무겁게 느껴지는데.. 아들은 괜찮다고 하네요. lg노트북은 처음인데 고장없이 잘 썼음 좋겠습니다.,[]
20.10.30.,5,타 중소기업 르누아르 고르고 있다가물량부족으로인해 조금 더 비싼 lg로 샀는데잘샀다고 생각되는게 배터리 관리입니다.사무실에서 항상 전원선을 연결하고 사용하고 있기 때문에 1~2년 지나면 배터리 수명이 많이 줄어들죠.lg 유틸에 있는 배터리 80 까지 충전 관리를 해주기 때문에 배터리 수명이 줄어드는 걱정이 없어요.(노트북 최대절전모드 상태에서도 충전 80까지 유지 되더라구요. 이 부분 상당히 좋네요.)물론 산지 얼마 안되서 1~2년은 써봐야 결과를 알겠죠.배터리 관리 덕분에 잘 샀다 생각이 듭니다.,[]
21.03.01.,5,자동차정비 업무를 위해 전에 사용중이던 노트북이 오래되어 새로운 노트북이 필요하여 검색하다 라이젠 노트북이 가성비가 좋다는 이야기에 검색중 A/S도 그렇고 전에도 엘지노트북 고장없이 잘사용하여서 이 노트북으로 결정하게 되었습니다.윈도우는 없지만 이정도의 가격에 오프라인매장에서 비슷한 성능의 노트북은 너무 비싸고 이정도 가격에 이정도 성능이면 업무용으로 최고 인듯합니다,[]
20.12.30.,5,물량이 부족해서 배송 지연되는줄 알고 있었는데 빨리 도착했네요..울트라pc인거 감안하고 15인치 화면 만족하고요...무게도 이정도면 크게 부담가진 않습니다..두께도 이정도면 무난하며 속도 정말 빠르네요..저렴한 가격에 이정도 성능이면 집에서 인터넷등 사무용으로 사용하기에는 가성비 갑이네요..게임은 아직 안해봐서 잘 모르겠으나 amd cpu..이정도 가격의 노트북이면..그램과 비교할수없으나 가성비 노트북으로 추천할만합니다..,[]
21.01.14.,5,"바로 내일 발송이라 해서 샀는데 안와서 들어가보니 물건이 없다해서 거의 3주만에 받았네요
코로나 시국이라 별수 없지요
엘지 물건이라 마감이 깔끔하고 좋습니다
중소업체 제품보다는 가격대 성능비는 떨어지기는 합니다
윈도우 설치후 드라이버 자동으로 잡아서 설치해주는 프로그램이 하드에 미리 깔려 있어서 좋아요",[]
20.12.25.,5,1월에 배송될 줄 알고 있었는데 생각보다 빨리 어느덧 배송되었네요...재고가 있었나 봐요.... 딸아이가 좋아하는 LG이면서 cpu도 라이젠 신형이라고 하니 주저않고 구입했습니다.. 램 16기가로 업그레이드하고 ssd 512로 업그레이드 하니 딱 좋네요.. 하드는 별도로 추가 안해도 될 듯 합니다. 결론적으로 청소년 학생들이 입문용으로 가볍게 쓰기 좋아요. 추천합니다. 사은품으론 좋다 할 수 없는 저급 무선 마우스와 마우스 패드 그리고 좋은 키스킨이 동봉되었습니다. 기본 파우치가 박스에 안들어 있는게 좀 아쉽긴 하네요..,[]
20.12.24.,5,"가족 크리스마스 선물로 선택한 제품인데 때마침 판매자 분이 거래처 건물에 계셔서 방문수령 성공~!!!
친절히 대응 주셔서 넘 감사 드리고요 덕분에 해피 크리스마스 보내겠네요 받아와서 윈도우 설치해 봤는데
AMD 라이젠5 CPU 정말 빠르네요
제 개인 노트북인 그램15 i5 보다 쾌적한거 같아요
좋은 상품 많이 파세요~^^",['https://phinf.pstatic.net/checkout/20201224_199/1608812639574s83bL_JPEG/review-attachment-d45d13db-f272-4d32-b3ac-1ebaafee2e39.jpeg?type=f287']
21.03.02.,5,"좋은 제품 아주 저렴하게 잘 샀습니다.
동생이 노트북 필요하다고 해서 이것저것 알아보던중 사양도 좋고 디자인도 예쁜 울트라북으로 결정했네요^^
라이젠 4500 탑재했으니 사양은 뭐 말할것도 없이 좋네요!
잘 사용하고있는 중 입니다!",[]
21.01.01.,5,초등5학년 원격수업으로 오래된 노트북이 버벅거려서 한참동안 알아보고 가성비좋다는 라이젠 4500u 로 역시 잘구매한듯 하네요. 아이 대학들어갈때까지는 문제없이 잘쓸 수있을것 같아요. 1월중순 배송예정이였는데 1주일만에 와서 깜놀 했네요^^ 좋은물건 많이 파세요~,[]
20.12.01.,4,"배송 늦어지나 싶어 걱정했는데 생각보다 빨리 받았어요~ 선착순 오피스365 이벤트도 되서 받고 보내주신 마우스.패드도 잘 받았습니당^^
컴터 잘몰라 후기만 보고 샀는데 빠르고 화질 좋고 맘에 들어요. 이가격보다 좀더 저렴할때 미리 샀음 허는 아쉬움이 있지만 잘쓰겠습니다~!",['https://phinf.pstatic.net/checkout/20201201_219/1606811420428CRX1o_JPEG/review-attachment-93c66dcc-c50b-47ee-8567-f71c644ab589.jpeg?type=f287']
21.02.03.,5,"예약이 많이 밀린 제품이라 배송이 늦을 줄 알았는데 배송을 주문결제한지 이틀만에 시작되어서 깜짝 놀랐어요. 늦게 오면 어떻게 하나 걱정했는데 빠르고, 안전하게 포장된 상태로 잘 배송이 되서 정말 맘에 들었습니다. 사은품도 잘 왔고요 노트북 화면도 크고 컴퓨터도 성능이 좋은 것 같습니다. 비대면 시대에 들고 하면서 잘 쓸 수 있을것 같아요. 집에서 인강을 듣거나 재택근무 혹은 동네 인근에서 활용해야하는 경우에 적극 추천합니다.",[]
21.02.18.,5,"디자인도 깔끔하고 가격대비 성능도 훌륭해요! 물론 그램에 비하면 무게는 있는 편이긴 하지만 이것 또한 가격대를 생각하면 충분히 감안 할 수 있는 정도에요! 웹서핑, 유튜브, 문서작성, 간단한 게임 같은 걸 하기 위해 산 노트북이라 충분히 좋게 쓸수있을 것 같은 노트북이에요!!!!! 가격대 착하고 가성비 좋은 노트북을 찾으신다면 좋을것 같아요!!",[]
21.01.31.,5,27일 저녁에 주문해서 29일에 받았어요지방이라 이정도면 빠른편이에요상자안에 사은품 다 들어있고 다행히 파손된거없이 왔어요하얀색이라 예쁘네요무게는 가볍진않은거같은데 들고다니며 할건아니라 가성비 괜찮은제품 같습니다,[]
21.02.01.,5,"배송도 빨리 왔고, 가정용 노트북으로 매우 만족하고 있습니다. 기본 10자 이상 작성시 100P 즉시지급 이미지 등록시 100P 즉시 추가지급개당 상품 가격이 5,000원 이하 상품은 적립대상에서 제외되며,리뷰 포인트는 최초 1회 작성시에만 지급됩니다.같은 단어가 반복된 내용은 임의로 삭제되며, 지급된 포인트가 회수될 수 있습니다. 다른 고객님들에게 유용한 상품 리뷰를 작성해주세요.",[]
21.02.25.,5,생각보다 엄청 가볍고 좋아요^^ 속도도 빠르고 얇아서 학교다니면서 쓰기에도 좋을것 같네요!! 좋은 상품 좋은 가격에 사갑나당. 모니터 크기도 딱 적당해요. 이 사이즈보다 작으면 너무 안보이고 이게 제일 적당한것 같아요!!! 추천합니다,[]
21.01.14.,5,이번주 입고라해서 담주정도 받을 수 있을까 했는데 생각보다 일찍 받았어요. 화이트라 외관도 이쁘고 성능도 만족해요. 오늘 받아서 윈도우랑 깔고 사용하니 정말 좋네요! 가성비 좋은 컴 알아보느라 며칠 검색끝에 고른 노트북입니다.,[]
21.02.23.,5,"생각보다 무게도 가볍고 노트북도 화이트, 마우스도 화이트라 깔끔해서 좋네요유투브 보느라 몇시간정도 사용하는데 뒷면 열발생도 적당하니 걱정없어요어른들 사무용으로 사용해도 좋고 영화보기용 4K도 안끊기고 잘 돌아가네요",[]
21.01.18.,5,공부하거나 뭐보려규 샀는데 가성비 너무 좋은것 같아요디자인도 이뿌고 화면이 정말 커요 처음에 보고 완전 만족했어요자판도 타자치기 편한 느낌이에요 마우스랑 키패드도 들어있어서 좋았네요 배송이 한달뒤에 온다고 했는데 금방왔어요!!^^,[]
21.01.18.,5,역시 LG 울트라 노트북 추천 합니다.도착후 원도우10 및 필요 파일들 설치후 부팅해보니 속도도 정말 마음에 들고 깔끔하니 정말 좋네요약간 무거운 감이 있으나 아들이 쓸건데 제품 퀼리티가 좋고백팩에 넣어서 다닐거라 전혀 문제없다고 하네요.,[]
20.12.09.,5,가성비 생각하면 이만한게 없네요. 비슷한 스펙에 좀더 저렴한 제조사의 노트북들은 간혹 램이 추가 안되는 on board 형식이 있는데 확실히 LG 는 추가확장도 가능하고 디자인이나 여타 기능면에서 좋네요. 70만원대 이만한 성능에 LG 라면 사실 최고네요. 발송은 빨랐는데 택배배송을 3일이나 늦게 해주고 액정이 나가서 화면이 난리가 났지만. 다행이 직접 가서 바로 교환해왔네요. 그것 만 빼면 최고의 선택입니다.,[]
21.01.05.,5,중학교입학하는 아들 졸업선물로 노트북을선택햇는데.오프라인매장에 가？f더니 가격이 기본 백만원이 넘더라고요..그래서 인터넷검색하다 엘지 울트라노트북이 가성비 갑이라고해서 이틀동안 검색하다 구매하엿습니다...쿠폰받아서 더저렴하게 구매햇어요...윈도우10 설치하는데 조금 헤매긴햇지만 좋은제품 저렴하게 구매해서 좋네요.,[]
20.12.07.,5,르누아르의 명성은 익히 알고 있었습니다. 그런데 그램이 아닌 울트라PC는 어떤지 감이 잘 안 와서 조금은 걱정하고 있었는데 받아보니 생각보다 좋아서 기분이 좋았습니다. 성능은 알려진 대로 말할 것도 없었습니다. 울트라기어 쪽에서도 르누아르 제품이 나오면 좋을 텐데.. 출고지연이 있어서 좀 그랬지만 그 부분에 대한 것은 사은품이 있었기 때문에 괜찮았습니다. 많이 파세요. ^^,[]
20.09.27.,5,"저는 컴잘알으로서.... 여러 제품을 비교할만한 능력을 갖추었는데. 이제품은 리*보, 한*성등 저렴브랜드의 유사 제품보다는 5가량 비싸지만, 쇼핑몰 할인혜택을 받으면 가격경쟁력도 생기고. lg 브랜드의 만듦새, 브랜드파워는 훨씬 우수합니다. 이런 부분까지 고려하면 오히려 가성비브랜드보다도 가성비가 더 우수하다고 할 수 있죠. 강력추천합니다. 라이젠3-4500u 씨피유 성능도 퓨처마크에서 확인할 수있듯이 굉장히 우수한 축에 속합니다.",[]
20.12.22.,5,amd cpu노트북은 처음인데 사용기들을 읽어보니 가성비가 조은걸로 나와있어 구매하였어요~~ 메모리는 사용해보다 부족하거나 느리거나하면 업그레이드 할 생각이고. 그램보다는 두께가 있긴하지만. 디자인도 예쁘게 잘 빠졌네요~~오에스 설치해서 사용해보니 인강용으로사용하기에는 부족함이 없는듯 하네요~~,[]
21.01.09.,2,"제품 가성비 하나 보고 선택했고 만족합니다.. 다만 배송은 재고가 없어서 일주일정도 기다렸습니다. 급히 필요한분들은 재고확인후에 구매하시는게 좋을듯 하구요.
사은품 장패드와 마우스는 잘 받았는데, 마우스는 싸구려 중국산 장난감 같더니 결국 하루도 안되 인식도 안되고, 마우스 불도 안켜지더니 고장났네요.
고객은 이런 사은품 보다는 재고확보 잘 되어 빨리 받아보는걸 더 바랄듯 하네요.",['https://phinf.pstatic.net/checkout/20210109_26/1610168515623EyoLR_JPEG/review-attachment-4b904aaf-9b07-469a-9a3c-cec830b17dc1.jpeg?type=f287']
21.01.03.,4,가성비가 좋네요배송이 늦을줄 알았는데 저는 다행히 보통으로 왔습니다원격수업용으로 구매했습니다소음과 무게도 집에서 사용하기엔 적당하네요처음 윈도우를 설치 요청했는데 유선으로 연결해서 업데이트를 하고 재부팅하니 무선등이 사용가능해지네요이후에 시리얼번호를 재입력하고 업테이트를 마쳤네요,[]
21.03.01.,5,"LG전자 울트라북 너무 만족합니다. 라이젠5 속도도 빠르고 가성비 끝내줍니다. 노트북이지만 2.5인지 추가 슬롯이 있어서... 500G SSD 하나 달아서 대용량 파일도 충분히 저장하고 남습니다. 항상 휴대할께 아니라면, LG전자 울트라북이 최고 강추입니다!! 잘쓸께요!",[]
20.09.16.,5,사진 편집하는 막내를 위해 LG의 IPS패널 때문에 다른 L사의 제품 대신 선택했는데 만족스럽네요.유선 LAN도 필요했구요.hwinfo64로 디스플레이 정보를 보니 LG필립스 제품은 맞는데 2018년 제조 패널은 이해도 안되고 불만스럽네요.윈도10 설치를 위해 bios에서 usb장치를 최우선으로 했고 5기가 정도 잡고있던 파티션도 싹 지우고 설치했습니다. 윈도 설치후 Driver Booster로터치패드 무선랜 유선랜 사운드 비디오 최신 드라이버들 문제없이 한번에 설치되네요.만족스럽습니다.,[]
21.01.25.,5,퀵요청해서 당일 바로 수령할 수 있어 좋았어요. 제조일자도 1/12일이네요~^^ 함께주신 사은품도 다 맘에 들고 정말 소음없이 조용하고 상당히 빠릅니다. 단 부팅시 전원누른후 lg 로고까지가 시간이 있어서 내가 전원을 눌렀나 아닌가 할때가 많아요 ㅋ 라이젠 하얀 노트북찾고있었는데 가성비 짱이에요!!,[]
20.12.06.,4,"제품은 잘 받았습니다.
그런데 배송된 필름이 구겨진 부분이 있어서 전문가에게 부탁해 붙였는데도 완벽하게 안되네요~ㅠ
처음부터 그런건지 배송에 문제가 있었던건지?? 건지는 모르겠으나 다른분께는 좀더 신경써주시면 고맙겠다는 생각이 드네요.
그래서 별4개 드렸습니다.",['https://phinf.pstatic.net/checkout/20201206_266/1607223831112sw4hd_JPEG/review-attachment-29d6b4c1-3c68-41e9-9145-e0344f307dc0.jpeg?type=f287']
20.12.08.,5,"노트북을 처음 구매하는거라 정말 이것저것 다 따져보고 유튜브,네이버 전문가 등등 조언을 구해가면서 찾고 있었어요. 그렇게 노트북을 찾고 판매하는곳도 신중하게 찾았는데 크게 3개의 후보군으로 나뉘어졌습니다. 그중에서 가격이 가장 저렴하고(쿠폰적용), 타 업체에 비해서 문의시 답변을 구체적으로 잘 해주셨고 무엇보다 추가입고가 굉장히 빨랐습니다. 원래 당시 문의할때는 12월 중순이라는 답을 받았고 이는 타 업체에서도 마찬가지였습니다. 하지만 구매한지 얼마 안되서 입고됐다는 답을 받았고 지금 원하는 노트북 집으로 수령받고 잘 쓰고 있습니다. 정말 맘에 듭니다 ^^ 아주 잘 샀다는 생각이 드네요 ㅎㅎ",[]
20.12.13.,5,"노트북 가격이 계속 올라서 한참 알아보고 구매했습니다
디자인, 성능은 알아본대로 좋습니다^^
사은품으로 보내주신 마우스, 장패드는 쓸일이 없을것같네요
액정필름이나 키스킨을 주셨으면 더 좋았을텐데 아쉽습니다
그래도 저렴한 가격에 좋은제품 구매해서 기분좋네요^^",[]
20.12.20.,5,생각보다 상당히 빨리 도착했고 램 추가하고 하드 추가해서 사용 해보니 이 가격에 이정도 퀄리티면 최소5년 이상은 문제없이 사용 하고도 남을거 같아요. 초반에 외산 가성비도 고민 했는데 엘지노트북이 이 가격이면 얼마 차이 안나는 외산으로 굳이 갈 필요가 없다에 한표입니다.,[]
21.01.14.,5,신형 그램 사려다가 배송이 1월13일 이후 배송이어서 이걸로 샀는데 lg노트북 배송이 다 늦은거였네요. 같이 산 그램용 파우치는 흠이 조금 있네요.그래도 배송된 노트북 풀어보니 보니 기분이 좋아졌습니다. 좋은 물건 감사 드립니다. 좋은 하루 보내세요.,"['https://phinf.pstatic.net/checkout/20210114_286/1610622143381CiECW_JPEG/review-attachment-0a4cea9b-9327-473e-970c-a2e09373098c.jpeg?type=f287', 'https://phinf.pstatic.net/checkout/20210114_79/16106221435394GPJQ_JPEG/review-attachment-d3f5778c-f56f-4d85-8e05-78bafd9b5f21.jpeg?type=f287']"
20.12.31.,5,"배송 완전 빨랐어요 1월에 들어온다고 걱정했는데 주문한지 하루만에 왔어요 최고!!!와이프 생일 선물로 노트북을 고르고 있던 중 여러가지 많이 비교 해봤는데 브랜드네임이며 AS, 성능, 브랜드대비 가성비 등 다 따져보고 LG 라이젠5를 선택하였는데 최고의 선택이었습니다컴퓨터를 잘 몰라서 선택에 시간이 많이 걸린게 에러입니다 더 빨리 살수있었는데요..다만 사은품으로 오는 마우스가 흰색이 오길 내심 바랬는데 검은색이 와서 아쉽습니다ㅠㅠ",[]
21.01.16.,5,아들이 이번에 대학교에 진학하게되어 사용하라고 노트북을 찾았는데 가격도 적당하고 학습하는데는 전혀 문제될것이 없어보여서 구매했는데 역시 생각했던것 이상이라 좋네요 아들도 좋아하고 다음에 노트북 업그레이드할때도 lg제품 구매해야 겠어요,[]
21.01.21.,5,"예약판매 제품이라 1월 마지막주에 배송될예정이라고 하여 마음비우고 기다리고 있었는데 예상보다 빨리 도착했어요!! 정말 너무 감사합니다~
기존에 가지고 있던 노트북이 오래되어 가성비 좋은 제품으로 알아보다가 이 제품을 알게되었어요~ 여러 사이트에서 가격비교 해보고 쿠폰적용하여 가장 저렴한 곳에서 구매 했습니다~반응도 빠르고 작동도 잘되서 너무 좋구요! 챙겨주신 마우스와 키패드 마우스패드 감사합니다 ^^ 감사히 잘 쓰겠습니다.",[]
21.01.09.,5,"다른 중국 브랜드 보다 10만원 정도 비싸지만 LG 대기업 제품 이라서 AS가 확실합니다. 윈도우 설치도 상당히 편리합니다. LG DNA 프로그램 만 실행하면 자동으로 드라이버 프로그램을 설치해 줍니다. (윈도우 설치, 드라이버 설치에 1시간 안 걸림)성능이야 라이젠 4500U인 만큼 엄청 빠르네요.. 개인적으로 삼성 16G 램 추가했는데... 잘 호환됩니다.강추합니다.",[]
21.02.03.,5,기존 노트북을 10년 사용하여 여러가지 알아보다가 울트라 PC로 구매하게되었습니다.그램보다는 무겁지만 상대적으로 저렴한 가격에 하드와 RAM을 업그레이드하니 성능에 만족합니다.배송도 매우 빠르고 업그레이드도 문제없이 잘되어서 잘 사용하고 있습니다.,[]
20.12.30.,5,"2021년 1월 9일 배송예정이라는 글보고 어쩔수 없지만 너무 길다ㅠㅜ 생각하며 기다리고 있었는데 생각보다 빨리와서 너무너무 기분이 좋았어요ㅎㅎ 재택근무가 잦아지는 바람에 업무에 쓸 노트북이 필요하던 차에 가성비 좋다는 동생 추천으로 이제품으로 주문하게 됐어요~ 써보니 부팅도 짱 빠르고 사은품으로 키스킨에 마우스패드, 마우스까지 함께 보내주셔서 받자마자 잘 쓰고 있답니다:) 추천드리고 갑니다~~!!",[]
21.02.16.,5,"기존에 쓰던 노트북이 오래되어 노트북 찾아보던 중에, 가성비 갑인 울트라 레이젠5 으로 결정했어요~ .. 윈도우 정품 과 HDD 1TB 옵션으로 추가 구매해도 다른 랩탑보다 싸게샀습니다. 연휴 때문에 배송이 늦게 시작되었지만 어제 배송 시작해서 오늘 받아봤습니다.! 받자마자 윈도우10 깔고 쓰고 있어요~ 사은품으로 무선 마우스와 마우스 패드, 키보드 스킨도 만족합니다. 역시 부팅이 엄청 빠르네요...11절 맞이해서 싸게 잘 샀어요!",[]
21.03.08.,5,"운영체제가 미포함된 제품으로 구매를 했습니다. 그리고 3주전에 집 데스크탑에 설치했던 win10 usb로 부팅을 하려고 했는데 인식이 되지 않았습니다. 당황해서 가게사장님한테 문의하니 최신버전으로 부팅을 해야 한다고 해서 인터넷에서 다시 win10 내려받아서 usb로 부팅을 하니깐 그제서야 인식을 해서 win10을 설치했습니다.^^구매한지 4일정도 되었는데 잘 사용하고 있습니다.사장님, 친절한 설명 감사합니다.~",[]
20.12.08.,5,지문인식 기능이 없는것이 아쉽네요. 서비스로 받은 마우스 품질이 애들 장난감같은걸 보내셨네요.그리고 제품을 받았는데 왜 밑면 커버를 열었다 닫은 흔적이 있네요. 일부러 추가부품 구매를 안했는데도 제품 밑면이 들떠있었습니다. 레노버제품 구매하려다 LG로 구매한건데 좀 후회가 됩니다.,[]
20.12.23.,5,사무용으로 사용하기 위해서 구입했습니다! 성능은 사무용 및 영화감상용으로는 충분합니다. 배송속도도 물론 만족했어요. 가격과 성능을 잡은 동시에 무게를 내주었다고 평가합니다. 집에서만 사용할 것이기에 크게 문제될만한 정도는 아니네요. 사용하다가 성능 추가하고 싶을 때 HDD나 램 추가도 고려해볼 수도 있겠습니다.,[]
20.12.02.,5,"원래 11월 20일 예약발송이였는데 배송이 2번미뤄지고 12월 4~7일에 출고된다고 하셨는데 1일에 왔네요. 전 급하게 필요한게 아니였고 정말 죄송해하시는것같아서 배송이 미뤄지는부분에 대해선 화나지않았습니다. 상품은 좋아요. 사은품으로 키스킨, 화면보호필름, 노트북쿨러, 마우스, 장패드 왔구요.(줄수있는건 다주신것같네요)쿨러는 아직안써봐서 모르겠지만 마우스는 따로 하나 사려구요. 마우스에 익숙한편이라 없음안되는데 사음품으로 온건 품질이 그렇게 좋진않아서요. 아무튼 사은품 넉넉히 챙겨주시고 최대한 빨리 배송해주신것같아서 감사합니다. 수고하세요~",[]
21.01.21.,5,여기저기 검색해보고역시 노트북은 LG여서 울트라북을 구매했습니다.화면크기와 화질 좋습니다니다.유튜브나 넷플릭스 시청하기에는 아무런 문제가 없습니다.사은품으로 함께 온 무선마우스도 작동 잘 됩니다.내장스피커 볼륨이 좀 작아서문의하고 서비스센터 가봤는데스피커 와트수 차이여서 아무런 문제 없다고 해서 잘 쓰고 있습니다.가성비 최고의 노트북 잘 쓰겠습니다.,[]
20.12.31.,5,배송이 오래 걸릴줄 알았는데 생각보다 예정일보다 빨리 도착을 해서 좋았습니다.국내 대기업 PC 임에도 사무용이나 일반용도 노트북으로가성비가 아주 좋네요.부팅도 빠릿빠릿하고 대기업PC라 AS도 수월하고사무실이나 인강용도로 더할나위없는 선택인거 같습니다.추천 합니다.,[]
