"1,205,000"
date,star_point,comment,photo
21.03.15.,5,"이번 M1은 정말 물건입니다.
기존 2019 맥북프로 고급형 16인치 사용하고 있었는데, 가벼운 작업이나 문서 동영상 이용 정도로는 베터리, 발열, 소음모두 M1 이 압도합니다.

세컨용으로는 차고 넘치고, 모니터만 연결하면 데스크탑으로 활용 하기도 좋습니다.
본디 1세대 모델들은 여러가지 아쉬운 점이 나오는데, 이번 M1 은 대박인 거 같습니다. 안그래도 최적화의 애플인데, 놀라울 정도네요.

사무실에는 맥북프로, 집과 외부에서는 M1 사용하는데 최고 조합 같습니다. 프로 들고다니면 자체 무게와 어뎁터도 꽤나 부담되는데 에어는 진정한 모바일 워크가 가능합니다.

아..아이패드 프로도 사용중인데, 생산성에서는 아직 랩탑을 따라가기는 무리인 것 같습니다.

가격도 오히려 전세대보다 떨어졌고..이전 세대 임텔 맥북 프로를 위협할만큼의 성능을 보여주니 기념비적인 모델이 아닐까 싶습니다.

벤치마크 점수 따위는 우습게 무시하는 게, 국내차와 독일차를 단순 제로백이나 배기량으로 비교할 수 없다는 것과 비슷할 거 같습니다.

단, 디자인용으로 사실 분들은 부트캠프 설치 부분으로 인텔 칩셋 에어 구매가 나아 보입니다.

전 ㅋ 멏 개 더 사서 주변에 선물과 지인들 적극 추천중 입니다",['https://phinf.pstatic.net/checkout/20210315_201/1615739587552BV8pt_JPEG/review-attachment-c9da5dd7-d816-4653-a4d4-ad63da56cda1.jpeg?type=f287']
21.01.28.,5,"사전예약해서 지난주 받았습니다. 이번 맥북에어는 정말 기존 맥북 프로 급에 엄청난 퍼포먼스를 보여주는거 같습니다. 그야말로 가성비 템이라고 할 수 있겠네요. 맥북 특유의 디자인은 물론이고 발열도 적으며 동영상 편집 등 무거운 작업도 문제없이 빠른속도로 다 해결되니 더할나위 없습니다.
주변에 적극추천 합니다.",['https://phinf.pstatic.net/checkout/20210128_153/1611834268458LG59i_JPEG/review-attachment-b041578e-5d8b-4ef3-acc6-1a3fd1e1c1ae.jpeg?type=f287']
21.03.06.,5,"주문하고 거의 한 달만에 받았네요.
CTO에 최근 인기 많은 m1이라 걱정 많이 했는데 유선으로 안내도 해주시고 입고되고 따로 알려주셔서 걱정 없이 지냈습니다.
제품도 불량 없이 잘 왔네요.
포장도 깔끔하게 잘 해주셔서 탈 없이 왔던 것 같습니다.
감사합니다!",['https://phinf.pstatic.net/checkout/20210306_100/1614995100808X4Jw0_JPEG/review-attachment-d6920095-0e74-4a71-93b9-cd36a6ba4fad.jpg?type=f287']
21.01.20.,5,"일요일 새벽에 결제하고 월요일에 배송확인하려고 들어갔더니 제가 구매한 이 모델이 매진이라고 떠서 내가 마지막 물건을 구매한건지 아니면 나도 혹시 기다려야 하는건지 궁금했는데(제가 가본 여러 온라인몰들은 모두 매진이라고 떴음) 월요일 오후에 발송이라고 조회되고 화요일에 택배사로부터 배송문자 받고 매우 기뻤습니다. 배송은 화요일 오후에 잘 왔고, 맥북에어 본품 박스를 딱 맞는 다른 박스에 한번 더 넣고 뽁뽁이로 단단하게 또한번 더 포장해 보내셔서 안전하게 도착했습니다. 이상없이 잘 작동되고요. 번창하세요~!",[]
21.02.18.,5,"배송도 빠르고 제품도 이상없이 잘 왔네요^^
혹시나 불량이 걸리면 어쩌나 걱정했는데 화면이나 키보드, 외관등 완벽한 맥북이네요~
대만족입니다~!!","['https://phinf.pstatic.net/checkout/20210218_56/1613630106217n3n1g_JPEG/review-attachment-53e78461-5039-4fb2-9fab-0d5bf7b1f761.jpeg?type=f287', 'https://phinf.pstatic.net/checkout/20210218_16/1613630106235ysggB_JPEG/review-attachment-d1b06d3d-eb77-4643-ba19-2b3570e40089.jpeg?type=f287', 'https://phinf.pstatic.net/checkout/20210218_284/1613630106218xYsfU_JPEG/review-attachment-653116e0-3440-4f63-a7e8-367d82282d54.jpeg?type=f287', 'https://phinf.pstatic.net/checkout/20210218_2/1613630106106Ljqel_JPEG/review-attachment-bdbb6b39-f14d-4596-98a1-226f87e31a15.jpeg?type=f287', 'https://phinf.pstatic.net/checkout/20210218_185/1613630106226GWV6E_JPEG/review-attachment-f57da3f8-cd1a-4da7-b2ab-5fe443bbd012.jpeg?type=f287']"
21.03.10.,5,이번에 처음으로 맥북 사서 써보는데 좋네여 m1맥북이라 휴대폰 앱도 되구 저한텐 정말 좋네요,"['https://phinf.pstatic.net/checkout/20210310_237/1615365966195miB5Q_JPEG/review-attachment-55ec7cfe-4ccb-444c-99eb-60af1cc1ae8e.jpeg?type=f287', 'https://phinf.pstatic.net/checkout/20210310_227/1615365978469kUSUJ_JPEG/review-attachment-2963a0bf-cc5c-4b99-8c5a-1455d3e0e90a.jpeg?type=f287', 'https://phinf.pstatic.net/checkout/20210310_149/1615365995923SnFTw_JPEG/review-attachment-625fd438-4b9f-4c9a-9bcf-8349de8f158d.jpeg?type=f287']"
21.01.21.,5,익일배송으로 바로 보내주셨고 주문하고 2일만에 받았어요!! 저번주부터 공홈에서 사려고 기다렸었는데 공홈 취소하고 여기서 구매했습니다ㅎ 잘쓸게요~,"['https://phinf.pstatic.net/checkout/20210121_83/1611232593253ONxAU_JPEG/review-attachment-1f28e80c-99e7-476d-b85a-a175181e4c10.jpeg?type=f287', 'https://phinf.pstatic.net/checkout/20210121_31/1611232592772KxSXG_JPEG/review-attachment-ee7ee054-cf26-45b3-9ec0-63192a1e89a1.jpeg?type=f287', 'https://phinf.pstatic.net/checkout/20210121_2/1611232593234s8l6p_JPEG/review-attachment-075555d8-f3c3-4838-9b36-b31e368d2901.jpeg?type=f287']"
21.01.20.,5,상품은 대만족입니다. 배송은 출고일시를 15일로 전달 받았는데 실제로는 18일 이었네요...,"['https://phinf.pstatic.net/checkout/20210120_300/1611069315733jkbeM_JPEG/review-attachment-b497d7cf-c71a-4355-b54e-a36c0d00e079.jpeg?type=f287', 'https://phinf.pstatic.net/checkout/20210120_277/1611069316478rJSiR_JPEG/review-attachment-b83056a9-c218-470e-8664-6af14df1d4f7.jpeg?type=f287', 'https://phinf.pstatic.net/checkout/20210120_72/1611069317027zbr7R_JPEG/review-attachment-cbdab60f-dcbe-44bc-8c51-e0fabffdeb6d.jpeg?type=f287']"
21.01.21.,5,"13인친데 생각보다 커요!
실버 색상도 완전 이뻐요
문제 없이 안전하게 잘 배송됐습니다!","['https://phinf.pstatic.net/checkout/20210121_57/1611220073153NYate_JPEG/review-attachment-1837a173-5e35-4d50-b731-06bfe58dacf9.jpeg?type=f287', 'https://phinf.pstatic.net/checkout/20210121_246/1611220082474L0iYh_JPEG/review-attachment-12356740-1c65-47a5-ab50-16f8625dce55.jpeg?type=f287', 'https://phinf.pstatic.net/checkout/20210121_248/1611220095645R3X9n_JPEG/review-attachment-07db5088-bb1f-46c2-a5e4-e22ae8751d8d.jpeg?type=f287']"
21.01.21.,2,물건 받는데 너무 오래 걸렸어요 배송도 애를 먹이고 ㅡㅡ 제품 보다는 배송이랑 예판 일정등이 아쉽네요,"['https://phinf.pstatic.net/checkout/20210121_169/1611205960402JyfVk_JPEG/review-attachment-95a88bd7-7997-4ebd-af85-df14985f6220.jpeg?type=f287', 'https://phinf.pstatic.net/checkout/20210121_141/1611205960647ofcVq_JPEG/review-attachment-d78ea897-8bcb-4ea6-a88c-d568b732592d.jpeg?type=f287', 'https://phinf.pstatic.net/checkout/20210121_64/1611205960467dimm9_JPEG/review-attachment-d42e28c5-b2ab-41d0-9f6e-0f16e75ded90.jpeg?type=f287']"
21.01.05.,5,"2차예약으로 구매했는데, 안내된 배송예정일보다 일주일 빨리 받았어요. 감사합니다!","['https://phinf.pstatic.net/checkout/20210105_228/1609820077192vaKgm_JPEG/review-attachment-466cddce-5b37-4712-882a-caa2c01dc7ca.jpeg?type=f287', 'https://phinf.pstatic.net/checkout/20210105_238/1609820073272icrFp_JPEG/review-attachment-f7c05d2b-59e0-4ba6-adea-1a1436958084.jpeg?type=f287', 'https://phinf.pstatic.net/checkout/20210105_201/1609820075181ok1nV_JPEG/review-attachment-c5b454f5-4c9c-4282-bcb8-c45a09e970f3.jpeg?type=f287']"
20.12.28.,5,튼튼하게 포장 감사합니다. 잘 사용 할께요!!,"['https://phinf.pstatic.net/checkout/20201228_92/1609146812377l3C2s_JPEG/review-attachment-ab82432a-f4e6-426c-b7e8-3c20ed43da67.jpeg?type=f287', 'https://phinf.pstatic.net/checkout/20201228_32/160914681223555M3r_JPEG/review-attachment-95bcf7a0-d3bb-428d-978e-8ecbb7cd0e7d.jpeg?type=f287', 'https://phinf.pstatic.net/checkout/20201228_208/1609146812403VInWn_JPEG/review-attachment-e8d18c25-c9cb-49c5-8030-fa8d0d659b79.jpeg?type=f287']"
21.03.05.,5,역시 좋네요ㅋㅋㅋ 세로운건 항상 신나죠,"['https://phinf.pstatic.net/checkout/20210305_190/1614923454056Wc0a5_JPEG/review-attachment-3e244726-d903-447f-9bab-240b9b5aaf26.jpeg?type=f287', 'https://phinf.pstatic.net/checkout/20210305_81/1614923454144MzzNl_JPEG/review-attachment-716bf1ae-a594-4f0e-8aec-e733ccd895c1.jpeg?type=f287']"
21.02.25.,5,배송빠르고 상태 좋아요~~,"['https://phinf.pstatic.net/checkout/20210225_172/1614262608481mE97u_JPEG/review-attachment-eb833f1b-bd81-4eb5-a8df-eede87520e59.jpeg?type=f287', 'https://phinf.pstatic.net/checkout/20210225_20/1614262622383x4uqU_JPEG/review-attachment-6a937cec-f9d7-436d-9d68-182ad5dd619b.jpeg?type=f287']"
21.01.21.,4,"12월 28일 주문하고 드디어 오늘 받았어요~
아들 생일선물로 구입했는데 너무좋아하네요^^","['https://phinf.pstatic.net/checkout/20210121_136/1611160791898KWUuC_JPEG/review-attachment-cbd8cfd7-edbd-4736-be1e-e0f233a5a74f.jpeg?type=f287', 'https://phinf.pstatic.net/checkout/20210121_243/1611160791915WA1hw_JPEG/review-attachment-42363a6f-c28d-484f-8e26-cb0f95bb0cdd.jpeg?type=f287']"
21.01.24.,5,"오래기다린 보람이 있었어요
만족 합니다","['https://phinf.pstatic.net/image.nmv/shopnbuyer_2021_01_24_0/f03e34cd-5de3-11eb-8a7c-505dac8c3607_03.jpg?type=f287', 'https://phinf.pstatic.net/checkout/20210124_249/1611451895655htPsr_JPEG/review-attachment-20171f84-9539-4d4b-a74c-451efa66420a.jpeg?type=f287']"
21.01.02.,5,스페이스 그레이랑 실버 중에서 어떤 색 살지 고민 많이 했는데(실버가 더 끌리긴 했어요) 스그 물량만 풀려서 결국 스그 샀습니다 깔끔하니 예쁘네요,"['https://shopping-phinf.pstatic.net/20210209_3/f6d0b4ed-813e-43d6-9e94-cb64c7596248.jpg?type=f287', 'https://shopping-phinf.pstatic.net/20210209_12/d85abf76-3879-4e2a-b6de-da640e2a69dc.jpg?type=f287']"
21.01.01.,5,"애플제품 중 유일하게 안써본게 노트북인데
이번에 처음 사용하게 되네요. 감사합니다.","['https://shopping-phinf.pstatic.net/20210102_29/ba455677-eb4f-4e4b-a24d-25f5ea16bd88.jpg?type=f287', 'https://shopping-phinf.pstatic.net/20210102_4/283177e9-0346-4f04-aa80-5884d994c103.jpg?type=f287']"
21.03.15.,5,좋네요ㅜㅜ 2015년형 에어 쓰다가 육년만에 새거 샀는데 키감도 좋고.. 속도도 빠르고.. 충전도 잘되고..(전거는 항상 충전기 꼽고 살았음) 트랙패드도 더 부드럽고.. 이것도 오래오래 잘쓸게요.,['https://phinf.pstatic.net/checkout/20210315_110/1615817154078TBktK_JPEG/review-attachment-32724082-b6d6-4bc2-8397-27bec9dc2e47.jpeg?type=f287']
21.03.20.,5,와우 실버맥북에어 진짜 이쁘네요 가성비 짱!!배송 생각보다 금방 왔어요~,['https://phinf.pstatic.net/checkout/20210320_124/1616218367676AHV16_JPEG/review-attachment-2f0d5bc8-bef9-471a-8f24-b670dab991c0.jpeg?type=f287']
21.03.23.,5,M1맞고요 싸고 빠르게 정말운좋게잘샀어요 ㅠㅠ,['https://phinf.pstatic.net/checkout/20210323_156/1616470850209ec4XE_JPEG/review-attachment-3b1b0760-d1ae-4dc4-a3e4-6396f5b989e4.jpeg?type=f287']
21.03.17.,5,잘쓸게요 배송잘도착요 많이파세요,['https://phinf.pstatic.net/checkout/20210317_97/1615966985192ciSQU_JPEG/review-attachment-001003db-c2d7-45ef-9823-9883e35869f5.jpeg?type=f287']
21.03.22.,5,"만족합니다.
많이 파세요",['https://phinf.pstatic.net/checkout/20210322_76/1616381357950erNnK_JPEG/review-attachment-45f73077-a948-47ec-9b06-e51a0b15c700.jpeg?type=f287']
21.03.25.,5,역시 애플~~좋네요~,['https://phinf.pstatic.net/checkout/20210325_242/16166669040593h4Nx_JPEG/review-attachment-712c5834-ce16-444b-837e-fa9d50cbb793.jpeg?type=f287']
21.03.12.,5,"오전 10시쯤 주문해서 다음날 오후 1시쯤 물건 받았습니다.
가격도 다른곳보다 약 8만원정도 더 싸구요,
더이상 말이 필요없네요. 감사합니다.",['https://phinf.pstatic.net/checkout/20210312_128/16155068704904KLoX_JPEG/review-attachment-c30f22a0-f078-42ad-9354-54e63cd1d7fe.jpg?type=f287']
21.03.14.,5,"하루만에 배송받았어요!
기스 하나 없이 완벽합니다 개꿀",['https://phinf.pstatic.net/checkout/20210314_154/1615715972791JnnOm_JPEG/review-attachment-27266b9f-feb1-4e6b-b781-f9d10a80e3c1.jpeg?type=f287']
21.03.10.,5,예상보다 배송이 빨리 왔어요,['https://phinf.pstatic.net/checkout/20210310_47/1615357070147tS8Jl_JPEG/review-attachment-0892fc16-4571-485e-ba4e-77120c253a0c.jpeg?type=f287']
21.03.11.,5,아이가 너무 좋아합니다.,['https://phinf.pstatic.net/checkout/20210311_57/16154478220335d0Aw_JPEG/review-attachment-060273ea-0c70-4776-b48c-efa1acda71ce.jpeg?type=f287']
21.03.06.,5,빠르고 너무 좋아요~~^^,['https://phinf.pstatic.net/checkout/20210306_210/1615028549600AfCGB_JPEG/review-attachment-7e995c45-5f46-42d8-8322-cfa73dfcb57d.jpeg?type=f287']
21.03.05.,5,배송도빠르고 제품상태도 깨끗하고 맘에 들어용😆,['https://phinf.pstatic.net/checkout/20210305_159/1614904858541qlfca_JPEG/review-attachment-c0ee3352-ade9-4c1d-8f4c-29d247b5abff.jpeg?type=f287']
21.02.26.,5,"노트북이 가볍고 빠르고 선명하고 ,, 밧데리도 오래가는거같아요",['https://shopping-phinf.pstatic.net/20210227_1/16604431-1539-4f07-b6f6-2ba087250475.jpg?type=f287']
21.02.26.,5,빠른 배송에 깔끔하게 잘 받았습니다.,['https://phinf.pstatic.net/checkout/20210226_24/1614319348855LOTvC_JPEG/review-attachment-943e54ad-fb90-441f-9459-a0a64a7eb711.jpeg?type=f287']
21.02.27.,5,가격대비 성능이 아주 만족합니다,['https://phinf.pstatic.net/checkout/20210227_175/1614432387742szy7s_JPEG/review-attachment-7e362a15-2397-4f76-8b3a-3eac00247373.jpeg?type=f287']
21.02.25.,5,만족하며 잘 사용중입니다,['https://phinf.pstatic.net/checkout/20210225_173/1614221660593BRxcq_JPEG/review-attachment-d0752e11-2b6b-45b1-b4c2-7e51c2b9c955.jpeg?type=f287']
21.02.27.,5,빠른 배송에 만족합니다.,['https://phinf.pstatic.net/checkout/20210227_13/1614415947138XXIFN_JPEG/review-attachment-4aeb7ccc-ca67-4f16-bc42-dc7a84ee2f80.jpeg?type=f287']
21.03.04.,5,빠르고 좋아요.ㅅㅇㅅ,['https://phinf.pstatic.net/checkout/20210304_68/1614845774079qJ6sA_JPEG/review-attachment-0c7f4906-33a8-4268-95ef-39578b2d6b44.jpeg?type=f287']
21.02.17.,1,문의도 남겨서 분명 에어캡으로 함께 동봉해서 포장 후 발송 한다고하셨는데 에어캡도 전혀없었고 상자안에 덜렁 들어있어서 기분 나빴어요 택배가운데 맨밑에 널브러져 있었네요,['https://phinf.pstatic.net/checkout/20210217_43/1613567436957mdUnh_JPEG/review-attachment-b9e4943c-017b-4db3-baeb-9d66a29fa320.jpeg?type=f287']
21.02.27.,5,"빠른 배송에 안전하게 이중 박스까지 감사합니다.
아참 저렴한가격은 그중 으뜸이였습니다.",['https://phinf.pstatic.net/checkout/20210227_143/1614397709345DFF43_JPEG/review-attachment-ab1f7b10-c098-401f-bb57-77e7813ddc9e.jpeg?type=f287']
21.02.17.,4,배송이 조금 지연됐지만 그리 오래 안 걸렸구 날씨가 추워서 엄청 차갑더라구요ㅎㅎ 잘 쓰겠습니다!,['https://phinf.pstatic.net/checkout/20210217_18/1613548150229zCsmW_JPEG/review-attachment-dd5ec2e8-5933-4e19-a015-f1eb9a25fe64.jpeg?type=f287']
21.02.07.,5,맥북처음인데 좋네요 역시... 만족합니다,['https://phinf.pstatic.net/checkout/20210207_283/1612625971703NNSgR_JPEG/review-attachment-c8adedc8-e303-4c60-af48-fb16f68f5644.jpeg?type=f287']
21.02.07.,5,배송 빠르고 첫 맥북이라니 설레네요!,['https://phinf.pstatic.net/checkout/20210207_101/1612702937272KYDci_JPEG/review-attachment-b1149c0b-c9bf-40a6-91a5-0e60ad8c6527.jpeg?type=f287']
21.02.06.,5,번창하세요. . . .,['https://phinf.pstatic.net/checkout/20210206_182/1612588232462BXuWl_JPEG/review-attachment-5dc80faf-0d1a-4dc4-bcd2-f05121114a48.jpeg?type=f287']
21.01.21.,5,"거의 한달을 기다린 맥북이지만 만족스러워요
유튜브 불량 체크 따라해보니 양품이네요
헬지 구형 놋북 쓰다가 갈아타니 차원이 달라요!",['https://phinf.pstatic.net/checkout/20210121_181/1611218851744jakVP_JPEG/review-attachment-0f3e67df-b3ed-4ed6-ab88-0cc8d90db2c7.jpeg?type=f287']
21.01.20.,5,오래 기다렸어요ㅠㅡㅠ 오자마자 맘에 들어서 이것저것 살펴보는 중입니닷 다행히 불량은 아니고 맥북 첨이라 빨리 익혀야겠네욥,['https://phinf.pstatic.net/checkout/20210120_117/1611139811036RjcvG_JPEG/review-attachment-019dfd65-3d1e-4977-8df9-3d8011851a78.jpeg?type=f287']
21.02.03.,5,재고가 있어서 그런지 배송이 엄창 빠르네요,['https://phinf.pstatic.net/checkout/20210203_14/1612322567590zLv8j_JPEG/review-attachment-56fd90a3-e87e-4e89-a7ad-f8534624d268.jpeg?type=f287']
21.01.19.,5,약 한 달동안 기다리느라 목 빠질뻔 했지만 진짜 너무 예뻐요 빠르고 가볍고 대만족입니다!,['https://phinf.pstatic.net/checkout/20210119_231/1611058368952jIb62_JPEG/review-attachment-71b17688-0504-41ad-ac9c-70007db5ff2c.jpg?type=f287']
21.01.20.,5,공홈에서 사려다가 배송기간이 길어서 주문 하였는데 다음날 바로 오네요. 좋습니다,['https://phinf.pstatic.net/checkout/20210120_239/1611121795465wYaqd_JPEG/review-attachment-df7c3a4f-d751-4dbb-9727-3821ad25e9ec.jpeg?type=f287']
21.01.23.,5,디자인이 심플하고 세련됐어요. 역시 맥북이네요. 성능은 차츰 써보면 알겠죠~^^,['https://phinf.pstatic.net/checkout/20210123_242/1611360114160waAy2_JPEG/review-attachment-567dd4ab-7f9d-47e6-a0c7-c89f2aac2366.jpeg?type=f287']
21.01.20.,5,"한달 가까이만에 받았는데
확실히 애플제품들은 언박싱 할때
기분이 젤 좋네용",['https://phinf.pstatic.net/checkout/20210120_213/16111243064759odi1_JPEG/review-attachment-420fa8cc-f852-4677-bb66-a7f072814e8d.jpeg?type=f287']
21.01.23.,5,"무슨 말이 필요한가 M1은 최고다
애플에 가성비라니 과거 15인치 쓰다 넘어옴",['https://phinf.pstatic.net/checkout/20210123_137/1611400476939bC5ND_JPEG/review-attachment-7da3d4dc-51e1-4315-bdc2-afc63f17d037.jpeg?type=f287']
21.01.16.,5,배송대만족! 금방와서 너무 좋네요 ㅎ 상품도 하자 없이 좋음~,['https://phinf.pstatic.net/checkout/20210116_11/1610773547459vyjz2_JPEG/review-attachment-7c2c4ba9-d3c1-434a-a734-c20444e92287.jpeg?type=f287']
21.01.20.,5,안전하게 잘받았습니다~ 빠르고 좋아요,['https://phinf.pstatic.net/checkout/20210120_177/1611149199501LoSBn_JPEG/review-attachment-c9d48905-2add-4040-9b4a-a3d1922ff4a3.jpg?type=f287']
21.01.24.,5,배송두빠르고 제품너무좋네요^^,['https://phinf.pstatic.net/checkout/20210124_250/1611439731591Sv47C_JPEG/review-attachment-130547dd-7b84-4469-bf91-7643999240a2.jpeg?type=f287']
21.01.20.,5,불량없이 잘왔어요ㅎㅎ,['https://phinf.pstatic.net/checkout/20210120_289/1611122644365ADLRk_JPEG/review-attachment-d3123a28-ed89-422f-9536-497e32fad8dc.jpeg?type=f287']
21.01.24.,5,맥북은 역시 최고!,['https://phinf.pstatic.net/checkout/20210124_242/1611462634551hKCJT_JPEG/review-attachment-dc1b0da1-a6e3-4fe8-91e1-3431ef52ed9d.jpeg?type=f287']
21.01.26.,5,"빠른 배송에 QC문제 없는 제품 감사합니다
번창하세요^^
2011맥북에어랑 비교한 사진입니다 ㅎ",['https://phinf.pstatic.net/checkout/20210126_170/1611660774973ame9i_JPEG/review-attachment-adc30314-b83f-4859-803c-271ac9d8bfa4.jpeg?type=f287']
21.01.19.,4,상품은 제대로 배송 완료이나 배송기간이 너무 오래 걸렸습니다. 중간중간 문의 남긴것도 답변이 늦고 목빠지게 기다렸네요,['https://phinf.pstatic.net/checkout/20210119_220/1611058872190UBQ6A_JPEG/review-attachment-249499ca-64f5-437e-838f-8fb1f5c8e1d4.jpeg?type=f287']
21.01.15.,5,m1칩... 듣던대로입니다. 만족해요.,['https://phinf.pstatic.net/checkout/20210115_111/161066325812210HNT_JPEG/review-attachment-22bb8a5b-01ef-4827-8454-731a1707ebe6.jpeg?type=f287']
21.01.13.,5,배송과 품질 모두 만족합니다,['https://phinf.pstatic.net/checkout/20210113_231/1610499486150DFdFx_JPEG/review-attachment-3a6b705e-c815-4470-92d9-70384639c66f.jpeg?type=f287']
21.01.25.,5,배송 너무 빠르고 좋아요 ㅎㅎ 상품도 굿 ㅎㅎ 근데 아직 키보드는 안왔어요 ㅠㅠ,['https://phinf.pstatic.net/checkout/20210125_121/1611533137970t0kW8_JPEG/review-attachment-a26f56af-65af-419a-8a19-a57ccb7ef25d.jpeg?type=f287']
21.01.13.,5,배송이 빠른점이 제일 좋았어요 감사합니다!,['https://phinf.pstatic.net/checkout/20210113_203/1610493485851ndMH9_JPEG/review-attachment-b9fe0e3f-9981-4be5-9946-1f87b2eff17d.jpeg?type=f287']
20.12.30.,5,휴일이 껴서 배송은 좀 걸렸지만 양품으로 잘 온 것 같아요,['https://phinf.pstatic.net/checkout/20201230_177/1609312837186BIQNW_JPEG/review-attachment-8f121920-dd7c-437d-9936-247375ace715.jpeg?type=f287']
21.01.03.,5,"상품은 만족합니가 조요하고가볍고
배송기간에대한 공지가 잘 되었으면 합니다",['https://shopping-phinf.pstatic.net/20210209_16/1bfd3d3d-c9e2-43f2-a66c-60c66a88f651.jpg?type=f287']
21.01.01.,5,"작고 가볍고 매우 빠릿빠릿합니다.
대만족중",['https://shopping-phinf.pstatic.net/20210102_2/69446e7d-503f-480e-8601-5e7ce6d8aa6f.jpg?type=f287']
20.12.30.,5,예뻐요예뻐요예쁩니당,['https://shopping-phinf.pstatic.net/20201231_3/a6b9a5d4-9766-4324-8aed-7dd6fe59fc45.jpg?type=f287']
21.03.21.,5,제품 하자 없고 왜 다들 m1하는지 알겠네요. 노트북에 소음이 없다는 건 생각해본 적이 없는데 조용한 곳에 써도 트랙패드나 자판소리 말고는 소리가 하나도 안들리네요. 물론 맥북은 키보드 소리도 조용한 편이죠~,[]
21.03.24.,5,"새제품이라 아직까진 대만족입니다
가격대비 약간 비싼감은 있으나 좋아요",[]
21.03.16.,5,기대하던 그대로이고 배송도 생각보다 빨랐네요.,[]
21.03.25.,5,배송이 늦긴했지만. 얘가 너무 좋아합니다.,[]
21.03.24.,5,하루만에 받았습니다. 배송 빨라서 좋네요,[]
21.03.21.,5,깔끔하고 착한가격 좋아요,[]
21.03.24.,4,속도도 빠르고 좋아요~~^^,[]
21.03.24.,5,배송도 빠르고 좋네요.,[]
21.03.16.,5,너너무무좋아아요하하,[]
21.03.18.,3,좋은지는 나중에 리뷰,[]
21.03.24.,4,너무 귀엽고 예쁘네요,[]
21.03.18.,4,최근 맥북의 배송이 그다지 빠르지는 않습니다만안전하게 잘 받았습니다.(약 3주 소요),[]
21.03.25.,5,"명불허전..
윈도우 노트북 7년 쓰다가 갈아탔는데
2g폰에서 스마트폰 넘어온기분ㅋㅋㄹ",[]
21.03.20.,5,역시 애플이네요. 배송 기다린 보람있네요.,[]
21.03.21.,5,"좋은제품 빨리 잘 받았습니다...
감사합니다",[]
21.03.25.,5,배송 상황도 친절히 잘 설명해주셔서 안심하고 받았어요,[]
21.03.23.,5,"포장, 배송속도. 감사합니다",[]
21.03.19.,5,빠른배송 감사합니다,[]
21.03.11.,5,가볍고 이쁘네요! 소음도 없고 부팅 속도도 빠릅니다,[]
21.03.03.,5,맥북은 처음이라 적응하느라 애 먹었습니다,[]
21.03.05.,5,좋아요 배송도 그럭저럭 괜찮았어요,[]
21.03.11.,5,아이가 좋아해용 여러모로 백점,[]
21.03.07.,5,빠른배송과 만족스런 디자인,[]
21.03.09.,5,무사히 잘받았습니다~~~~,[]
21.03.10.,5,넘 좋네요 감사합니다~,[]
21.03.12.,5,잘 사용중입니다^^,[]
21.03.16.,5,감사합니다 잘쓱ㅆ습니다.,[]
21.03.10.,5,주문한 대로 고지된 대로 잘 왔네요. 수고하세요,[]
21.03.08.,5,빠르고 정확한 배송 감사합니다,[]
21.02.26.,5,"상품 주문에 대해서 확인해주셔서 다시 변경해서 주문 했네요 ㅎ
배송이 늦어짐에 미리 연락을 주셔서 조금 마음 놓고 기다렸는데 생각외로 빨리 도착해서 놀랐네요 ㅎ
잘 사용 하겠습니다",[]
21.03.16.,5,빠른 배송과 안전배송 감사합니다.,[]
21.02.27.,5,제품좋고 배송빠르고 주문 하루만에왔어요. 저렴하게 잘산거같아요.,[]
21.02.22.,5,배송도 빠르고 안전히 잘 도착하여 잘 쓰고 있습니다.,[]
21.02.21.,5,역시 m1 맥북은 좋네요. 팬이 없어서 정말 좋아요.,[]
21.02.27.,5,너무 좋네요 잘 사용할게요,[]
