"1,199,000"
date,star_point,comment,photo
21.03.01.,5,"배송진짜 빨라요 시키고 담날에 왔어요!!
딱 박스 받자마자 설렘이...
애플만의 포장뜯는 재미가있어욬ㅋㅋ
딱 뜯자마자 진짜 스페이스 그레이 색상의 맥북이 두두등장했습니다ㅎㅎ윈도우쓰다가 맥북으로 넘어가서 그런지 살짝 어렵기도 하지만 트랙패드가 진짜 신세계입니다 진짜 사길 잘했습니다 사실 쿠빵이랑 위메쁘에선 품절이나서 아이폰 12pro샀던곳엔 재고가 남아있나해서 다행히 남아있더라구요
그래서 바로 flex했습니다 진짜 맥북맥북하는 이유가 있네요","['https://phinf.pstatic.net/checkout/20210301_203/1614582596472KS7RL_JPEG/review-attachment-2d2e7efb-848e-420a-bb84-1af927e15944.jpeg?type=f287', 'https://phinf.pstatic.net/checkout/20210301_245/16145825963993X1HY_JPEG/review-attachment-a9f97fd1-2420-40b3-a8ec-eabc01a1668c.jpeg?type=f287', 'https://phinf.pstatic.net/checkout/20210301_194/16145825965559KMXB_JPEG/review-attachment-2544a16a-66f9-4c7e-b338-ce65008b7d62.jpeg?type=f287']"
21.03.04.,5,"미쳤다 배송 진짜 미쳤어요 어제 3~4시쯤 한참 고민하다가 방학 때 번 돈으로 벌벌떨면서 샀는데 오늘 12시쯤 배송와서 잘 못 본 줄 알았어요ㅋㅋㅋㅋㅋㅋㅋㅋ개봉할 땐 맥북 한 번도 안 써봐서 어떡하지 싶고 괜히샀나 싶었는데 개봉하고 계정 등록도 하고 동기화도 시키고 하니까 2시간만에 편안해졌습니다. 아이패드 쓰는 기분 같기도 하도 암튼 왜 이제 샀을까 싶네요! os운영체제가 낯설지 않은 아이폰 아이패드 유저여서 맥북으로 온 이상 윈도우는 공동인증서 같은 문제 아닌 이상 안 넘어갈 거 같습니당!! 당분간은 이 맥북과 이전 윈도우 노트북 두 대를 왔다갔다하면 쓸 생각인네 아무튼 너무 좋아요?아 물론 악세서리나 부수적으로 필요한 것들, 프로그램 구매하느라 돈 추가로 깨지는 건 마음아픈 일이지만 뭐 어쩌겠습니까ㅠ암튼 맥북 최고만족",[]
21.01.16.,5,"세...세상에나 제가 위메프체험단 BEST우수후기 리뷰어로 당첨되어 경품을 받게 되었어요!! 위메프체험단 BEST 우수 후기 리뷰어는 후기 좋은 리뷰어를 선정하여 추첨을 통해 뽑는거라... 운인데요. 위메프체험단 4기 당첨이 부러워서 저도 우수 리뷰어 글을 검색하기도 했었죠. 이번은 기대를 안했어요 ㅠㅠ 왜냐면 워낙 참여하는 사람도 많아서 위메프체험단 5기에 참여하는데 의의를 뒀거든요. 진짜... 대박이에요~ 당첨 전화 받고도 믿기지않았어요!!!

위메프체험단 5기 BEST우수후기리뷰어 선정에 감사드립니다. 위메프체험단 전산 문제로인해서 저도 이번에 문자를 늦게 받아서 무료체험제품은 원하는 걸 선택하지 못 했거든요. 그럼에도 무료체험제품 정성껏 후기 쓰고, 내돈내산으로 청소기를 주문해서 정성껏 후기를 썼더니 이런 행운이 따른 것 같아요. 2021년에 좋은 일이 생겨서 너무 좋네요♥ 여러분도 위메프체험단에 꼭 참여하세요^^ 위메프체험단 감사합니다!!

*위메프체험단5기 BEST우수후기리뷰어로 선정되어 상품을 지원받아 작성하는 후기입니다.*",[]
21.01.28.,1,"제품은 좋아요... 배송도 빨랐구요, 근데 ""공식 애플 스토어"" 라고 달아놓은게 맞긴한건가요? ㅠ 당연히 공식 리셀러라고 생각하고 제품 샀는데 애플에서는 여기가 공식 리셀러가 아니라고 하고... 공식리셀러 인증이 안되어서 회사용 기기등록도 못했어요 ㅠ 공식 리셀러시면 리셀러 ID를 알려주세요 ㅠ ABM등록해야해요 ㅠㅠㅠ",['https://phinf.pstatic.net/checkout/20210128_134/1611841113643hgsU1_JPEG/review-attachment-7b92f1b0-1ae3-4a92-b7f4-bda59a1207b4.jpeg?type=f287']
21.02.07.,4,"배송도 생각할 때 딱 맞춰 왔고, 양품 받아서 좋습니다.
다만, 소비자가 꼼꼼히 체크 못한 부분도 있지만, 1:1문의를 드렸을때 24시간 넘게 답변이 없어서 직접 전화해서 답변을 받을 수 밖에 없어서 답답한 부분이 있었습니다. 개선되었으면 좋겠습니다^^구매하시는분들 참고해주시고, 감사합니다.",['https://phinf.pstatic.net/checkout/20210207_283/1612627473121n6t3m_JPEG/review-attachment-e864ab95-b295-4387-8c0a-4a2cc460be23.jpeg?type=f287']
21.01.26.,5,"제품이 없어서 배송은 느렸지만 입고 전에도 연락 주셨고, 입고 된 날 바로 퀵으로 보내줬어요 :)

고맙습니다.

제품은 발열도, 소리도 없어요 이게 노트북인가 싶네요 ..
호환되는 프로그램은 좀 적다는거 아시죠 다들? 일반 MS 오피스는 문제 없지만 한글 이런건 불편한 경우가 많아요. 게임도 앱스토어에서 받는거 아님 윈도우용 이런건 안될경우가 많아요.",[]
21.03.15.,5,"택배보내시기 전에 방문하여 직접 수령하였습니다.
친절한 설명 감사드려요.
포장 깨끗하고 양품이네요.
잘 사용하겠습니다.
포장에 젤리 넣어주시는 센스!!
좀 기다리기는 했지만 빨리 받았어요 ^^","['https://phinf.pstatic.net/checkout/20210315_123/1615807279016uypHo_JPEG/review-attachment-b00025f1-1a0a-4b10-8fcf-5e0d25bdd1c9.jpeg?type=f287', 'https://phinf.pstatic.net/checkout/20210315_58/1615807279050NpfD6_JPEG/review-attachment-a135169a-0538-435d-b93b-6948a82198a5.jpeg?type=f287', 'https://phinf.pstatic.net/checkout/20210315_209/1615807278927Usdt5_JPEG/review-attachment-a57b98e5-abb3-4336-97e5-8f751a2ba655.jpeg?type=f287', 'https://phinf.pstatic.net/checkout/20210315_201/1615807279065jNWE8_JPEG/review-attachment-6c9a9d2a-398a-42b2-b7ee-9c7cdff56996.jpeg?type=f287', 'https://phinf.pstatic.net/checkout/20210315_62/1615807279454TEhBa_JPEG/review-attachment-6a43dc49-89d9-4b77-b73e-7b32910b1ab9.jpeg?type=f287']"
21.02.19.,4,배송지연을 제외하고는 원하던 제품이라 마음에 듭니다.,"['https://phinf.pstatic.net/checkout/20210219_262/1613736317853fatAB_JPEG/review-attachment-6f6ffbf2-defc-446f-976a-303ada3443b6.jpeg?type=f287', 'https://phinf.pstatic.net/checkout/20210219_195/1613736319125RutoB_JPEG/review-attachment-98db91b3-b214-44d6-806a-3214a1abe4a3.jpeg?type=f287', 'https://phinf.pstatic.net/checkout/20210219_202/16137363387766x0b5_JPEG/review-attachment-e9388a69-756a-4f63-8f0e-de2aa5f448af.jpeg?type=f287']"
21.03.19.,5,"종아요
아이폰 호환도 잘되고 가성비 짱입니다","['https://phinf.pstatic.net/checkout/20210319_148/1616134651480mwcmQ_JPEG/review-attachment-c9a26094-4a0a-4c6d-a374-a3b4927a4516.jpeg?type=f287', 'https://phinf.pstatic.net/checkout/20210319_243/1616134662135cyhhG_JPEG/review-attachment-111641da-defc-46a3-8cd7-817274760414.jpeg?type=f287']"
21.02.08.,5,맥북 첨쓰는대 만족합니다 굿굿,"['https://phinf.pstatic.net/checkout/20210208_81/1612785069443kLQNT_JPEG/review-attachment-f5861879-5ecc-43ed-9e61-7795ef519be0.jpg?type=f287', 'https://phinf.pstatic.net/checkout/20210208_147/161278507910748iow_JPEG/review-attachment-469b98aa-a519-4bcb-ab98-b321a9a0ccbb.jpg?type=f287']"
21.01.31.,5,배송빠르고 양품인듯 합니다!,"['https://phinf.pstatic.net/checkout/20210131_19/1612100913617ywRfX_JPEG/review-attachment-ee83d0f6-7185-4bef-a4ba-76e13cab693f.jpeg?type=f287', 'https://phinf.pstatic.net/checkout/20210131_134/1612100914045Ywdb3_JPEG/review-attachment-4de7710d-da48-4376-8dcf-0333b911e13b.jpeg?type=f287']"
21.01.21.,5,배송 아주 좋구여~ 제춤 불량체크해봣더니 아무문제없이 동작중!!! 좋네요 ㅋ,"['https://phinf.pstatic.net/checkout/20210121_295/1611155609148cFN4G_JPEG/review-attachment-3126a65a-5c76-4472-868f-bd30b00e316f.jpeg?type=f287', 'https://phinf.pstatic.net/checkout/20210121_184/1611155641548nPYYi_JPEG/review-attachment-715760eb-a237-4373-916f-8bab8515c265.jpeg?type=f287']"
21.01.18.,5,18일 배송 잘 받았습니다~^^,"['https://phinf.pstatic.net/checkout/20210118_120/1610951858891PqDmA_JPEG/review-attachment-3d651d8c-e3ac-4094-98d7-7ff849541f2b.jpeg?type=f287', 'https://phinf.pstatic.net/checkout/20210118_33/1610951866970MiVg6_JPEG/review-attachment-4891be86-6371-4680-9485-264f2c386bbd.jpeg?type=f287']"
21.01.20.,5,배송 겁나 빠름. 재고가 없는게 맞긴한건지 아리송 ㅎㅎ 19일 주문해서 20일 수령. 적립도 해서 나름 최저가랑 별 차이 안남. 만족합니다.,"['https://phinf.pstatic.net/checkout/20210120_57/1611132873203bEs9U_JPEG/review-attachment-1a6bc862-e2c3-460f-be38-5f80c73a38f0.jpeg?type=f287', 'https://phinf.pstatic.net/checkout/20210120_162/1611132873481XmeHB_JPEG/review-attachment-2bfda312-ff83-46e5-ab32-b1a82f64cab6.jpeg?type=f287']"
21.03.25.,5,너무좋아요! 배송도 빠르고 양품이네요^^,['https://phinf.pstatic.net/checkout/20210325_216/1616660977531rEGxw_JPEG/review-attachment-9d3627f6-79cf-4c9c-ae83-08c46c6f36c4.jpeg?type=f287']
21.03.16.,4,빠른배송 좋았습니다,['https://phinf.pstatic.net/checkout/20210316_247/1615896723838BAKvW_JPEG/review-attachment-6cc68f2c-e234-4afa-842f-d39eb3ae1bea.jpeg?type=f287']
21.03.12.,3,"배송이 너무 늦었어요... 통화할때 2주면 된다고해서 여기서 주문했었는데..
보니까 다른곳들도 제품입고 늦는건 마찬가지인거같고요.
아무튼 제품은 잘 받았습니다",['https://phinf.pstatic.net/checkout/20210312_91/1615513442494g0uYl_PNG/review-attachment-14b0ca9a-0c61-45d5-9e41-4ad480d55398.png?type=f287']
21.03.11.,5,첫 구입한 맥북! 아주 만족합니다!!,['https://phinf.pstatic.net/checkout/20210311_222/1615421759764FAQ0D_JPEG/review-attachment-bd2dc69c-3dc4-4532-a5f8-e7de47488063.jpeg?type=f287']
21.03.10.,4,"램 CTO로 올렸더니 3주 정도 걸렸네요~

제품은 정말 좋네요~^^",['https://phinf.pstatic.net/checkout/20210310_95/1615360198656qFDth_PNG/review-attachment-08e2cd85-9bd0-4043-9900-a4d7692b90a5.png?type=f287']
21.02.26.,5,색감 완전 좋아요 역시 맥북으론 롤 힘듬..,['https://phinf.pstatic.net/checkout/20210226_197/1614300584278Y540M_JPEG/review-attachment-f0fc0afb-7189-4d49-8e81-c594c6e49665.jpeg?type=f287']
21.02.28.,4,잘받았습니다~ 문제없이 잘 왔네요,['https://phinf.pstatic.net/checkout/20210228_61/1614475969258bV4UJ_JPEG/review-attachment-b9f82681-cc05-4e73-8ce0-7d6d118a08e4.jpeg?type=f287']
21.02.20.,5,좋아요 잘받았습니다,['https://phinf.pstatic.net/checkout/20210220_288/1613785885659b7W1w_JPEG/review-attachment-77e62f0a-4cea-4324-a822-c8820e96e6d1.jpeg?type=f287']
21.02.08.,5,다른곳 다 품절이라 여기서 샀어요!!좋네요,['https://phinf.pstatic.net/checkout/20210208_251/1612794707062vVV4b_JPEG/review-attachment-1d8f5a37-15da-429d-b2b3-e35dd9df8522.jpeg?type=f287']
21.01.29.,5,"아직 하자 있는건 모르겠고
배송도 2일만에 오고
너무 이뻐요 간지쩔ㅠ",['https://phinf.pstatic.net/checkout/20210129_101/1611915402519JnUIO_JPEG/review-attachment-cba3803b-fbd7-40e8-b9bf-6faeaffb91e0.jpeg?type=f287']
21.01.29.,5,잘샀어요 굿굿 짱 ㅎ,['https://phinf.pstatic.net/checkout/20210129_170/1611878237688BtP2e_JPEG/review-attachment-a90ba887-3ecb-4291-9209-aa5873a60e77.jpeg?type=f287']
21.01.21.,5,"배송도 빠르고, 상품도 기대되네요",['https://phinf.pstatic.net/checkout/20210121_247/1611195412582HPt4S_JPEG/review-attachment-138031b5-d25a-42a8-944d-919b5067a2a9.jpeg?type=f287']
21.01.16.,5,오래 기다렸지만 만족스럽습니다,['https://phinf.pstatic.net/checkout/20210116_35/1610803898213DhtsS_JPEG/review-attachment-45d89e83-b56b-436e-8d76-159c6a4c7011.jpeg?type=f287']
21.01.23.,5,맥북인데 말해 뭐하겠습니까?? ^^,['https://phinf.pstatic.net/checkout/20210123_61/1611375674401SUTMz_JPEG/review-attachment-d8616857-e2b5-4c02-8453-d667fc2391c1.jpeg?type=f287']
21.01.22.,5,역시 애플이에요 굿굿 최곱니다,['https://phinf.pstatic.net/checkout/20210122_182/1611280307312AmKb7_JPEG/review-attachment-da9fe43f-67f8-44c1-beb6-31f415f687c9.jpeg?type=f287']
21.01.17.,5,가볍고 빠르고 만족합니다.,['https://phinf.pstatic.net/checkout/20210117_238/1610887424004Qn5iv_JPEG/review-attachment-686468c2-a21b-439e-abf3-320fbc081282.jpeg?type=f287']
21.01.21.,5,배송빠르고 좋습니다,['https://phinf.pstatic.net/checkout/20210121_60/1611209962682h8BxA_JPEG/review-attachment-3fa70938-b13e-4e53-b48d-8d45dde8753c.jpeg?type=f287']
21.01.26.,5,이래서 맥북맥북 하나봅니다,['https://phinf.pstatic.net/checkout/20210126_6/1611672803633aAPrK_JPEG/review-attachment-47dea4d7-b75d-4537-8af5-8ab0b59b1266.jpeg?type=f287']
20.12.30.,5,배송 빠르게 잘 받았습니다,['https://phinf.pstatic.net/checkout/20201230_209/1609284894830BhGip_JPEG/review-attachment-1d35fd24-8e09-4d85-a43f-6da072182320.jpeg?type=f287']
20.12.30.,5,"맥북 빠르고 재밌네요~
배송 빠르고 문제 없어요~",['https://phinf.pstatic.net/checkout/20201230_75/1609309474159u3srH_JPEG/review-attachment-c64ca839-0fd5-485b-91dd-5b5f1708595a.jpeg?type=f287']
21.03.19.,5,"맥북이찮아요!
말이 필요없이요, 다 아주 마음에 들어요!
M1 정말 속도가 대단하다^^",[]
21.03.18.,5,"발열 + 소음이 없음

가끔 낯설어요. 이게 노트북이 맞나? 하고",[]
21.03.21.,5,배송빠르고 제품 이상 없고 젛습니다,[]
21.03.17.,5,좋습니다. 잘 사용할께요,[]
21.03.05.,1,주문한지 한달 넘었고 전화도 안 받네요. 더 걸릴 것 같으면 취소라도 하고 싶은데.,[]
21.03.22.,5,진짜 빠른배송 감사합니다^^,[]
21.03.20.,5,아주 강추. 망설일 필요 없음 강추,[]
21.03.24.,5,친절한 응대 빠른 배송 굿굿 감사합니다,[]
21.03.05.,5,성능이나 소음 이걸 다 잡은 애플 칭찬합니다 역시 대기업 애플 제품입니다,[]
21.02.20.,5,"너무 이뻐요~~~ 아직 제대로 써보지 않아서 불량인지는 모르겠어요!
배송은 10일정도 걸렸습니다!",[]
21.03.16.,5,빠른 배송과 안전배송 감사합니다.,[]
21.03.08.,5,너무너무 좋아요 한 달 동안 너무 잘 사용 중입니다,[]
21.02.28.,5,문제없이 잘 받앗습니다,[]
21.02.27.,4,괜찮아요 뭐 애플이니까,[]
21.02.08.,5,만족스럽습니다~ 배송도 빨랐어요!,[]
21.02.08.,5,업무용으로 구매했는데 좋네요,[]
21.02.18.,4,배송이 빨라서 좋았어요,[]
21.01.29.,5,너무 좋아요~ 윈도우 보다 훨씬 빠르고 맥은 처음 써보는데 적응도 쉽게 했습니다.,[]
21.02.01.,5,"선물용으로 급하게 삿습니다.
퀵으로 받아야 했는데 사장님께서 번거로우시지만 친절히 퀵배차도 해주시고 당일 날 받을수있어 좋았습니다.",[]
21.02.03.,5,"배송도 빠르게왔구요 상품이 양품으로 좋아요
굿이네요 추천합니다",[]
21.02.05.,5,배송 빠르고 좋아요...딱 맘에 들어요.,[]
21.02.07.,5,배송 빠르게 발 받았습니다.,[]
21.02.03.,4,빠르게 잘 도착했습니다.,[]
21.01.30.,5,삼성노트북 살려고 하다가 애플 노트북 샀는데 너무 만족하고 쓰고 있습니다 굿 !!!,[]
21.01.16.,5,좋아요 애플기기만 사용하는데 확실히 좋네요,[]
21.01.19.,5,배송 빨리 오고 제품도 매우 마음에 듭니다,[]
21.02.04.,5,"딸내미 중학교 입학선물로 구매했습니다. 디자인 좋고 평 좋은 M1칩이라 구매했습니다.
잘 사용 하겠습니다",[]
21.01.20.,5,배송도 빠르고 맥북에어 너무 좋네요.,[]
21.01.18.,4,배송 늦은것 빼고 만족합니다,[]
21.01.18.,5,안전하게 잘 받았습니다.,[]
21.01.14.,5,킹갓입니다킹갓입니다,[]
