"2,359,000"
date,star_point,comment,photo
21.01.20.,5,"LG그램 16인치 노트북을 구매하기 위해 여러 사이트를 검색하다가, 둘째딸의 인터넷 강의와 과제물 작성, 제출용으로 사용 용도를 정하고 고사양 제품을 고르다 이 제품을 구매하게 되었습니다. 가정용 데스크탑 pc는 막내의 게임 전용이다시피 하여 고등학생인 둘째딸이 학업 전용으로 사용할 수 있는 여러 최신 제품을 비교하다 삼에스컴퍼니에서 충족할 만한 이 제품을 찾았습니다. 가격이 만만치 않지만 제대로된 제품을 선물하여 학업에 도움을 주고자 하는 마음으로 선택하게 되었어요. 둘째딸에게 선물한것 중 가장 고가의 제품입니다. 16인치 임에도 불구하고 정말 얇고 가볍습니다. 성능 또한 고사양 제품답게 당연히 우수할 것이라 생각합니다. 이 제품을 선물할 수 있어 크나큰 보람을 느낍니다. 한달 사용해보고 사용후기도 남기겠습니다.","['https://phinf.pstatic.net/checkout/20210120_139/1611135531035pFAXN_JPEG/review-attachment-0a2088d5-0776-462c-991a-8ab39cde20d1.jpeg?type=f287', 'https://phinf.pstatic.net/checkout/20210120_159/1611135530830vK2sO_JPEG/review-attachment-98cc21ec-8f33-4f46-b55f-d1ba8f28b6f2.jpeg?type=f287', 'https://phinf.pstatic.net/checkout/20210120_181/1611135531692IEHHK_JPEG/review-attachment-296e2f1b-7ebf-4925-bd84-826d0e893fb9.jpeg?type=f287', 'https://phinf.pstatic.net/checkout/20210120_201/1611135531997sITC3_JPEG/review-attachment-63041bb0-fea8-424e-85dd-80f5d0dac01a.jpeg?type=f287']"
21.01.27.,5,"배송이 늦어진다는 문자를 2번이나 받아 언제오나하고 기다렸는데 생각보다 일찍왔네요 ㅎㅎ
그동안 좀 작은 노트북을 쓰고 있었는데 생각했던 것 보다 더 커서 조금 놀랐습니다. ㅋㅋ
일단 정말 크기보다 가벼워서 좋으네요.
직업이 글 쓰는 일을 하는 프리랜서이다보니 노트북은 제게 가장 최애 제품으로 가벼워야 하거든요.
근데 이건 손목 안아플 것 같아요.
그 정도로 크기보다 참 가볍습니다.
가볍단 광고에 혹해서 산건데 진짜 가벼워요.

제게 가장 중요한 것 하나가 또 터치감이거든요.
자판 터치감 완전 굿입니다 .
개인적 견해이지만 좀 깊이 들어가는 게 좋네요.

그리고 화질 정말 좋습니다.
코로나때문에 화상회의도 종종 있었어서
받자마자 네이버 들어가 영상 하나 플레이해봤는데...
요거로 드라마나 영화도 엄청 볼 듯요^^

5년만에 노트북 고민고민하다 산 건데
좀 더 써봐야 자세히 알겠지만 지근은 아주 만족하고 정말 좋아요.
한달 뒤에도 리뷰 올릴게요~~","['https://phinf.pstatic.net/checkout/20210127_277/1611714427599CI7jt_JPEG/review-attachment-64437a92-1fa4-424a-9f30-ff60d86628de.jpeg?type=f287', 'https://phinf.pstatic.net/checkout/20210127_99/1611714437296JfMwV_JPEG/review-attachment-ad6d4dd1-c386-4204-8fdd-e2c273ef3255.jpeg?type=f287', 'https://phinf.pstatic.net/checkout/20210127_170/1611714445985VmykA_JPEG/review-attachment-d9d05273-95e4-487d-8b2d-d7969450ba52.jpeg?type=f287', 'https://phinf.pstatic.net/checkout/20210127_290/1611714452958P5Bya_JPEG/review-attachment-9c925f6f-07dc-4199-ac0b-09fbdca8d5ec.jpeg?type=f287']"
21.01.20.,5,"대학 입학하는데 노트북으로 뭘 살까 삼성/LG고민하다가 결국 그램을 선택하게 되었습니다. 가격이 부담되기는 하지만 받아보는 순간 정말 잘선택했구나 너무 만족스럽네요. 택배상자를 받았는데 너무가벼워서 노트북인줄 몰랐어요. 배송이 늦을까 걱정했는데 생각보다 빠르게 왔고, 5일에 주문해서 20일에 수령 했습니다. 포장도 뽁뽁이로 넉넉하게 둘러주셔서 안전하게 잘 받았습니다. 화면 사이즈가 있어서 무게를 걱정했는데 생각보다 가벼웠고, 화면 정말 맘에 들어요 . 실울이 깡패라더니 정말 실물 대벅입니다. 디테일이 다르네요. 전반적으로 정말 만족한 구매였어요. 사은품으로 받은 마우스 패드도 색상도 재질도 좋아요.","['https://phinf.pstatic.net/checkout/20210120_286/1611125916626NV8Q9_JPEG/review-attachment-02a30570-0a99-4707-9fbd-7928cb97c60c.jpeg?type=f287', 'https://phinf.pstatic.net/checkout/20210120_9/1611125916586MjFwc_JPEG/review-attachment-c2d1e707-625a-4589-bae5-923ed6b90e93.jpeg?type=f287', 'https://phinf.pstatic.net/checkout/20210120_17/1611125916698UEEhw_JPEG/review-attachment-7ef09234-a97d-4827-8d07-35f470d1dc5b.jpeg?type=f287', 'https://phinf.pstatic.net/checkout/20210120_222/1611125916770NLyoO_JPEG/review-attachment-cd6cd552-d153-46d1-844c-db732e00f848.jpeg?type=f287', 'https://phinf.pstatic.net/checkout/20210120_260/1611125916852qPxaU_JPEG/review-attachment-3fe2d5bf-1dc5-46a5-96f9-56a87762e7f4.jpeg?type=f287']"
21.03.14.,5,"예약구매하고 3월 중순에 받을수 있다고 해서 별다른 기대를 안하고 있었는데 더 빨리 받을수 있게 연락까지 주셔서 너무 감사하고 제품 받아보니 기다린 보람이 있는것 같다는 생각이 들었습니다
처음 제품을 봤을때 하얀 색깔이 너무 깔끔했고 들어보니 너무 가벼워서 놀랐습니다
부팅하는 속도에 한번 더 놀랐고 가벼우니까
들고 있어도 전혀 부담없고 디자인도 깔끔해서 어디에도 잘 어울릴것 같아요
아직 제대로 써보지는 않았지만 정말 좋을것 같다는 생각이듭니다","['https://phinf.pstatic.net/checkout/20210314_154/16157306304761IYDo_JPEG/review-attachment-3eb685ba-76c6-492d-ac07-4d7f1316039a.jpeg?type=f287', 'https://phinf.pstatic.net/checkout/20210314_4/1615730631291h0NpI_JPEG/review-attachment-1a79f6ec-37b1-478c-93a2-08d7aeaff277.jpeg?type=f287', 'https://phinf.pstatic.net/checkout/20210314_51/1615730632533dQM16_JPEG/review-attachment-00771d9d-c0ea-4b4d-be4a-87e38ec26898.jpeg?type=f287', 'https://phinf.pstatic.net/checkout/20210314_110/1615730632309DRX9M_JPEG/review-attachment-85185522-501e-42cb-9f28-eb74cda37d0d.jpeg?type=f287']"
21.01.26.,5,"정말 정말 와우와우 기다리고 기다렸던 노트북이 생각보다 엄청 일찍왔네요!!!
조심스레 박스를 개봉하여 구성품을 확인합니다 전원케이블 노트북 키스킨 !!!
어쩜 화이트 그램 너무 너무 이쁘네요 그리고 16인치 대박입니다 화면 엄청 넓네요 생각했던거 이상입니다.
17인치 놔두고 16인치 사세요들..!!!!!
그리고 전원을 킵니다 ㅎㅎㅎ 기본 설정을 마치고 추가 사은품 신청을 한뒤 전원 끕니다 그리고 박스로 다시 재동봉 하여 고이고이 보관합니다 바로 바로 !! 쓰고 싶으나 아까워서 못 쓰겟어요 아악 네 그램 그램!!! 사은품 다시받고 SSD 추가 장착 후에 사용 해야겠어요 흐흐흐

이상 좋은 제품 감사 드립니다.","['https://phinf.pstatic.net/image.nmv/shopnbuyer_2021_01_26_0/71034cef-5fab-11eb-a12c-a0369ff963bc_03.jpg?type=f287', 'https://phinf.pstatic.net/checkout/20210126_76/1611647502920VAs5f_JPEG/review-attachment-7303e5f7-2f35-4655-ba68-0819c15bd2dc.jpeg?type=f287', 'https://phinf.pstatic.net/checkout/20210126_62/1611647502876uMap6_JPEG/review-attachment-80436635-f6ac-4ab7-b8b1-52f8609dcd2b.jpeg?type=f287', 'https://phinf.pstatic.net/checkout/20210126_156/1611647502987tPdMf_JPEG/review-attachment-5ade0099-cb47-4d32-89fc-759c43920287.jpeg?type=f287', 'https://phinf.pstatic.net/checkout/20210126_235/161164750310747MI5_JPEG/review-attachment-921b13fb-4a67-421d-9aa3-99704117dd4e.jpeg?type=f287']"
21.03.13.,5,우선 화질이 너무 좋구요 모니터의 크기도 시원시원하여 전에 샀던 저가형 노트북과 비교해봤을때 속이 뻥 뚫리는 것 같습니다^^ 무게도 사이즈에 비해 그리 무겁지 않아서 이동에도 불편이 전혀 없을 것 같구요 인터넷 속도도 상당히 빠른 편입니다 그리고 결정적으로 미탑재 모델 재고가 없어서 MS 오피스 탑재형 모델로 바꿔주신데 대해 너무 감사드려요 문서작성 동영상 감상 두루두루 다 잘할수 있을것 같아요 전반적으로 대단히 준수한 성능의 노트북이라고 할 수 있겠네요 아주 좋습니다^^,"['https://phinf.pstatic.net/checkout/20210313_27/1615596537776bH7dC_JPEG/review-attachment-670c2d58-2979-4da3-8abe-d231635a0ccb.jpeg?type=f287', 'https://phinf.pstatic.net/checkout/20210313_153/1615596562765yaWi3_JPEG/review-attachment-c888f2bd-afaa-4908-a20a-48514019238e.jpeg?type=f287', 'https://phinf.pstatic.net/checkout/20210313_88/1615596571120RwADO_JPEG/review-attachment-45731416-3db5-4eae-8521-577afde019b6.jpeg?type=f287']"
21.01.19.,5,언박싱. 엄청 기대하고 있었는데요. 물량 공급 문제로 열흘 기다릴 줄 알았는데 일주일만에 받으니 그래도 기분 좋네요. 노트북 s사냐 l사냐 엄청고민했는데 잘 선택한거 같아요. 정말 가볍고 정말 빠르고 화질도 엄청 좋네요. 사전예약 사은품도 기대 됩니다.,"['https://shopping-phinf.pstatic.net/20210121_21/f176cb82-0723-48d7-9ad7-f49a8c15f3a8.jpg?type=f287', 'https://shopping-phinf.pstatic.net/20210121_20/508c2b1b-4d66-4573-a45c-8cfe643a16d4.jpg?type=f287', 'https://shopping-phinf.pstatic.net/20210121_26/13e7d7e8-3af8-4d89-96b2-71d9589acb4a.jpg?type=f287', 'https://shopping-phinf.pstatic.net/20210121_18/298419ad-f0e3-4d53-b3e8-d75711cbd3f5.jpg?type=f287', 'https://shopping-phinf.pstatic.net/20210121_23/06445394-a257-4b04-a4c1-54cb2a8a8caa.jpg?type=f287']"
21.01.27.,5,"오래 기다린 만큼 더 반갑네요뽁뽁이에 한번 더 쌓여서 박스손상없이 잘 왔구요십년 가까이 쓰고 있는 남편 노트북이 사망하기 직전이라 깜짝 선물로 구매했는데 넘 좋아해서 뿌듯합니다 ^^광속으로 켜지고 꺼지는 gram에 벌써 빠져들고 있습니다코로나 덕분에 온라인 수업, 재택근무 하는 날이 많아져서 어쩌다보니 가족별로 노트북이 필요하게 되어 그램 3대째 구입인데 갈수록 업그레이드 된 모습이 만족스럽네요깔끔한 디자인 역시 그램의 매력이라고 생각합니다","['https://shopping-phinf.pstatic.net/20210205_9/35e29f58-c738-4055-9f8a-c9bd6b1f2823.jpg?type=f287', 'https://shopping-phinf.pstatic.net/20210205_24/946b2a2e-a023-4dbd-8199-d78a121ee69d.jpg?type=f287', 'https://shopping-phinf.pstatic.net/20210205_11/cd65d900-9d79-4137-92dd-6dfcc19219d8.jpg?type=f287']"
21.01.23.,3,"2년째 그램을 쓰고 있는데, 당시 280만원 정도 주고 산 최고급이었다. 그런데 그램이 내구성이 쫌 떨어지는 그지 같은 측면이 있다. 해서 삼성을 살락 했는데, 삼성은 더 그지 같아서, 230만원에 추가 쫌 더 해서 그램 16인치를 샀다. 역시 가볍지만 내구력이 약한 느낌이다. 건 그렇고 여긴 물건 포장은 진짜 그지 같이 해서 보냈다. 너무나 엉성한 상자에 대충 보냈는데, 택배사서 눈에 파묻었는지 박스 절반이 젖었고, 게다가 파손까지 되어 있었다. 다행히 내용물은 큰 문제는 없는 거 같아서 반품은 안 시켰다만, 진짜 짜증나더라. 최고가 노트북을 이렇게 파는 넘들의 정신 자세를 이해하지 못하겠다. 딱 팔아 묵었으니, 땡이다라는 정도의 소신이 느껴지는 정도락칼까??? 참 물건도 그렇고, 포장 배송도 그렇고 전체적으로 쫌 그렇다. 그리고 12월 31일에 구입했는데, 1월 21일에 받은 것도 그렇고. 아무리 예약 상품이라도 20일이 더 걸리냐???","['https://shopping-phinf.pstatic.net/20210124_23/39a625a4-c410-4a87-9008-38951d9b4693.jpg?type=f287', 'https://shopping-phinf.pstatic.net/20210124_27/09bebe62-ec3d-46f9-bc57-8806b9d9ea04.jpg?type=f287']"
21.02.27.,5,"2월 5일에 구매했는데 드디어 왔어요ㅠㅠㅠ 어제 저녁 8시에 발송예정이라고 했는데 오늘 오전에 왔어요..ㅠㅠㅠㅠ 너무 이쁘고 화면 커요뽁뽁이로 많이 포장 돼서 옵니다. 그리고 화면에 종이로 보호되어있어서 보호필름을 따로 구매할껄 그랬습니다.단점을 말하자면 비슷한크기의 노트북보단 얇고 가볍습니다. 그런데 한손으로 들기에 거뜬한정도는 아닙니다. 제가 너무 기대했나봐요 ㅠㅠ 그리고 노트북 뒷 편에 열이 좀 있구요장점은 노트북 화면 진짜 화질 좋고 큼니다. 그리고 자판 눌리는 감도 좋고, 마우스패드도 진짜 넓고 이전에 노트북은 (오래된 모델이긴 합니다) 손바닥만 살짝 닿아도 마우스가 움직이고 클릭이 됐었는데 LG 그램은 자판을 칠때 손바닥이 닿아도 작동 안해서 편리합니다.","['https://shopping-phinf.pstatic.net/20210301_13/52bacd1d-0709-48cb-b435-0c8e7b7213f3.jpg?type=f287', 'https://shopping-phinf.pstatic.net/20210301_12/cbe3e48f-7638-4ed9-90e7-157cec707294.jpg?type=f287', 'https://shopping-phinf.pstatic.net/20210301_23/508d0eb0-e2ed-475d-8a21-6f07c0f1f8a9.jpg?type=f287']"
21.01.19.,5,"타이거레이크가 탑재된 그램을 목이빠져라 기다리다가 드디어 출시됐네요. 기존에 사용하던 2017 그램15 (i5)를 프로그래밍 목적으로 사용했는데, 이제 성능이 한계에 도달해서 2021 그램을 기다리고 있었습니다. 마침 성능향상이 많이 되었다는 인털 타이거레이크 i7 모델이 출시되었고 고민없이 질렀습니다. 21개월의 미래의 내가 책임지고 카드값 내주겠죠 ㅎㅎ 부팅속도가 무지하게 빠르고 지문인식 로그인이 엄청 편하네요. 아직 MS오피스랑 한컴, IDE 설치하고 클라우드 동기화 등등 하는 데만 시간을 많이 써서 실사용은 많이 못했지만, 2017 그램15 (i5)보다는 훨씬 빠릿하고 좋습니다. 특히 WQXGA 해상도가 기가 막히고, 16인치라서 화면이 시원하게 커져서 더욱 마음에 듭니다. 이런 저런 조작 해봤는데 뽑기은 잘된 것 같아요. 타이거레이크에 이렇게 가볍고 배터리 용량이 큰 제품도 없구요. 다만 부하가 걸리면 팬소리는 조금 크네요. 키보드가 뜨거워질 만큼은 아닌데 열이 살짝 높아지는 것 같기도 하구요. 타이거레이크가 발열이 높은데 그램 시리즈 역사상 최초로 통풍구도 추가하고 쿨링에 신경을 많이 썼더라구요. 사운드는 2017 그램에 비해서 진짜 괄목상대입니다. 최고는 아니지만 최선의 스피커를 탑재한 것 같아요. 찢어지는 소리는 안나요. 일단 작업용으로 본격적으로 사용하기 전 첫느낌은 매우 좋았습니다. 사전예약 혜택인 512GB NVMe를 추가 설치한다면 용량 걱정도 없을 것 같아요.",[]
21.03.02.,5,"올해 신제품으로 나온 16그램..기존에 15그램을 사용하던 저로써는 정말 만족스러 웠습니다. 15그램으로 조금 아쉬웠던 비율이나 크기에 대한 아쉬움..약간은 너무크다싶은 17그램 사이에서 제가 원하던 사이즈 였습니다. 성능도 정말 짱짱하고, 고급스런(?) 느낌도 들고, 비싼돈 주고 사긴했지만 그만큼 스펙도 좋았으니 이정도 금액에 이 스펙이면 가성비도 좋은편인것 같습니다. 후회하지 않을것 같습니다. 추천드립니다~!!","['https://phinf.pstatic.net/checkout/20210302_109/161468640557348Pz9_JPEG/review-attachment-a54afa27-90ab-49ae-af16-29c85f39fc12.jpeg?type=f287', 'https://phinf.pstatic.net/checkout/20210302_246/1614686410667ARkNK_JPEG/review-attachment-fc0fe9ed-0131-4e09-9995-32a5029efd53.jpeg?type=f287', 'https://phinf.pstatic.net/checkout/20210302_63/1614686416480HETah_JPEG/review-attachment-f8ac3820-bd14-412f-9b47-3c2a3116a07a.jpeg?type=f287']"
21.02.20.,5,"1월 18일에 주문해서 한 달 정도 후에 배송받았습니다. 발송 이후부터는 이틀만에 받았습니다! 오래 걸린만큼 처음에는 조금 지친 마음으로 받았지만, 박스만 보더라도 정말 꼼꼼히 잘 포장해주셨더라고요. 굉장히 신경쓰셨다는 생각이 들었고, 기분이 좋았습니다. 제가 이전 버전의 그램을 가지고 있어서 비교하면서 개봉했는데, 확실히 새로운 버전의 그램이 디자인적으로나 기능적으로 많이 업그레이드 된 것 같았어요. 베젤 작은 건 말할 것도 없고 힌지가 없어지면서 엄청 세련된 느낌이 듭니다. 무엇보다 전체적으로 둥근 형태의 디자인에서 각이 생기면서 전문적인 느낌이 들었어요. 그램이 20대 초반이 주로 사용하는 노트북이라는 생각이 있었는데 이번 그램은 대학생, 사회초년생부터 중년, 전문직까지 만족스럽게 사용할 수 있을 것 같습니다. 무엇보다 타건감이 굉장히 좋아졌습니다. 이전에는 잘 못느꼈는데 구 버전 그램이랑 비교해보면 확실히 타자 치는 맛이 생겼어요. 그리고 터치패드도 되게 쫀쫀하다는 느낌이 있습니다. 이게 말로 어떻게 터치패드가 쫀쫀해?라고 생각할 수도 있는데 진짜 쫀쫀해요. 제 손에 착 감겨있는 느낌..? 표면도 굉장히 부드럽습니다.화면이나 화질, 색감도 공들였구나라는 생각이 들어요. 물론 더 사용해봐야겠지만, 깨끗하고 선명하게 잘 보입니다.다만 발열이 다소 아쉽습니다. 이건 그램의 숙제가 될 것 같네요.",[]
21.03.12.,5,"노트북이 급히 필요해서 주변에 물어보니 그램이 제일 인기가 많더라고요. 좋은 걸로 구매해서 오래오래 사용하고자 2021년도형 최고 사양으로 구매했고, 다 사이트에 품절이 많아 오래 걸릴까 걱정했는데, 여기 후기들과는 달라 이틀만에 배송 받았습니다. 가격이 비싼게 흠이지만 카드 할인행사 이용하여 10만원 할인 받아 나름 만족합니
다. 디자인 깔끔하고 가벼워요. 생각보다 크기가 큰데 가벼워서 휴대성도 좋고, 집에서 사용하기에도 모니터가 커서 답답하지 않아 좋네요.","['https://shopping-phinf.pstatic.net/20210313_4/d36305a5-0637-44a2-a3d6-9de2ddc687e9.jpg?type=f287', 'https://shopping-phinf.pstatic.net/20210313_17/ceda69bd-a7a5-4b39-af5e-855429a24231.jpg?type=f287']"
21.01.30.,5,"딸아이 대학 입학 축하겸 공대생이라 노트북이 필수로 필요하기 때문에, 노트북에 대해 여러 제품을 알아보던중 엘지그램이 사전예약 사은품 행사를 하여 눈에 띄었습니다.
저는 IT업계에 종사해서 필요한 노트북을 100만원 근처 제품을 사용하다가 스펙과 함께 제공되는 사은품을 고려해볼때 매력있는 제품이라고 판단하여 큰맘먹고 질렀네요.
제품을 받아서 이것저것 테스트 해보고 사용해 본 결과 역시 돈이 좋긴 한가 봅니다. 아주 제품이 탁월하네요.
그램 답게 가볍고 디스플레이 및 음질 등이 매우 좋습니다.","['https://phinf.pstatic.net/checkout/20210130_72/1611979421059cBGFq_JPEG/review-attachment-40e33d05-1602-4a16-aef9-72b89922ec84.jpeg?type=f287', 'https://phinf.pstatic.net/checkout/20210130_299/1611979421128HISAU_JPEG/review-attachment-7c184d86-446c-43ce-94f9-18b6f1e88fbf.jpeg?type=f287', 'https://phinf.pstatic.net/checkout/20210130_113/1611979421211KLJ9O_JPEG/review-attachment-83e267ab-baa3-4572-b9c5-0be18f73a6f1.jpeg?type=f287']"
21.01.31.,5,"8년전에 다른 브랜드의 노트북을 처음 구매하고 이번에 그램으로 두번째 구매했어요. 그전에 쓰던 노트북이 무거워서 들고 다니기가 너무 어려웠어요. 이번에는 당연히 그램이라고 생각했는데 마침 2021그램 출시를 알게되어 사전예약을 해서 구매하게 되었네요. 14인치를 쓰던 터라 너무 크지는 않을까, 화면이 커지는데 무게가 무겁게 느껴지지는 않을까 고민했는데 받고 나니 다 괜한 걱정이었네요. 화면 선명도 하며 큰 화면인데 너무 가볍고 엄청나요!!! 원하는 사양 찾다보니 여기서 구매하게 되었어요. 삼에스 컴퍼니가 공식판매점이라 더 믿고 구매하고 기다렸더니 잘 도착해서 너무 기쁘네요!","['https://phinf.pstatic.net/checkout/20210131_15/1612058668407zvTOR_JPEG/review-attachment-3049dc41-f927-413a-9926-7f11a7b86343.jpeg?type=f287', 'https://phinf.pstatic.net/checkout/20210131_223/1612058668519bu0fG_JPEG/review-attachment-c6347e07-60f8-427d-90a7-5ab4d1cf9e77.jpeg?type=f287']"
21.01.27.,5,"사전예약 후에 입고가 늦어질 예정이라고 문자가 왔는데 의외로 일찍 배송이 와서 좋았습니다. 제품 파손 없이 안전하게 잘 왔습니다. 노트북 얘기를 하자면 우선 화면이 정말 크고 선명합니다. 베젤이 얇아서 더 드라마틱하게 느껴지는 것 같아요. 사실 16:10 화면비에는 별 기대가 없었는데 막상 엑셀 작업 등 업무를 해보니 이게 진짜 큰 장점이더라고요. 큰 화면에 세로 길이가 기니까 내용이 한 눈에 들어와서 확실히 작업환경이 쾌적해졌습니다. 피로감이 덜해서 너무 좋아요ㅎㅎ 개인적으로 예전 모델 그램보다 키스트로크가 깊어진 게 잘 느껴져서 타자치는 맛도 납니다. 대신 키보드 소음도 좀 더 큰 것 같아요. 키스킨을 쓰니 그렇게 문제가 되지는 않지만 굳이 비교하자면 그렇습니다. 팬소음은 안 들릴 때는 정말 조용한데 한 번씩 팬 돌아갈 때는 꽤 크게 들리네요. 그래도 이전에 쓰던 컴퓨터보다는 훨씬 조용하고 팬이 도는 빈도가 낮아요. 뭘 해도 빠릿빠릿하게 작동해서 정말 만족스럽습니다. 아직 무거운 작업은 안 해봤는데, 쾌적하게 작업할 수 있을 것 같아 기대됩니다!",['https://shopping-phinf.pstatic.net/20210128_10/c8495c8b-5fc4-48dd-b8e2-62d5ecb8099b.jpg?type=f287']
21.02.01.,5,"일단 노트북을 고를 때 중요하게 생각했던 부분이 휴대성과 높은 해상도, 배터리의 성능이었습니다. 이 모든 면을 갖춘 노트북이 LG그램16 인것 같네요.
일단 처음 노트북을 주문하고 휴대하기 불편할 정도로 큰 사이즈는 아닐까 걱정했는데 예전 노트북을 어떻게 사용했나 싶을 정도로 집중도와 몰입감을 높여주는 사이즈의 노트북이었습니다.
또한 무게도 훨씬 가벼워서 크다라는 생각이 들기보단 손쉽게 가방에 휴대하고 다닐 수 있어 좋았습니다.
해상도 또한 실제 색상과 별 차이가 없고 눈에 편안함을 주는 선명함을 느낄 수 있었습니다.
배터리의 성능은 아직 잘 모르겠지만 쭉 사용해 보면 만족할 만한 성능이라 믿고 사용해 봅니다.

불편한 점은 원래 사용하던 노트북이 작은 사이즈여서 커진 자판에 적응하는데 시간이 걸릴것 같습니다.

구매하는 분들에게 조금이나마 도움이 되었으면 합니다.",['https://phinf.pstatic.net/checkout/20210201_93/1612183021635EStSt_JPEG/review-attachment-ce4992ed-9823-44ba-a270-e0d980c9efac.jpeg?type=f287']
21.03.12.,5,"업무용으로 구입했습니다. 기존 2020 LG그램 17인치도 구매해서 사용해봤는데 매우 만족하였습니다. 이번에는 16인치를 굼해했는데 화면 크기도 없고 배젤이 너무 얇아서 좋았습니다.
장점: 가벼운 무게, 얇은배젤 , 인텔11세대 i7 고성능 CPU
단점 : 설치되어있는 사용하지 않는 LG 프로그램
이번 LG 아카데미를 통해서 사은품도 받을 수 있고 매우 좋습니다.
역시 노트북은 삼성보다 LG 인지 사용해보면 알 수 있습니다.
감사합니다.","['https://phinf.pstatic.net/checkout/20210312_56/16155156632507neUd_JPEG/review-attachment-62177739-67d6-414d-b2ab-d039afaffef7.jpeg?type=f287', 'https://phinf.pstatic.net/checkout/20210312_216/1615515663351hB1zr_JPEG/review-attachment-8153dda9-be4f-4419-a8a7-640050238bac.jpeg?type=f287', 'https://phinf.pstatic.net/checkout/20210312_26/1615515663916vaqMx_JPEG/review-attachment-44c5e6c5-e36f-4b2a-8787-a27144ddaff6.jpeg?type=f287']"
21.01.20.,5,배송이 늦어진다고 해서 걱정했는데 19일에 도착했네요 기존에 그램 사묭하였는데 업그레이드된 것 같아 좋습니다 아직 엘지로부터 사은품이 안와서 완성체가 되지는 않았지만 ~ 화면이 15와 비교해서 엄청큽니다 파일 옮기고 내일부터 본격적으로 업무에 투입해봐야 진가를 알수 있을듯 합니다 16기가니까 빅데이터 돌릴 때 잘 돌아가길 바랍니다,"['https://phinf.pstatic.net/checkout/20210120_209/1611107802723Qopw8_JPEG/review-attachment-74d71598-ca96-438a-b1bd-cceba32f7ded.jpeg?type=f287', 'https://phinf.pstatic.net/checkout/20210120_232/1611107809462FWu40_JPEG/review-attachment-f9ac3763-348b-4a1f-83b3-5037cfaa515b.jpeg?type=f287', 'https://phinf.pstatic.net/checkout/20210120_295/1611107814973l84yR_JPEG/review-attachment-4af2575c-4025-4cc9-9087-1632d645c547.jpeg?type=f287']"
21.02.25.,5,"주문하고 1달이 넘게 걸렸지만 제품 자체는 좋습니다. 디자인이나 마감도 깔끔하고 업무용으로 사용하기에 무게가 가벼워서 좋네요. 라이트한 영상 및 이미지 작업을 주로 하는데, 프리X어나 포X샵 정도 돌리기에는 문제가 없는 것 같습니다.","['https://phinf.pstatic.net/checkout/20210225_290/1614220961856npFjd_JPEG/review-attachment-7d352629-94f6-4de6-954a-1bec50f3ae16.jpeg?type=f287', 'https://phinf.pstatic.net/checkout/20210225_41/1614220961813k2LKj_JPEG/review-attachment-c2965a0e-dc99-486b-861e-6bb4e14305b0.jpeg?type=f287', 'https://phinf.pstatic.net/checkout/20210225_48/16142209618071NjUj_JPEG/review-attachment-7201d524-fbae-4dba-af3f-5b5343d9b061.jpeg?type=f287']"
21.01.21.,5,"빨라도 다음주에 받을줄 알았는데 도착해서 깜짝 놀랐어요.
5일 늦어진건 잊어버렸네요.
13인치 그램 쓰다가 16인치 보니 생각보다 크더라구요.
역시 그램. 가볍고 이뻐요.
엄청 부팅 빨라서 좋고 윈도우 기본으로 포함이라 더 좋아요.
언능 8종사은품도 신청해서 받아야겠어요.","['https://phinf.pstatic.net/checkout/20210121_120/1611210135230kMDEs_JPEG/review-attachment-7d4b28b2-d2b8-4eee-83ea-36136c1cb4e3.jpeg?type=f287', 'https://phinf.pstatic.net/checkout/20210121_119/16112101352353v2gs_JPEG/review-attachment-30c33467-5f22-4bae-9078-0be4a3147a4b.jpeg?type=f287', 'https://phinf.pstatic.net/checkout/20210121_172/1611210495111miPv0_JPEG/review-attachment-120599f4-9d97-41ea-bc5a-e9d432a5d262.jpeg?type=f287']"
21.01.26.,5,"노트북 구매를 6개월동안 망설였는데 그램을 보고나서 사전예약 마지막날인 1월3일 구매 하였고 배송지연 연락에 2월에나 만날수있을줄 알았는데 오늘 현관앞에 와있네요
박스 개봉하면서 제품 무게에 놀랐고 너무 조용해서 깜짝놀랐음 실물을 만져보고나니 '사길 정말 잘했다' 이런생각이 바로듬 구매사에트에서 광고로만 보면서 막연했던 키보드 느낌도 매우 만족함 별표 5점만점에 만족도 100점만점 플러스 ~!!","['https://phinf.pstatic.net/checkout/20210126_81/1611659872240I7Ymm_JPEG/review-attachment-efa0918f-ad39-4f31-b821-f56370dd9bea.jpeg?type=f287', 'https://phinf.pstatic.net/checkout/20210126_189/1611659872522Jm2JN_JPEG/review-attachment-b4d9bdaf-c8b6-4ab5-8472-23c53acf5996.jpeg?type=f287']"
21.02.19.,5,1월 22일에 주문하고 오늘 받았어요기다리다 몸에서 사리 나오는 줄...엄청 기다리다가 받으니 더 좋긴 한데 배송이 좀만 더 빨랐으면 하는 소망이 있네요 슨데 그건 뭐 lg 그럄이 잘 팔려서 인기가 많아 그런 거지 판매자님의 탓은 아니니 뭐 어쩔 수 없죠기다리는 동안 전화 2번 배송문의 글 2번 남겼는데 친절히 응대해 주셔서 감사합니다!!! 배송시작 카톡 받고 바로 다음날인 오늘 받았구요생각보다 훨씬 더 가볍고 화면도 깨끗하네요키스트로크도 다른 노트북보다 깊이감 느껴지구요무엇보다 노트북 속도가 우와~~마음에 드네요. 오래 잘 쓸거 같아요다른데 보다 할인 많이 받고 싸게 사서 결과적으로는 좋은 구매였네요!!! 번창하시고 새해 복 많이 받으셔요!!,"['https://shopping-phinf.pstatic.net/20210221_17/c39bb87f-d5a5-40cf-870a-50695e39b230.jpg?type=f287', 'https://shopping-phinf.pstatic.net/20210221_29/cfe1f269-59e5-42b5-b7c3-0f134c2c7ea4.jpg?type=f287']"
21.02.27.,5,지난주에 성능 좋은 노트북이 필요하여 2월1일에 부랴부랴 주문했는데 결국 다 지나고 약 1달이 걸려 이제서야 도착했네요. 어제 저녁에 발송되었다고 알림왔는데 오늘 아침에 현관앞에 딱!!! 일단 출발하면 빠르긴 하네요. 늦어서 아쉽지만 받아보니 성능이나 화면은 맘에 듭니다. 데이터 분석도 해보고 잘 사용하겠습니다.,"['https://shopping-phinf.pstatic.net/20210301_14/bc8d7ac2-5666-4872-be99-b82b76ccfe4d.jpg?type=f287', 'https://shopping-phinf.pstatic.net/20210301_3/ae1eabb8-b373-4334-a24d-bf7e024a10d7.jpg?type=f287']"
21.03.24.,5,삼성 플렉스와 비교하다가 그램으로 구매하게 되었네요. 삼성노트북과 엘지노트북을 같이 쓰고 있고 이번에 오래된 노트북을 변경하려고 비교하다가 그램으로 하게 되었네요. 삼성은 기능은 앞서가는거 같은데 사용자에게 필요한 기능이 아닌 휴대폰기능을 마구넣어 버리는듯한 개발을 하더라고요. 그러나 그램은 노트북이라는 사용자에서 필요한 부분보완을 잘이해하는듯합니다. 서론이 길어서 죄송합니다. 고장없이 오래동안 사용하길 빌어봐요.,"['https://shopping-phinf.pstatic.net/20210326_11/0f304575-159e-42f3-8c4c-751e05e698eb.jpg?type=f287', 'https://shopping-phinf.pstatic.net/20210326_21/71ca6304-7ff7-4b57-943a-a8a2f9f4cce6.jpg?type=f287']"
21.02.28.,5,처음엔 바로 받을 수 있나해서 구매했는데 생각보다 늦어졌어요 근데 막상 제품 받아보니 너무 만족스럽네요. 원래 그램 13인치 썼는데 불편함을 느껴 16인치로 구매했는데 화면 크기도 너무 만족스럽고 좋은 스펙을 할인도 많이 받아서 구매해서 진짜 대만족이에요! 오피스도 평생은 아니지만 1년 자유롭게 이용가능하고 lg 이벤트도 다 참여가능해서 진짜 더욱 대만족 지문인식도 굉장히 편하네요 작은 노트북 쓰다가 숫자키패드가 우측에도 같이 있는게 어색해서 지금은 같이 눌리고 그러지만 계속 쓰면 익숙해질 것 같아요 완전 적극추천합니다？？？？？？,['https://shopping-phinf.pstatic.net/20210302_23/61793067-58d7-46ee-b5fa-b768b567293e.jpg?type=f287']
21.02.28.,5,주문 후 약 3주정도 뒤에 16Z90P-OA76K를 받았습니다.발송 후 하루만에 배송이 왔으며 박스 자체가 엄청 가벼웠습니다.기대감을 가지고 꺼내보았습니다.완충제로 잘 포장되어 있었으며포장을 뜯고 노트북을 직접 열어보니 화면이 엄청 큰 느낌이 확 들었습니다세련 된 느낌으로 역시 LG그램은 개인적으로 화이트가 정말 좋다는 생각이 들었습니다.박스를 꺼내고 위쪽에 아주살짝 볼록 튀어 나온 부분이 있어보여서 당황했는데다행히 노트북 위쪽 보호필름이 자국이 난 것 이였습니다.필름을 벗기니 매우 깔끔하고 너무 마음에 들어서 만족 그이상이였습니다.동생은 작년 17인치 모델을 쓰고 있는데 동생 노트북인 17인치 2020lg그램보다 가볍고 화면이 더 넓직한 느낌이라 너무 마음에 들었으며 동생은 엄청 저를 부러워했습니다.동생 lg그램이랑 비교했을 때 키보드 느낌이나 터치패드 크기를 봤을 때 더 넓어지고 좋아진 느낌이 확 들었습니다.인터넷도 틀어보고 마이크로 소프트 계정도 로그인하는데화면에서 보이는 것들이 조금 더 눈에 확 와 닿는 느낌으로 선명하였습니다.디스플레이의 색감 자체가 차이가 느껴질 정도이며 정말 만족스러웠습니다.배송이 빠른편은 아니였지만 이것 제외하고는 모든게 정말 다 마음에 들었습니다.,[]
21.03.11.,5,배송은 하루만에 왔으며 그램의 모든면이 맘에 듭니다ㆍ기존에 그램을 쓰고있는데 2021년제품은 더 탄탄한 느낌에 화면도 좋고 음향도 완전 좋아요. 이온. 맥. 등 다른제품과 비교하느라 시간보내다 다들 그램그램해서 결정했는데 탁월한 선택입니다,"['https://shopping-phinf.pstatic.net/20210314_10/8d09c40e-a9e6-473f-a179-e771f1da163c.jpg?type=f287', 'https://shopping-phinf.pstatic.net/20210314_12/f826e0dd-0835-49f5-9a41-9ed165d24cd7.jpg?type=f287', 'https://shopping-phinf.pstatic.net/20210314_15/1f5f30b3-5adc-459c-bda6-17fe76e59726.jpg?type=f287']"
21.02.28.,5,"기기존 LG 13인치 노트북을 사용중에 세월에 흐름에 따라 노트북을 교체할 시기가 되어서 2021 그램을 접하게 되었고 열심히 검색한 결과 삼에스컴퍼니를 통해 다른데보다 좋은 조건으로 사전예약 마지막날 특가로 구매하게 되었음. 하지만 구매에 따른 수요를 따르지 못한 공급량에 따라 그리고 삼에스컴퍼니에 배송에서 사소한 누락으로 오랜시간을 기다리다가 드뎌 2021 그램을 만나게 되었고 기존에 13인치 그램과 비교해도 역시 성능이나 디자인 그리고 더욱 더 키보드에 불이 들어오는 편리함에 푹 빠지게 되어 열심히 아끼고 사랑해줄 요량으로 액정보호필름을 붙이다 액정이 깨져버렸음....아...아무리 밀스펙이라도 액정은 아주 아주 약한 존재였음... 설명절을 우울하게 보내고 연휴 끝나고 LG전자서비스센터에 미리 연락해 액정제고를 확보하고 교체수리 역시나 고객과실로 인한 유상수리.. 239,000원(앞 베젤은 미안내로 인한 무상교체) 아마도 전국에서 첫번째 액정교체사례가 아닐까 생각이 듬.. (그램 사용자 여러분 액정은 소중히 다루셔야 합니다.ㅎㅎㅎ 여러가지 조심해야 할점이 있음. 예를 들면 액정부분만 들고 이동금지, 키보드 위에 이어폰같은 다른 물건 놓고 노트북 덮지 않기, 액정부분에 충격금지 등....아주 조심조심 다루어야 합니다.ㅋㅋㅋ) 애시당초 삼송에 노트북 신제품출시와 겹쳐졌지만 삼송에 사악한 가격과 그램보다 떨어지는 스펙에 역시나 가성비 갑인 그램을 선택했고 아울러 사전예약에 따른 각종 사은품과 인텔 사은품 그리고 삼에스컴퍼니에 이벤트등을 고려할때 코로나로 인한 우울함을 달래줄 근간에 최고에 구매였음..... 아주 좋은 걸 말로 다 표현할 수 없음(단, 액정깨지는 일만 아니였음 더 기분이 좋았겠지만. 이 또한 경험이니 조심해야 겠음.) 다른 사람들이 추천하라고 하면 적극추천 추천 추천.....",[]
21.01.26.,5,"1월1일 예약주문한 LG 그램 2021 16인치 모델을
드뎌 오늘 받았습니다. 4년만에 노트북을 바꾸게 되서 삼성노트북과 정말 많은 비교를 한 끝에 결정을 했습니다.
기다림이 지쳐갈 즈음에, 갑작스런 주문취소 문자와 메일을 받고서 엄청난 실망과 황당함에 확인 끝에
주문을 되살려서 처리가 되어서 천만 다행입니다.
퇴근 하고 집에오니 떡하니 박스가 놓여 있기에 직감을 했죠..
드디어 왔구나...
받자마자 개봉하고, 필요한 기본 프로그램을 막 마무리 하고 시계를 보니 11시가 다 되어 가네요.
긴 기다림이였지만 역시 좋네요..
이쁘고, 성능도 대만족입니다.

이전에 사용하던 노트북과 비교도 해보고.. 자판에 숫자키가 너무 편하네요..
자 이제 룰루랄라...",[]
21.03.05.,5,이번 신학기 노트북을 알아보던중에 LG그램 16인치가 화면 비율이 좋다고해서 구입했는데 생각보다 더 좋고 가벼워서 너무 만족합니다. 배송 지연 안내문이 있어서 3월말에 받는줄 알았는데 14일만에 수령했습니다! 가격도 합리적이고 품질도 좋아서 다음에 그램 구입할때도 여기서 구입해야겠어요! 좋은 상품 감사합니다!,"['https://shopping-phinf.pstatic.net/20210307_7/ccc57dcb-466b-42cb-91db-964a535a1d19.jpg?type=f287', 'https://shopping-phinf.pstatic.net/20210307_20/89cf4225-faf6-4dca-a362-07db78e8bf32.jpg?type=f287']"
21.01.29.,4,예상했던 배송날짜보다는 빨라서 좋았고 며칠 사용해 보니 확실히 이전 모델에 비해 트랙패드가 커서 사용하기가 좋네요. 화면이 크고 가벼워서 좋긴 한데 그에 비해 가격이 너무 비싸서 구매에 고민이 좀 있었으나 막상 사용해 보니 가격 생각은 잘 안 들고 사전예약 사은품도 많이 챙겨주는 거 같아 나름 만족하면서 사용하고 있네요. 단점이라면 키보드 발열이 좀 많이 느껴지고 게임을 돌리는 것도 아닌데 인터넷 할 때 가끔 팬 돌아가는 소리가 거슬리네요. 그 외에도 좀 있지만 이런 거만 빼면 만족스럽습니다.,['https://shopping-phinf.pstatic.net/20210131_8/65831cdd-fff2-41c5-adff-f26eb94908f4.jpg?type=f287']
21.01.29.,5,"10여년전 그램이 14인치로 처음 출시될때 구입하여 현재까지 사용하였는데, 발열 등 일부 불안정한 면이 있었지만 큰 이상없이 잘 버텨준거에 감사하며 이번에 16인치 새로 구매하였습니다. 사전예약후 배송이 많이 늦어질까 걱정했는데 생각보다 빨리 보내주셔서 감사하구요. 처음 받았을때 윈도우가 깔려 있었는데도 계정 설정하고 이것저것 조금 버벅대긴 했지만, 잘 사용하고 있습니다. 크기 대비 화면비율 훌륭하고 큰 무리없이 잘 사용하고 있습니다. 발열도 살짝 있는듯하지만 이전 모델보다 많이 좋아진것같구요 앞으로 아무쪼록 큰 무리없이 잘 사용할수 있었으면 좋겠네요. 사기전 17인치와 16인치 사이에서 고민을 많이 했는데, 아무래도 16인치 신모델이 여러모로 완성도가 높아보여서 최종 결정하였는데 16인치 만족하고 있습니다.",[]
21.01.27.,4,"예약판매하고 주문했는데, 배송일이 1월10 일부터라고 주문은 했지만,, 이제서야 배송이 되었네요,,ㅠ 1월19일 해외출장이라 가지고 가려고 했는데, 아쉽게도 배송이 늦어 다른제품 들고갔네요,,, 제품이야 당연히 이상없겠죠,,? 배송이 문제인지, lg전자가 제품출고지연이 문제인지 모르겠지만, 요즘 lg제품이 배송이 많이 늦네요,, 노트북 뿐만이 아니라,,, 하여튼,, 제품은 받았구요,, 특별히 문제는 없겠지요,, 그램만 작년 2대 17"",15"", 올해 1대 16"" 3대 째네요,,, 잘사용하겠습니다,,,","['https://shopping-phinf.pstatic.net/20210129_15/eb235471-0277-4737-adb7-a7306ed991f3.jpg?type=f287', 'https://shopping-phinf.pstatic.net/20210129_24/cb70a1f1-9084-4110-84cb-d1b4b8f092b7.jpg?type=f287', 'https://shopping-phinf.pstatic.net/20210129_8/8cba562f-1460-4adc-aae9-b3aa08ebd4d1.jpg?type=f287']"
21.03.02.,4,"1. 배송
1월 31일 구매
3월 2일에 받았습니다
거의 한달만에 받았습니다.

2. 디자인 무게
항상 노트북 살때마다 14인치를 사서 그런지 진짜 큰느낌입니다.
무게도 그렇게 가볍지 않아요
근데 디자인은 진짜 이쁘고 좋습니다.

3. 키보드
키보드는 자판 누를때 소리가 조금 크네요 특히 스페이스 누를때 소리가 왜이렇게 큰거죠??
원래 삼성 이온이랑 고민하다가 이온은 키보드의 키감이 이상하다고 해서 그램으로 선택했는데....
조금 아쉽네요

그리고 상판이 조금 많이 흔들리는거 같아요",['https://phinf.pstatic.net/checkout/20210302_147/1614676731498e8sxv_JPEG/review-attachment-df1f2d75-7fa0-4544-a0ee-55678a4fb500.jpeg?type=f287']
21.02.01.,5,"2011년 3월 26일 LG 노트북 XNOTE를 사서 쓴 지 거의 10년 만에 노트북을 샀습니다. 10년 동안 배터리와 SSD 하드디스크로 교체한 것 외에 큰 고장없이 잘 써서 이번에도 당연히 LG 노트북을 샀습니다. 그것도 한꺼번에 3대 나, 마누라, 아들 것까지. 메모리가 on board로 되어 업그레이드를 할 수 없어 16GB 최고 사양을 산 것은 XNOTE 같이 10년을 쓰고 싶어서 입니다. XNOTE와 비교할 수 없이 가볍고 시원하고 선명한 화면은 더 이상 바랄 것이 없다. 결제카드 한도가 초과되어 조카 녀석에게부탁해 구입하는 우여곡절 끝에 손에 넣은 어쩌면 내 인생의 마지막 노트북 그램. 81년 대학 신입생 때 처음 신었던 구두처럼 설렌다",[]
21.03.06.,5,제품이 없어서 배송이 좀 늦어졌지만 다른 문제없이 제품 잘 받았습니다. 이제 대학새내기가 되는 아이가 갖고 싶다고 하여 입학선물로 사주었는데 좋아하더라구요. 비대면수업이 많이 이루어 지는지라 요즘 노트북으로 화상수업을 하며 사용하는데불편한 점없이 잘 사용하고 있다고 하네요. 좋은 제품 감사합니다^^,"['https://shopping-phinf.pstatic.net/20210308_29/540d9e97-6269-4bfd-af44-38b11d1ad57a.jpg?type=f287', 'https://shopping-phinf.pstatic.net/20210308_3/b566ceec-6c75-42e9-a6e8-16060ec5488c.jpg?type=f287']"
21.01.27.,4,"위메프 취소사태가 있긴 했지만 판매자분들의 발빠른 대처와 LG와의 협업(?)으로 무사히 그램을 받았습니다.(1/3 주문 1/26 수령)
사은품 신청은 했는데 아직 배송은 안되서 잘 모르겠지만 판매자분과 LG믿고 무사히 잘 도착하리라 믿습니다.^^
확실히 경량노트북에서 그램은 따라오지는 못하네요. 엄청 가볍습니다.
다만 경량화에 신경쓰다보니 내구성이 좋아보이진 않습니다. 조금만 힘줘서 누르면 꾹꾹들어가는 거 같아서... 조금 무서워요. 일부러 누를 때만 그런게 아니고 노트북 쥘때마다 약간 신경쓰이는 느낌?
그리고 겉에가 무광인데 좀 고급진 무광이아니라 코팅이 아예 안된 A4용지 느낌의 무광이라 오히려 싼티?나는거 같아요. 외부필름 붙여야할 거 같아요...
이전에 구형 맥북이랑 델 xps 써보고 넘어왔는데 확실히 경량적인 면에서는 넘사벽이지만 전체적인 마감이나 내구성은 너무 아쉽네요..
노트북 들고 이동하는 일이 잦지 않거나, 주로 자가용으로 이동하시는 편이면 그램을 고려하지 않으셔도 될 것 같습니다.ㅠ",[]
21.03.05.,4,너무나 유명한 노트북 엘지 그램! 지금껏 다른 회사 노트북을 쓰다가 처음으로 엘지 노트북을 써봐요. 배송이 거의 한 달 가까이 걸려서 걱정했지만 무사히 잘 도착했으니 다행입니다. 포장도 꼼꼼하고 노트북은 역시나 가볍네요. 기대했던 것 만큼이고 실망스러운 부분이 아직까지는 없어요. 너무 하얀색이라서 쓰기 조금 부담스럽긴 하지만 역시 하얀색이라서 화사해보이고 예쁜 것 같아요. 오래오래 잘 쓰고 싶네요.,['https://shopping-phinf.pstatic.net/20210306_6/d5d317c8-c097-43bd-895e-8311ef4b3726.jpg?type=f287']
21.03.04.,5,2월중순에 구입해서 오늘 받았습니다. 3월 중순쯤 받을 각오를 하고 있었는데 생각 보다 일찍 왔네요 조카 입학 선물이라 빨리 오길 바랬는데 오늘 와서 너무 반갑더라고요 받자 마자 세팅해 주고 오피스365도 한글팩 받아서 깔아주고 셋팅 마무리 했네요 같이 보내 주신 파우치도 고급스럽네요 이벤트 사은품 신청하느라 LG가입도 하고 삼에스도 가입했네요 오피스팩 오면 한글 깔아주고 마무리 해야 겠습니다 잘 사용 하겠습니다 감사합니다,"['https://shopping-phinf.pstatic.net/20210306_26/d284586f-2afd-4054-a53d-9c9574b22e5a.jpg?type=f287', 'https://shopping-phinf.pstatic.net/20210306_11/e2b457bd-fddb-4526-8869-d8637182a2c9.jpg?type=f287']"
21.01.22.,5,"이번이 그램시리즈 개인용 및 업무용으로 3회째 구매인데 매번 만족합니다.
특히 이번에 출시된 16인치는 기존 15인치보다 작게 느껴질 정도도 사이즈면에서 월등하더라고요 물론 기능은 당연히 좋고요. 앞으로도 주변에서 노트북 문의를 하면 그램으로 추천할 예정입니다.","['https://phinf.pstatic.net/checkout/20210122_208/1611282545382U5WJH_JPEG/review-attachment-5fc37027-9080-4105-882e-f0fdecb41bab.jpeg?type=f287', 'https://phinf.pstatic.net/checkout/20210122_183/1611282545630O5jTp_JPEG/review-attachment-25e05f59-0963-44b1-8b67-11d39836a438.jpeg?type=f287']"
21.02.02.,5,오늘 드디어 그램노트북을 받았습니다. 1월2일에 주문하고 2월2일 받았으니 배송은 한참 걸리긴 했지만 중간중간 배송이 늦어진다고 미리 양해의 말씀을 해주셔서 믿고 기다렸습니다. 많은 사람들이 한꺼번에 주문을 한거면 정말 인기가 좋았던게 맞네요. 택배상자를 들고 방으로 오는데 박스가 너무 가벼워서 너무 놀랬어요. 상품이 잘못 배송된 건가싶어서 열어 봤더니 뽁뽁이에 꼼꼼하게 포장되어 요녀석 안전하게 들어 있었어요. 아들대학 입학 기념으로 해준 깜짝선물인데 아들도 엄청 좋아하고 있습니다. 검정색으로 하려다가 시그니처 색인 흰색으로 결정했는데 깔끔하고 세련된 느낌이 정말 맘에 듭니다. 자판도 한 눈에 잘 들어오고 터치감도 훌륭합니다. 엘지광고에서 지금껏 듣지도 보지도 못했던 물건이라더니 화면크고 얇고 가볍고... 늘 삼성노트북을 이용한 한 사람으로 이번 엘지노트북 선택은 탁월한 선택이었습니다~^^,[]
21.01.21.,4,"LG 그램16 고민 끝에 구매했습니다.수능 끝나고 첫 노트북으로 구매한거라 고민이 많았는데 역시 그램 사기를 잘했습니다! 주변에서도 노트북은 그램이라는 소리도 많고, 그램 노트북을 쓰는 친구들도 많아서 결국 그램으로 산건데..강추입니다! 완전 정말 그램이라는 이름처럼 한손으로 들어도 정말 가볍습니다. 16인치 노트북 중에서 가벼운걸로 기네스 북에 올랐다고하니...말 다 했죠. 그리고 흰색 디자인이 깔끔하니 정말 예쁩니다. 앞으로 대학생활할 때 잘 활용할 수 있을것 같네요~밑에 구멍도 많이 뚫려있어서 민감할 수 있는 발열 문제도 개선하려는 흔적도 보입니다. 성능면에서도 웬만한 프로그램 다 무리없이 잘 돌아갑니다. 노트북은 역시 그램이 최고인것 같네요~훌륭합니다",[]
21.02.27.,5,드디어 기다리고 기다리던 노트북이 도착했습니다. 기존에 쓰던 노트북은 삼성이었고 구매한지 오래되어 그램16을 받으니 확실히 새롭고 좋은 느낌이 듭니다. 새 제품이라 그런지 키감이 상대적으로 덜 부드럽지만 역시 디스플레이가 유명한 만큼 매우 크고 선명해서 너무 좋아요! 문서 작업하기에도 매우 편할 것 같네요. 비록 입고 문제로 받기까지 꽤 많은 시간이 걸렸지만 우선 받았으니까요!! 정말 만족스럽습니다. 앞으로 더 사용해보면 또 다른 장단점이 더 생기겠지만 그래도 우선 잘 쓰겠습니다~,[]
21.01.31.,5,"새로 구입한 LG 전자 그램 16의 후기 입니다.
장점:
1. 화면이 선명하고 크다.
2. 속도가 엄청 빠르다
3. 매우 가볍다.
4. 노트북 색상이 미려하다.
5. 장시간 사용가능한 배터리
단점
1. 플라스틱 재질의 커버
2. 소음 (중간 중간에 쉬잉 소리남)
3. 높이(두께)가 생각보다 두꺼워서 가방에 넣을때 공간을 차지 할 듯.
4. 충전기가 의외로 상당히 무겁다. (여행이나 출장시 충전기 들고 다닐때 고려사항이 될듯. 참고하세요.)
장단점이 있지만 앞으로 4-5년간은 무리없이 잘 사용할 수 있을 듯 합니다.",[]
21.01.27.,5,"중간에 우여곡절도 있었고 1월 2일에 예약하고 27일에 받다 보니 오매불망 기다렸지만!!
배송도 밤 8시가 넘어 도착했지만!!

진짜 넘넘 만족스럽습니다 ㅠㅠㅠ
우선 모니터 크기 무엇.. 해상도 무엇.. 엘지가 여기에 모든 걸 갈아넣었다는생각이 들더군요 ^^

금액은 210만원대라 비싸긴 하지만, 한 번 쓰는 거 좋은 거 쓰자는 생각에 최고 사양으로 구매했습니다.
오래오래 제 작업들을 원활하게 해주어 금액만큼 가치를 해주었으면 좋겠네요!

무려 약 6년간 저와 함께하며 고생했던 2015그램과도 비교 샷 한번 찍었습니다!
교환학생 다니면서 막 다뤄도 멀쩡했던 노트북인데, 이번 그램도 오래오래 잘 사용할 수 있으면 좋겠네요 ^_^!

다행히 양품이 걸릴 것 같아 안심하고 쓰겠습니다!",[]
21.02.02.,5,"구매한 게 자동취소 돼서 식겁했지만 담당자분이 발 빠르게 잘 처리해주셔서 노트북 무사히 받았습니다. 노트북 받자마자 윈도우 업데이트 해주고 웹서핑 했는데 화면이 큼직해서 좋네요. 기존에 13, 14인치 노트북 썼을 때는 숫자키가 없어서 불편했는데 그램16은 숫자 키가 붙어 있어서 타이핑 할 때도 편리합니다. 초고해상도 16:10 비율로 영화 감상에 최적화되어 있어서 코로나시대에 영화관 못가는 아쉬움을 그램16으로 달래는 중입니다. 가격이 조금 쎄서 고민했는데 가격 이상의 만족감을 줘서 구매 잘 했다 싶네요. 설 명절 앞두고 가족 노트북 선물 하실거면 그램16으로 추천드립니다.",[]
21.03.13.,4,lg그램 나의첫노트북 소음이 적네요 화질생각이상으로 좋습니다과친구들보다 인치를좀?높였는데 잘한거같습니다길게써보지않아 수업정도만 한두번 정도들은상태고 프로그램을 설치전이라 기대가 우선큼니다비용이 다른노트북에 비해비싸지만 지금까지선택은 잘한듯 앞으로 사용될프로그램 운영까지 잘됨 대박이겠죠 대학 졸업시까지 잘쓸거같습니다ssd 1tb추가로 용량까지늘려 만족 단점은 짐까진 써본후 ? 우선새제품이고 고민끝에 구매제품이라 장점만 고이네요 많이파세요~,[]
21.01.19.,5,"배송이 1월 22일 이후라는 문자 받고 배송이 많이 늦어질줄 알았는데, 생각보다 4일 정도 빨리 배송되어 다행입니다. 엘지그램 17을 사용하고 있는데, 이번 엘지 그램 16 사이즈와 화이트 색상 넘 마음에 들고, 성능, 8종 사은품 기대 됩니다.^^ 가격은 소비자가격보다 많이 저렴하게 구매한거 같아요^^","['https://shopping-phinf.pstatic.net/20210121_6/2188c72b-a603-43d7-9055-6cbbb5f3e277.jpg?type=f287', 'https://shopping-phinf.pstatic.net/20210121_19/3fc8a4f8-95bd-47d4-a621-d347de420332.jpg?type=f287', 'https://shopping-phinf.pstatic.net/20210121_29/ad55f116-8612-476f-92c6-99fd3ee198f5.jpg?type=f287']"
21.01.20.,4,노트북 받았을 때 포장이 꼼꼼하게 되어있어 기스 없는 게 마음에 들어요. 베젤이 좁아서 화면이 크고 색상이 흰색이라 깔끔해 보이네요. 노트북이 가벼워 가지고 다니기에도 편하고 손목에도 무리가 많이 가지 않을 것 같아요. 처음에 전원 버튼이 지문인식 기능도 겸하는 것을 몰라 조금 헤매기는 했지만 노트북을 켤때마다 pin을 치지 않아도 간편하게 로그인할 수 있다는 점이 편한 것 같다고 생각해요. 프로그램이 금방 실행되는 것도 그렇고 빠릿빠릿하게 켜지는 것도 좋아요. 노트북을 새로 사면서 많이 기대했는데 기대 이상이라 좋네요.,[]
21.02.03.,5,"주문한지 정말 한달만에 택배문자받고 바로 무인택배로 뛰어가서 가져와서 제품 개봉박두 판매자님께서 뽁뽁이로 여러차례 꼼꼼히 포장해서 보내주셔서 파손은 없는것 같아요 재택근무로 기존 노트북 15인 업무를 보다가 엘지그램으로 프로그램 설치하고 사용하는데 화면도 크고 화질은 삼성노트북보다 밝다는 느낌을 받고 음량, 키보드 터치감도 전 괜찮은것 같고 우선 속도빠르고 소음이 없어서 현재는 대만족합니다. 배송지연으로 고민을 많이 했는데 구매후기 만족도 보구 기다렸는데 잘 한것 같습니다. 엘지노트북은 처음사용 만족감은 좋네요. 가볍워서 휴대성에 좋을것같고 터치패드부분도 넓어서 사용감이 편하고 만족만족합니다. 좋은상품구매해서 판매자님께 감사드려요",[]
21.01.24.,5,"노트북을 처음 써보고 사봐서 사전예약하면서 너무 설렜어요 이번에 나온 2021그램이 많이 바뀐점들이 모두 맘에들었습니다
사실 큰화면을 좋아해서 17과 고민했었는데 16도 나쁘지않구 진짜 무거운 노트북을 휴대하기엔 16이 모든면에서 제격인것 같아요!!
노트북을 산다면 좋은사양으로 그램을 강력추천하고싶습니다^^
첨에 계정로그인인가를 해야해서 조금 해맸지만 잘해결하였습니다! 전화번호를 안쓴..ㅠㅠ
업데이트를 하느라고 다시시작도 몇번하다보니 이제 다 완료가 되서 잘사용하고있습니다!! 지문인식도되고 카메라화질도 좋아 재택근무나 회의 하시는분들 강추합니다!!",[]
21.02.05.,5,"1월 3일에 사전예약 막차른 타고 구입했는데,,
왠걸?
배송 지연 문자가 두번이나 오고 결국 2원 중순경에 온다는 말에 좌절했지만,, 드뎌 그램 16을 받아봤습니다.
먼저 가장 놀랐던거는 무게! 이거 노트북 맞아? 라고 할 정도의 가벼움으로 놀랐고, 두번째는 역시 때깔 좋은 외관이 저를 사로잡았습니다.
지금 이리저리 프로그램 설치하고 만지고 있는데 키보드 상판이 무척 뜨거워 차가운 제 손을 따뜻하게 만들어주네요ㅠ",[]
21.01.22.,5,오늘 드디어 직접 노트북을 받으러 갔다1월2일 예약 주문하고 원래 12일부터 배송이라고 기대했지만 지연되어 22일 오늘에야 받게 되었다.노트북이 생각보다는 가볍다는 것을 못느낀다 ipad를 사용하다보니 그런거 같다.어쨌든 가볍다.. 그리고 지문로그인은 첨 사용해보는데 넘 편하다.화면도 너무 생각보다 크게 보여서 그냥 글자 폰트를 좀 키워서 사용해볼까 한다.다만 키보드 표면의 느낌이 플라스틱 느낌이라 좀 아쉬운거 같다.개봉부분 영상도 찍어 유투브에 올려 볼예정이다.200만원 넘는 노트북이라.. 지금부터 기대가 된다..,[]
21.03.07.,5,이번에 새로 산 그램 16 화면 크기고 적당하고 가격도 괜찮아 보여서 샀습니다. 사운드도 좋고 인터넷도 빨라서 너무 좋습니다. 무엇보다 가벼워서 들고 다니기에 너무 편합니다.주문하고 받는데 2주가 조금 넘게 걸렸지만 기다린 보람이 있는 것 같네요. 감사합니다.,['https://shopping-phinf.pstatic.net/20210309_4/4b07f837-56f2-40d1-9d7c-0d922413c3c4.jpg?type=f287']
21.01.29.,5,"예약 구매 특성상 배송이 다소 느리긴 했지만 물건은 건강하게? 잘 도착 했습니다.
스타크래프트 하려고 구매 했는데..너무 쌩쌩 잘돌아 갑니다. 게임용이라서 무슨게임까지 돌아 가는지 해볼려구요.
노트북을 어차피 10년? 이상 쓸꺼라고 그냥 최고사향으로 구입했습니다. 강력추천 드립니다.
윈도우가 기본 탑제되어 너무 좋습니다. 여러분 과거 사용했던 그램 15인치랑 비교 했는데....
대박 16인치가 15인치보다 더 작음 꼭 구매해서 여러분도 느껴 보세요~
저 고민 많이 했는데. 답은 정해져 있습니다. i7 16인치 윈도우 탑제 제품으로 구매 강추 합니다",[]
21.02.03.,5,"2월중순까지 각오했는데, 생각보다는 빨리 받게되어서 기쁘네요 ㅎㅎ 비록 조금 지연되었지만, 판매자분이 빠른 피드백으로 안심하고 기다릴 수 있었어요. 입고가 지연되어 노심초사하셨을텐데 감사합니다. 원래는 13인치를 사용했는데 사이즈가 작다보니 너무 답답해서, 업무용으로 2020 17그램을 구매했었습니다. 그런데 17인치는 제가 사용하는 가방에 넣기에는 너무 커서 거의 사용을 못하고 있었어요. (노트북에 맞추자니 가방 크기가 커져야해서 부담스러웠거든요.)그런데 이번에 엘지에서 16그램이 출시된다는 소식을 듣게되어 너무 기뻤습니다. 다행히 16그램은 제가 사용하는 일반적인 사이즈의 가방에 잘 들어가네요. 드디어 제가 원하던!! 노트북이에요!! 그래서 매우 잘 사용할 수 있을것 같아 행복합니다.",[]
21.03.03.,5,그램16 16z90p-ga76k 2대 착한 가격에 잘 샀어요. 매우 가볍다는 점이 최대 장점이에요. 디자인도 이쁩니다. 16인치 화면크기도 크지도 작지도 않아 적당해요. 사운드 최대치가 생각보다 높지 않아요. 발열문제는 더 사용해봐야 알 수 있을 것 같아요.기대되요.,['https://shopping-phinf.pstatic.net/20210305_21/89672a3d-4c2f-414d-b5a1-7c1c187cf95b.jpg?type=f287']
21.02.27.,5,"가볍고 사용하기 편리해요
배송을 좀 오래 기다려서 중간에 취소하고 다른거 구매 고민도 했지만 받아보니 기다리길 잘했다는 생각이 들어요!
문서작업도 하는데 키보드 때문에 더 그램 고른거였는데 정말 만족스럽습니다 추천해요!",['https://phinf.pstatic.net/checkout/20210227_247/16143924768586LEKV_JPEG/review-attachment-5977e8eb-92e9-42c3-8635-7e1adb90c799.jpeg?type=f287']
21.03.23.,5,"가성비와 무게를 놓고 고민을 많이 하다가 결국 가벼운걸 포기할 수 없어 그램을 선택했습니다. 기존에도 그램을 쓰고 있었는데, 용량이 작아 이번엔 가장 크고 좋은 사양으로 구입했구요. 윈도우도 깔려있어 어려움 없이 잘 쓰고 있습니다. 판매자분이 언제 배송되는지 문자로 인폼 주셔서 배송지도 수월하게 변경했습니다.",['https://shopping-phinf.pstatic.net/20210325_17/0c371494-0138-4879-827f-c84e622ddb0c.jpg?type=f287']
21.02.22.,5,"좋은 물건이다 보니 구매가 몰렸는지 발송이 많이 늦었다. 제품은 매우 맘에 든다.가볍고 빠르고 화면 크고.... 게다가 USB-C 충전, 지문인식까지 지원...색깔도 고급스럽다. 사은품은 좀 번거럽지만 LG 해당 사이트에 회원 가업하고신청하면 1주이내 배송해 준다고 합니다.....",['https://shopping-phinf.pstatic.net/20210224_1/156720af-1c59-48dd-9864-fc67fa587300.jpg?type=f287']
21.02.03.,5,기다리고기다리던 그램16 16Z90P-GA76K가왔어요...문자로 2월중순쯤에 받을수있다하여 기대를안하고 기다렸는데 상품입고가 빨리되었는지 2월초에 도착예정이라고 택배문자를 받아 엄청기분이좋았네요..ㅋㅋㅋ 성능이야 화질도 아주만족스럽고 속도는 물론이와 무게도 아주가벼워완전만족합니다.전에 쓰던것도 엘지노트북이였는데 년식이오래되어(14년도구입)노트북알아보던중 그램신제품이나온다하여 사전예약구매로 샀는데 아주만족스럽습니다.색상 블랙와 화이트 엄청고민했는데 블랙도예뻤지만 주변사람들이 화이트가 더괜찮다하여 화이트로 구입했습니다.앞으로 10년까지쓸지모르겠지만 오래잘사용할것같아요.,[]
21.01.20.,5,"우선 가볍습니다. 그램이라면 당연히 가벼운거 아니냐 하실수 있지만 전작보다도 가볍습니다.
그리고 화면해상도가 너무 좋습니다. 넓게 볼 수있어서 모니터도 좋은거 장만해서 쓰니 최고입니다.
무엇보다 디자인 최고입니다.
사양도 최고입니다.
배송이 살짝 오래걸리지 아니할까 해서 걱정됐는데 출시한 후 최대한 빨리 온것 같습니다. 회사에 다른 브랜드 노트북이 있는데 말썽을 일으켜서 그램16으로 교체할까 고민중에 있습니다.
정말 강추합니다!!",['https://phinf.pstatic.net/checkout/20210120_225/16111330347495ktB2_JPEG/review-attachment-6e358654-6378-4926-9d33-42671976a7db.jpeg?type=f287']
21.01.20.,5,드디어 받았네요.그램21년형 아내 선물로 샀는데 주문한지 거의 한달만에 받았네요. 배송이 느려진것 빼곤 다 만족합니다. 화면도 커서 인강이나 작업할때 너무 보기 좋아요. 특히 저같은 컴맹에게는 윈도우가 깔려서 온 것이 너무 좋아요.우선 기존의 것보다 확실히 속도가 빠르고 좋아요.순식간에 부팅되고 바로 사용가능하고요.그리고 앞에서 언급했듯이 화면이 갑입니다.대화면으로 인강이나 작업시 눈 안아프고 수월하게 작업할 수 있어서 좋아요.,[]
21.01.21.,5,선 구매 예약후 발송일자가 늦춰져 마음을 내려놓고 있었는데 예상일보다 빨리 도착했네요. 기존에 쓰던 게 LG 울트라 PC i7 이라 속도는 모르겠지만 일단 화질은 엄청 좋네요~^^ 게다가 가볍기까지... 이제는 가지고 다녀도 될 듯 하네요. 확장 슬롯이 하나 더 있어서 자료 저장도 용이해 선택했네요. 프로그램 설치 마무리해서 사용해보면 알겠지만 일단은 매우 만족합니다. 예상보다 빨리 보내줘서 감사합니다~^^,[]
21.02.19.,5,"작년 말에 노트북 사려고 했는데, 레버노란 회사의 요가7이라는 이보 플랫폼이 장착된 신형이 나왔더라고요. 그걸로 살까 하다가 신년에 그램 이보 플랫폼이 탑재된 신형 나올 것 같아서 기다렸어요. 아무래도 노트북 자체가 비싸다 보니 as가 잘 되는 곳이 좋을 것 같아 lg전자의 그램으로 선택했습니다. 노트북 디자인 자체도 깔끔하고 부팅도 빠르고 무엇보다 가볍고 정말 좋습니다. 역시 기다렸다 사길 잘 했다 싶습니다.",[]
21.01.19.,5,드뎌 기대하건 lg신제품 그램 넘 가볍고 대화면에 기분좋은 제품^^ 배송까진 약 한달^^ 하지만 사전예약후 기간이라 기다리는데도 지루하지 않았어요^^ 포장상태 양호하고 사전예약사은품은 바로 엘지전자 홈페이지에 신청완료 일주일내에 발송한다고 했으니 일주일만 기다리면 완전체가 되겠죠?? 이제부터 사용해보고 좋은점을 몸으로 느껴보아야 겠어요^^ 아참 추가로 주문한 UFS 카드가 안왔어요 ㅜㅜ 그래서 전화로 문의했더니 남성직원분이 전화받고 확인후 전화주시고 바로 다음날 배송완료^^ 나중에 포토사은품하고 같이주셔도 되는데 ㅜㅜ 암튼 실수는 할수있다고 생각해서 오기만 하면 된다생각했는데 바로 보내주셔서 더욱 믿음이가고 감사한마음입니다 ^^ 하나 건의사항이있다면 포토감상평 쓰는곳 찾는데 오래걸렸어요 ㅜㅜ 힝크가 안되서 일일이 찾아가는데 좀어려웠어요 그래도 그것도 클리어^^ 많이파세요^^,[]
21.01.23.,5,"드디어 오늘 받았어요. 예약 구매후 정말 기대하며 받자마자 개봉 영상 올려요. 가볍고, 화면도 크고, 흰색으로 선택했더니 깔끔하네요.무엇보다 가볍고 얇은데 화면 크고 한 손으로 들어도 가벼워서 만족합니다. 윈도우도 설치되어 있어 완전 편해요. Lg virtoo 서비스를 이용하여 휴대폰과 연동하여 더 편리하고 간단하게 데스크탑 환경을 조성할 수 있어요. 화질도 좋아서 눈이 편안하네요.",[]
21.02.20.,5,"1월15일에 주문했는데, 2월20일에 도착했으니 한달하고 5일 걸렸네여. 명절전에 도착했으면 했지만, 기다림 끝에 받았는데 성능과 깔끔한 외관에 마음이 눈녹듯 풀려버렸네요. 아들 입학선물인데 아주 맘에 들어하네요. 잘 쓰겠습니다. ^^",['https://shopping-phinf.pstatic.net/20210222_19/250ad4b4-5360-47b9-aa72-4659e585730d.jpg?type=f287']
21.01.26.,5,2021년에 졸업을 하면서 삼촌께 LG노트북 그램 16을 선물로 받았어요!원래 쓰던 노트북은 낡기도 낡았지만 너무 무거워서 들고 다니질 못했거든요ㅜㅠ근데 이건 진짜 정말로 가볍고 깔끔해요.화면도 큰데 그 큰 화면에 비해 정말 가볍고 가방에도 쏙 들어가다보니까 졸업내내 옆구리에 끼고 다니게 생겼어요ㅋㅋㅋ그리구 평소에 게임하는걸 좋아하는데 롤 정도는 몇판 돌려도 렉 걸리는것도 없고 화질도 완전 빠아아안해서 영상 시청도 문제 없어요! 완전 행복하다 이말입니다!!!아부지가 자꾸 뺏어쓸라해서 고민이에？Dㅋㅋㅋㅋ다들 LG노트북 그램16 사시고 광명 찾으세요!!,[]
21.03.13.,5,드디어 그램16을 구입했다2021.03.01 구입해 2021.03.26일 발송예정 이라고 했었는데2021.03.11일 CJ대한통운 택배를 통해서 안전하게(박스 외관 좋고 외관 안쪽 노트북 박스도 안전하게 ？？쳄肩？ 여러번 감싸서 안전하게 도착(받음)했다 ~~~※※ 오피스365 비포함 모델(16Z90P-GA76K 오피스무) 구입했는데 10일 삼에스(판매처)전화와 구입모델과 같고 오피스365 탑제 되어있는 모델(16Z90P-OA76K 오피스유)어떠냐고 ？堅藪？ 일단오케했죠 그랬더니 11일 받게 되었습니다 ※※11일 윈도우 활성화 하고(계정등록) 와이파이잡고(등록) 불루투스 마우스연결 하고 오늘(12일)마이크로 소포트 전화해 이전 컴퓨터의 오피스2016(영구사용버전)재 설치하고 오피스365 제거하고 ~~~ 백신프로그램 설치(백신중복 하나만 사용하는게 좋다고 멧세지뜸)그리고 엘지전자에 사은품신청 하고 이제 어여쁘게 잘 섀용하는일만 남았음◇ 부팅속도 빠르고 소음적고 화질짱 입니다,[]
21.01.23.,5,대학원 입학 선물로 받았는데 대학원 합격했던 마음과 똑같이 노트북 선물이 너무 좋아요ㅎㅎㅎ대학생 때 쓰던 무거운 벽돌 노트북에서 벗어나서 드디어 가벼운 노트북을 갖게 되었는데 역시 너무 좋네요. 그램 16 선물 받았다고 동네방네 소문냈어요!!! 하얀색이 너무 예쁘고 가볍고 화면도 크고 모든 것이 좋은 장점 덩어리예요~ 그램과 함께라면 공부가 잘돼서 똑쟁이가 될 것만 같은 기분이에요. 그램 16이랑 사랑에 퐁당 빠져버렸네요:),[]
21.02.10.,5,"주문하고 기대감에 부풀던 찰나 배송이 늦어진다해서 사전예약사은품 신청 못할까봐 노심초사하고 있었는데요, 다행히 그 전에 배송이 와서 너무 다행이었습니다. 처음 사는 노트북이라 오래 쓸거 생각해서 조금 비싼거 감안하고 신제품중에서도 사양이 좋은 걸로 구입하였는데요, 역시 그램답게 가볍고 각진 디자인이 너무 이쁩니다. 영롱해요 ㅋㅋㅋ 동영상 강의 들을때도 화질이 선명하고 속도도 빨라서 시원시원해요. 키패드 타건감도 좋고 스피커도 괜찮은듯 합니다. 사전예약 사은품도 신청 후 생각보다 금방와서 어제 받았네요. 판매자님 덕분에 쿠폰할인 많이 받고 구매하였네요. 관리 잘해주면서 오래오래 써야겠어요~",[]
21.02.02.,4,1월 2일 사전예약 후 2월 2일 받았으니 한 달을 꽉 채웠습니다.그래도 공지한 것보다는 빨리 받아서 아이가 기뻐하고 있습니다.배송중에 상자가 찢어지고 난리가 났지만 제품은 완충제에 싸여 무사한 것 같습니다.그램박스 신청도 무사히 마쳤습니다.받자마자 계정 등록하고 이것 저것 만져보고 있습니다. 기존 노트북보다 가볍고 화면도 넓어서 좋네요. 터치패드가 넓어져서 사용하기 더 편해졌습니다. 아이가 잘 활용하길 바랍니다^^,[]
21.01.24.,5,"2021년 신제품 LG 그램 16인치를 사전예약후 어제 배송 받았습니다. 인기가 엄청나게 많아 배송은 조금 늦었지만ㅜㅜ 배송 받자마자 열어보는 순간 너무 좋아 안좋은 기분이 싹 사라졌습니다. 디자인도 너무 이쁘고 화면도 크고 무엇보다 무게가 정말 가볍네요. 기존 노트북이 성능을 떠나 무거워서 갖고 다닐때 너무 힘들었는데, 그램을 구입하길 정말 잘한것 같아요. 윈도우10이 탑재되어 있어 바로 작동하였고 화질, 속도 등 불량 없이 깔끔하게 작동하였습니다. 지문 인식으로 로그인이 되는데 신기하고 좋아요. 노트북 크기 선택으로 고민을 많이 하였는데, 직접 LG 매장가서 직접 만져보고 16인치로 결정을 하였는데, 수령후에 계속 사용해보니 16인치 선택을 너무 잘한것 같아요.",[]
21.02.03.,5,"배송은 조금 늦었지만 프로그램을 설치하고 확인해 보내 좋네요.화면도 넓어 보이고 잘 돌아가네요.16인치인데 무게도 가볍고 충전도 빨리 되네요조금 아쉬운것은 충전기가 조금 묵직하고 큽니다. 갖고다니기 조금 불편할 것 같네요.하지만, 잘 샀다는 생각이 드네요",['https://shopping-phinf.pstatic.net/20210205_29/98a5dcf8-e97e-4af3-8ade-d51cbf605fd8.jpg?type=f287']
21.01.26.,5,기존에 울트라 노트북 15인치를 쓰고 있었는데 울트라 노트북이랑 비교했는데는 확실히 작아진 사이즈에 커진 화면으로 사용성이 좋았으며 무게는 확실히 가벼워서 휴대하기 넘 좋았습니다. 2019년 그램 13도 사용하고 있는나 무게로는 그렇게 차이를 못느꼈으며 높아진 성능에 따라 처리 속도도 빨라 만족스럽습니다. 또한 지문 지원이 되다보니 로그온 시 번거럽게 비번 등을 입력하지 않아도 되어 편합니다.,[]
21.01.20.,4,기다린보람이있네요. 아직 사용전이지만 생각보다 화면이 크고 구성이 좋습니다. 무게도 가벼운편입니다. 배터리 기대해봅니다. 화면사이즈는 15보다 크고 17과 유사합니다. 속도와 성능은 아직 모르겠습니다. 무거운 그래픽작업이 가능할 지 기대해봅니다. 삼성노트북만 썼는데 이번에 lg로 갈아탑니다. 잘돌아길기대해봅니다.,['https://shopping-phinf.pstatic.net/20210122_21/85f1a018-605a-4980-9aef-883a95e837eb.jpg?type=f287']
21.01.24.,5,1월 초에 사전 예약하고 오래 기다린 끝에 드디어 받았네요~ 예전에 쓰던 노트북이 3키로가 넘는 노트북이라 무조건 가벼운거 사려고 그램 산건데 확실히 원래 쓰던 노트북보다 훨씬 가벼워요~ 초기 설정도 간편하고 프리도스가 아니라 윈도우도 깔려있으니 더 손댈것도 없이 바로 쓸 수 있어서 너무 편해요! 흰색이라 때 탈까봐 걱정은 되지만... 화면도 크고 시원시원하니 좋아요~,[]
21.01.24.,5,재고 문제로 배송이 생각보다 늦어졌지만 문자로 안내 온 것보다 며칠 더 일찍 도착해서 깜짝 놀랐어요~ 고가라 택배 분실될까 조마조마 했답니다 무사히 도착한 그램! 박스 열자마자 보이는 마우스패드와 뽁뽁이에 감싸져 있는 그램박스가 있었어요^^ 겹겹이 감싸져있어 배송오는 동안 충격이 덜했을 것 같아 안심했어요! 노트북 켜고 부팅하는 과정들이 꽤나 길고 귀찮은 절차들을 거쳐야 되더라구요ㅠㅠ부팅하는 과정에서 화면이 작게 나와 처음엔 오류인가? 했는데 다행히 모두 다 거치고 나니 전체화면이 짜잔하고 나오더라구요^^ 노트북이 생각보다 작지도 크지도 않아 작업하기에 딱 적당한 것 같아요! 고이고이 아껴서 잘 사용하겠습니다~ 사은품도 얼른 신청해야겠어요ㅎㅎ,[]
21.01.25.,5,"사전예약을 하면서 언제올지 기다렸는데, 3주가 지나서 받았어요.
인기가 많은 좋은제품이라 생각하고 기다렸네요.
깨끗하고 넓고 선명한 화면에 가벼움까지. 기다린 보람이 있네요.
이제까지 2kg짜리 노트북만 사용하다가 처음으로 가벼운 노트북을 접하니
선택하길 잘한것 같네요. 앞으로 출장도 부담없을듯 합니다.
윈도우10도 설치되어 있어서, 몇가지 설정만 하면 바로 사용할 수 있어 좋네요.
화면이 커서 노트북도 커지 않을까 걱정했는데, 기존 사용하던 노트북보다 작네요.
배송도 에어캡에 잘 포장되어 안전하게 배송되었습니다.",[]
21.01.27.,5,"기다리던 lg그램을 받았어요! 일단 크기와 무게에 놀라네요. 넓은 화면과 가벼운 노트북 찾는 분이라면 이 제품 추천드립니다!화질도 깔끔하고 어디 흠잡을 곳이 없네요..전에 쓰던 노트북이 화면은 작고 무게는 많이 나가고 느려져서 고민하다가 이번에 신제품 나온다고 해서 여기 저기 알아보다 삼에스컴퍼니에서 구입하게 되었습니다. 고사양이라 빠르고 가격은 쫌 나가지만 가장 좋은 사양으로 골랐습니다. 이젠 노트북 가지고 다니면서 배터리, 속도 문제로 스트레스 받을일은 없을거 같습니다! 잘 사용할게요~^^ 친절한 상담 감사합니다.",[]
21.02.15.,5,"배송온지 약 열흘째 입니다
사용해본결과 키보드 아래 터치패드가 넓어서 너무 만족하고
색상도 만족하며 예전 그램에 비해 각진 쉐입도 마음에 듭니다!
화면은 16인치인데 크기는 15인치 인것이 마음에 들었고 17인치로 살까 고민하다가 16인치로 구매했는데 생각보다 작지 않고 생각했던 크기고, 큰거 같아서 굉장히 만족 합니다!
다른 노트북을 사용해 보지 않아 비교는 어려우나 무게도 적당한 것 같고 마음에 듭니당ㅎㅎ
사전예약으로 구매하여 받은 사은품들의 만족도가 굉장히굉장히 높으며 노트북 구매시 함께 동봉된 마우스패드도 깔끔하고 제가 좋아하는 핑크색이라 마음에 들었습니다ㅎㅎ!
충전기 선진짜 길고 마음에 들어요!",[]
21.01.24.,5,"오랜 기다림끝에 드디어 그램이 도착했네요!
22일에 보내주신다고 하더니 약속한 날짜에 보내주셔서 바로 다음날 받았습니다.
토요일에 일이 늦게끝나 오늘 언박싱 했네요
세번째 그램이지만 기대대로 맘에 쏙 들어요 ~
ssd추가 장착하고 빨리 써보고 싶은데 액정 보호필름이 안와서
액정에 키보드 자국 남을까봐 못쓰고 있네요 ㅜㅜ
구경만하고 다시 고이 모셔 놓았답니다 ㅋ
보호필름 빨리 보내주세요 ㅜ",[]
21.02.05.,5,주문 한지 한 달 만에 제품을 받았지만 그만큼 기다린 보람이 있는 것 같습니다! 그램16이 인생 첫 노트북인데 제 대학 생활을 잘 도와줄 것 같습니다. 노트북에 열이 약간 있지만 그에 반에 장점이 너무나 많아서 아주 만족하고 잘 쓸 것 같습니다. 화면 비율이나 음향 등 너무 만족합니다!!,['https://shopping-phinf.pstatic.net/20210207_13/b585124c-b597-449d-a93a-e88a3b828eb4.jpg?type=f287']
21.03.22.,5,2021올해 대학생이된 우리딸에게대학입학선물로 구매했어요3D영상학과라 노트북이 중요하다고해서최고사양으로 밤낮으로 여기저기 찾아헤메다가드디어 우연찮게 최저가로 구매하게 되었습니다 (제가 여기저기찾아본 기준으로는 최저가입니다)우리딸도 엄청엄청 좋아합니다딸아이가 맘에들어하니 고생한 보람이있네요처음으로 포토상품평 올려봅니다시간도걸리고 좀 복잡해서 힘들긴했지만이것저것 사은품도 챙겨주시니2배로 더좋은것 같습니다앞으로도 사업번창하세요정말정말 감사합니다~~~,[]
21.02.03.,4,"우선 성능이 만족스럽고, 제품키감도 좋은 편이네요.. 배송이 느린점이 가장 안타까웠는데 어쨌건 제품을 수령해서 만족스러워요.. 그램을 산이유가 가벼워서인데, 그부분은 진짜 최고입니다. 디자인도 깔끔하고 무엇보다 디자인 작업을 많이 하는데 디스플레이의 색감은 진짜 좋네요. 암튼 제품을 지인에게 추천해주고 싶을만큼 괜찮은 듯 합니다.",[]
21.01.23.,5,"기존에 1세대 그램을 6년 정도 사용하다가 만족했던 경험이 있어서 2021 그램 16인치 구매하게 되었습니다.
배송도 깔끔하게 되어있었으며, 내부포장은 에어포장재로 충분히 감싸서 안전하게 잘 왔습니다..! 사소한 부분까지 잘 되서
만족했습니다. 추가로 그램 패드까지 추가로 들어있었습니다.

사용하던 1세대 그램과 비교했을 때 크기에 비해서 가벼운거에 일단 놀랐고 화면도 선명했습니다. 프로그램 실행속도 좋았습니다. 받은 제품이 하자가 없고 좋은 제품이라 너무 만족스럽습니다.",[]
21.02.14.,5,"사전예약 막차를 타는 바람에 거의 한달 넘게 기다렸다가 겨우 받았네요 ㅠㅠ
이번 구매 이전에도 LG그램 5년정도 쓰다가 만족했던 경험으로 고민도 없이 또 구매하게 되었네요.
역시 비싼만큼 제값을 하는 것 같습니다. 가볍고 화면은 커졌는데 사이즈는 그대로 여서 이동성도 좋습니다.
설연휴 끝나고 얼른 서비스센터가서 사은품으로 받은 512GB SSD 장착하러 가야겠습니다.

제품도 사은품도 모두 만족했으나 한가지 아쉬웠던 점은 도대체 언제쯤 받을 수 있는지 예상을 못하는거 였습니다.
5년 쓰다가 또 LG그램 바꿀 때 쯤에는 이런 일이 없기를 바라봅니다..ㅠㅠ
새해 복 많이 받으세요~~!",[]
21.03.01.,5,올해 대학생이 되는 딸아이를 위해 구입했어요 배송은 오래 걸렸지만 제품은 꼼꼼히 박스 포장되어 잘 도착했어요 ms365 미탑재 모델로 구매했는데 ... 학교에서 ms365 를 사용한다고 해서 살짝 아쉬움이 남네요 속도감은 아직 모르겠다고 하네요 이 노트북으로 좋은일만 생기고 열공 하기를 배래봅니다.,[]
21.01.20.,5,"1등 리뷰인 것 같습니다.
소중한 사람의 선물을 위해 구매했는데, 다행이도 늦지않게 왔네요.
스펙은 가장 좋은 것으로 했고
예약구매 이벤트로 SSD 512Gb 추가 설치권을 증정해줘서 넉넉한 용량으로 사용할 수 있을 것 같습니다.
누군가를 기쁘게 해주는 그램 2021
최고에요:)",['https://phinf.pstatic.net/checkout/20210120_135/1611119280999SR72q_JPEG/review-attachment-ec76d4a3-2310-4b8f-b033-2316eb137e95.jpeg?type=f287']
21.02.02.,5,"오랜시간의 기다림 끝에 드디어 받았습니다!!
디자인 뭐 말할 것도 없이 비싼값 하구요
일단 16인치 패널이 굉장히 화면이 잘보이고 좋습니다.
가독성도 좋구요
최고사양이라서 성능은 만족합니다.
그리고 무엇보다 그램을 선택한 가장 큰 이유는 바로 휴대성이겠죠?
무게는 진짜 엄~~~청 가볍습니다.
예약구매해서 삼에스사은품도 빵빵하게 받고, 가격도 저렴하고,
그리고 제조사 사은품까지 만족합니다!!
2021그램 16 절대로 후회는 없습닌다!!",[]
21.01.26.,5,"제가 처음사보는 고가의 노트북인데 생각보다는 살짝크지만 너무너무 맘에들고, 판매점인 이좋은세상에서 중간에 대처를 너무 잘 해주셔서 기분좋게 수령할수있었습니다! 꼭 핸드폰 처음살때처럼 뭘 어떻게 해야할지 잘 모르겠어서 오늘하루종일 노트북 만질거같아요~ 무엇보다 사전예약인데도 저렴하게 살수있아서 좋았습니다!",[]
21.02.18.,5,"주문은 1월 3일에 사전예약으로 했어요~
노트북이 없어 출산 후 조리원 올때 사용하려고 구매 했었어요
배송이 계속 미뤄지고 해서 많이 걱정되어 제때 받을 수 있을까 많이 걱정했는데 다행이 예정보다 늦지 않아 일찍 받을 수 있게 해주셔서 너무 감사했습니다.

사전예약으로 사은품도 많이 받았어요 ㅎㅎ

lg 그램 밑에 발열구멍이 있어서 생각보다 발열도 심하지 않았고 게임은 돌리기에는 신랑이 조금 버벅거린다 하더라고여 ㅎㅎ 근데 저는 동영상보기 웹서핑 문서작성용으로는 좋아요 ㅎㅎ
스펙은 노트북중에서는 단연 으뜸인거 같아요 ㅎㅎ

잘 사용할게요! 오래오래 감사합니디~~",[]
21.02.27.,5,"배송 기다리는게 너무 힘들었네요. 약 한달 넘게 기다려서 받았네요 도중에 구매예약 자동취소 연락도 구매자가 전화도 해야하는 상황도 있었고요, 제품 포장은 이상없이 잘 되어서 왔네요. 기본포장은 별다를것 없으니. 이제 새로운 컴퓨터 사용해 보러 갑니다~ 다들 배송 언능 받으세요",['https://shopping-phinf.pstatic.net/20210301_29/7c1392b9-8457-4a30-b664-2ca916e0c679.jpg?type=f287']
21.01.24.,4,입고지연으로 배송이 너무 느려진 것 빼고는 마음에 듭니다. 그래도 처음 배송지연 안내문자가 왔던 22일에는 배송 출발 했네요. 포장도 뽁뽁이에 잔뜩 쌓여서 안전하게 왔어요 제품은 새하얗게 영롱해서 너무 이쁩니다. 마음에 쏙 들어요 사이즈도 16인치여서 너무 크진 않을지 걱정했었는데 생각보다 크지 않고 너무 가벼워서 외부에서 사용하는데도 걱정 없을 것 같네요. 다급하게 사전예약상품인 그램박스도 바로 신청했는데 2021그램과 잘 어울릴 것 같아서 기대됩니다. 다만 배송지연된 것에 대해서 조금더 자주 피드백이 있었으면 좋았을텐데 하는 아쉬움이 있습니다.,[]
21.01.26.,5,"가볍고 성능 좋고 만족합니다. 업글 안되니 16인치에 16기가는 필수인거같아요!

화면도 이전보다 좋아지고 발열도 잡아서 만족합니다

어서 썬더볼트4르루지원하는 외장 gpu도 나와서 테스트해보고싶네요

취소 사태를 원활하게 마무리한 판매자님과 LG당담자님 매우 칭찬 드리고 싶어요!",[]
21.01.28.,5,"주문취소되어 놀랐지만 빠르게 조치해주셨고 잘 왔어요
역시 가볍고 터치패드 커서 마우스 없이도 조작 편하고
베젤도 확실히 얇아져서 예쁘네요
아직 프로그램은 안돌려봤지만 부팅도 빠르고 실행도 무척 빠른 듯 해서 기대됩니다~~ 잘 쓰겠습니다",[]
21.03.11.,5,"한달이상 기다렸네요...그램 16인치 물량이 많고 액정이 부족하다는 전달은

받았지만 주문하고 초조하게 기다리느라 너무 힘들었어요

3월 11일 드뎌 기다리도 모델 대체품으로 16z90p?oa76k로 대신 보내주셨네요

너무 감사합니다

기다린 보람이 있어요",[]
