"1,028,960"
date,star_point,comment,photo
21.03.11.,5,"요즘 애들 인터넷강의용, 중학 신입생 입학 기념 선물 할 생각으로 적당한 가격의 놋북 찾던중 요즘 핫한 가성비 씨피유를 답재한 13UD70P 를 구매 했습니다. 도스제품이라 원도우 별도 설치 해야 하지만 그만큼 저렴한 가격이니 감수 할만 하구요, 처음 설치해서 인터넷, 워드 한글프로그램 실행해보니 빠릿하니 만족 스럽네요. 중학생 가지고 다니기도 가볍고 해서 부담스럽지 않구요.","['https://shopping-phinf.pstatic.net/20210313_8/3b21fd4b-c6be-4978-8783-ab94f6bab4f1.jpg?type=f287', 'https://shopping-phinf.pstatic.net/20210313_13/17960954-bcb4-44cd-a936-20daca7932a6.jpg?type=f287', 'https://shopping-phinf.pstatic.net/20210313_9/c9cdbe71-4357-4561-99d4-d8e7eaa581e2.jpg?type=f287']"
21.01.16.,4,"십일절에 갤럭시북s(wifi전용모델)이랑 행사가격이 비슷해서 비교를 많이 하다가 결국은 울트라pc를 골랐습니다. 갤럭시북s가 디자인적으로는 더 완성도 있고 터치도 되니까 활용성은 좀 더 높다고 해도, 아무래도 성능에서는 훨씬 차이가 나더라고요. 그리고 이 모델도 갤럭시북이나 LG그램만큼은 아니지만 꽤 마감성도 나쁜 수준이 아니고 심플해서 예쁩니다.(대신 살짝 장난감 같은 느낌은 들어서 이동할 때 보관은 주의해야 할듯) 아무튼 성능도 좋은데, 디자인도 괜찮고 무게까지 이렇게 1kg가 안 되는 가벼운 모델은 찾기 어려운 편입니다. 특히 가볍다고 해서 키보드 자판 쪽이 좀 들썩거리지 않을까 걱정했는데 생각보다 견고했습니다. 아 근데 충전기는 좀 많이 무거워서 아쉬웠습니다. pd충전이 된다고는 하지만 일반c충전기로는 빠르게 될 수 없으니 참고하시길 바랍니다.(그래도 없는 것보단 백만배 낫죠) 첫인상은 정말 좋았습니다. 오래 잘 쓸 수 있으면 좋겠습니다.",[]
21.02.23.,5,-첫인상디자인이 깔끔하며 작고 가벼워서 저처럼 노트북을 들고 이동이 많은 사람에게는 사용하기에 최적화된 노트북이라는 생각이 들었습니다. 또한 가성비가 우수하여 인강용이나 업무용으로 손색이 없을 것 같습니다. 그리고 성능이 뛰어난 AMD 라이젠 5 4500U CPU를 탑재하고 있어서 가벼운 영상편집이나 온라인 게임도 플레이가 가능합니다. 이러한 성능을 이 가격에 느낄 수 있기 때문에 아주 만족스럽습니다.-외관우선 외관 같은 경우에는 아주 심플하며 배젤부분 이음새가 깔끔합니다. 군덕지가 없어 좋네요.-무게감한손으로 들고 다니기에 전혀 부담이 없는 무게입니다.이전에 맥북 프로를 사용한 사람으로써 LG 울트라 PC는 휴대하기에도 무릎에 놓고 쓰기에도 무리가 없더군요.-단점굳이 단점이 있다면 기대했던 것 보다 팬 소음이 크게 느껴집니다.,[]
21.03.19.,5,두번째로 구매한 라이젠5 노트북입니다. 이 제품보다 조금 저렴한 가격에 대만회사 라이젠5 노트북을 구매했으나 전체적인 조립품질과 발열에 문제가 아쉬움이 있어 중고로 판매한 후 두번째로 구매한 노트북입니다.대기업QC답게 전반적 조립품질이 우수합니다. 이동중 업무를 보는 일이 많다보니 내구성과 품질이 중요하다 생각해서 구입했는데 돈값을 하는 제품이라 생각합니다. 구매전 이 제품이 발열이 있단 의견도 있어서 걱정 했었는데 생각만큼 심하지도 않았고 소음도 조용한 편입니다.가장 만족스러운 것은 무게와 크기 입니다. 구매요소 중에 무게가 가벼운 노트북에 중점뒀으며 1kg 안되는 무게로 이 사이즈에 이정도 경쟁력있는 모델은 몇 없습니다. 15인치급이 커서 좋은 반면 침대 위나 작은 책상에서 사용하는데 한계가 있어 저는 더욱이 13.3인치 대인 이 모델을 선택했습니다. 선택요소 중 pd충전도 있었는데 이 부분 유용하게 사용중입니다.,[]
21.02.24.,5,"노트북 가벼워서 휴대하기 편하구요
라이젠4500U라서 웹 서핑, 문서 작업하기에 훌륭합니다 사무용으로 쓰실 분들 추천해요!
가벼운 게임과 포토샵, 영상작업도 가능은 합니다
다만 처음 돌리는 기능이 있을 경우 팬소음이 꽤 심하니까 조용한 곳에서 사용하는 것은 주의할 필요가 있을 듯해요
100만원 초반대, 가볍고, 문서 작업에 편리한 노트북 찾는다면 이 제품 강력추천 드립니다!","['https://phinf.pstatic.net/checkout/20210224_115/1614137918982qDuOr_JPEG/review-attachment-85702b5e-d79b-4c7b-b2bc-ccd67a2d5676.jpeg?type=f287', 'https://phinf.pstatic.net/checkout/20210224_132/1614138870729OGCsM_JPEG/review-attachment-ee8e0938-6297-4a31-9d95-83768823221b.jpeg?type=f287']"
20.12.22.,5,"기존에 14인치 그램 사용하고있었는데, 살짝 화면크기가 작아진거 빼고는 두께도 그램급으로 얇고 가벼워서 너무 좋네요~
일단 사양이 너무 좋습니다 회사에서 쓰는 프로그래밍용 노트북도 4500u cpu를 사용하는데, 이제품도 같은 cpu를 쓰고 있어서 신형 10세대 인텔 cpu에 너무 실망했었던 저로서는 너무 만족스러운 성능을 내주고, 만약 14인치 그램에도 같은 cpu가 들어간 제품이 있었다면 구매했겠지만, 현재로서는 이제품이 정답입니다.
액정도 대기업 제품답게 품질은 나쁘지 않고, 키보드도 그램이랑 같네요. 타입 C단자는 pd충전 가능하고, 모니터 출력도 가능해서 확장성도 좋습니다
다만 pd충전은 65w이상 충전기를 써야 충전이 제대로 되는것 같습니다
대만족스러운 노트북! 아쉬운건 14인치가 아니라는거 하나 빼면 일상용 노트북으로서는 더할 나위가 없네요
아 사은품으로 준 한글오피스도 유용하게 잘 쓰겠습니다",[]
21.02.18.,5,"집에 성능 빠지지 않는 노트북이 다섯대 있는데도 대학들어가는 공주님이 다 무겁다며 가벼운것 노랠 불러서 그램동급으로 이왕이면 요즘 핫한 르누아르로 선택을 했습니다
그램은 최초 출시 모델부터 봐왔지만 요즘 제품답게 디자인도 깔끔하고 많이 좋아졌네요
키감도 좋고 키간격도 적당하고 터치패드도 맥북스타일이고 가격은 300그람 절감에 20만원정도 더주고 샀지만 괜찮은 선택이었습니다
메모리 온보드 확장불가는 말이 많은 편이지만 별다른 고성능이나 무거운 어플도 사용하지 않을 그램급에 부족한건 아니라는 판단입니다
윈도 설치도 몇분 걸리지 않은듯 합니다",[]
21.02.25.,5,"너무 좋아요 생각보다 화면도 아주 작지 않고요.. 당연히 문서작업이 아주 많으신분은 불편할수도 있고요.. 무게가 진짜 가벼워서 들고 다니기도 좋겠어요 거기에 ips패널에 감동이에요.. 원래 삼성플러스 노트북 가격에 혹해서 주문까지 했다가 TN패널인거보고 바로 환불하고 이거 골랐습니다. 2021년인데 2011년도 아니고 ㅋㅋ tN패널이 뭔지... ㅋㅋ 물론 이것도 요즘 스마트폰 oled 급 화질은 아닌데 그래도 좋네요 화질 밑에 사진이 4K 화질급 뮤직비디오고요 자동차 광보면 화질 너무 좋습니다.
사은품으로 주신 울트라 가죽 파우치 너무 예쁘고요...
980g 대기업 노트북 라이젠5 4500u 탑재인데 가격도 빅세일로 100만원 안쪽 완전 착하고 그냥 종결입니다.
잘 알아보고 구매하세요...
매장 3군데 갔는데 전부다 영업하려고 거짓말 하고 없는거 얘기하더라고요.. 여기는 정직한것 같아요....
역시 세상에 공짜는 없습니다. 너무 싸면 의심하세요...
번창하세요^^",[]
21.02.24.,5,노트북을 알아보던 중 지마켓 빅스마일데이에서 올라온 것을 바로 구입하였습니다.조금 무거운 노트북은 이미 있어 가벼운 노트북이면서 저렴한 13UD70P-GX50K 모델입니다.무게는 1kg이하인 제품입니다.상자 안을 열어보니 포장이 잘 되어 있습니다. 추가로 구매한 액정필름도 있네요.개봉하니 포장 잘 되어 있습니다.개봉한 모습을 보니 역시 디자인은 최고인 것 같네요.프로그램은 설치 잘 됩니다. 속도도 괜찮습니다. 전체적으로 만족합니다.증정으로 온 파우치는 판매창에는 그램이라 써 있더니 실제 온 것은 울트라라 써 있네요.물론 제가 구입한 제품이 울트라이니 뭐라 그러긴 좀 그렇고요..하지만 같은 그림으로 보여주었으면 어땠을까 하는 아쉬움은 있습니다.추가구입한 액정보호필름은 14인치 짜리를 줘서 하나도 맞지 않아 교환해야 하지만 빨리 교환해 주겠지요?전체적인 기능은 만족합니다. #스마트탑정보통신 #2021 LG노트북 #13UD70P-GX50K #LG노트북 #가벼운노트북,[]
21.03.20.,4,2021년 14인치 인텔11세대i5 블랙그램 주문취소 하고 980g 라이젠 울트라PC로 선택했습니다. 윈도우10프로 설치후 생각보다 소음이 커서 살짝 걱정했는데 윈도우 업데이트 완료 및 LG드라이버 설치 및 업데이트 완료하니 소음부분 개선되었습니다. 우선 모니터 IPS 패널 선명하고 깨끗합니다. 키보드 백라이트 기능 야간에 켜니 예쁩니다. LG전자 문의하니 전용키스킨이 없는 제품이라고 합니다. 8G램 온보드 장착으로 메모리 확장불가/ USB 포트 2개/ 모니터 베젤이 블랙색상인 점/ 모니터가 180도 펼쳐지지 않는다는 점(컨설팅모드 미지원)/ 키보드 기능키가 오렌지 컬러로 각인되어 마음에 들지 않았는데 직접 사용해 보니 제가 언급한 단점을 성능으로 상쇄시켜 버립니다. 노트북 분해시 작은 실리콘 패킹이 잘 빠지지 않아 불편합니다. 주문시 NVME M2 SSD 용량을 512GB/ 1TB 교체하시는 걸 추천합니다. 3년간 잘 사용한 7세대 인텔 13.3인치 삼성노트북과 작별하고 만난 LG 울트라PC 가성비 훌륭한 제품으로 만족합니다.,[]
21.02.23.,5,"울트라PC의 이름을 달고 2020년말에 출시 되었는데 그램과 맞먹는 여러 장점을 가지고 있어서매우 추천할만 합니다.우선 무게가 980G 미만이어서 그램 뒤떨어지지 않고모니터의 품질 및 화질 역시 그렇습니다.그리고 CPU도 르누아르 4500U를 사용해서 인텔 i5를 능가하는 성능을 보여줍니다.아쉬운 점은 램이 8기가로 고정이지만, 3200Mhz 속도에 4*4Gb 듀얼채널로 구성되어서일반적인 작업에는 충분한 성능을 보여줄 수 있습니다.제가 회사에서 사용하는 2019년 그램 17인치와 비교사진을 올려 봅니다.크기, 화면 밝기, 키보드 배열을 비교해 보세요",[]
21.03.02.,5,가족이 같이 사용하려고 구매했습니다.가격 대비 성능을 고려하여 AMD CPU로 정했고 그 중 휴대성이 좋은 울트라 PC로 선택했습니다.외관이나 만듬새는 나쁘지 않은 정도이고 이쁘게 보입니다.ION2를 쓰고 있어 완성도나 디스플레이는 좀 비교가 되고요.하지만 가격을 생각하면 훌륭하다고 생각됩니다.Windows가 없는 상태라 처음 켰을때 설치 절차를 잘 보여준 것도 좋아 보입니다.그리고 같이 배송해주신 파우치는 쓰기 좋네요.펼쳐지는 정도는 아래 사진과 같습니다. 생각보다 각도가 좀 있습니다.이동이 필요한 가성비 노트북으로 추천입니다.,[]
21.02.25.,5,"매우 만족합니다.정말 가볍고 심플한 디자인, 아담한 사이즈네요 장난감 같아보이지만 내용물은 튼실합니다. 인텔만 쓰다가 라이젠은 처음인데 빠릿하네요 무거운 프로그램 없이 쓰는 일반사용자에게 정말 좋습니다.대학생들 비대면강의, 학교 과제용으로도 정말 좋을거같아요패널도 깔끔해서 좋구요 스피커만 아쉽다는데 블루투스 스피커 연결해서 사용예정이라 저에겐 단점이 하나도 없네요선물용 노트북으로 적극 추천드립니다.그램 절반되는 가격에 이런 제품을 만나서 땡잡았네요서비스 파우치도 잘 사용하겠습니다.",[]
21.02.22.,5,"CPU가 뭔지도 모를 한 7년된 한성 노트북 쓰다가형수님이 너무 느려서 아무 것도 할 수 없다고 해서 3박 4일 알아보다 구매했습니다. 인터넷에 보니 보급형 그램같은 존재더라구요. 4500U 치고는 고가이지만 무게랑 브랜드 생각하면 수긍할만 합니다. 지금 가격은 제가 구매한 가격보다 3만원 더 낮아졌네요. 두 번 사셔도 되는 금액입니다. 배송은 하루 만에 도착했고 파우치 사은품이랑 번들로 주문했던 네오프랜 파우치, 액정 보호필름, 마우스 다 저렴하게 잘 구입했습니다. 제가 최근에 윈도우를 2번 설치했는데 LG는 다른 브랜드랑은 살짝 미리 손 봐야 하는 부분이 있습니다. 구글에 내용 많으니까 참고하세요. 번들로 파는 상품도 개별 가격이랑 배송비 생각하면 비싼 거 아닌 것 같습니다. 이것도 추천합니다.",[]
21.01.25.,5,먼저 디자인이 매우 깔끔하고 보기 좋았어요 흰색으로 구매했는데 화면을 제외하고는 거의 올 화이트라 단순하면서도 세련된 느낌이 있어요 딸 인강용으로 샀는데 속도도 빠르고 마우스 없이도 조작하기 편해서 너무 맘에 든다고 하네요 가볍기도 가벼워서 한 손으로 편하게 들고 있을수도 있고 무릎 위에 놓고 앉아서 사용하기에도 부담이 없어요 앞으로도 잘 사용할 것 같네요^^,['https://phinf.pstatic.net/checkout/20210125_4/161154765833564wQI_JPEG/review-attachment-8fcb9421-05d2-4318-a3fe-ab4601059b17.jpeg?type=f287']
21.02.26.,5,LG 울트라 PC 13ud70p-gx50k 명작이라고 추천하는 글 보고 검색하던중에 지마켓 빅세일 기간에 저렴하게 구매했습니다.라이젠 4500U CPU 사용하면서 NTSC 72% 배터리도 나쁘지않고 1kg 안되는 무게에 LG 제품 이 가격에 구매한게 정말 만족스럽네요13.3 인치여서 작을까 고민했지만 휴대성 생각하면 13인치 노트북이 맞고 집에서 사용시 불편하면 모니터 연결하면 되니까 13인치로도 충분하네요.램 8기가도 일반적인 사용 용도에는 충분하다고 생각합니다.제품 너무 이쁘고 함께 보내주신 파우치도 꼭 맞고 이쁩니다.적극추천합니다.,[]
20.12.21.,5,프리도스라 윈도우를 따로 구매하여 설치하는 귀찮은 점도 있지만 그래도 가격이 저렴하여 3만원더 내렸던데 그냥 가볍고 작고 이쁘니깐 그냥 쓸랍니다 한컴오피스 번들 들어 있어서 좋네요 아무거도 안주고 싸게 사나 싶었는데 뭐라도 주네요 금요일 주문하여 주말 껴서 월요일 받기는 했지만 포장도 튼튼하게 잘 해서 왔네요 윈도우 깔고 전원 켜보니 아무거도 안깔려서 그런가 엄첨 빠르더라구요 초딩이 온라인 수업하기에 적당한거 같네요 집에서 가벼운거가벼운거 구매해달라고 노래를 해서 이거저거 비교해보다 이거 구매함 노트북은 LG 죠~^^,[]
21.01.25.,5,간단한 업무용으로 이것저것알아보다가 구입한Lg노트북이네요 코로나때문에방문수령은하지못했네요~ 포장잘해서 안전하게배송받았네요 생각보다 많이 무겁지도않고색상도 화이트라 깨끗하고 크기고 적당하고 맘에드네요 신랑이 테스트로간단한게임도 해보았는데 발열도심하지않고 잘돌아가네요~사은품으로 주신 마우스 패드도잘쓰고있어요 전컴퓨터사항은잘모르는데~이정도가격때에 괜찮다고 신랑도 만족스러워하네요~잘사용할께요~,['https://phinf.pstatic.net/checkout/20210125_49/1611545490270QQUel_JPEG/review-attachment-d7d27bcc-a8cf-4fba-9d93-9994df1496de.jpeg?type=f287']
21.02.10.,5,"울트라PC 13을 약 한달간 가격비교해가며 찾아다녔습니다!
전자**, 하**트, 일렉**마트 등 백화점 마트 온라인 등등 열심히 발품 팔다가 위메프 디지털 위크 기간 통해 저렴하게 구입하게 됐어요^^

결과는 너무 너무 만족스러워요^^ 1kg 정도의 가벼운 가성비 노트북도 마음에 들지만 서비스로 챙겨주신 마우스, 마우스 패드, 클러치 모두 너무 마음에 들어요! 여기서도 클러치 정말 좋네요.
처음 무선 마우스 USB 때문에 유선으로 문의드렸을때에도 너무 친절하게 말씀주셨어요 ㅎㅎ

3월 개학 및 재택근무 등등 여러가지 사유로 가벼운 노트북 찾으신다면 강추 드립니다!! 참고로 저도 30대 초반의 공부하는 직장인 입니다:)",[]
21.03.12.,5,"빨리 배송받을 수 있어서 좋았습니다.이미 LG Gram을 사용하고 있었기 때문에 외형과 성능에 대해서는 알고 있었는데 Gram과는 비슷한 듯 하면서도 조금 다르네요. 512GB라서 저장공간도 넉넉하고 AMD여서 그런지 배터리로 사용해도 빠릿했습니다.무게는 오히려 Gram보다 약간 가벼운 것 같구요, 전체적으는 만족하면 약간 싼맛(?)이 드는 것 같네요.PD 충전도 지원하고 배터리 전체 용량은 조금 작지만 배터리 효율은 좋은 편인 것 같습니다.만족합니다.요즘 노트북 가격이 많이 올라서.. 조금만 더 저렴했으면 좋았을텐데요... ^_^",[]
21.02.20.,5,"1세대 그램 플랫폼(외관) 을 사용해서 무게를 잡았습니다.그램 13 2014-20162013년 처음 선보인 터라 지금 와서는 조금 넓은 베젤 등 디자인 면에서는 요즘 고급형 모델에 미치지 못하지만...1. 울트라PC 라인업에 사용되지 않던 NTSC 72% 그램 디스플레이 패널 2. 980g 의 무게 3. 3세대 라이젠 4천번대 프로세서의 뛰어난 성능 / 4. PD 충전5. 와이파이6, 고성능SSD, 백라이트키보드 등..좋습니다.후기 작성하러 왔더니 5만원 할인 더 먹네요. 성능과 휴대성 모두 잡을 수 있어요. 추천합니다.",[]
21.01.21.,5,"19일 새벽에 주문해서 21일에 바로 받았습니다. 100만원 안 넘는 선에서 성능 좋고 가벼운 노트북 찾고 있었는데 잘 산 것 같아요. 평소 15인치 노트북을 쓰다가 바꾼 거라 13인치 화면이 답답하게 보일까봐 걱정했는데 큰 차이는 잘 모르겠습니다. 받자마자 들어보고 엄청 가벼워서 놀랐고, 디자인도 깔끔하고 군더더기 없이 예쁩니다. 기본 문서작성이나 유튜브 영상 보는 것 정도는 아주 빠릿하게 잘 돌아갑니다. 키보드 키감도 좋고 여러모로 참 괜찮네요. 오래 써봐야 알겠지만 발열도 심하지 않은 것 같아요. 노트북 가지고 외부에서 작업할 일 많은 분들 사시면 딱이네요. 개인적으로 굉장히 만족합니다. ㅎㅎ 사은품으로 주신 마스크와 파우치 잘 쓰겠습니다. 감사합니다.",[]
20.12.17.,5,처음에는 가성비 좋은 AMD 4500U계열만 보고 몇일을 고르고 골라서 결정하려했으나 마지막에 나타난 LG제품 가격 디자인에 끌려 집에서 와이프하고 애들한테 물어봤는데 만장일치로 이제품 선택했네요..ㅎ 역시 LG인가봐요..나중 서비스도.그렇고.ㅎ 개봉해보니..역시 디자인 갑..조금 무거운게 흠이지만 가성비로 샀으니..무게는 패스..화질도 깨끗하고..속도도 나름 괜찮게 빠르고..처음 AMD계열 쓰는거라 많이 걱정했는데 요즘 대세답게 성능은 꽤 괜찮은거 같아요 솔직 이 가격에 LG샀으니 너무 기분 좋네요..오래오래 쓸께요,[]
21.02.18.,5,"구매시 마우스+보호필름+파우치 추가 주문했습니다.사은품으로 그램파우치가 왔네요..훨씬 이쁘고 좋습니다.울트라21 무게 확실히 가볍습니다. 1T로 하드업글 하는데 운영체제 까는데 힘들었네요.(USB FAT32포맷 하셔야 인식합니다.)드라이버 미리 백업후 작업했습니다.정품 윈도우 스티커 하단에 붙여놓으니 이건뭐 150만원 이상 노트북이 되었네요.하루만에 쿠폰적용이 바뀌어서 2만원정도 더 지출되었지만, 그래도 아주만족합니다. 좋은제품 많이 파시기 바랍니다.~^^",[]
20.12.16.,5,"장모님 선물드리려 또 가성비 노트북으로 구매했습니다. 기존 노트북과 15.6인치의 화면크기는 같은데, 액정의 배젤이 줄어서 사이즈가 줄어서 노트북 백팩에도 쏙들어가고, 가볍네요 amd cpu처음쓰는데,요즘 대세니 일단 만족입니다. 아직 프로그램을 많이 안깔았지만 온오프시 빠르네요. 제가 사용할게 아니고 연세있으신 장모님이 사용하실거라 AS생각하고 대기업걸로 구매하였습니다. 자체수리가능하시지않다면 참고하세요. 노트북 전원스위치가 키패드위에 있어 누르기 편하네요",[]
21.02.18.,5,"일반 문서작업과 롤 정도의 게임용으로 사용할 노트북을구매하기 위해 보름정도 여러 종류의 제품을 알아봤습니다.중점으로 본것으로1. 디자인 : 깔끔한 마감처리와 심플하면서 좋음2. 휴대성 : 1kg도 되지않는 가벼움3. 성능 : 내장그래픽으로 롤 가능, PD충전 외4. AS : 두말할것 없는 LG죠위의 것들을 모두 만족하여서 구매결정하였고 받아보니 만족스럽습니다. 아직 더 사용해봐야겠지만 잘산것 같아요.",[]
21.02.26.,5,"빅스마일데이를 통해서 구입했습니다. 그램의 폼팩터를 그대로 사용해서 가벼운 무게, 적당한 성능 덕분에 가지고 다니기 좋네요~ 그리고 저렴한 노트북은 디스플레이 품질이 안좋은데 이거는 충분히 밝고 색영역도 좋네요 다만 하단 베젤이 좀 넓은데 충분히 14인치 16:10 화면을 탑재했으면 더 좋지 않았을까 합니다. 그리고 램 확장이 불가능한 온보드 램이라서 더욱 아쉽네요 아무튼 싸게 잘 사서 잘 사용해야겠습니다.",[]
21.03.01.,5,"지인추천으로 구매하게됐어요. 요즘 택배배송이 늦어지는데 하루만에 와서 놀랐네요.무게가 가볍다는점에만 초점을 둬서 구매를 했었는데, 사용하다보니 다른 장점들이 눈에 들어오네요.화면이 선명한게 가장 좋은것 같아요.기대하진 않았지만, 키보드에 불들어오는것도 처음써보는데 기분이 좋네요.찾아보니 라이젠cpu가 발열이 적고 배터리가 오래간다던데 예전에 쓰던 노트북이 오래되어 그런지 더욱 체감이 됩니다.통학하는 학생들에게 특히 좋을것같아요 잘쓰겠습니다^^",[]
21.02.18.,5,연휴 첫날 시켰는데 월요일에 바로 발송해 주셨고 수요일에 받을수 있었습니다.무게가 가볍습니다. 힌지 힘이 적절해서 바닥에 놓고 한 손으로 열 수 있습니다.전에 쓰던 노트북이 팬리스라 처음에는 소음이 크다고 생각했는데 백그라운드에서 윈도우 자동 업데이트가 끝난 이후에는 신경쓰이지 않을 정도로 줄었습니다. 허벅지에 대고 게임을 할 때도 전의 노트북은 하판이 뜨거웠었는데 이 노트북은 더 써봐야 알겠지만 따듯한 바람이 나오는 정도인것 같습니다.,[]
21.03.02.,5,1kg도 안나가는 가벼운 노트북이라 맘에 드네요디자인도 깔끔하고 가격대비 성능이 맘에 들어 구매했네요이벤트도 하고 있어서 가격도 저렴하고 파우치도 사은품으로 받었어요ssd도 500기가로 업그레이드 해서 당분간은 사용하는데 지장 없을 것 같네요롤 정도 게임은 막힘없이 문제없고 문서 작성과 웹서핑 용도로는 넘치고도 남아요특히 소음이 거의 없고 발열도 별로 없어서 좋아요아쉬운 점 두가지는 온보드라 업그레이드가 안돼고 13인치라 화면이 좀 작은 것이 아쉽긴 해요,[]
21.03.05.,5,"일단 그램이 갈수록 가성비가 심각하게 떨어져서 고민중에 마침 울트라북이 무게까지 가볍게 나오니 고민없이 구매하였습니다제가 사용한다면 타사제품을 사용했겠지만 20살 대학생 동생 선물로 구매하려고 믿고 쓰는 대기업 제품을 골랐어요.일단 정말로 무게가 가볍고 디자인은 심플하고 타사 제품 14인치와 비교시에 베젤이 넓어보이네요ㅎ 동생이 아주 맘에 들어하구요.사은품으로 주신 파우치는 다소 안에 천이 거칠고 너무 빡빡해서ㅜㅠ 사용하기엔 불편할듯해여, 윈도우도 잘 깔리고 가성비 좋습니다 !사은품은 상품권 받고파용",[]
21.02.25.,5,"와 정말 르누와르 4500 장착 노트북 이주일 넘게 검색하다가 특가로 나와서 정말 좋은가격에 구매했습니다.중쿡산 싼마이 제품도 고민했지만 우연히 좋은 가격을 보고 참지 못하고 질러 대만족 중입니다.대기업제품, 가벼운 무게, 선명한 액정,pd충전 가능,4+4듀얼램 까지 정말 써보시면 압니다. 가격싸다고 액정 대충보고 구매하면 눈 썩어요. 이제품 강추합니다어제 같이 구매한 65w pd충전기 충전 잘 되고 속도 빠릅니다. 꼭 사셔요 두번 사셔요",[]
21.01.08.,5,처음 딱 보고 너무 작나 싶었는데 막상 키고 해보니 그렇게 작은거 같지는 않네요. 무게는 아주 가볍구요 생각보다 밑에 배젤이 커서 위에 카메라 쪽이 좁아요.바닥 부분에 고무가 있어서 살짝 공간을 생기게 해서 열을 빠져나가게끔 한거 같아요~키보드 불도 이정도면 딱 좋습니다~ 코로나 때문에 노트북 쓸일이 많아졌는데 가격도 그만큼 오르고ㅜ 11번가에서 저렴하게 좋은 상품을 얻은거 같아 너무 기분이 좋습니다! 첫 노트북인 만큼 잘 쓰겠습니다!+) 배송에 관해서는 폭설로 인해ㅜ 4일만에 받아보았네요ㅜ 그것만 빼면 최고!!,[]
21.01.13.,5,"배송도 빨랐고, 7년동안 쓰던 삼성 노트북을 이제야 바꿨는데부팅부터 종료부터 매순간이 놀라워요디자인도 예쁘고 가벼운데부팅속도, 시스템 종료 속도도 빠르네요전엔 15인치 썼었는데, 액정사이즈가 작아졌다는걸 체감 못하겠어요뚜벅이거나 가벼운 노트북 선호하시는 분이면무조건 추천합니다. 라이젠 5 들어가는데, 대기업 노트북에다가 가벼움, 그램보다 저렴한 가격까지 요건을 충족하는 노트북은 이 제품 밖엔 없을 것 같네요.거기다 300니트라 화면이 어둡지 않을까 걱정했는데저에겐 충분히 밝아요만족스러운 구매였습니다",[]
21.01.14.,5,전원코드 꽂으니까 윈도우 어떻게 설치하는지 잘 나와서 편하게 설치했어요 무게 그램처럼 가볍고 크기도 작아서 도서관 들고다니기 딱이예요 요즘 라이젠 cpu가 워낙 잘 나와서 성능도 좋아요그치만 터치패드 유격이 있어서 조금 속상하네요...인터넷 검색해보니 고가 제품인 그램을 사도 같은 문제가 많더군요 엘지가 마감처리기술이 떨어지나봐요암튼 잘쓰겠습니다~~,[]
21.01.28.,5,13인치다보니 좀 작은 감이 없지 않지만 휴대성때문에 선택한거라 만족합니다. 무게가 가볍고 성능은 cpu가 인텔이 아니라서 어떨까 했는데 제가 사용하는 정도의 작업이라면 크게 무리 없이 잘 돌아갈듯합니다. 100만원정도 가격대에 노트북중에 고르고 골라 이제품 선택했네요. 윈도우는 따로 사서 잘 깔았습니다. 행사가격으로 샀는데 지금은 가격이 조금 올라있네요. 아뭏든 잘 쓰겠습니다.,[]
21.02.18.,5,"외근 나가서 사용할 가벼운 노트북 찾고 있었는데요.고민고민하다가 좋은 가격에 LG노트북 구매했어요~요즘 핫하다는 르누아르가 탑재된 제품이어서 가성비 끝내주네요.외부에서 사용하기에 가볍고 크기도 작아서 너무 편하네요.C타입, sd슬롯, usb도 있어서 다양한 작업에 확장성까지 겸비한 제품으로 간단한 문서작업과 이미지 작업에 추천추천!!!배송도 빨라서 정말 좋았어요!!잘쓸께요~!!",[]
20.12.16.,5,간단한 업무용으로 이것저것알아보다가 구입한Lg노트북이네요 코로나때문에방문수령은하지못했네요~ 포장잘해서 안전하게배송받았네요 생각보다 많이 무겁지도않고색상도 화이트라 깨끗하고 크기고 적당하고 맘에드네요 신랑이 테스트로간단한게임도 해보았는데 발열도심하지않고 잘돌아가네요~전 컴퓨터사항은잘모르는데~이정도가격때에 괜찮다고 신랑도 만족스러워하네요~잘사용할께요~,[]
21.03.16.,5,초기불량으로 서비스센터에 방문하는 수고가 있었으나판매자님께서 잘 응대해 주셨습니다.만족시켜드리겠단 말씀 아주 잘 지켜주셨어요.다음에 또 구매한다면 이 판매자분께 구매하고싶네요. 교환받은 노트북은 잘 돌아갑니다 ㅎ상품평도 굳이 안써도 된다고 하셨지만 만족스러워서 안쓸수가 없네요.,[]
21.02.25.,5,"가성비 최고 노트북 입니다.무게도 너무 가볍고,윈도우 설치가 너무 간단 해서 편리 하네요.인강이나,넷플릭스 시청 등등아주 빠릅니다.개인적인 생각이지만,인텔11세대 코어어 i5 보다 amd 르누와르4500 cpu 성능이 발열이나 그래픽처리 면에서 훨씬 뛰어난것 같습니다.보내주신 사은품 파우치도 잘쓸께요!",[]
21.01.10.,5,"르누아르 노트북을 찾던 도중 LG 울트라북이 있어서 구매했습니다 가격은 외국기업보다 비쌌지만 화면과 A/S때문에 LG를 선택했습니다 속도도 빠르고 색감도 좋고 무게도 가볍습니다 간단한 문서작업이나 유튜브 저사양 게임은 무리없이 돌아갑니다. 게임플레이 시 키보드 상단쪽에 미지근한 정도 느껴지는데 시간이 지나면 금방 식어서 사용하는데 지장은 없습니다, 지인들이 노트북을 구매한다고 하면 주저없이 추천할 의향이 있습니다.",[]
21.02.25.,5,"물건 받았는데 엄청 작고 이쁩니다..!켜봤는데 속도도 빠르고 잘 돌아가서 대만족이에요.작아서 들고 다니기도 상당히 편할 것 같습니다. 이 가격에 이 정도 성능 가진 대기업 제품은 별로 없을 듯하네요.동봉해서 준 파우치도 모양이 마음에 듭니다.앞으로 더 써봐야 알겠지만, 일단은 잘 산 것 같아서 좋습니다..! 자주 들고 다니면서 애용하겠습니당!",[]
21.02.18.,5,오늘 기다리고 기다리던 노트북이 도착했어요~^^역시 기기는 화이트가 정답~!!화면이 작을까봐 걱정했는데 베젤이 얇아서 시원하니 가져다니면서 작업하기에는 적당해요.그리고 무게가 지금까지 써왔던 노트북중에서는 제일 가벼워요.인텔도 써봤지만 이번 르누아르는 정말 갓성비!! 이번 행사로 엘지노트북을 저렴하게 구입해서 너무 좋아요.같이주신 파우치도 고급스러워 정말 맘에 드네요~^^아참 포장이나 배송상태도 너무 좋았어요~!!,[]
21.02.24.,4,포장 꼼꼼하게 왔구요...남편이 사무실에서 쓸거라고 주문 해달라고 해서 구매했어요...현장 다닐때 쓰기 좋게 가볍고요...거의 1년전 산 LG제품과 무게 차이가 엄청나네요...그때는 기본으로 가방과 마우스등 그냥 받았는데 사은품이 좀 아쉬워 별하나 뺐네요...잘 쓰겠습니다,[]
21.02.24.,5,화면이 좀 작은듯 할 수 있지만 가벼워서 만족합니다.받기전에는 LCD 사양이 없어서 어두울까봐 걱정했는데 기우였습니다. 짱짱합니다.집에서 쓰는 삼성 27인치 커브드 모니터 보다 밝네요.속도가 빨라서 프로그램들 후딱 설치 했네요.램8G에 하드256G 면 충분한듯 합니다.CPU 성능은 집에서 쓰는 i7 3770S보다 느낄 수 있을 정도로 빠릅니다.,[]
20.12.16.,5,먼저 디자인이 매우 깔끔하고 보기 좋았어요 흰색으로 구매했는데 화면을 제외하고는 거의 올 화이트라 단순하면서도 세련된 느낌이 있어요 딸 인강용으로 샀는데 속도도 빠르고 마우스 없이도 조작하기 편해서 너무 맘에 든다고 하네요 가볍기도 가벼워서 한 손으로 편하게 들고 있을수도 있고 무릎 위에 놓고 앉아서 사용하기에도 부담이 없어요 앞으로도 잘 사용할 것 같네요^^,[]
21.02.23.,5,울트라북 할아버지뻘인 엑스노트 사용자입니다버벅거리는 9년전 엑스노트에서 해방입니다^^여행이나 차박시 휴대성 짱!작은게 성능도 짱!출장이 많은 저로써 1T 용량 업그레이드윈도우10 정품 셋팅후 맘이 든든하네요구매후 한참을 액정크기에 고민 많이했는데막상 받아보고 열어보니 적당합니다,[]
21.03.10.,5,"처음에 2021그램 16 인치와 14인치 비교하다가
휴대성을 중요하게 여겨 14인치에 마음이 갔습니다.
그러다가 여기저기 서치해보니 휴대성만보면 굳이 그램14 까지 필요없다고 해서 이모델을 구입했어요.
가볍고 터치감도 좋고 동영상강의와 문서작성 등에 만족할만한 노트북이네요.
가벼워요.
옆에있는 책보다 가볍네요 ^^",[]
21.02.17.,5,동생 졸업선물로 구매했습니다.1. 외관군더더기 없이 깔끔합니다. 타사 동가격대 노트북보다 훨씬 세련됩니다. 여성분들이 좋아할 화이트 스타일2.무게무게는 뭐 말할것도 없네요. 넘 가벼워서 조심스럽게 다루게 됨3.성능르누아르가 잘뽑혀서 그런지 뭐 시원시원합니다온보드 8기가램이 아쉬울뿐 (확장 ㅜㅜ)고사양작업 안해서 다행입니다4.배송포장 뽁뽁이 잘해서 왔습니다 만족 5.기타충전기도 가벼워서 더욱 마음에 드네요,[]
21.02.20.,5,"아이 대학 입학 선물로 사주었습니다. 사진에 있는 15.6인치 노트북과 비교해서 크기는 좀 작지만 가격, 속도, 휴대성에 있어서는 정말 맘에 듭니다. 게임용보다는 휴대성에 목적을 두고 산거라 예전 노트북 2.3kg들고 다니던 아이가 너무 가벼워 좋다고 맘에 들어하는군요. 좋은 가격에 맘에 드는 제품을 구매하게 되어 흡족합니다.",[]
20.12.30.,5,"오전10시에 주문해서 퀵으로 12시에 받아서 ,
전에 쓰던 13인치 삼성노트북이랑 비교하니,
사이즈는 비슷하고
두께는 엘지것이 삼성보다 약간 두꺼운듯......
어댑터는 삼성것이 엘지것보다는 좋은듯....
삼성것은 일체형이던데...
집과 사무실에서 사용하려고
추가로 어댑터 1개 구매하려고 ZZLG에 전화하여보니...아직 서비스센테에는 어댑터가 출시전이라고...기다려야한다고 하네요
나머지는 좋아요....",[]
21.03.07.,5,그램처럼 1kg안되서 가볍게 들고 다닐 수 있어요!!i5랑 동급 cpu에 램도 8기가면 스탠다드고ssd는 넉넉히 쓰고싶어 1테라로 추가구매했습니다!!사은품으로 주신 파우치도 좋은게 파우치 안에 넣은 상태로 충전이 가능해요!!! 잘 쓸게요!!!,[]
21.02.19.,5,대학입학선물로 많은 노트북을 검색해 보고 고민하다가 결국 이동성과 AS가 구매 최우선 선택조건이 되었습니다 무게가 가장 가볍고 AS가 잘 되는 제품가격 대비 성능이 가장 좋은 제품역시 LG 울트라PC가 최고였습니다다만 RAM확장이 안되는 것이 가장 아쉬웠지만 그래도 아들이 만족해 하니 좋았습니다작지만 작지않은 화면 가볍고 성능 좋고 적극 추천합니다,[]
21.03.01.,5,전에 사용하던 노트북 망가져서 이번에 나온 그램2021이랑 고민하다가 더 저렴하고 가볍고 화이트 색상이 마음에 들어서 구매했어요! 문서작성이나 웹서핑 등 사무용으로 쓰려고 했던터라 만족합니다.15인치 사용하다가 13인치 보니깐 작은 느낌이 들지만 금방 적응 되겠져 ㅎㅎㅎ,[]
21.01.15.,5,"배송이 매우 빨랐어요.노트북 상자를 ？s？s이로 안전하게 감아 상자에 넣어서 안전하게 보내주셨는데 아무래도 고가 전자제품인만큼 배송 신경써주셨어요.이전 노트북을 오래사용하다보니 사양이 낮아서 가볍고 성능 괜찮은제품을 알아보는중이었어요.i5 이상급으로 보다가 요즘은 라이젠이 더 좋다는 말에 알아보다 구입했고, 가볍고 오래쓸 수 있을것같아요울트라pc임에도 그램 저리가라예요외장하드 쓸까하다가 256은 작을것 같아 512로 업글만 했는데 아주 만족스럽습니다저렴하게 구입했네요^^",[]
21.01.19.,5,어머니 생신선물로 샀는데 집화만되고 움직이질 않다가 배송 5일 걸려서 간신히 세이프 했습니다 디자인은 신형느낌이 아니라 살짝 아쉽지만 매우 가벼운 무게 르누아르노트북의 강력한 성능이 만족스럽습니다 전원어댑터가 구형느낌이 나서 아쉬움이 더해서 그냥 usb pd 충전기 하나 샀습니다 파우치도 그램 13인치 사서 쓰는데 아주 만족스럽습니다 많이 파세요,[]
21.02.25.,5,일단주문한지 하루만에 배송완료.72.9만에 절대나올수없는 품질과성능플라스틱마감이 아니라 견고한 금속마감화면크기도 적당하고 디스플레이도 고급라인에 들어가는 품질980그램인데 금속재질마감이라 묵직하게 느껴짐소음이 거의없고 사운드 훌륭 와이파이빠름,[]
21.02.20.,5,"라이젠 4000시리즈를 hp에서 4700u로 주문을 했는데 당초 2월20일경 발송해준다고 하다가 3월초로 밀리게 되어급하게 노트북을 찿다가 이모델을 봤는데 무게감도 좋고 배터리, 디스플레이까지 괜찮아서 주문했는데 역시 좋네요근데 주문하고 다른곳에서 77만원에 판매를 하니 속이좀 쓰립니다",[]
21.01.25.,5,갑자기 노트북이 켜지지않아서 새로 하나 장만했어요.전에 사용하던 노트북은 백화점에서 엘지꺼샀었는데 이번에는 부담스럽지않는거로 장만했어요 흰색인데 너무깔끔하네요 회색쓰다가 흰색쓰니깐 너무좋아요 가볍게사용하는데 대기업제품쓰니깐 너무만족스럽답니다,['https://phinf.pstatic.net/checkout/20210125_268/16115478311552CTvU_JPEG/review-attachment-a56bdcae-37a8-4bcc-8779-bd445a86dccd.jpeg?type=f287']
21.01.06.,5,받자마자 전원선을 연결하니 자동으로 전원이 들어오면서 윈10설치 및 드라이버 설치 가이드가 화면에 나오네요. 역시 LG 입니다. 일렉트로마트에서 각종 노트북 모두 들어봐서 무게 체크 했구요울트라 스펙에 그램보다 가볍고 사이즈도 작고 가격도 착하니 무조건 강추 입니다. 여성용으로 딱이구요 엄청 만족 합니다. 신학기 선물로도 좋겠네요,[]
21.01.13.,5,가볍고 좋습니다.다만 어댑터는 좀 큽니다. pd 충전기 사야 겠어요.그리고 단점인지 불량인지 모르겠지만충전을 하면 보통 다른 노트북은 완충되지 않으면 led가 붉은 계열이었다가 완충되면 흰색이나 녹색불로 바뀌는데 이건 완충 상관없니 흰색이네요.혹시 완충되면 불이 꺼지려나 싶어 계속 부팅해보면서 충전 정도를 확인했는데 99%이후 꺼 놓고 제법 연결해놔도 불이 꺼지진 않네요.,[]
21.02.18.,4,큰아들 대학 선물로 구매했습니다. 그램이랑 갤럭시 이온2 랑 고민 끝에 이제품을 구매했습니다.13.3인치 화면이 작기는 합니다. 구매하시는 분들 참고하시길 바랍니다. 가벼운게 제일 장점이긴 합니다. 램이8기가 온보드라 좀 아쉽기는 하지만 유튜브 찾이보니 듀얼로 구성되어 있어 충분할거라 믿습니다. 무선 마우스랑 패드 사은품으로 같이 주면 좋겠습니다.,[]
21.02.20.,5,가변고 성능 좋은 노트북 찾고 있었는데 저한테는 딱인거 같아요 무엇보다 가벼워서 이동시 너무 좋으내요 요즘 줌 사용 많이 하는데 화면도 선명하고 좋아요 디자인도 깔끔하고 좋고요 그리고 무엇보다 할인율이 높아서 싸게 잘 구입해서 거격대바 매우 만족합니다.,[]
21.01.16.,5,이가격으로 좋은 사양의 노트북을 살 수 있어서 너무 좋아요~ 울트라pc라길레 무거운 것만 있는 줄 알았는데 이건 그램처럼 정말 가볍고 들고다니기 편해서 좋네요 디자인도 흰색이라 너무 이쁘고 재질도 플라스틱이아니라서 고급 노트북 같아요~ 이노트북 열심히 사용하겠습니다 lg에서 진짜 좋은 노트북인거 같네요 많이파세요~,[]
21.03.02.,5,한성노트북 10년쓰다가 보증이랑 수리가 어려워 이번에 LG로 바꾸었네요.그램 모델이라 가볍기도 하고 휴대성도 좋고 성능또한 만족합니다.문서작성을 주로 하는데 만족하네요.이런 가격할인 이벤트가 많으면 좋겠네요. 적극추천입니다!,[]
21.02.28.,5,르누와르 노트북이 빠르다고 해서 구입하고 싶었는데 핫딜 가격에 떠서 구입하였습니다.큰 기대 안했는데 가볍고 흰색에 이쁘고 해서 얘들 인강용으로 딱 일거 같네요.지원하는 각종포트도 있을건 다 있어서 불편함이 없을거 같고 ssd 256GB도 인강용으로 부족하지 않고 충분할거 같습니다.,[]
21.01.13.,5,1. 배송 : 5/51/10구매 후 1/12일까지 온다고 했지만 하루 지나 13일에 도착했습니다. 요즘 택배량 증가로 어려운 점을 알기에 이해합니다. 2. 박스 상태 : 5/5안전하게 이중 박스 포장으로 꼼꼼히 포장되었습니다.3. 매력도 및 외관모습 : 5/5여기서부터는 개인 취향이라고 생각합니다.우선 예상했던 대로 모니터 화면은 작습니다.그리고 외관은 깔끔합니다. USB포트가 2개입니다.그리고 랜선 꽂는 곳은 없습니다.(혹시나 모르시는 분들을 위해...)4. 사용 쾌적도 : 4/5생각했던 것만큼 빠르지는 않습니다.가성비 좋고 저렴한 만큼 이해해야하는 부분 같습니다. 5. 전체 만족도 : 4.7/5만족합니다. 예상했던 부분들이라 다 이해하고 무엇보다 정말 가볍습니다. 이동이 편하고 좋아요.그러나...배터리 소모 정도 및 발열 및 등은 아직 좀 더 사용해봐야할 것 같습니다.,[]
21.02.17.,5,박스 개봉하고 원도우 까로 LG프로그램 깔아서 자동으로 드라이버 깔고 편하네요. 아이패드 충전기로 PD충전하니까 느려고 충전도 되고 휴대할때는 아이패드 충전기 들고 다녀야겠어요. 한가지 아쉬운건 램 확장불가능해서 무거운 프로그램은 못돌리겠네요. 또한 키보드 윗부분 발열이 있어서 발열은 좋지 않네요.,[]
21.01.14.,4,"생각외로 LG AMD 윈도우등의 설정,업뎃 하는데 정말 고생했습니다. 지금 생각해도 그땐 미치는줄 알았습니다. LG라서 조금 비싸지만 LG의 디스플레이를 믿고화질과 글레어를 보고 고른건데 좋았습니다.LG의 브랜드가치도 선택에 한몫했습니다.만족합니다.사은품으로 마스크가 왔는데 마우스나 케이스면 훨 좋았을것 같습니다.그램이 가격이 부담되면 충분히 고를만한 라인인것 같습니다.",[]
21.02.16.,5,국내 대기업 노트북 중 가격 대비 성능이 가장 훌륭한 제품이라고 생각합니다. AMD를 모르는 사람이 많아서 그렇지 인텔과 같은 급의 1kg 미만 노트북을 구매하려면 최소 150만원은 줘야할겁니다. 이번 할인 행사로 인해 저렴하게 구입 잘했습니다.,[]
21.02.01.,5,27일에 시켰는데 29일에 바로 와서 깜짝 놀랐어요. 포장도 단단하고 안전하게 되어 왔어요.프리도스지만 윈도우도 가지고만 계시다면 쉽게 깔 수 있어요. 첫 노트북이라 이것저것 알아보고 구매했는데 이정도 좋은 성능에 가벼운 노트북은 이것만한게 없는 것 같아서 너무 만족해요!!,[]
21.02.16.,5,쿠폰 할인으로 저렴하게 구매해서 기분 너무 좋았는데 파우치까지 선물로 받으니 더 좋네요^^조리원가서 필요할 것 같아 구매했는데무게도 가볍고 디자인이 넘 이뻐서 맘에 들어요~!!파우치도 고급스러워서 들고 다니면 넘 이쁠것 같아요~!^^ 잘 쓸게요~!!,[]
21.02.27.,4,일단 제품이 정말 가볍습니다. 여자가 한 손으로 들어도 무리가 가지 않는 무게 입니다.디자인도 무난하고요. 사은품으로 주는 케이스도 생각보다 고급스럽고 좋네요.그리고 약간의 문제가 있었는데 전화 통화도 잘되고 처리도 빠르게 해주려는 모습이 보기 좋았네요.아무튼 괜찮은 가격에 잘 산 거 같네요,[]
21.01.25.,5,지인의 소개로 구입한 컴퓨터인데 생각보다 너무 좋아요 아이 온라인 수업용으로 구입한건데 너무 만족스럽습니다 화면도 크고 화질도 굿 빠르기도 좋아요 그러나 생각보다 무게는 좀 나가는 편입니다 그래도 수업용이니 큰 상관은 없습니다,['https://phinf.pstatic.net/checkout/20210125_69/161154814272108uAl_JPEG/review-attachment-96398e8a-5f7c-400f-98e1-27777d9501a6.jpeg?type=f287']
21.02.02.,5,"작고 가벼운 제품을 찾다보니 가성비 좋은 이 제품을 구매하게 되었네요.
프로그램 설치 후 테스트를 해봤는데 이정도면 성능도 괜찮고 가벼워서 학생들이 들고다니면서 사용하기에 좋은 것 같아요...
서비스로 주신 전용파우치가 맘에 드네요..^^.
많이 파세요..~~~",[]
21.01.23.,5,금요일 오후 3시경 주문했는데 토요일 오전에 받았습니다(세종). 배송 빠르고 완충 포장도 잘되서 왔네요. AMD Ryzen 5 CPU 사용은 처음인데 성능은 120% 만족합니다.노트북 인터넷 구매가 처음인데 윈도우 정품 동봉 받아서 설치해보니 쉽고 빠르네요. 휴대성 때문에 13인치로 샀는데 가볍고 좋습니다.노트북 고르느라 일주일 동안 공부하고 여러가지 제품 알아봤는데 대기업 제품중에 가성비 최고라고 생각합니다.,[]
21.03.07.,5,어머니 사드렸는데 배송도 빠르고 노트북 성능도 아주 좋습니다. 사진에 보이는 것처럼 우측 키패드는 없지만 그만큼 작고 가볍습니다.파우치도 무료로 증정해줘서 따로 구매할 필요 없어 좋네요.구매할때 신중하게 보고 큰 용량으로 주문할 걸 하는 후회가 있긴 하네요. 기본 256기가는 좀 작긴 한 것 같습니다.,[]
21.02.27.,4,기존에 LG노트북 쓰고 있는데 휴대용으로 가벼운거 찾다 구매했어요 빅스마일때 할인가로 구매해서 배송도빠르고 좋았는데..일주일만에 카드할인가로5만원더 내려가서 좀 아쉬웠네요ㅠ그래도 가볍고 성능좋은 노트북이라 만족합니다.,[]
21.02.26.,5,여자아이가 들고 다닐 가벼운 노트북 찾다가 발견해서 구입했는데 성공이네요하얀색으로 깨끗하고 예쁜데다가 가벼워서 너무 좋아요 화면이 작아보이면 어쩌나 걱정했는데 전에 꺼보다 화면이 밝아서인지 작아보이지 않고 보기 좋아요. 가지고 다니실 분들에게 추천합니다.,[]
21.01.21.,5,보내주신 사은품 너무좋아요.가볍고 pd충전 가능에 성능 좋은 노트북을 구입하고 싶었지만 다른 노트북들은 하나씩 뭔가 부족해서 포기하고 있었는데 그런 노트북이 여기 ？？! 하고 있지 뭐에요정말 너무너무 좋습니다.디스플레이 정보가 자세히 안나와서 걱정했는데 역시 엘지 디스플레이 실망시키지 않는군요.이런 노트북을 구매하다니 정말 좋아요!,[]
21.02.19.,5,현장수령하고 싶었는데.. 코로나 때문에 방문수령 안된다고해서 구매 취소하고 재구매했어요구매하고 바로 출고해주셨는지 24시간도 안되서 받았어요옆에있는 건 아이패*드구요 크기도 비슷하고 무게도 별차이 없어요친구한테 이사진 보냈더니 이쁘다고 갖고싶대요~~,[]
21.02.20.,5,전부터 노리다 빅스 기회로 샀습니다.가볍고 빠릅니다. 역시 그램플랫폼에 라이젠 4500성능 좋고 .. 이거 화면 어둡다는 분있는데 그거 패널 문제 아니라 소프트웨어 기본 설정 문제입니다.만족 만족합니다. 4K 60프레임 잘돌아 갑니다.,[]
21.02.26.,5,"그동안 15인치 이상, 인텔 CPU만 적용된 노트북만 사용해보다가 1kg도안되는 13인치 라이젠 LG 노트북을 구매헸습니다. 저렴하게 구매했고. 작고 가벼워서 이동중 사용하기 좋을 것 같네요. LG TV 하고 무선 연결도 쉽게 되어 영화보기 좋을 듯.",[]
21.02.25.,5,브랜드 LG성능 라이젠북무게 1KG 미만충전 PD충전 지원대만족 노트북 입니다 ~~롤도 무난히 돌아가고 뜨겁긴하지만pd 충전 지원하니 부담도 없고 완전 만족 합니다 ~~73 주고 삿는대 잘쓸게요 !확실히 충전중에는 뜨겁긴 하네요 구 그램 베이스라 그렇지만 이 가격이면 만족!,[]
21.02.25.,5,"제품 기다리는 동안 케이스 찾고 있었는데 사은품이 기대 이상이라 그냥 이거 사용하려구요! 라이젠 4500U는 기존에 사용중이라 익히 알고 있었고, 데탑용으로 15인치 쓰고 있었는데 아무래도 이동할 일이 없진 않아 추가 구매했어요. 5년전쯤 샀던 넷북보다도 가볍네요. 칼배송에 매우 만족합니다.",[]
21.02.27.,5,그램은 사고 싶고 굳이 인텔급으로 비싸게 사고 싶지 않은 그럴때 선택하기 좋아요배터리도 괜찮고 가볍고 성능도 좋구요 사이즈 13이라 들고 다니기 좋구요 단지 마감만 조금 아쉽네요 화면도 좋구요 쨍하네요 너무 환하다 보니 조금 구분이 애매해보일만큼 너무 쨍하네요,[]
21.02.27.,5,짭그램이란 명성에 걸맞게 2017 그램 폼팩터를 사용하여 디스플레이 무게 어느부분에서 그램과 뒤쳐지지 않습니다 13인치 디스플레이가 흠이긴하나 15인치와 그렇게 크게 치이나지 않습니다 성능도 좋아 롤 피파 오버워치등 캐쥬얼한 게임 머신입니다. 강추드립니다,[]
21.01.20.,5,"1) 빠른 배송. 2틀만에 왔어요.2) 튼튼한포장. 내용물은 작지만 큰박스에 담겨오고 뽁뽁이에 여러번 감겨와서 안심이예요.3) 정말 가볍고, 백에 넣고 다닐수 있어요. 15인치쓰다 13인치 처음인데 좀 답답한 느낌있어요. 담엔 14인치도 볼거같아요",[]
21.01.08.,5,이제 복학하는 대학생인데 딱 제가 원하는 가벼우면서도 성능좋은 노트북을 사게 된 것 같습니다. 스펙에도 나와있듯이 1kg도 안되는 무게라 정말 가볍고 배송도 빨랐습니다. 프리도스버전 노트북은 처음 구매해보는거라 유툽을 보면서 윈도우를 깔아야 하는 귀찮음이 있었지만 가격적인 부분에서 메리트가 너무 커서 불편함도 싹 잊었습니다 ㅎㅅㅎ,[]
21.01.13.,5,"아들녀석 대학에서 사용할용도로 구입했습니다. 저렴한 가격과 빠른 배송, 성능이야 말할것없는 라이젠 5 네요. 대학가서 공부하라고 사줬더니만 롤하느라 정신못차리는 것이 함정, 그만큼 게임도 적당히 돌아간다는 거겠죠. 테스트하느라 윈도우만 설치했는데, 제 업무용으로 쓰는 데스크탑보다 빠릿빠릿 하네요. 감사합니다.",[]
21.02.18.,5,이가격에 라이젠5를 탑재하고 1kg이 안되는 노트북을 구하긴 힘들것 같습니딘. 또한 LG제품이기에 AS또한 보증된다고 봐도 무방할것같습니다.군더더기 없는 디자인에 충전기또한 가볍습니다.번들 파우치도 고급스럽습니다.번창하세요!,[]
21.01.10.,5,동생 선물로 주려고 구매했는데 탁월한 선택이었던 것 같아요^^ 일단 울트라인데도 작고 가벼워서 휴대성이 좋고 사양도 무거운 작업할 거 아니면 웬만한 프로그램은 다 잘 돌아갑니다 ㅎㅎ 아쉬운 점이 있다면 램 업글이 안되는 제품인 점이에요ㅠㅠ 그것만 빼면 매우 만족합니당!,[]
21.01.14.,5,"무게는 측정해보니 960g이라 표기보다 가볍고 합격!램은 듀얼 채널이긴 한데 용량이 확실히 부족하긴 합니다. 프로그램 하나만 켜놔도 메모리 1/3은 우습게 날아가네요ㅋㅋ cpu 성능 다 뽑아내기엔 좀 무리가 있어보이지만.. 무거운 작업 용도로 쓸 게 아니고, 가격도 착한편이라 이 정도면 만족합니다",[]
21.02.24.,4,"스크린이 크지는 않지만 다른 면은 아주 좋습니다. 라이젠 4500u에다가 300니트 스크린, 가벼운 무게, pd 충전 등. 램업글 안되는게 아쉬우나 아주 쓸만합니다. 쿠폰 등으로 비교적 저렴하게 사서 좋습니다. 사은품 슬리브도 괜찮아요.",[]
21.01.23.,5,인터넷 검색으로 작고 가벼운 가격도 적당한 상품을 찾던 중 LG 울트라 13인치를 구매 하게 되었는데 기대 이상으로 너무 좋습니다 르누아르판 그램 13인치 노트북인듯 너무 가볍고 성능도 빠르고 액정도 밝고 좋습니다. 집 그리고 외부에서 주로 사용 예정으로 가벼워 이동시 너무 좋을 듯 합니다.,[]
20.12.31.,5,배송이 빨라서 좋았어요. 단순 사무용이여서 라이젠 르누아르+가벼움 때문에 구매했어요~그램이랑 비슷하네요.. 물론 디스플레이는 조금 어두워요. 글래드패널이라 반사는 조금 심합니다.상품은 엄청 만족하는데 배송이 맨끝에 사진처럼 와서 너무 놀랬어요. 그래도 고가의 노트북인데 이렇게 박스가 많이 훼손되어서 택배사에다가 말씀해주셔야 할 것 같네요~,[]
21.01.01.,4,상품을 받고 제일 먼저 든 생각은 우선 '작다' 였습니다. 제가 13.3 인치 노트북을 처음 써봐서 그런지 예상보다 너무 작았습니다. 하지만 작은 만큼 980g이라는 엄청 가벼운 무게때문에 휴대하고 다니기 편할 것 같다고 느꼈습니다. 대학생들한테 엄청 좋은 노트북이 될 것 같습니다.,[]
21.01.22.,5,오늘 수령받고 윈도우10 설치완료하였습니다. 코로나로 인한 택배 지연은 어쩔수 없는 상황이라 이해하며 실제품 받았을시 느꼇던 부분은 정말 너무 가볍고 휴대성도 편리하며 같이 보내주신 파우치도 퀄리티 상당히 좋아 너무 만족한 상품이지 싶습니다. 감사합니다 잘쓸께요^-^,[]
21.02.24.,5,어제 구입했는데 벌써 도착했어요뽁뽁이 여러겹으로 잘 감싸서 왔고요사은품 파우치도 챙겨주셔서 감사합니다매장에서 직접 보고 맘에 들었던 제품인데 가격때문에 망설이다가 지마켓 할인행사로 오프라인에 비해 아주 저렴하게 잘 샀습니다.,[]
20.12.23.,5,"프리도스 모델로 구매했어용 배송이 좀 많이 느리긴 했는데 ㅜㅜ 그래도 이쁘고 가볍고 좋네요 ! 프리도스라 아직 사용은 안해봤지만 전체적인 마감부분이나 베젤 크기도 얇고 깔끔해서 좋은 것 같습니다. 인텔말고 라이젠이 탑재돼있어서 더 궁금하기도 하고, 성능 스피드 면에서도 참 좋을 것 같습니다. 좋은 상품 정말 감사합니다 ! 92에 이런 좋은 상품 구매해서 행복해용 ㅠㅠ 대학 라이프때 잘 쓰겟읍니다 !",[]
