"1,400,600"
date,star_point,comment,photo
21.02.07.,5,"이번에 저희 딸이 고된 수험생활을 마치고 대학에 입학하게 되었습니다. 평소 노트북을 자주 사용하던 딸이라, 새 노트북을 선물 해주려고 다양한 모델들을 보던 중이었는데, 2021 그램이 출시 되었다는 소식을 듣고 바로 구매하였습니다. 사전 예약이라 기다리는 데 좀 시간이 걸리지 않을까? 싶었지만, 생각보다 빨리 도착했습니다. 그램의 가장 큰 장점은 이름에서도 알 수 있다시피 '가벼움' 이겠지요. 그동안은 타사 노트북을 사용해왔었는데, 그 기간이 후회가 될 만큼 그램의 무게에 놀랐습니다. 딸이 손목이 좋지 않아서 불편함을 많이 느껴왔었는데 그램은 그럴 일이 없을 거 같다고 아주 좋아했습니다. 또한 화면도 넓고 깨끗해서 눈의 피로도 덜합니다. 과연 그램은 명불허전이라고 할 수 있겠습니다. 그동안 지인들이 노트북은 무조건 그램이다 라고 말했던 것이 이해가 되는 순간이었습니다. 색도 맑은 흰색이라 디자인 면에서도 훌륭합니다. 만족하며 잘 사용하겠습니다. 감사합니다^^","['https://shopping-phinf.pstatic.net/20210209_20/99b67b5f-e0b8-4dfd-86c6-421e4346b1a4.jpg?type=f287', 'https://shopping-phinf.pstatic.net/20210209_25/cd7d5f4c-f7bf-42c1-9243-88eac131d180.jpg?type=f287', 'https://shopping-phinf.pstatic.net/20210209_11/e60048e6-670d-46b8-ad9b-a916b8d284c9.jpg?type=f287']"
21.01.17.,5,작년에 주문하고 출시가 얼른 되기를 기다리고 노트북이 오기를 기대하면서 기다렸네요! 배송도 배송시작한다는 문자 받고 다음날 바로 왔어요 역시 예상 했던대로 깔끔하고 패키지도 고급스럽네요 저는 os 미설치 버전으로 구매를 해서 그런지 패키지 안에 os 설치 매뉴얼도 있고 노트북을 켜니 첫 화면에 os 설치 가이드가 딱 뜨네요 사실 os 설치 할때마다 좀 헷갈렸는데 가이드가 있어서 보고 하면 될것 같아요 노트북 잘 켜지나 어댑터를 연결해보고 충전도 해보고 전원도 켰다 껐다 해봤은데 잘되네요! 너무 만족합니다 무게도 엄청 가볍고 넘 가벼워서 제가 부숴먹을까봐 걱정입니다 ㅋㅋ 영수증 캡쳐해서 lg전자 홈페이지가서 사전예약 사은품도 신청했습니다 일주일 걸린다네요~ 그것도 기대가 되네요! 잘산거 같아요!,"['https://shopping-phinf.pstatic.net/20210119_28/888cfa4f-64a9-47d4-acaa-860c2ac26b83.jpg?type=f287', 'https://shopping-phinf.pstatic.net/20210119_2/acf46600-139b-4a98-be45-ee7227a3523a.jpg?type=f287', 'https://shopping-phinf.pstatic.net/20210119_28/4a165a2f-7fb1-4db2-b1b4-b34519e80128.jpg?type=f287', 'https://shopping-phinf.pstatic.net/20210119_18/895a0df2-188f-46e9-8ef6-cd424054bcbb.jpg?type=f287']"
21.02.10.,5,"그동안 고민하다가 이것저것 많이 비교해보고 주변 지인들의 추천으로 LG그램을 구매하게 되었습니다. [사이즈] 14,16인치 중에 고민했는데 평소에는 들고 다니고 집에서 작업할 때는 듀얼 모니터로 할 생각으로 14인치를 구매했는데 여자가 사용하기에 딱 알맞는 사이즈네요! 외부로 봤을 때는 13인치, 내부에서는 14인치여서 화면 크기도 작은 느낌이 들지 않습니다. 무게는 LG그램인데 말 할 것도 없네요. 처음 배송 왔을 때 너무 가벼워서 노트북 안 들어있는 줄 알았네요 :) [디자인] 디자인 이쁘기로는 역시 LG가 유명하죠. 더 밝아진 화이트로 내부는 물론 외부가 너무 이쁩니다. 또 한, 전보다 더 각진 디자인이어서 더 맘에 듭니다! 잘 사용하겠습니다!!!","['https://shopping-phinf.pstatic.net/20210212_10/1fcbd676-4f5c-4e98-bbf5-42f846d8db54.jpg?type=f287', 'https://shopping-phinf.pstatic.net/20210212_28/c0a0bd0c-ee9e-432e-8ddc-62c88525dd9e.jpg?type=f287', 'https://shopping-phinf.pstatic.net/20210212_15/2ccfa231-671f-4fc2-af7f-1b0334453c79.jpg?type=f287']"
21.02.15.,5,"급하게 노트북 구입을 해야해서 오늘 새벽에 결제하고 방문 수령했습니다. 직원분이 친절하시고 방문 수령 사은품도 주셔서 기분이 좋더라구요. ^^ 매장에서 사는 것 처럼 방문수령이 가능해서 참 좋네요. 인터넷으로 노트북을 사는것이 조금 걱정스러웠는데 만족합니다. 기존에도 LG 그램 14인치를 사용했었는데 2021년 버전 훨씬 좋아졌고 역시 노트북은 LG라는 생각이 듭니다! 이왕 LG 그램으로 구매할 의향이 있으시면 이 제품 추천합니다! 확실히 작년 버전보다는 올해 제품이 좋은 것 같아요. 다만, 가격이 비싸요 ㅠㅠ 저는 할인기간 놓쳐서 별로 저렴하게 주고 산것도 아니라 그게 너무 아쉽네요 ... 노트북 한 대로 일 하는 사람이라 제품 사용 잘 해서 돈 많이 벌어야겠어요. ㅎㅎ 판매자님 감사합니다. 번창하세요!","['https://shopping-phinf.pstatic.net/20210217_25/daba16d0-c56e-4eb0-b7b1-4fd59151e62e.jpg?type=f287', 'https://shopping-phinf.pstatic.net/20210217_20/b7295ea4-326a-4243-a058-f7ef381996e8.jpg?type=f287', 'https://shopping-phinf.pstatic.net/20210217_18/a69c9cff-6ad7-4550-8124-b6f7251ceb86.jpg?type=f287']"
21.03.08.,5,배송이 빨라서 빠르게 사용해볼 수 있었습니다. 사은품으로 주는 마우스와 마우스 패드도 잘 사용하고 있습니다. 윈도우가 설치되지 않은 제품이지만 전원을 켜면 설치 순서와 오류 발생 시 행동 요령이 적혀있어서 문제 없이 윈도우 설치 후 사용할 수 있었습니다. 좋은 제품 감사합니다!,"['https://phinf.pstatic.net/checkout/20210308_288/1615164404354q8bsO_JPEG/review-attachment-8624619c-9c39-4850-9c63-8c8203dff77b.jpeg?type=f287', 'https://phinf.pstatic.net/checkout/20210308_280/1615164404445Emenh_JPEG/review-attachment-17138304-b0bd-4ac6-8d5f-42e27b42e6e4.jpeg?type=f287', 'https://phinf.pstatic.net/checkout/20210308_206/1615164404533mm3cK_JPEG/review-attachment-5dbad93e-5e18-4652-9d3d-19259b2e3978.jpeg?type=f287', 'https://phinf.pstatic.net/checkout/20210308_117/1615164405069EfBuw_JPEG/review-attachment-18aa42f9-5703-46ea-ad22-b68ae5fdd867.jpeg?type=f287', 'https://phinf.pstatic.net/checkout/20210308_209/1615164405231fnmS3_JPEG/review-attachment-5d8edf27-0c37-4c1c-9832-2daee6ef08b9.jpeg?type=f287']"
21.01.17.,5,"고등학교에 입학하는 자녀를 위해 구입한 노트북. 14인치 LG 그램입니다. 비대면 수업과 수행 등 학생들의 PC 수요가 많아지고 있어서 간편하게 사용할 수 있는 여러 제품을 비교해보고 LG 그램으로 마음을 정했습니다. 지난 해 구매한 Lenovo Yoga Slim7 carbon 과 비교했을 때, 두 모델 모두 1Kg이하의 무게와 사양으로 편리하게 사용 중인데, LG Gram 모델은 Display size와 외장포트 (HDMI, USB 등)의 호환성에서 좀 더 좋은 점수를 줄 수 있겠습니다. 아무래도 Thunderbolt 보다는 USB 포트의 활용도가 아직은 많으니까요. LG Gram의 한 가지 아쉬운 점은 노트북의 가벼운 무게와 얇은 디자인에 비해서 LG에서 제공하는 충전기의 사이즈가 작지 않네요. PD충전이 가능한 작은 사이즈의 충전기를 찾아보고 있습니다.가벼운 무게와 다양한 외장포트 CPU사양 등을 고려했을 때 사용성이 좋은 노트북으로 생각됩니다.",['https://shopping-phinf.pstatic.net/20210118_23/e7441296-d23c-4e36-88f1-a6e402c8149f.jpg?type=f287']
21.03.09.,5,주문하고 바로 배송 시작해서 3일만에 받았어요! 처음에 살 때 리뷰가 없어서 고민하다가 급하게 샀는데 배송도 빨리 오고 뽁뽁이로 포장도 잘 돼서 왔어요! 사은품으로 노트북 & 마우스 패드 잘 받았습니다∼ 한 가지 아쉬운 점은 액정 보호 필름을 같이 구매했는데 화면 크기가 안 맞네요 ㅠ 이미 뜯어서 환불은 안되지만 잘 써보겠습니다∼!,"['https://phinf.pstatic.net/checkout/20210309_253/1615286084692DSX03_JPEG/review-attachment-d81105e3-de2b-4c08-8bb8-c01df410cfaa.jpeg?type=f287', 'https://phinf.pstatic.net/checkout/20210309_120/1615286093289qvGPv_JPEG/review-attachment-e6dd1673-7d95-4260-9c7a-fede6acbba8f.jpeg?type=f287', 'https://phinf.pstatic.net/checkout/20210309_111/1615286100448djdG2_JPEG/review-attachment-fdd1c667-9372-48eb-bbb8-d48548d7b9c9.jpeg?type=f287', 'https://phinf.pstatic.net/checkout/20210309_56/1615286116066GDFgK_JPEG/review-attachment-39762391-b45a-4482-abbb-2a79c7436edc.jpeg?type=f287']"
21.02.04.,5,노트북이 필요해서 써치중 눈에 팍 꽃혔습니다. 그램이 최고라는건 다들 아시죠^^ 진짜 가볍고 성능도 대만족입니다. 행사기간이라 가격도 엄청 착하구요. 정말 좋은제품 착한가격에 장만할수 있게 해주셔서 관계자분들 감사드립니다^^ 배송도 다음날에 안전하게 바로 오네요. 관계자 분 모두 복 받으실꺼에요,"['https://shopping-phinf.pstatic.net/20210206_12/cff33214-7e9c-4146-9956-1333055599b3.jpg?type=f287', 'https://shopping-phinf.pstatic.net/20210206_18/d2364d08-04ce-4442-a0bb-8f24772d9ae8.jpg?type=f287', 'https://shopping-phinf.pstatic.net/20210206_1/03ddf44e-0210-450c-8846-648d6ffe647a.jpg?type=f287']"
21.01.18.,5,"지난 12월 22일 주문한게 드디어 도착했서 주말에 받았습니다.

아직 OS 설치 전이라 성능 및 사용기는 적을 수 없어 간단히 언박싱 소감만 적겠습니다.

사진에서 2단으로 박싱되어 있으며 노트북 밑에 어댑터가 있습니다.
어댑터는 생각보다 크고 C 타입 형태입니다.

그리고 주의 하실게 플라스틱 아래에 키스킨이 있으니 박스버리실때 조심하십시요 (3번째 사진)","['https://phinf.pstatic.net/checkout/20210118_103/1610934224427Abc8r_JPEG/review-attachment-977a64be-fa9a-4909-b86c-f20a6fd92327.jpeg?type=f287', 'https://phinf.pstatic.net/checkout/20210118_51/1610934234128nlrcG_JPEG/review-attachment-83345deb-e55f-4e88-9cf3-a6e819283854.jpeg?type=f287', 'https://phinf.pstatic.net/checkout/20210118_65/16109342425479IuNf_JPEG/review-attachment-263645a6-b766-468a-a6cb-55706a7f3f01.jpeg?type=f287']"
21.02.25.,4,장점1. 배송이 정말 빠름! 다음날 바로 출발하니까 정말 빠르게 와서 기분이 설레는게 이어져서 정말 좋았습니다.2. 베젤이 얇아져서 화면이 정말큽니다. 14인치인데도 14인치보다 더 큰걸 사용하는 기분!!3. 팬 소음이 적다. 비슷한 스펙과 가격인 삼성의 이온은 팬 소음이 날카로운 소리를 내서 비슷한 데시벨이어도 큰 소음인데 그램은 낮은 소음이어서 소음이 없는 것처럼 느껴집니다.4. 키보드가 반동이 좋아서 확실하게 칠 수 있는 것 같고 키감도 정말 좋습니다.5. 테이프 떼면 저렇게 남는거!! 믿음직스러워서 구매자들도 만족하는거 같아요!단점1. 수평이 안 맞음. 이거는 할 말도 없이 수평이 안 맞고 나무 책상같은 좀 울퉁불퉁한 책상에서는 더 심해집니다. 하지만 편평한 책상에서만 사용한다면 크게 거슬리는 정도는 아니나 큰 값을 준거에 비해서는 아쉽습니다.2. 키보드 소음이 덮개를 써도 좀 크게 느껴집니다. 부드러운 소리가 아니라 둔탁한 소음이나는 것같아요. 그래도 아주 큰 소리는 아니라서 도서관에서 보고서 쓰는게 아니라면 괜찮은 정도!!!,[]
21.02.05.,5,"곧 설이라, 배송이 늦어지지 않을까 생각했는데 빠른 배송이 만족스럽습니다.이번 2021년도 신제품은 기존의 그램의 좋은평에다가 발열이나 그래픽쪽도 상당히개선이 많이 이루어진 것으로 알고 있습니다.여전히 가벼움을 장점으로 한 모델이라서, 망설임 없이 구매했습니다.앞으로 유용하게 쓸 수 있을 것 같아요.특히 가벼워서 여기저기 들고다니면서 활용하기 매우 좋을 것 같습니다.강추드려요~~","['https://shopping-phinf.pstatic.net/20210207_1/ccaebb41-afcd-4f31-a2f8-41f22f3164e5.jpg?type=f287', 'https://shopping-phinf.pstatic.net/20210207_27/6334a3b4-5f72-4570-9dcb-40d4e57e9bf1.jpg?type=f287', 'https://shopping-phinf.pstatic.net/20210207_15/966ca560-fbaa-4e7f-9830-a6c1d10ecadf.jpg?type=f287']"
21.02.09.,5,어제 온라인 당일주문 및 용산에서 직접수령후 윈도우10설치까지 친절하게 해주시네요..아주 가볍고 화이트색상이라 너무 마음에 듭니다. 예약구매 안하고 이렇게 빨리 구매하게 되서 매우 만족합니다. 다음에 다시 구매할 기회가 생긴다면 메인 CNS에서 구매할거 같습니다,"['https://phinf.pstatic.net/checkout/20210209_178/1612846054037aoKLM_JPEG/review-attachment-36ecea2c-e5cd-4715-be71-b23569b71cf5.jpeg?type=f287', 'https://phinf.pstatic.net/checkout/20210209_108/1612846054176gpc22_JPEG/review-attachment-62331269-8ab9-46aa-b285-115203920195.jpeg?type=f287', 'https://phinf.pstatic.net/checkout/20210209_104/1612846053952Ig1Dv_JPEG/review-attachment-531fd847-9252-45ea-9918-9a976c323e62.jpeg?type=f287']"
21.02.06.,5,예약주문이라 시일이 많이 걸릴줄 알았는데 생각보다 일찍 배송되었어요. 하지만 택배사의 잘못으로 파손된 제품에 배송되어 바로 교환신청을 하였는데 확인후 바로 교환처리 해주셔서 현재 잘 사용하고 있습니다. 이전 사용중인 노트북이 lg울트라pc 15인치로 좀 크고 무거워 휴대하기 불편했는데 그램은14임치는 역시나 작고 가벼워 휴대가 편하네요. 윈도우 미제공이라 설치해야 하는 불편이 있었지만 설치후 잘 사용하고 있습니다.,"['https://shopping-phinf.pstatic.net/20210208_21/8d140f1c-38b3-40a7-92cb-b3be9c06c99a.jpg?type=f287', 'https://shopping-phinf.pstatic.net/20210208_9/b76fce50-1dd1-478c-89ab-19430ca95462.jpg?type=f287', 'https://shopping-phinf.pstatic.net/20210208_0/b92fe286-2c5b-47dc-8467-1115ac56a7df.jpg?type=f287']"
21.01.17.,4,일단 기존 노트북이 오래되어서 새로 샀는데요. 일단 가볍습니다.... 그리고 2016년에 14인치 잠깐 써본적이 있는데 그때 밑판이 휘어지고 뭔가 낭창낭창한 느낌이 들었었는데. 이번 2021년 그램은 화면커진거랑 마우스패드 커진 것이 너무 좋네요. 빠른 것은 솔직히 잘 모르겠습니다. 인텔 10세대 8세대 두가지 쓰고 있는데 사실 거기서 거긴 거 같고 AMD버전도 출시해주면 좋을 것 같지만 엘지는 절대 그럴 일이 없으니까... 뭐...아 그리고 요번에 주는 사은품이 상당히 괜찮네요. 톤프리 이어폰하고 스타벅스 파우치가 매우 기대됩니다. 블루투스 키보드 대신 다른 것이 있으면 좋았을텐데 뭐 여튼 감사하게 받겠습니다. 아 스타벅스 파우치는 고급스러운 색상이라 마음에 드는데 크기가 무척 기대되네요 너무 작으면 실사용때 별로거든요.,[]
21.02.16.,5,원래 쓰던 노트북이 6년 정도 되어서 새로운 노트북을 찾던 도중 이번년도에 출시된 그램 14를 사기로 마음을 먹었습니다. 십일절 특가로 저렴하게 구매한 것 같아서 마음에 듭니다.역시 그램이라는 이름에 걸맞게 매우 가볍습니다. 이전 노트북은 2키로 넘게 나가는 제품으로 휴대가 거의 불가능한 수준이었기 때문에 가벼운 노트북을 원했어서 가벼운 무게가 너무 마음에 듭니다. 14인치 화면에 16:10 비율인 것이 삼성노트북에 비해 장점이라고 생각됩니다. 문서작업 할때 좀더 편리하게 사용할 수 있을 것 같습니다! 11세대 i5가 탑재되어 있어서 성능이 좋을거라고 생각됩니다. 설연휴 끝나고서라 배송이 느릴까봐 걱정했는데 아주 빠르게 받아보았습니다! 윈도우 설치하고 이것저것 해보고 있는데 만족스러워요!,[]
21.02.02.,5,딸아이 대학 입학선물로 뭐가 좋을까 고민하다가 새내기 대학생에게 꼭 필요한 lg 노트북 그램 을 선택하게 됐어요. 큰딸도 작년에 그램 사줬더니 가볍고 너무 좋다고 강추한다기에 이번에도 그램으로 고민없이 주문을 했어요. 역시나 가볍고 이쁘네요~ 사은품도 잘 챙겨주시고 너무 감사합니다.,"['https://shopping-phinf.pstatic.net/20210204_26/841d9805-09fb-4ddf-90f6-769b2e600527.jpg?type=f287', 'https://shopping-phinf.pstatic.net/20210204_26/f4658007-9600-482f-8078-ac26e509da50.jpg?type=f287', 'https://shopping-phinf.pstatic.net/20210204_13/3cae249b-ed3d-4bbc-ab43-3070de0e8658.jpg?type=f287']"
21.02.27.,5,진짜 노트북큰맘먹고 지르자고 결정하고 나서도 하루에도 수십번 고민고민하다가 결국 그램14로 질렀습니다.이온이랑 그램이랑 끝까지 고민했는데 그램사길잘한것같네요일단 받자마자 가볍다가볍다 듣기는했지만 가벼움에 놀라고사용해보니까 소음이 없다는 게 큰 만족감을 주네요.아직 장시간 사용해보지는 않았지만 물론 발열감이 좀 있다는 게 불안감을 주기는 하지만저희는 너무 장시간 사용할 예정은 아니기때문에 상관없을거 같네요.키감도 생각보다는 괜찮구요.고사양노트북이니 속도도 괜찮고 디자인까지 전체적으로 만족합니다다만 14인치랑 16인치는 끝까지 고민할수밖에없네요 어느것을 사도 계속 미련이 남았을거같아요,[]
21.02.23.,5,꼼꼼하게 포장된 상태로 잘 도착했네요~ 배송도 빨라서 좋았습니다. 그램 처음으로 구매하면서 14인치 화면이 조금 작지 않을까 고민도 많았는데 실제로 받아보니 화면도 깔끔하고 크기도 정말 마음에 드네요. 무게가 가벼운 그램의 장점을 살리기에는 14인치가 오히려 적당하다는 생각이 들었습니다. 발열도 예상했던 것보다는 심하지 않았고 쓰는데 불편함이 느껴지지 않았는데 이건 제가 무거운 작업을 아직 해보지 않아서 조금 더 써봐야 알것같네요. 키보드 키감도 기존에 쓰던 노트북보다 훨씬 좋아서 마음에 듭니다. 휴대하시면서 외부 작업 많이 하시는 분들한테는 역시 그램이 가장 좋다는 생각이 드네요.,[]
21.02.25.,5,딸 대학교 합격한 기념으로 사줬는데 매우 만족합니다~ 14인치인데 베젤 작아서 전혀 화면이 작아보이지 않구요 가벼워서 잘 들고 다니겠다고 아주 좋아하네요~! 발열도 윈도우 깔때만 조금 심하고 일상생활에서 사용하는데에는 전혀 지장이 없습니다! 디스플레이도 해상도도 좋고 밝기도 밝아서 좋습니다. 심지어 디자인도 이쁩니다. 모서리가 둥글둥글하지 않고 각진게 진짜 이뻐요. 고급스러워 보입니다. 디스플레이가 살짝 잘 휘어지는 감이 있지만 그게 단점인지는 잘 모르겠네요. 키보드 누를때 느낌도 좋아요. 적당히 키가 들어가서 괜찮습니다.!! 완전 강추합니다!!,[]
21.02.16.,5,포장 꼼꼼하게 잘 돼 있구요! 디자인이 심플하구 깔끔해서 예뻐요ㅠㅠ신입생이라 대학교 가지고 다니려고 구매했는데 가벼워서 들고 다니기 좋을 것 같습니당! 노트북 충전기가 원래 좀 무겁자나요. 이 제품은 충전기도 가벼운 편이라 휴대에 용이할것 같습니당! 키보드도 키감이 좋고 소음이 적어서 완전조용한 곳에선 무리겠지만 그래도 어느정도 조용하게 이용할 수 있을 것 같아요! 아. 노트북이라서 특유의 발열은 좀 있습니다~ 아.그리고. 내일 문의 드려야 할 것 같긴 한데 네이버폼 신청서에 아이디를 잘못적어 제출해서요ㅠ 다른컴으로 다시신청했는데 확인해주세요ㅠ,[]
21.01.16.,5,"예약으로 신청하였는데, 생각보다 물건이 빨리 도착했습니다. 포장상태도 양호하고, 배송이 빨라서 좋습니다. (예약상품이라 20일 가까이 기다려야 했지만..) 사이즈가 작은 14인치를 신청하였는데, 화면도 적당하고, 가볍게 가지고 다니기 편할것 같습니다. 아직 사용전이지만, 빨리 세팅하여 사용해 보아야 겠네요~ 예약구매 사은품도 신청해야 겠네요~","['https://shopping-phinf.pstatic.net/20210118_2/c9ef5e4c-61ed-41a8-b37e-16f84e1e1774.jpg?type=f287', 'https://shopping-phinf.pstatic.net/20210118_22/3a0f7605-15c2-4227-9ced-c43fc973e985.jpg?type=f287', 'https://shopping-phinf.pstatic.net/20210118_0/e2f7cac2-ca81-42b5-83e3-484d615b0124.jpg?type=f287']"
21.01.21.,5,"담당자분께서 친절하게 응대 해주신 덕분에 방문 수령으로 잘 받아왔습니다. 예상했던 날짜보다 빨리 입고돼서 LG전자 사은품도 일찍 신청했구요^^ 노트북 충전기가 생각보다 묵직해서 의외지만, 노트북 자체는 가볍고 1번 충전하면 배터리가 오래가서 좋아요!","['https://phinf.pstatic.net/checkout/20210121_46/1611155302136ho3OI_JPEG/review-attachment-c77fced3-5bad-442e-b7b1-10ef754e119c.jpeg?type=f287', 'https://phinf.pstatic.net/checkout/20210121_31/16111553015867vCll_JPEG/review-attachment-5b62cae5-814c-4da0-a29b-99e6bf4cdb75.jpeg?type=f287', 'https://phinf.pstatic.net/checkout/20210121_16/16111553018408bSpA_JPEG/review-attachment-78bcf481-b7a3-4e53-a51d-11f467c93b4c.jpeg?type=f287']"
21.01.16.,5,"1월 2일에 예약판매 이벤트로 구매했어요..
이전 모델들도 가볍고, 예쁘고, 성능 좋은건 이미 디 알려진 사실이고...
박스가 아담해서 좋았지만 기본 노트북 가방과 기본 마우스가 없는 건 좀 아쉬웠어요..
물론, 예약 판매 선물로 제품 수령 후 신청하면 받을 수 있지만요 ^^
윈도우 설치하고, 프로그램 설치하고, 첫 재부팅을 했는데.. 속도도 엄청 빠르고.. 화질도 좋네요..
왜 다들 그램, 그램 했었는지 충분히 이해할 만 합니다. ^^
이번에 졸업 및 입학을 하는 큰 딸에게 좋은 선물이 되었으면 좋겠네요..
이미 외관과 무게 그리고 디자인 만으로도 엄청 좋아라 합니다.
램 업그레이드까지 하면 대학 가서도 충분히 쓸 수 있을거라 기대합니다.

좋은 제품 많이많이 만들어 주세요..
앞으로도 엘지 그램 노트북 기대하겠습니다.

전 개인적으로 S사 노트북 쓰는데, 다음번엔 내꺼도 그램으로 사볼랍니다...
다들 번창하세요~~~",[]
21.02.25.,5,"이번에 취업을 하게 되었는데 개인 노트북이 너무 필요할 것 같더라구요 그래서 급하게 이것저것 알아보다가 엘지 그램이 가볍다고 해서 고민하다가 구매했어요! 내구성이 좀 떨어진단 얘기를 들었었고14인치는 작아서 문서작업 하기에 좀 불편하단 말이 있어서정말정말 고민했지만, 저는 아이패드도 있고노트북으로는 피피티 만들고 수업 준비하는 용도로 쓸 거라가벼운 게 최고다 (아직 뚜벅이라ㅠㅠ) 하면서 1키로도 안 된다는 14인치 21년형 그램으로 샀습니다결론은 정말 맘에 듭니다후기가 괜히 좋은 게 아니예요ㅎㅎㅎㅎㅎ진짜 한 손으로 들어도 가벼워요 (저 팔힘 엄청 약함)그리고 아직 많이 써보진 않았지만 깔끔하고 빨라요21년형으로 인텔11세대 사길 잘했습니다화면도 생각보다 넓어서 전혀 불편하지 않습니다윈도우랑 오피스도 구매했는데 정품은 원래 비싸죠..윈도우 잘 깔아서 보내주셔가지구 컴터 잘 돌아가요 감사합니다색은 흰색이라 기스 나거나 할까봐 좀 무섭지만얼른 파우치 사서 들구 다니려구요단점은 노트북보다 충전기가 무겁다는 거 정도인 거 같네요아직 써봐야 알 것 같아요ㅋㅋㅋㅋ감사합니다 잘 쓸게요!",[]
21.02.13.,5,"올해 대학 입학하는 조카를 위해 구매했습니다.
조카가 원하는 가볍고 성능 좋은 노트북에 딱인 그램노트북이예요
기존 노트북들보다 자판의 터치감이 진짜 좋아졌네요.
집에 다른 노트북도 있는데 배젤이 없어서 그런지 같은 14인치인데도 훨씬 작고 가벼워요~
화면도 선명하고 배젤이 없어서 정말 깔끔해보이네요
본체(?) 자판 부분도 얇아서 휴대용으로 정말 좋네요~
터치패드도 다른 노트북들보다 훨씬 크고 터치감이 정말 좋아요
좋아진 기술이 확실히 느껴집니다.
그리고 자판의 글씨체도 너무 아기자기하고 하얀색 노트북과 정말 잘 어울리게 나왔네요
배송도 주말 빼고 이틀 정도 걸렸고, 추가 장착한 제품도 좋은 제품으로 잘 해주셨네요.
완전 만족 합니다!!!",[]
21.02.16.,5,설 끝나고 물건도 바로 받고 배송빨라서 좋았습니다.그런데 박스내부에 들어있다고 한 키스킨이 없네요. 부직포같은것만 있고... 생각보다 발열감도 있는 편이구요그래도 노트북 한번사면 그래도 몇년을 쓰니까 이것저것 고민하다가 들고다니기 좋은 그램 14인치 흰색으로 cpu i5이상인 조건중에 할인하는걸 찾기가 힘들었는데 조건에 딱맞춰서 살수 있어서 너무 좋았어요. 거의 다 cpu는 i3이고 cpu를 올리면 가격이 너무 오르더라구요. 아직 윈도우 설치 안해서 못써봤지만 정상적으로 켜지고 좋아요!,[]
21.02.28.,5,중고생 비대면 수업 및 온라인 강의 청취등에 필요해서 휴대성 및 공간 활용등을 감안해서 노트북으로 결정하고 다양하게 비교를 많이 해봤어요..개인적으론 맥을 선호하는데 가장 큰이유는 윈도우 노트북은 비율이 좋지 않거든요. 맥북시리즈의 비율이 웹서핑 및 활용도면에서 좋은데요. 그램14 신제품을 보는순간 비율이 16:10으로 너무 맘에 들었어요..게다가 정말 가볍고 그리 활용성도 없는 숫자키패드가 없는 부분도 맘에 들구요.. 딱 원하는 기능 사양에 가볍고 성능도 좋고. 만족하며 사용중입니다.,[]
21.02.20.,4,"2년 전 그램17을 사서 사용하고 있는데 이번에 휴대성을 강화한 14인치를 구매했습니다. 생각보다 화면크기는 컸습니다.또한 화면화소가 강화된 액정을 사용하여 중저가 200~250nits 패널과는 비교할 수 없을만큼 화면상 상당한 차이를 보였습니다. CPU와 램의 반응속도가 빠르고 즉각적이었습니다. 키감이나 타건의 경우, 좀 깊이 눌러야하는데 개인별 호불호가 있을 것 같습니다.Del 키가 파워키 바로 옆에 있어서 잘못누르기 쉬운 것 같네요. 아직 충분히 사용하지 못했지만 수령 당일에 느낀 점 입니다.",[]
21.02.17.,1,"절대 사지마세요. !!!!!!!!!!!!!!
윈도우가 설치 되지 않은 걸 실수로 주문했는데, 업그레이드도 전혀 안하고, 아무것도 건들지 않고, 개봉 스티커를 손도 대지 않은 것을 반품 못해 준다고 합니다.
완전 사기꾼이네요.
인터넷 홈페이지 설명에 개봉하면
반품안된다고 빨간색으로 큼직하게 써놔서 손도 안됬는데 , 아래쪽에 잘 보이지 않게 조그맞게 뭐라고 써놓고 그걸 이유로 ,,
반품이 안된다네요...
이건 소비자보호원 고발은 물론이고
사기죄로 민사로 가서 피해보상까지 받아야 겠네요,
그런데 이상황에서 더 얄미운건 자기들은 관련 없는 것처럼 발뺌하는
옥션 안내원 ㅠㅠ",[]
21.02.20.,5,작년에도 그램14를 구입했었는데요. 그때는 16:10 디스플레이가 17인치에만 적용이 되서 14인치 볼때는 좀 답답했었습니다. 하지만 올해 버전은 16:10 디스플레이가 14인치에도 적용되어 화면에 더 많은 정보를 담을 수 있어서 좋네요.터치패드도 조금 더 가로 세로로 커져서 커서를 컨트롤하기 더 용이하구요. 1kg을 넘지않게 무게를 지켜낸 것도 좋아요. 타사 이온 모델은 13.5인치인데도 950g 정도여서 생각보다 무게 메리트가 없다고 판단했는데 역시 그램이 14인치로 이만큼 가볍다는게 정말 좋네요. 여러 가지 개선점이 보여서 매우 흡족합니다.,[]
21.02.19.,5,2/16 화요일에 시켜서 그 다음날인 수요일에 바로 받아서 너무 만족스러웠습니다!여자 혼자 쓰기에 크기도 에이포 크기라 에코백에 넣고 다니기 좋았고 14인치라서 조금 작을까 걱정했는데 막상 화면보니 문서작업하기에 정말 적당하고 좋은 크기네요!그리고 무게도 가볍다보니 이동하며 사용하기도 좋을 것 같고 배터리도 길어서 충전기 없이도 안심하고 사용하고 다닐 수 있을 것 같네요 ㅎㅎ2021년 그램이 다들 좋다고 추천하길래 산 제품인데 후회안하고 잘 사용할 수 있을 것 같아서 너무 좋네요!그리고 디자인도 깔끔한 화이트에 그램 글씨 딱 써 있는게 너무 이쁘고 좋네요 ㅠㅠ 울트라북 살려고 고민했던 제가 한심해지는 순간이었어요오랜만에 다시 산 노트북이 그램이라 너무 만족스럽습니다 잘 사용할게요!,[]
21.03.01.,5,이번에 아이 대학 입학선물로 사줬는데 너무 만족스러워요. 색깔로 흰색으로 깔끔하고 무게도 1키로도 안되서 가방에 넣어다니기 정말좋아요. 휴대성이 정말 좋은듯! i5이라서 유튜브나 넷플릭스 영상볼때 버벅거림이 전혀 없고 화질도 너무너무 좋아요. 2020버전에서는 약간 문제였던 발열도 엘지에서 거의 다 잡았다고 들었는데 정말인것 같아요!!!유튜브 틀어놓고 인터넷 서핑이나 다른 멀티 테스킹중에서도 발열이 거의 없어요. 배송도 정말 빨라요. 주문하고 하루 이틀만에 왔어요.,[]
21.02.24.,5,이번에 새로 대학 신입학을 하게되어 대학생활 내내 쓰게 될 노트북으로 그램을 사게 되었습니다. 동생이 그램 예전 모델을 지금까지 쓰는 것을 보고 괜찮겠다 싶어서 그램으로 결정했는데 잘한 선택인것 같아요. 우선 14인치인데도 불구하고 매우 가벼워서 카페나 독서실에 들고 다니기 편하고 윈도우os 제외한 내부 스펙 생각해보면 가격도 합리적이게 구매한것 같아서 만족스럽습니다! 그리고 빠른 배송이 무엇보다 제일 만족스러웠어요.,[]
21.02.16.,5,"기존에 보내기로 했던 날짜보다 빠르게 받아서 기분이 좋았아요! 1월 사전예약으로 구매해서 사은품도 받았어요. SSD 업그레이드도 해서 너무 좋아요.

한달 가량 써보았는데, 일단 너무 가벼워서 좋아요
14인치라서 가지고 다니기에도 너무 좋고요

기존에 사용하던 노트북이 10년이 다 되어가서 너무 느렸는데
이거는 정말 빠르고 좋아요!!!

믿고 쓰는 LG에 그램이니 좋은 거는 뭐 다 아시겠죠...?

램이 8기가인데 게임 안 하고 인터넷이랑 문서작성하는 것이 위주인 저는 만족스럽습니다!!",[]
21.01.22.,5,"수요일 밤에 시켰는데 금요일에 받았어요~ 배송도 빠르게 왔고 뽁뽁이에 쌓여서 안전하게 도착했어요!
그리고 마우스패드랑 무선마우스까지 챙겨주셔서 너무 감사합니다~!
무게는 역시 들었던대로 가볍고 디자인도 깔끔해서 너무 이뻐요
제가 뚜벅이라 무게에 중점을 두고 샀는데 너무 가벼워서 평소에 들고다녀도 문제 없을 거 같아요~ 그리고 14인치 화면 작다는 소리 들어서 걱정했는데 이번에 비율이 새로 개선돼서 그런지 전혀 작은 느낌없고 딱 적당해요!
박스 안에 키스킨도 내장되어 있었고 키감도 만족스러워요.
여기저기 비교해보다가 가격도 싼 거 같고 추가 구성품도 마음에 들어서 주문한건데 잘 산거 같아서 너무 만족해요!
잘 사용하겠습니다ㅎㅎ",[]
21.01.31.,4,"기존에 쓰던 그램노트북이 파손되어서 구매했는데요, 역시 믿고 쓰는 그램입니다. 같은 그램이고, 같은 14인치인데도 불구하고 변화된 차이가 확느껴지는 성능과 본체입니다. 단 한가지 아쉬운 점은 제가 구매할때보다 가격이 10만원이 더할인되고 있다는 점입니다. 가격변동이 일이만원도 아니고 너무 커지다 보니 좋은 성능에 이가격은 줘도 된다생각했지만, 괜히 가격이 아깝게 느껴질 정도였습니다. ㅜㅡㅜ 가격의 할인만 보지 않았다면 상품자체로는 대만족입니다. 배송진짜 꼼꼼하고 빨랐음은 두말않구요!",[]
21.02.24.,5,가격이 많이 올라 계속 모니터링만 하다가 이번에 디지털 세일기간에 좋은 가격에 잘 구매해습니다. 제품은 미리 오프라인 매장에서 확인하고 기존에 구매한 10세대 모델을 만족스럽게 쓰고 있어서 좋은 가격 나올때 까지만 기다렸는데....시간이 지나면 더 떨어질수도 있겠지만 신학기부터 쓰는걸로 만족하며 쓰겠습니다. 제품 자체는 워낙 알려져 있어서 전혀 고민 없이 구매했고 데스크탑 있고 추가로 휴대용으로 쓰려는 분은 14인치가 좋습니다.,[]
21.02.24.,5,"21년 모델이 전년도 모델에 비해 업그레이드 된 점도 많고 해서 큰 맘 먹고 샀어요.전에 쓰던 노트북은 한 번 어디 가지고 나가려면 어깨 팔 승모근에 담 왔었는데, 그램은 너무 가벼워요.문서 작성을 주로 해서 키감과 휴대성이 중요한데, 그램이 딱이에요. 사이즈도 콤팩트하고 좋아요. 얼른 코로나 끝나서 카페에서 보란듯이 작업하고 싶어요. 가격은 좀 비싸지만 전반적으로 아주 만족합니다.",[]
21.02.13.,5,"방문수령으로 받았는데 주문하고 다음날 바로 받을 수 있어서 좋았어요 수령하러 갔을 때 친절하게 응대해주셔서 감사했습니다 사은품도 빠짐없이 잘 받았고, 키스킨도 기본 제공이라 좋네요 상품만족하고 특히 디자인이 진짜 예뻐요! 키감도 좋고 키스킨쓰면 키보드 소음도 적게 나는 것 같아요 그리고 무엇보다 노트북 자체 소음이 작아서 아주 좋습니다 기존에 15인치 노트북만 사용해와서 작은 사이즈 사기를 망설였는데 화면베젤이 얇아서 14인치여도 작아보이지 않아요! 16:10 비율이라 문서작업에도 좋은 것 같습니다 무엇보다 엄청 가볍고 들고 다니기도 편해요 사기 전에 엄청 망설였는데 만족합니다~",[]
21.01.29.,5,그램을 구매하려고 맘먹고 2020년 모델부터 새로나온 모델까지 엄청나게 정보를 찾아봤는데요 2020년 모델에 비해 2021모델이 훨씬 더 좋아졌다는 말에 조금더 비싸도 신형을 사야겠다 싶어서 구매했습니다 쿠폰이랑 카드할인 등 적용해서 잘 구매했구요 퀵으로 원하는 날짜에 배송받아 오래 기다리지않아도돼서 너무 좋았습니다 구매전에도 이것저것 질문이 많았는데 판매자분도 친절하게 안내해주시고 감사합니다 14인치인데도 타 노트북에 비해 화면이 더 큰느낌이라 시원하고 무게는 말할것도 없이 가볍습니다 힌지부분도 사라져서 더 깔끔해보이네요 사무용 및 간단한 영상시청정도로 사용하기에 사양도 충분하다고 생각합니다 SSD는 256 추가해서 설치해서 여유있네요 잘 사용하도록 하겠습니다 감사합니다.,[]
21.02.19.,5,취업하고 업무용으로 들고다닐만한 노트북으로 여러가지 알아보다가 그램만한게 없어서 구매했어요. 노트북 사면서 이전까지는 무게보다는 무조건 사양+가성비위주로 구매했었는데 노트북은 데스크탑과는 다르기때문에 크게 의미가 없고 용도에 맞춰서 사는게 맞는것같다고 느꼈어요. 데스크탑 사양보다는 떨어지지만 휴대면에서는 탑급인 것 같고 무게와 두께면과 비례해서는 사양과 속도면에서도 너무 만족합니다. 정말 '노트북'이라는 이름에 맞는 전자기기가 아닐까 저는 생각합니다 ^.^,[]
21.01.26.,5,예비고등학생이되는 딸아이한테 선물했어요.책가방에 쏙넣어 다니기 너무 좋을꺼 같아요17인치16인치도 고민했지만 학교에서 책상에 올려두고 사용할꺼 생각해서 14인치로 했네요. 집에있는 16인치랑 비교했을때 화면이 절대작지 않고 무게도 가볍고 디자인도 깔끔하니 너무좋아요.또 화질이 너무나 좋아서 깜짝 놀랐어요.줌수업 테스트도 해봤는데.. 카메라 성능? 기능? 방안이 다~~ 보이더라고요.. 딴짓 못하겠다며.. 또하나더.. 빠른배송에 깜짝 놀랐어요..,[]
21.02.27.,5,우리딸 선물로 사줬어요첫 만남부터 크기.색상 너무 마음에들어해서 저도 기쁘네요컴맹?이라...어려워서 도움을 받아서 깔았더니프린트도 연결하고 휴대폰도 연결하며아들과 머리 맞대고 하하호호간만에 보기가 좋네요조금은 서툴지만 열심히 만져보고익혀서 잘 사용할게요줌으로 수업을 하는데...그동안 휴대폰으로 해서 화면이 작아서많이 불편했는데 화면 크고 선명하고그램답게 가벼워서 대만족입니다,[]
21.02.04.,5,"그동안 그램19 15인치를 썼는데, 더 가벼운걸 원해서 이번에 새로 나온 14인치를 구매했습니다 새로나온 16인치도 예전 15인치랑 비슷한 무게지만 성능과 화면이 더 커지고 좋아졌다고 해서 좀 고민했네요. 여하튼 초심으로 14인치 구매했는데 아주 만족스럽습니다. 두번째 사진에 보이는대로 크기차이도 1인치에 불과한 것에 비하면 아주 눈에 띄게 소형화 된 것 같구요, 그렇다고 화면이 답답하지도 않고 문서 작업에도 별 불편함이 없네요. 체력이 저질이라 10g이라도 짐을 줄여보고자 했는데 대성공인 것 같습니다.",[]
21.02.26.,5,"그램 최신형 저렴하게 구입했어요!!! 이번 그램은 화면 비율이 좋네요 16대 10이라고 하는데 예전 그램보다 세로 길이가 길어져서 문서 작업할때 더 편한거 같아요 노트북 밑면에 환풍구?가 새롭게 생긴 것 같아요 아마 예전 모델에서 이슈되었던 발열을 잡으려는 노력이겠죠..?
아무튼 좋은 제품 안전하고 빠르게 보내주셔서 감사합니다 바로 다음날인가 다다음날에 출고되었던걸로 기억해요",[]
21.02.17.,5,졸업 기념으로 새로운 노트북 구매하려고 알아보다가 LG 그램이 그렇게 좋다길래 구매했습니다! 이것저것 알아보고 따져보면서 그램 중에 어떤 걸 구매하면 좋을 지 생각해봤는데 여기 딱! 가격도 좋고 성능도 괜찮은 그램이 있길래 망설임 없이 바로 질렀어요~!~!! 14인치라고 해서 화면 크기가 약간 걱정됐는데 노트북 열어보고 나서는 '아 내가 쓸데없는 고민을 했구나' 라는 생각이 들었습니닷. 배송도 빨리 오고~ 너무 신나요~~!~!~!,[]
21.02.23.,5,"대학생활 내내 노트북이 무거워서 고생하다가 가벼운 노트북을 하나 장만하기로 해서, 여러 제품을 둘러보다가 가볍기로 소문난 LG 그램으로 정했습니다. 마침 2021년 신상품이 새로 나온데에 이어, 빅스마일 데이로 더욱더 세일을 하여 저렴하게 구매할수 있었습니다. 받아보니 정말로 가볍고 새로운 11세대 인텔 CPU를 장착한 노트북 답게 매우 성능이 준수하여 더욱더 기쁘네요. 또한 추가로 구매한 SSD 256G까지 장착을 잘해주셔서 더욱더 좋았습니다! 14인치 임에도 불구하고 노트북이 16:10이라 그런지 전혀 작은지도 몰르겠네요. 남은 대학생활은 무사히 가벼운 노트북을 들고 생활할수 있을거같습니다! ㅎㅎ 감사합니다! 물론 배송도 매우 빨라서 더욱더 좋았습니다!",[]
21.02.13.,5,"일단 노트북 디자인이 화이트계열이라 깔끔한 스타일을 좋아하는 나에게 매우 마음에 들었구요.
3년전에 구매해서 사용하고 있는 울트라에 비하여 속도가 되게 빨라서 만족합니다.
또한 가벼움에 있어서나, 화면 비율에 있어서도 휴대하기 편리하고 가독성도 높아서 만족스러운 제품이었습니다.
지금은 더 좋은 가격으로 구입가능해져서 좀 그렇지만, 잘 샀다는 생각입니다.",[]
21.02.28.,5,"여러 노트북이 많아서 고민을 조금 했지만 지금 사용하고 있는 LG 노트북이 오랫동안 사용해도 만족감이 높아서 그램을 선택했습니다.
크기는 예전의 13인치 크기지만 화면이 주변 베젤이 화면으로 되어서 휴대성도 높고 14인치 화면을 꽉차게 전부 볼 수 있어 시원시원하네요.
충전기도 대세인 C-type이라 마음에 듭니다.
게다가 확장포트도 충분해서 다른 작업 디바이스와 연계도 잘되네요.
만족 스런 선택입니다...ㅎㅎ",[]
21.03.13.,5,"카페에서 작업하는 날이 많은데 그램은 무게에선 정말 큰 메리트가 있는 거 같아요.색상도 화이트라 군더더기 없이 너무 깔끔합니다.화면 비율이 더 커졌다는 상품 정보를 봤는데요. 이전 모델은 안 써봐서 모르겠지만, 가로세로 최소한의 공간만 남기고 화면이 꽉 차있어서 절대 작아보이지 않아요.잘 쓰겠습니다!",[]
21.02.21.,5,"윈도우 미탑재 제품을 구매했지만, 처음 PC켰을때 화면에 설치방법이 자세히 나와있어 어렵지않게 셋업할수 있었습니다.학생용 윈도우 받아서 설치했구요..그 다음은 기본 탑재된 LG프로그램에서 알아서 드라이버 잡아주니 편했네요.소음도 적고 예쁜것 같아요.아직 성능테스트는 못해봤지만 i5 11세대 cpu니 문제 없겠죠. 잘 산것 샅아요. 추천합니다~~",[]
21.02.19.,5,배송은 다음날 바로 왔어요~ 상자도 파손된거 없고 빨라서 좋았습니다. 일단 받자마자 너무 가벼워서 놀랐어요. 딸내미 선물로 사준건데 혹시 무거우면 들고다니기 힘들어서 걱정했는데 그런 걱정할 필요가 없었네요. 화이트라 보기에 깔끔하고 14인치인데도 화면이 작아보이지 않아서 더 좋네요. 사은품으로 무선마우스랑 패드랑 챙겨주셔서 추가로 돈 나갈일이 없네요^^ 역시 노트북은 lg 그램인거 같아요 강추입니다.,[]
21.02.04.,5,1월 30일날 하루 이벤트했을 때 구입해서 131만원인가? + 윈도우(따로삼)약 18해서 150정도에 구입했습니다. 배송도 한 3일? 인가 하여튼 되게 빠르게 잘 받았습니다. 박스 기스 없이 깨끗하게 잘 실링되어있었구요 같이 주신 마우스랑 마우스패드도 잘 받았습니다. 노트북은 일단 하얀색이라 깔끔하고 이쁘고요ㅋㅋ 16대 9 비율 화면만 보다가 16 대 10 으로 바뀌니까 확실히 화면이 더 시원하고 넓습니다. 근데 키보드 배열이 뭐랄까 사이의 간격이 넓다고 해야하나? 위치가 약간 안 맞는다고 해야하나 하여튼 제 손에는 약간 불편했습니다. 숫자 키패드도 따로 없지만 뭐 이건 14인치니까요 이건 제가 적응해야하는 거고 하여튼 새거라 빠르고 좋습니다 스피커나 발열은 음 원래 기대 안해서 그냥 노트북 쿨러 사려고요 어쨌거나 안전하고 빠른 배송 감사합니다!,[]
21.02.24.,5,오직 내 소유 노트북은 처음사보는거라 많이 신중하고 고민해서 선택했는데 처음 고민이 돌고 돌아 결국은 LG 그램이네요 고민하지않고 샀으면 더 빨리 사용했을텐데 라는 아쉬움...ㅠ 배송도 빠르고 파손은 무슨 넘나 영롱합니다 너무너무 만족스러웁니다 사은품도 하나하나 챙겨주시고 역시 그램 까고 싶어도 깔 점이 하나도 없다는 점! 얼마나 사용할지는 모르겠지만 고장나지 않는 이상 평생 쓸 각오했습니다! 이런 노트북 팔아주셔서 나무너무 감사하구요 아직도 고민이신 분들은 당장 배송만 늦어질 뿐 어차피 사게 되는거같아요~!,[]
21.01.20.,5,딸아이가 올해 대학교를 들어가면서 어떤 노트북을 사줘야하나 많이 고민했습니다. 여러가지 고려 사항들 중 첫 번째로 따졌던 것은 뭐니뭐니해도 무게였습니다.이곳 저곳 들고 다녀야 할 것을 생각하니 무거운 노트북은 안 되겠더라고요.그리고 성능은 lg니까 ~ 그냥 믿고 구매했습니다. 도착한 노트북을 들어보니 아이폰 11과 무게가 비슷했습니다 ㅋㅋㅋㅋ그리고 색상도 정말 깔끔하고 때타지 않을 하얀색이었습니다. 아주아주 만족합니다 ~~~,['https://shopping-phinf.pstatic.net/20210122_26/34645378-d8b7-4c8c-a1d1-bf1d177a77ab.jpg?type=f287']
21.01.19.,5,주문이 밀려서 그런지 일반적인 상품보다는 빠르지 않았지만 그래도 판매자분께서 말씀하신 일정보다는 빨리 받을 수 있었습니다.제품이야 뭐 그램 성능 다 아시다시피 나무랄데 없구요.다만 ZD(윈도우 미설치)사양은 LG사은품 발송시 마우스가 지급되지 않는다는점이 좀 서운하네요. 이것은 LG정책인가봅니다. 전에 17인치 살때는 받았는데 말이죠.그래도 윈도우 자가 설치 가능하신분께는 적극 추천드립니다.,[]
21.02.28.,5,"재택근무와 원격수업 때문에 집에 노트북이 하나로는 부족하네요. 국산 서비스를 받고 싶어서 국산 노트북 중에서 LG그램이 이쁘게 나왔길래 16인치랑 많이 고민하다가 아들이 14인치가 휴대하기 나을 것 같대서 16인치 하고 싶은 맘을 접고, 집에도 타사 14인치가 있는데도 14인치로 결정했어요. 같은 14인치여도 정말정말 가벼워요!^^그리고 심플하고 참 예뻐요. 키 터치감도 깊이 들어가니 더 좋긴 좋네요. 액정필름도 같이 주문해서 붙였는데 타이트해서 한번에 깔끔하게 못 붙이고 공기가 많이 들어가 버렸..ㅠㅠ 이 업체의 포토상품평 선물이 맘에 드는 게 있어서 여기서 주문했어요. 배송도 빠르고요. 잠깐 통화했는데 친절하시고요. 옆에 마우스는 업체 사은품이예요. LG전자 사은품은 신청했는데 아직 않왔어요. LG전자 노트북 서비스가 국산이니만큼 편리하면 좋겠습니다.",[]
21.02.03.,5,"프리도스 다 보니 이렇게 싸게 살 수 있었는데, 학생이라 무료로 windows 10 education 설치 가능해서 또 돈 아꼈습니다!
유튜버 리뷰 보면 화면 쪽 재질이 플라스틱 같다고 하는데 저는 별로 못 느꼈고요, 자판 쪽은 확실히 단단했습니다. 밀스펙도 합격했다고 하니 웬만해서는 부서지지는 않을 거 같네요!
13인치 울트라 피씨를 원래 가지고 있었는데, 그것보다 화면은 큰데 노트북 전체 크기는 적어요! 디자인도 각진 형이라 너무 좋습니다.
뭐 무게는 뭐 말할 것도 없이 가볍네요ㅎㅎ엄마가 택배 들어보시더니 노트북 안에 들어있는 거 맞냐고 하셨어요 ㅋㅋ 너무 가벼워서 ㅋㅋㅋ 여튼 포장도 엄청 꼼꼼히 해서 보내주셨어요.",[]
21.02.19.,5,"이번에 대학 들어가는 20살이에요 부모님께서 사주신 내 첫 lg gram!사실 비슷한 성능에 더 싼 가격 노트북은 있지만 컴알못 대학생으로서는 그것만 고려해서는 안되죠!AS도 잘되고 디자인도 귀엽고 에코백에 들어가는 아담한 14인치 사이즈에 가벼운 무게까지 완전 만족이에요ㅎㅎ덤으로 패드, 무선마우스, 키보드 스킨까지 주네요좋은 거 만들었어요lg 앞으로도 잘쓸게요",[]
21.01.17.,5,"딸이 이번에 대학에 합격하여 사준 2021 그램14여자아이라 가볍고, 성능 우수한 모델 검색하여 선택하게되었고배터리 성능이 좋아 오랜 시간 사용할 수 있는 장점, 백라이트 키보드, 선더볼트 4, USB4 단자가 있어 더욱 편하여 구매하게 되었습니다.그 동안 다른 친구들 자녀들(특히 딸들)에게 많이 권했었는데 제 딸에게 사주어 너무 기분이 좋았습니다.저와 같이 딸이 있는 분들께 적극 추천합니다.",[]
21.01.25.,5,최신 노트북 고민하시는분들 모두모두 그램 사세요 디자인도 넘 이쁘고 가볍고 진짜 만족합니다>_< 저도 이리저리 많이 알아보고 주문했는데 그램이 젤 괜찮더라구요. 윈도우 10 동봉 주문했는데 설치되어있어서 첨엔 조금 놀랐지만 정품 키는 제가 개봉해서 인증해야 하네요! 어차피 설치할 것이었던 터라 깔려서 오니 편하고 좋아요ㅎㅎ 완전 새상품처럼 설치해서 보내주셔서 좋습니다. 그냥 설치로 주문하셔도 될 듯 해요. 사전예약이라 그램박스도 신청했습니다! 배송도 빨리 왔어요,[]
21.02.03.,5,집에 노트북 2대가 있는데 모두 구형이라 느리고 무겁고 답답했어요 예전부터 살까말까 고민하다 올해 신상으로 확 질렀습니다! 후기는 너무 좋아요 일단 가벼워서 최고입니다!!!!간단한 웹서핑이나 문서 작성 등등 큰 기능을 사용하지는 않지만성능도 좋고 정말 만족합니다 추천합니다 여러분 사세요!!배송도 빨랐어요 일요일주문 화요일 도착했습니다 강추!,[]
21.02.16.,5,대학교 가는 조카 선물로 구입했는데 아주 만족해하고 있습니다.디자인도 이쁘고 무엇보다 가볍고 컴팩트에서 들고 다니면서 작업하기 좋을 것 같아요.패키지 안에 키스킨이랑 들어 있어서 따로 구입 안해도 되는 것도 좋고 사은품으로 마우스와 마우스패드 도 주셔서추가로 돈 들 게 별로 없네요ㅋㅋ2021년 형이 나오면서 액정 품질이 아주 좋아진 게 눈으로 느껴지는 것도 아주 마음에 듭니다 색감이 지난 게 화질이 너무 좋네요.선물용으로 완전 강추입니다^^*,[]
21.01.20.,5,"고등학교 졸업하고 대학들어간 기념선물로 사주었는데 딸애가 원하는 노트북이라고 정말 좋아하네요.
14인치인데 화면이 꽉차서 작아 보이지 않아서 좋고, 제일 멋진건 무게에요. 가벼워서 강의용으로는 딱인데 학교가 열지는 모르겠네요. WIN10 깔고, 오피스 깔고, 한글은 lg사은품 기다리는 중입니다. 5년만 잘 버티기 바라네요. 잘 쓸게요....",[]
21.02.27.,5,"23일에 주문해서 당일 출고를 확인하였는데 도착은 26일에 했어요..노트북 악세서리들을 다른곳에서 같은날 샀는데 그건 모두 24일에 와서, 노트북이 배송중 뭐가 잘못된건 아닌가 했습니다..
결론적으로 물건은 좋은 상태로 왔고, 키스킨은 박스에 동봉되어있고 무선마우스랑 마우스패드도 같이 주셨어요 마우스 주실때 이왕이면 노트북이랑 같은 색으로 주시면 더 좋을것 같습니다^^;;",[]
21.03.03.,5,비수도권인데 배송이 결제 바로 다음날 도착했어요!!전에는 17년도 그램14 썼는데 훨씬 좋아졌어요역시 그램답게 무게도 가볍고 디자인도 정말 이뻐요~ 포장 뜯자마자 너무 예뻐서 헉 했어요!!!!오프라인에서 봤던 그램2021 14인치 i5 가격보다 훨씬 쌌어요!저는 카드할인까지 128만원에 샀는데 진짜 횡재했네요~타자감도 훨씬 좋아졌고 무엇보다!!!!!!!화면이 16:10으로 커져서 너무 좋아요ㅠㅠㅠㅠi3 쓰다가 i5 쓰니까 훨씬 깔끔하게 돌아가고 구동 속도도 빨라요!가격대비로 정말 성능 좋은 노트북 잘 샀습니다~!사은품은 USB로 부탁드릴게요:),[]
21.01.21.,4,"4년만에 새 노트북으로 구매한 2021 그램! 제가 이전에도 14인치 그램을 사용했었는데요, 이번에는 13인치 사이즈에 14인치 화면이라고 보시면 될 것 같습니다. 가로길이가 좀 짧아지고 세로길이가 길어졌어요. 그래서 노트북 받아봤을 때, 너무 작아서 깜짝 놀랐습니다. 확실히 문서 작업할 때 더 좋은 것 같습니다만 가로 길이가 좀 짧은게 아쉬워요. 이동성은 매우 매우 탁월하다고 보시면 될 것 같고, 이전에 14인치 그램 노트북 크기도 괜찮다고 보시는 분들은 16인치 추천합니다! 구매에 도움이 되시면 좋을 것 같습니다^^",[]
21.01.16.,5,그램이 광고처럼 정말 가벼울까 싶어 걱정이 많았어요 ㅠㅠ... 그런데 실제로 받아서 들어보니 훨씬 가벼웠어요. 아무래도 애들 책가방이 너무 무거울까봐 많이 걱정이 됐는데요... 걱정을 한시름 덜었어요. 이전 모델을 아이가 사용을 했었는데 확실히 아이가 쓰기 편해하고 고장도 잘 안났는데 마침 새모델도 나와서 사봤는데 훨씬 기대 이상이더라고요. 가볍게 사용하기 좋아서 아이 학업용으로도 괜찮은것 같아요.,[]
21.02.26.,5,고민한거 후회안되게 맘에듭니다 배송도 다음날 바로 발송해서 안전하게 잘 왔어요새 제품이라 빠른건 기본이고 기존 14인치보다 화면이 넓어져서 작거나 눈아픈느낌도 덜하고 파일도 더 많이보여서 재택근무때 사용하기에도 편할거같아요 모니터 추가 연결해서 쓰다보니 16인치는 조금 큰거같아 부담스러웠는데 14인치가 넓어져서 딱 좋은 크기의 제품 얻은것같아 좋아요넘 가벼워서 들고다닐때 떨어트릴까봐 겁납니다ㅎㅎ,[]
21.02.27.,4,무거운 노트북만 써봤다가 그램 들어보니까 정말 가볍네요화이트색도 너무 예쁘고 화면크기도 충분하고 좋은것 같아요키감도 묵직해서 좋고 14인치라 오른쪽 숫자키가 없는건 좀 아쉽지만 적응해야겠네요아직 윈도우를 안깔아서 빨리 실사용 해보고싶어요,[]
21.02.22.,5,"구매한 엘지그램 노트북이 1kg미만으로 가벼워 휴대성이 뛰어나고, 화면비는 동급대비 세로가 약간 확장되어 좋습니다. 물론 해상도도 높구요. 자녀가 휴대성을 가장 중요시 하여 원하는 14인치 노트북을 입학선물로 주었는데 만족하니 넘 기쁨니다. 이 상품의 휴대성이라는 최대 장점을 살려서 판매에 도움이 되길 바랍니다.",[]
21.03.15.,4,"몇번 고민한 끝에 노트북은 역시 그램이라는 결론에 이르렀습니다. 공식판매점이라 믿고 구매 하였고 현장수령하였는데 빠르고 친절하게 응대해주셔서 기분 좋게 제품을 받았습니다. 제품은 100% 만족하고, 21년형이 성능개선이 많이 되서 그런지 체감속도는 훨씬 빨랐습니다. 다른곳보다 저렴하게 구매했음에도 사은품은 빠짐없이 챙겨주었습니다. 지인도 노트북 알아보고 있는데 여기를 강추할 예정입니다. ~~^^",[]
21.02.24.,5,제가 이번에 신입생이라 대학 입학 선물로 이 그램 노트북을 샀는데 받는 순간 너무 가볍고 2021 그램 업그레이드 버전인데 일단 화질부터 달라요 너무너무 전보다 깨끗한 고화질에 딱 좋은 크기까지 너무나도 잘샀다는 생각이 들더라구요! 배송도 매우 빠르고 포장도 안전하게 해주셔서 덕분에 좋은 노트북 받고 갑니다!,[]
21.01.18.,5,지난 그램에 비해서 무게감을 확실히 줄였습니다. 그리고 두께도 더욱 얇아진 것 같아서 휴대하기로는 최적이네요.흰색 디자인이라 깔끔하기도 합니다.무엇보다 인치에 비해 화면이 넓어보여 작업하기에 편하네요성능 또한 인강 또는 사무용으로 샀는데 충분히 활용가능하고 게임도 가능해보여요배송도 예상보다 빨리해주셔서 좋았어요,[]
21.02.18.,5,"삼성이온2와 엘지그램중 고민하다가 LPDDR4X가 채용된 그램을 선택..역시 쟐 선택한거 같습니다
가격은 그램이 다소비싸지만 무게나 반응속도 디자인 모든면에서 그램이 월등하다 생각되네요
윈도우설치는 NTFS방식포멧된 USB는 설치가 안되고 FAT32방식 포멧된 USB가 인식잘되고 설치도 잘되었네요
윈도우설치하고 사용해보니 가볍고 반응속도 좋고
키보드 터치감 좋습니다
레노버 아수스 삼성 다써봤지만 그램이 제일 만족스럽네요",[]
21.03.10.,5,"보통 노트북만 사용하다가 처음으로 그램을 구입해 봤습니다.
생각했던것보다 훨씬 더 가벼워서 놀랐습니다. 14인치와 15인치를 고민하다가 14인치를 구매했는데 들고 다니며 사용하기에 너무 좋을 것 같습니다!! 그리고 lg 공식 인증 판매점이어서 온라인으로 구매하는데 찝찝함이 없었던 것 같아요! 그리고, 무엇보다 해당 업체가 가장 저렴해서 합리적인 가격에 구매한 것 같아요! 잘 쓰겠습니다!",[]
21.02.20.,5,저렴한 노트북하고 그램하고 고민했는데 친구집에서 그램 써보고 좋아서 그램으로 결정했어요. 그런데 또 17인치랑 고민이 되더라고요. 휴대성이 그램의 큰 장점이라 생각해서 결국 작은걸로 구매했어요ㅎㅎ... 화이트 색상도 너무 예쁘고 잘 구매했다고 생각합니다! 크기는 A4용지보다 가로가 조금 더 길다고 보면 될것 같아요~,[]
21.02.24.,4,"집사람 선물로 준비했습니다.화요일 오후에 결재했는데 수요일 오후에 배송이 되어서 기다리지 않게 해주어 고맙습니다.집사람왈 :제품에 대해선 좀 더 이용해봐야 알겠지만, 대면한 첫 느낌은 14인치임에도 불구하고 작다는 느낌을 받을 수 없네요.그리고 휴대성도 좋고...뭐니뭐니해도 이쁘게 잘 빠졌네요.많이 파세요.",[]
21.02.19.,5,원래 가격부담이 부담되어서 그램 옛날버전으로 구매할 계획이었는데 이 제품은 쿠폰까지 적용해서 싸게 살 수 있어서 구매했습니다! 프리도스 제품이다보니 윈도우 설치하는 것에 걱정이 많았는데 인터넷에 검색해보고 천천히 해보니 잘 되더라구요 ㅎㅎ 이렇게 사길 정말 잘한것같아요 윈도우 설치되어있는 제품은 너무 비싸서 부담이 됐거든요 ㅠㅠ 정말 만족합니다 제품 보내주실 때 마우스랑 마우스패드까지 보내주셨어요 감사합니다! 뽁뽁이도 엄청 많이 싸여있아서 안전하게 받을 수 있었습니다! 정말 마음에 들구요 잘 사용하겠습니다,[]
21.02.23.,5,"첫째가 그램을 너무 잘 사용하고 있어서 둘째에게도 그램을 사주게 되었어요.최신형에 저렴?한 가격에 잘 산 것 같아요.프리도스로 구매하여, 윈도우도 설치하고, 오피스도 설치하고... 기타 등등..여러가지 프로그램을 설치하는데 아무 문제없이 모두 잘 설치가 되었습니다.화질도 좋고 속도도 좋네요.아무쪼록 많이 파세요.~둘째아이도 만족해합니다^^",[]
21.01.17.,5,"신제품 예약판매에서 구매해서 1월말에나 받을수 있을줄 알았는데 빨리받았습니다. gram이야 가볍고 인기있는거 다들 아실테고 올해 20살 되는 조카를 위해 선물로 보내줬는데 엄청 좋아합니다. 일반 용도에는 gram이 제일 좋은것 같고, 가방에 넣고 다니기 편한 14인치가 적당하겠습니다. 가격은 11번가가 제일 싼것 같네요",[]
21.03.14.,5,가벼운 노트북을 구입하기 위해 비교하던중 이번에 LG에서 새롭게 출시한 2021 LG그램14 화이트 모델을 구입하게 되었습니다. 인텔 11세대 CPU의 빠른 속도와 그램 전세대 모델에 비해서 바닥 방열구 면적이 넓어진점이 매우 마음에 들었습니다. 특히 다른 노트북과 비교했을때 선명한 색감과 16:10의 화면 비율이 마음에 쏙 듭니다.,[]
21.02.06.,5,우선 노트북 받자마자 개봉해보니 아담하니 너무 예뻐요~~ 디자인 대만족!!윈도우는 직접 깔았고 기존에 쓰던 노트북에 비해서는 성능은 좋은것 같아요~ 소음도 충전할때 초반에 들리던 이후에는 며칠지나니 하나도 안들림... 노트북을 틀었나 싶을정도로..정말 잘 샀다 싶어요!!!,[]
21.02.18.,5,월요일 2시경에 시켜 수요일에 받았습니다.아주 만족합니다.그리고 이렇게 가볍다니...가지고 있는 아이패드보다 조금 무거운정도 완전 만족합니다.고민하시는분들께 무조건 사라고 추천하고 싶네요.그리고 쿠폰적용 잘못해서 번거로웠는데 판매자분께서 바로 잘 해결해주셔서 더 만족합니다. 번창하시고 코로나 잘 이겨내세요 ~,[]
21.01.16.,5,2015년 그램 13인치를 너무 잘 사용하여 딸 아이 대학입학 선물로 14인치 그램을 구입했는데(15인치부터는 1키로그램을 넘어서 휴대성이 떨어지고 여자아이라 이쁜 것도 신경써야 해서) 내가 사용하고 싶을 만큼 탐이 나네요^^; 발열문제 해결을 위해 업그레이드 되었는 것을 확인합니다. 배터리 용량도 커졌다는데 아직 미확인 어쨋든 마음에 너무너무 드네요~,[]
21.01.26.,5,"1/22 금요일 저녁에 주문했는데 1/26 화요일 바로 배송.. 너무 빨라서 좋았어요. 기존에도 LG gram을 사용하고 있었는데 노트북이 요즘 잔여 용량도 없고 오래되서 느려져서 새로운 노트북을 찾던 와중에 딱 눈에 들어와서 구매하게 되었네요. 전에 쓰던 노트북도 고장도 없이 잘 사용해서 더 믿고 사게 되었던거 같아요. 오늘 받자마자 열어봤는데 gram이라는 이름에 걸맞게 다른 노트북들에 비해 엄청 가벼운 무게에 딸리지 않는 스펙까지 갖춰서 후회없는 구매를 하게 되었습니다. 사은품으로 마우스, 마우스 패드, 키보드 커버 잘 사용할게요^^",[]
21.02.23.,5,물건은 사양이 좋은편이라고 생각해서 산건데 역시 빠르고 좋더라구요.그리고 정말 가벼워요..들고다니려면 다른거보다 확실히 무게가 중요한것 같아요.가격이 거의 두배인게 흠이긴 하지만요...디자인도 슬림하고 이쁘게 빠졌더라구요.,[]
21.02.18.,5,배송은 주문하고 다음날 저녁에 받았고 꼼꼼하게 포장해서보내주셨어요~~14인치지만 생각보다 화면도커보이고 무지깔끔하고 이쁩니다 윈도우설치도 빠르게되고 넘 만족스러워요오피스와 원격수업용으로 샀는데 잘쓰게될것같네요16인치랑 고민많이했는데 14인치도 만족스럽습니다 감사해요,[]
21.02.20.,5,lg그램 처음 나왔을때부터 고민하다 이제야 구매하게 되었는데 일단 배송 빠르고 가볍습니다.윈도우 설치해서 사용해보니 키감도 좋습니다.다만 평일에 구매했는데 주말가랑 가격이 다르네요 ㅜ 그래도 사고싶던 노트북 사서 기분은 좋네요많이 파세요~,[]
21.02.23.,5,이틀만에 배송 받았어요. 가격때문에 망설이다가 빅세일하길래 구매해버렸어요ㅎ 역시 그램이네요. 지금 사용중인탭보다 훨씬가볍고 화질도 너~무 깨끗합니다. 원도우10설치 하고 사용해보니 엄청 빨라요!! 보기만 해도 뿌듯하네요^^,[]
21.02.16.,5,"처음사는 노트북인데 많은고민을하고 샀는데, 디자인이 이쁘고 가벼워서 아이 출퇴근 할 때 가지고 다니기 너무 편하고 좋네요피씨 속도 또한 빨라 작업하기 편하다고 극찬을 합니다 배송도 어제시켰는데 오늘오다니 오늘 눈도 내려서 좀 지연될까 했는데 하루만에 도착해서 너무 좋습니다. 강력하게 추천합니다.👍👍👍",[]
21.03.13.,5,14인치랑 16인치 중에 고민했는데 가벼운 노트북이 필요해서 14인치로 구매했어요~ 정말 너무 가볍고 올해 그램 디자인도 예뻐서 만족스러워요 노트북 포장도 에어캡에 여러번 포장돼서 왔고 여기가 가격이 가장 저렴해서 잘 산 거 같습니다 ㅎㅎ 노트북 지문인식도 빠르게 잘 되고 좋아요,[]
21.01.16.,5,"와 배송이 진짜 빨리 왔어요 저는 1.1에 사전예약결제했고, 판매자님께 문의한 결과 안내 주시기로는 18일 주차에 배송될거라하셨거든요근데 오늘 온거에요!!!! 와 쿠팡보다 빨리왔어요 제 지인은 저보다 먼저 쿠팡에 주문했는데 재고 부족으로 2월로 밀렸다고하더라구요... 넘 감사해요ㅠㅠㅠ일단 예상했듯이 엄청 가볍습니다윈도우 미설치 모델로 주문했는데 노트북 켰더니 설치법도 상세히 적혀있더라구요 (정 못하겠다하시는 분들은 판매자님한테 맡기셔도될듯)여튼 덕분에ㅜ 빨리 받아서 넘 좋습니다 베젤이 진짜 얇아여...구맥북쓰다가 넘어왔는데 너무좋습니다ㅠ 잘쓰겠습니다ㅎㅎㅎㅎㅇ마우스패드 감사해용^_*",[]
21.01.16.,5,다음 달에 배송예정이라고 안내 받았는데 어제 갑자기 발송되었다고 연락이 오더라구요. 담달까지 기다리려니 조금 지칠 뻔 했는데 예상보다 일찍받아서 너무 기분이 좋습니다. 아직 사용은 안해봐서 더 자세하게는 설명은 못하겠지만 일단 너무 가볍습니다! 16인치 살까 고민도 했는데 14인치도 나쁘지 않은 것 같습니다. 그리고 여기서 제일 싸게 산 것 같아요. 같이 주신 사은품도 너무너무 감사히 잘 쓰겠습니다!!,[]
21.03.05.,5,대학 들어가는 조카 선물로 구매했습니다. LG그램15 인치를 사용하고 있었는데 가볍고 사용감도 좋아서 조카에게 선물했네요. 휴대하기 편하게 14인치로 했는데 가지고 다니기 적당하네요. cpu i3보다 성능좋은 i5를 할인된 금액으로 구매하게되서 좋네요. 그램 구매는 탁월한 선택이네요,[]
21.02.20.,5,노트북을 바꿔야 할 때가 와서 열심히 찾다가 구매하게 된 제품인데 i5 그램에 쿠폰 적용해서 다른곳 보다 같은 제품 대비 더 싸게 구매할 수 있었어요! 배송 정말 빨라요 주문하고 바로 당일 출발해서 바로 다음날 도착했어요! 사은품으로 마우스 패드랑 마우스도 잘 왔어요! 14인치인데 화면이 넓어서 작아보이지 않고 딱 좋아요 역시 그램이라서 가볍고! 잘 쓸것같아요~,[]
21.02.24.,5,중학교 올라가는 아이가 컴퓨터가 갖고 싶다해서 그램으로 확정 후 여러 매장을 다녀봤는데 가격이 비싸 선뜻 구매해 주지 못했는데 매장보다 많이 저렴한 가경으로 구매할 수 있어 매우 만족합니다. 아이도 좋아하여 다행이네요. 윈도우도 마소에서 구입하여 설치하니 금방 깔리고 매우 만족합니다.,[]
21.02.23.,5,먼저 빠른 배송 감사합니다.노트북 중에서 가볍기로 유명하기에대학 입학한 딸의 노트북으로 주저 없이 그램을 골랐습니다.그램14를 고른 이유는 너무 크면 들고 다니는 것이 어려울 듯 하여적당한 크기로 골랐는데최고의 선택인 것 같습니다.성능은 당연히 CPU 11세대라서 최고이고 설치하는 것도 자세하게 설명이 되어 있어서(사진처럼)참 좋았습니다.주저 없이 고르시면 됩니다.,[]
21.02.27.,5,"집사람이 새로 학위 과정을 밟게되어 새로 장만했어요.
겉으로 보기엔 원래 쓰던 그램 13""와 비교해도 별 차이가 없는데 화면은 확실히 더 커지고 선명해졌네요.
기존 그램 13""도 배터리 나갈때까지 7년을 고장없이 썼는데...
가볍고 깔끔한게 노트북은 LG가 좋네요.",[]
21.02.19.,5,"예전에 그램 2018 15인치를 구입했었는데 들고 다니기엔 조금 커서 이번에 14인치를 구매 해보았다, 13인치를 생각 했었는데 역시 14인치라서 크기가 크지도 않고 그렇다고 너무 작아 보이지도 않아서 너무 만족 스러웠고 가격또한 십일절 행사로 인해서 너무너무 저렴하게 구매 했다,, 배송도 정말 빠르게 약속한 화요일에 딱 배송되어서 좋았고 11세대i5라서 그런지 윈도우 설치도 엄청 빠르게 설치가 되어서 지금은 잘쓰고 있다.",[]
