"2,048,000"
date,star_point,comment,photo
21.02.08.,5,"겔럭시북 플렉스2 제품 제가 원하는 기능은 다 갖추고 있는 제품입니다.너무나 갖고 싶은 제품 입니다.외관은 그냥 노트북과 같은 외관을 가지고 있지만 노트북에는 없는 기능들을 장착한 멋진 제품 입니다.1. S펜 사용으로 여러 기능을 활용 할 수 있다는 점 그중 휴대하기 편하며 그림을 편하게 그릴수 있는 제품 그림 그리기를 좋아하는 사람이라면 정말 혹 하지 않을수 없는 제품입니다.2. 장시간 사용이 가능하고 빠른 충전이 가능한 배터리 휴대용 기기로서 강력한 강점이 아닌가 싶습니다. 3. 썬더볼트4 포트 및 USB/C포트, UFS/MicroSD 포트를 가지고 있어 확장성과 호환성등을 갖추게 되어 활용 범위가 더욱 넓어진것 같아 너무 매력적입니다.4. 뛰어난 그래픽과 패널로 깨끗하고 선명한 화질과 음질은 보고 듣는 사람을 기분좋게 만들엊 주는듯 합니다.위 네가지 사항 만으로도 저에게는 너무나도 갖고싶은 훌륭한 제품입니다.기존 겔럭시북에서의 불편함을 해소하고 필요하지만 없던 기능들을 탑재 함으로서 부피는 조금 커졌지만 유저의 입장에서 필요한 기능들을 모두 갖춘 제품이 태어 난것 같습니다. 너무나 갖고 싶은 제품이고 인터파크에서 우연히 마주한 100원딜을 보고 이렇게 응모하게 되었습니다. 당첨 된다면 기쁨을 두루 말할수 없을것 같습니다.","['https://shopping-phinf.pstatic.net/20210210_3/33ae1b10-8750-4e40-a099-cc5e628ca0d1.jpg?type=f287', 'https://shopping-phinf.pstatic.net/20210210_7/fb074775-68bc-4a04-8618-ec980a725c8e.jpg?type=f287', 'https://shopping-phinf.pstatic.net/20210210_5/39de0e35-aca6-4ce6-80e1-c6f714ecfc67.jpg?type=f287', 'https://shopping-phinf.pstatic.net/20210210_14/ebf95f05-5815-43e7-a286-9058da3546f2.jpg?type=f287']"
21.01.10.,5,"저는 평소에 업무상 노트북을 가지고 다니면서 자주 사용합니다. 기존에 사용하던 노트북이 무겁고 투박한 디자인이었지만.. 쓸만해서 참고 사용하고있었습니다. 하지만 새해를 맞이하면서 나를 위해 노트북을 선물하고 싶더라구요 ..ㅎㅎ 성능뿐만 아니라 기능, 디자인을 갖춘 노트북으로 업무 효율성을 높이고 싶었어요...!!! 고민하던 중 갤럭시북 플렉스2 출시를 접하게되었고, 다른 노트북과 비교했을 때 기능과 디자인 모두 제가 찾던 노트북에 가장 적합하더라구요. 게다가 버즈라이브까지 같이 받게 되니 일석이조더라구요! 제가 갤럭시북 플렉스2를 선택한 이유는 노트북 뿐만아니라 테블릿으로 사용할 수 있고, 펜이 내장되어있는게 좋았어요. 평소에 컴퓨터나 핸드폰으로 영상을 자주보는데, 노트북이 테블릿 기능까지 되니 공간에 제약받지 않고 자유롭게 시청할 수 있다는게 저한테는 매력적으로 다가오더라구요. 그리고 또 중요한 부분은 노트북으로 사용할 때 일반 컴퓨터보다 불편함이 없었으면 했기 때문에 노트북의 성능(i5 탑재가 맘에 들었습니다..ㅎㅎ 속도는 생명이니까요)과 숫자 키패드, 카메라가 노트북 윗쪽 위치한 점이 너무 마음에 들었어요. 이러한 부분이 제가 갤럭시북 플렉스2 15인치를 선택한 이유이기도 합니다. 컴퓨터를 사용해보니 부팅 속도가 굉장히 빠르더라구요. 전원버튼을 누르면 바로 켜지는 수준.. 컴퓨터를 처음 켜는 순간에 너무 기분이 좋았습니다. 내가 신상 노트북을 구매했구나! 느끼는 순간이었어요..ㅎㅎ 또한, 화면이 선명하면서도 눈이 불편한 느낌이 없어요. 키보드도 넓어서 그런지? 타이핑도 편하고, 타자칠때 나는 탁탁탁 소리가 좋은것같아요..!(키보드에 대한 지식이 없어서 이정도로 밖에 표현이 안됩니다..ㅠㅠ) 노트북의 카메라 화질은 좋은 느낌은 안들지만 주로 영상회의나 통화용으로 사용할테니 문제는 없을 것 같습니다. 그리고 노트북과 핸드폰을 연동시키는 'samsung flow' 라는 기능 덕분에 핸드폰을 노트북의 큰 화면으로 보면서 사용할 수 있어서 잘 사용하게될 것 같아요. 마지막으로 내장되어있는 펜의 필기감도 만족스럽습니다. 사실 펜을 자주 쓰진 않기 때문에 좋다는 기준을 잘 모르지만,,, 제 기준 노트10의 필기감 보다는 향상된 느낌이었습니다..ㅎㅎ 노트북 무게도 초경량까진 아니지만 이런 기능을 다 포함한것 치고는 가벼운 편이라고 생각이 들어요. 한손으로도 충분히 들수있는 무게이기 때문에 가지고 다니기에 무리가 없을것 같습니다. 업무용으로나 개인적으로나 노트북 사용량이 많은 저에게 스마트한 노트북이 될 것 같아 만족합니다! :)","['https://shopping-phinf.pstatic.net/20210206_7/919e7996-2c3c-4615-9ea7-ac70996300d4.jpg?type=f287', 'https://shopping-phinf.pstatic.net/20210206_20/b300fc4c-5254-433b-8757-f82b75c2cf7c.jpg?type=f287', 'https://shopping-phinf.pstatic.net/20210206_16/22e4788c-50d8-4a7f-9133-31db224661e6.jpg?type=f287', 'https://shopping-phinf.pstatic.net/20210206_4/2f640395-acfb-47fe-ae83-789ddb317880.jpg?type=f287']"
21.01.19.,5,"6년만에 새노트북을 구매했어요. 맥북프로를 썼었는데, 맥용 프로그램을 쓸일이 없어서 윈도우 노트북을 찾다가 삼성 플렉스2를 선택하게 되었어요. 삼성측 문제로 배송이 늦어져 기분이 상했었으나, 제품을 받고 모든게 풀렸어요. 너무 좋아요. 색깔도 이쁘고... 제가 노트20u 브론즈를 쓰는데, 플랙스2가 훨씬 밝아요! 사이즈는 맥북프로13인치에 비해 길이만 조금 긴 정도예요. 얇은 베젤로 사이즈를 정말 잘 뽑았네요~!! 하지만 무게가 있어서 패드모드로 장시간 사용은 힘들것같아요. 패드모드로 쓸일이 많으시면 13인치로 구매하셔야 할것같아요. 배송이 늦어져 버즈 라이브가 같이 올줄 알았는데, 재고 문제로 조만간 따로 보내준다네요. 이건 좀 슬프네요. 빨리 보내주세요~^^ 플렉스2는 잘쓰겠습니다!!","['https://shopping-phinf.pstatic.net/20210206_20/7dc7dc18-0a8d-496b-986f-bf6881aa3f0b.jpg?type=f287', 'https://shopping-phinf.pstatic.net/20210206_6/27a09e6a-4b32-4e39-8740-023eb73057a5.jpg?type=f287', 'https://shopping-phinf.pstatic.net/20210206_21/75d0725c-ce11-4e36-bc99-526f83150ed2.jpg?type=f287', 'https://shopping-phinf.pstatic.net/20210206_27/00f42f30-77dc-4a35-a766-225765213641.jpg?type=f287', 'https://shopping-phinf.pstatic.net/20210206_13/434dd9b3-029f-45b7-b174-9ce62570012f.jpg?type=f287']"
21.02.02.,5,삼성 제품 노트북을 샀다고 하면 가격도 싼 외산 노트북도 많은데 외 비싼 노트북을 샀냐 하는 경우가 있지만 이번 제품은 다들 오~~ 와~~ 삼성이 일냈네 일냈어. 하면서 잘샀다고 하더군요. 브랜드 파워도 한몫 하겠지만 플렉스2 갤럭시북은 정말 쓰면서도 잘만들어 냈네 라는 생각이 들 정도. 기본적인 노트북은 cpu 고성능이지요. 램 부족하긴 하지만 그닥 부족하지 않습니다. 단 게임이나 편집용이라면 신중하게 생각하시길. 이건 사용 목적이 분명 다른 노트북입니다. 다기능 노트북이라고 칭할수 있습니다. 다양한 환경 기능을 필요 하시다면 이제품 강.력.추.천.,"['https://shopping-phinf.pstatic.net/20210206_18/a4db97ae-7492-4fc4-9b12-9bf1f2f05ef7.jpg?type=f287', 'https://shopping-phinf.pstatic.net/20210206_5/db97f7dd-04c6-4177-883a-b0914f2423bc.jpg?type=f287', 'https://shopping-phinf.pstatic.net/20210206_3/9e37c15b-2053-4a1c-a450-f7eaabd63038.jpg?type=f287', 'https://shopping-phinf.pstatic.net/20210206_4/a8c1f3fd-f227-4c86-ae96-09aab01268d7.jpg?type=f287', 'https://shopping-phinf.pstatic.net/20210206_11/efd9fdf7-658f-430d-8e83-a726105e57e7.jpg?type=f287']"
21.02.02.,5,브론즈 색상이 아닌 블랙 색상은 2월 초에나 배송 된다는 말에 그래도 원하는 색상이기에 기다려 보자 하고 기다린 끝에 받았네요. 역시 시크한 블랙.. 색상이 이쁩니다. 생각 보다 빨리 왔네요. 요즘 대세가 암드이긴 하나 그래도 시퓨는 전통의 인텔.. 11세대의 i5 성능이 이정도일줄이야. 빠릿빠릿 합니다. 다만 램이 8기가라 조금 걱정했지만. 이동성에 주안을 둔 제품이라 생각하고 문제 없이 사용 중입니다. 액정은 정말 쨍한 화면이네요. 사진이든 영상이든 정말 화사함 그자체 입니다. 더구나 터치 스크린 이라 생각 외로 터치 스크린 감이 좋습니다. 펜은 아직 사용전이지만 터치감만 잘 익힌다면 펜보다 손이 더 나을수도 있겠네요. 그 이외 아직까지 불편한 점은 없습니다. 강력 추천 합니다.,"['https://shopping-phinf.pstatic.net/20210206_19/e7095c74-5940-4047-8ed5-5a0b97749351.jpg?type=f287', 'https://shopping-phinf.pstatic.net/20210206_3/72b7491d-770a-417c-9b21-48f4a1d5faf0.jpg?type=f287', 'https://shopping-phinf.pstatic.net/20210206_4/78ed8917-073c-4949-9d84-85e2a1eb0e0a.jpg?type=f287', 'https://shopping-phinf.pstatic.net/20210206_22/7c0bc7bb-0892-4cb9-bf0a-83b9e8217d8f.jpg?type=f287']"
21.01.28.,4,"12월 28일 구매했는데, 1월28일 받았네요. 중간에 가격이 오르고 사은품도 버즈라이브에서 한컴~ 변경되면서 취소도 못하고 1달을 기다렸네요. 그사이 버즈는 중고가가 폭락하고 ㅠㅠ(일주일만 일찍왔어도ㅜㅜ) 원도우 설치하는데 30분도 안걸리네요. 정말 빠르다는... 배송지연으로 메모리카드는 사려고 했던건데 주셔서 너무 감사. 7년은 써야 하는 노트북이라 16g포기 할수 없어서.... 확장이 제한된 모델이라 16g 추천 하며, ssd 야 가격도 내려갈때까지 ufs로 버티며 살아야 할듯요. 그리고 꼭 usb c 허브는 준비하세요. 남는 8gb sd카드로 원도우를 다운받았는데 내장된 리더기로는 부팅이 안넘어 간다는..... 아무튼 배송지연만 아니라면 만점입니다.","['https://shopping-phinf.pstatic.net/20210206_20/9e92f575-89d8-4894-83fc-3ad3cf27e8f4.jpg?type=f287', 'https://shopping-phinf.pstatic.net/20210206_0/7f09ce35-2ba6-40e3-9b7d-ee5f3125d455.jpg?type=f287', 'https://shopping-phinf.pstatic.net/20210206_17/2f7e511e-4c0b-43e7-9dec-45ef0b645f29.jpg?type=f287', 'https://shopping-phinf.pstatic.net/20210206_26/016821cb-1e08-4917-8c21-842231b63c56.jpg?type=f287', 'https://shopping-phinf.pstatic.net/20210206_12/8a34e4e4-35c0-48f9-8146-7da945fb7000.jpg?type=f287']"
21.02.05.,5,"플렉스북2의 가장 핵심적인 기능은 스마트S펜과 QLED디스플레이, 무선 배터리 공유가 아닐까 싶습니다 미스틱브론즈 색상에 다이아컷팅을 통해 섬세하게 가공되었네요 S펜으로 필기부터 동작까지 컨트롤 할 수 있고, QLED를 사용하여 태양빛에서도 선명한 화면을 즐길수 있어요 배터리도 강해져 19시간까지 지원하며 무선 배터리 공유 기능으로 핸드폰을 터치패드에 올려놓으면 충전이 가능하다는 겁니다 11세대 인텔코어, NVIDIA그래픽카드, AKG사운드의 스펙에 얇고 가벼운 메탈 바디는 휴대성뿐만 아니라 내구성도 좋은 프리미엄급 고스펙 모델이라고 생각합니다","['https://shopping-phinf.pstatic.net/20210207_6/3c6b0299-db48-45a7-9c50-a5600d35ec9c.jpg?type=f287', 'https://shopping-phinf.pstatic.net/20210207_20/9e2d038b-95e6-48de-a204-cca9f9b32bf8.jpg?type=f287', 'https://shopping-phinf.pstatic.net/20210207_15/3a7bd58e-a913-4345-9fee-57ea1bac1536.jpg?type=f287']"
21.02.02.,5,인기가 있는 만큼 배송은 많이 느렸지만 제품 개봉과 함께 그 간의 짜증은 날아갔네요 브론즈색은 지문이 잘 남지 않아 좋고 접으면 태블릿처럼 사용할 수 있어서 너무 좋네요 노트북과 함께 시킨 종이 재질 느낌의 풀커버 필름 또한 만족스럽네요 아쉬운건 얇은 노트북여서 그런지 발열감이 느껴지고 지문인식 자판 추가로 쉬프트키가 작아져서 익숙해지는데 시간이 걸릴 듯 하네요,"['https://shopping-phinf.pstatic.net/20210206_20/a503a1e3-27d2-4aa0-b062-97c9002e9a22.jpg?type=f287', 'https://shopping-phinf.pstatic.net/20210206_24/27b7cc8d-6dca-4e23-bad3-b8ba9762d90a.jpg?type=f287', 'https://shopping-phinf.pstatic.net/20210206_19/175dd7a6-5a32-46a0-a85d-cda0c122ce9b.jpg?type=f287', 'https://shopping-phinf.pstatic.net/20210206_10/fc507221-89ca-4428-b3a2-7cb1684f20de.jpg?type=f287']"
21.03.18.,5,수령 받고 처음 뜯는데 너무 이쁘더라고요.. 얇고 바디는 단단합니다. 그리고 액정또한 터치 액정이라 그런지 쨍하고 단단합니다. 타 미터치 화면들은 플라스틱을 사용해서 그런가 좀 낭창낭창 거리는데 플렉스2는 단단하고 꽉잡아 줍니다. 다만 소음은 좀 납니다. 평시에는 잘 안나는데 처음 위도우 깔때 비행기 이륙음이라는게 뭔지 알았어요 위이이잉~~~ 하는 소리가 나니 소리에 민감하신분들은 주의하시구요. 아무튼 확실히 비싼거 사니까 좋네요. 혹시 고민하고계시다면 사세요. 후회는 안하실것.,"['https://shopping-phinf.pstatic.net/20210320_21/d8f85305-79ed-44c4-b0ce-c731168376dd.jpg?type=f287', 'https://shopping-phinf.pstatic.net/20210320_6/f470d420-e60f-4e88-b310-6c6dece9ab73.jpg?type=f287', 'https://shopping-phinf.pstatic.net/20210320_2/6d65ab75-ecdd-4e0c-91d0-b7df391a07dc.jpg?type=f287']"
21.02.08.,5,"노트폰에 익숙한 나 S펜의 편리함을 가장좋아하는데 기능까지 진화되서 제스처인식을10m거리안에서 할 수 있다는 점이 진짜새로운 경험을 선사해 주겠네요 600니트 밝기 QLED의 선명한 화질은 상상만으로도 미소를 머금게만드네요 한번충전으로 19시간이나 사용가능한 배터리 고숙충전으로 30분만 해도 7.9시간을 사용할 수 있고 무선충전의 간편함까지... 배터리 정말 좋아요! 최신 11세대 인텔코어 프로세서의 뛰어난 성능에 NVIDIA GeForce MX450의 그래픽까지 고화질로 실시간영상을 봐도 흔들림 없이 시청가능해서 강의듣느라 영상을 많이보는 저에게는 눈에도 부담이 덜가니까 안성맞춤이네요 거기에 차세대 Intel 무선기술로WI-Fi 6으로 실시간 고화질 스트리밍도 버퍼링을 거의느끼지 않고 시청가능하고 Thunderbolt 4 포트가 탑재되어 빠른 파일 전송이 가능하고 UFS 카드도 지윈되니 인강자료 받기도 수월해서 좋구요 스마트 앰프탑재와 AKG가 직접 튜닝한 프리미엄 사운드로 내 귀도 호강을 하겠네요 TPM, 지문인식으로보안도 걱정없고 무게1.57kg에 1.5mm의 슬림한 두께라 가벼워서 휴대하고 다니기에도 편하고 다이아 컷팅으로 섬세하게 가공된 네모반듯한 솔리디티 디자인은 생활기스에도 강하구요 듀얼팬이 적용되서 발열관리도 잘되었고 갤럭시 북 Flex2를 예술그자체라 부르기에도 전혀 손색이 없네요 한마디로 총평을 하자면 와! 입니다 뭐하나 흠잡을 데가 없어요 나도 사랑하고 모두가 사랑하는 갤럭시북 Flex2 정말 탐이납니다. 갖고 싶어집니다!",[]
21.02.02.,5,요즘 노트북 구매시 가성비를 많이 따지시지만 제품의 완성도와 성능은 역시 제품의 금액대와 함께 결정이 되는 것이죠. 사실 엘지 그램과 삼성 갤럭시북2와 구매 구민을 많이했지만. 가벼운 것 외에 더 나은점이 없는 엘지 그램은 제외 하고 다양한 기능과 성능에 구매 초점을 맞추니 딱 이제품이네요. 회의나 프리젠테이션에 활용도가 정말 높네요. 특히나 화면 터이가 가능한 제품에 화질까지 두마리 토끼를 잡은 기분. 일반적인 사용에는 일반 노트북이 좋지만 다양한 환경 메모 그림 그리기 등 노트북이라기 보다 다양한 기능을 갖춘 멀티미디어 제품이라 생각되네요.,"['https://shopping-phinf.pstatic.net/20210206_21/24392430-da65-4b7d-83dd-f7cefd172e04.jpg?type=f287', 'https://shopping-phinf.pstatic.net/20210206_7/59298932-b0dd-4f66-bed2-6dfb4a3eb66c.jpg?type=f287', 'https://shopping-phinf.pstatic.net/20210206_26/c7b7d7f5-e0fc-4821-9992-0e8a767fa190.jpg?type=f287']"
21.01.31.,5,구매하고나서 배송도 빨랐습니다 포장도 너무안전하게잘왔어요 프리도스버전이라 혼자서 윈도우설치하느라 애를먹었으나 그건 제가 잘몰라서고 윈도우설치하고보니 별것아니었어요 전원겨고f2키를 연타하면 바이오스모드에 들어가는데 패스트부트 off 시큐어 부트off 해도 os selection 이라는 항목이 안떠서 당황했거든요 저는 그냥 패스트부트랑 시큐어부트 off하고 저장한다음 다시바이오스진입해서 부트 프라이어리티 에서 generic flash disk 8.07 이걸 우선순위로하고 설치하니 됐습니다 왜 설치usb가 인식이안되나 고민했는데 저게 usb였어요ㅋㅋㅋ 어른들이 보기에도 디자인이 예쁜가봐요 부모님도 디자인 깔끔하니 좋다고 하시네요,"['https://shopping-phinf.pstatic.net/20210206_29/564f29c2-5b6c-4975-8d23-09018016793b.jpg?type=f287', 'https://shopping-phinf.pstatic.net/20210206_23/57fc88c8-3b15-4263-bade-4be71aae8d9d.jpg?type=f287', 'https://shopping-phinf.pstatic.net/20210206_25/33906c97-be72-48ad-9d85-2c54e49a4ced.jpg?type=f287']"
21.02.08.,5,"저는 서피스 프로 3, 씽크패드 요가를 포함해 컨버터블, 2-in-1 노트북 내지는 태블릿을 5개 이상 기기에서 총 10년을 사용해 오고 있습니다. 그간 삼성에서도 이 카테고리에 해당하는 노트북을 제법 많이 발표해왔지만, 제 마음을 잡아당기는 물건은 없었는데, 이 갤럭시 북 플렉스 2는 다르게 다가옵니다.구미가 당기는 포인트가 여럿있는데, 그 포인트를 짚어보자면,1. 썬더볼트 4 포트가 있다?2. 노트북에서 S펜이 되는 건 여럿 있었지만 제스쳐까지?3. 용량 확장을 UFS리더기로 간편하게 할 수 있다?4. 무선 배터리 공유가 된다? 1. 썬더볼트는 특히 3세대 기술 이후부터는 엄청나게 다양한 확장성으로 eGPU를 달 수도 있고, 독을 달면 엄청난 확장성도 확보할 수 있습니다. 포트가 2개 있으니 eGPU하고도 외장 모니터를 달면 게임을 좋아하는 저로써는 완벽하죠. 2. 비즈니스 환경에서 PPT 발표는 뗄레야 뗄 수 없는 것 같습니다. 프리젠터를 하나 구입해 들고다니면서 사용해 왔습니다만, 늘상 가지고 다니는 게 아니면 한번씩 깜박할 때가 분명히 생깁니다. 이럴 경우에는 참 난감합니다. 회사 외부에서 진행할 때는 더 그렇지요. 이제 요게 있으면 S펜만 있으면 되겠군요. 3. 노트북에서 microSD나 UFS 리더기는 용량 확장을 하는 데에 있어 아주 좋은 수단 중 하나입니다. A/S 센터에 가서 HW를 변경 설치하는 방법도 있지만, 굳이 그렇게까지 해야 돼?라는 생각이 남습니다. 이 갤럭시 북 플렉스 2는 UFS도 지원하니 이제 SSD를 업그레이드 하거나 할 필요가 이전보다도 덜해질 겁니다. 4. 개인적으로 포트에 뭘 꽂아서 충전하는 것을 싫어합니다. 어쩔 수 없는 경우 말고는 집에서 항상 무선충전 스탠드에 올려놓고 충전합니다. 웨어러블은 더욱 선택지가 없지요. 하지만, 무선 충전의 단점이 있었으니, 가끔 스탠드에 제대로 올려놓지 못해 충전이 안되는 경우가 발생한다는 겁니다. 밤새 스탠드에 올려놓고도 배터리가 한낮에 절반밖에 남지 않는다면 남은 근무시간이 엄청 초조해집니다. 근무시간에 이걸 어디에 충전할 데도 없을 뿐 더러 충전 스탠드나 크레들을 휴대하기도 어렵습니다. 하지만, 이제 요녀석이 있다면, 걱정 없어지겠지요. 이 이전 시리즈에서도 구미가 당기는 포인트는 있었습니다만, 프로세서가 아쉬워 결정을 포기한 기억이 있습니다. 이번 시리즈는 비교적 평이 좋은 11세대 프로세서도 들어가 있어 좋은 선택이 될 것 같습니다. 삼성 갤럭시 북 플렉스 2를 진심으로 기대합니다! 감사합니다.",[]
21.03.18.,5,"이번에 계속 사용하던 노트북이 너무 낡고 더러워서 갤럭시북 플렉스2 유튜브같은데서 추천영상 많이보고 사게되었어요 ㅎㅎ진짜 상상했던 만큼 기대에 충족했고 화질이랑 화면360도, 펜사용하는것도 너무너무 좋아요 ㅎㅎ 사은품으로 모나미볼펜도 받았는데 잘 사용할게요 ^^","['https://shopping-phinf.pstatic.net/20210320_11/13782d6e-28f4-4029-ac90-c25e640d27f6.jpg?type=f287', 'https://shopping-phinf.pstatic.net/20210320_14/a2b3f39b-5f94-4c64-90b6-ae498ad467f6.jpg?type=f287', 'https://shopping-phinf.pstatic.net/20210320_17/22938cce-0e79-4864-8ffd-9018f7940581.jpg?type=f287', 'https://shopping-phinf.pstatic.net/20210320_17/a13aef08-e160-4e54-8fb7-1523face92de.jpg?type=f287']"
21.03.12.,5,"둘째 중학교 입학 선물로 구매 했습니다.사실 중학생에갠 과분 하지만 저도 같이 쓸려고 큰맘먹고 샀습니다.브론즈로 구매 했는데 생각보다 컬러가 좋구요, 980pro 들어간 스스디도 만족 스러운 속도를 보여 줍니다. 터치되는 노트북은 처음인데 이것저것 좀 더 써 봐야겠어요.","['https://shopping-phinf.pstatic.net/20210314_7/b02e691d-6368-4e6b-ae45-51af192412a8.jpg?type=f287', 'https://shopping-phinf.pstatic.net/20210314_14/108e4c72-cf82-487d-aaee-5b110eca195c.jpg?type=f287', 'https://shopping-phinf.pstatic.net/20210314_3/082a5f0d-f43a-4f0c-a814-92003d32f2a6.jpg?type=f287']"
21.02.09.,5,"저는 가전제품 및 IT제품을 고를때 까다롭게 고르는 편입니다. 각 채널별 리뷰와 유튜버등 제품 비교 영상을 참고 하고 제가 원하는 기준에 도달 했을때 제품을 구매 합니다. 가전제품이나 IT제품을 사고 후회 하기 싫거든요. 요즘 기존의 가지고 있던 노트북이 현찮아 지면서 새로운 노트북에 대한 구매욕이 발생 하였고제가 원하는 스펙에 AS를 받기 쉬운 제조사로 정하다보니 딱 두제조사가 떠오르더군요. LG 그램과 삼성의 갤럭시 북이었습니다. 노트북을 고를때 가장 고려해야 할 점이 뭘까 생강해 보았습니다.ㅓㅇ 제가 고려해야할 사항은 첫번째 가격, 성능,무게(휴대성), 디자인, 확장성, 제조사 AS등이 었습니다.이중 제일 중요한게 뭘까? 생각해보니 제조사 AS 및 성능대비 가성비가 아닐까 싶습니다.저는 삼성 휴대폰을 사용하고 있습니다. 냉고도 삼성이고 TV도 삼성입니다. 삼성도 애플과 같이 가전을 연결하는 스마트 띵즈라는 어프을 이용해 하나의 네트워크로 연결 하여 활용할수 있는 기능이 있는 만큼 성능은 LG그램과 삼성 갤럭시 북이 비슷하드라고 하더래도 활용성과 제조사 AS 만큼은 저에게 있어서 만큼은 LG를 압도할 만하다고 생각 합니다. 그리고 무엇보다 이번에 LG그램에는 없은 외장 그래픽카드를 탑재 했다는 점이 저를 삼성 갤럭시북을 선택하게 만듭니다. NVIDIA GeForce MX450 카드의 성능은 어떤한 동영상 화질이라도 소화할만한 그래픽 카드라고 생각합니다.. 동영상 편집 및 게임도 너끈하게 소화할만한 카드라고 생각하고 갤럭시 북 플렉스2가 다른 노트북보다 뛰어난 점은 어느 노트북도 따라올 수 없는 600니트의 밝기 그리고 제가 원하던 WI-Fi 6, 빠른파일 전송이 가능한 Thunderbolt4 포트 탑재 되었고 UFS 카드도 지원되니 저장 용량 또 한 걱정 없을거라고 생각 됩니다.갤럭시북 플렉스2에 탑재된 스피커 역시 다른 노트북이 따라올수 없는 AKG만의 프리미엄사운드로 영화나 음악을 들으면 귀를 즐겁게 해줄것 같네요.요즘 노트북을 휴대하고 다니면서 걱정되는 또다른 점은 바로 보안입니다. 노트북인 만큼 개인정보 또안 무시 할 수 없는대요. TPM 지무인식 보안 역시 그런 걱정을 덜어주게 하고 노트북을 사용하면서 또다른 걱정이 바로 발열입니다. 휴대폰도 그렇듯이 노트북도 사용 하다 보면 어떤 노트북은 키보드판이 뜨거워짐을 느낄수 있는대요. 삼성 갤럭시북 플렉스2는 않에 듀얼팬이 달려있어서 발열관리 또한 잘 될 거라고 기대됩니다. 그리고 마지막 노트북은 휴대용기기 때문에 배터리 또한 중요 한대요. 다른 노트북에 비해 USB-PD충전을 지원해 고속으로 충전할수 있고 한번 충전하면 19시간이나 사용 가능하다는 점이 제가 이노트북을 선택 하게 만드네요. 한마디로 제가 원하는 스펙과 디자인 색깔 어느하나 빠지지 않습니다. 정말 탐나는 노트북이라 할수 있겠습니다. 정말 갖고 싶네요.!!",[]
21.02.05.,5,직업상 영상 만드는 일을 하다보니 노트북은 사용하지 않았습니다. 테이프 시절부터 만지다보니 노트북은 성능이 떨어진다는 인식이 강했습니다. 그런데 요즘 현장에서 스마트기기들을 다양하게 사용하더라구요~기기들도 소형화되고 성능도 좋아서 예전처럼 무겁게 이것저것 챙기지 않아도 되는 모습에 이번에 스마트폰도 s21+로 바꾸고 갤럭시탭 S6 라이트도 구매하였습니다ㅎㅎ유튜브를 참고하여 리뷰를 보는 도중에 삼성 노트북과 사용하면 훨씬 더 스마트하게 사용할 수 있다고해서 관심이 생겼습니다. 더군다나 플렉스2 같은 경우에는 360도 플립과 S펜 기능까지 있어서 현장에서 사용하면 같이 아이디어도 나누고 카메라와의 연동도 가능하여 일의 효율이 높아질것 같더라구요~강의를 할때도 촬영 실습이 많아 플렉스2를 사용한다면 학생들에게도 더 쉽고 편리하게 알려줄수 있을것 같습니다. 이번 기회에 플렉스2와 함께 저의 워크플로우를 플렉스할 수 있었으면 좋겠네요^^,[]
21.02.02.,5,와..정말 길었습니다 기다림은;;1월5일에 주문해서 오늘 받았네요. 받아서 개봉한순간 실물영접 후 비쥬얼이 생각보다 더 괜찮아서 기다리면서 쌓였던 분노가 50사라지고! 윈도우 설치 후 업데이트하고 펜을 사용하기 시작한 순간부터 분노 0 기쁨 100 ㅎㅎ 이전 노트북을7년 썼는데 플랙스2는 더 긴시간 함께 할 것 같아요- 감사합니다 ^^,"['https://shopping-phinf.pstatic.net/20210206_25/a23ec337-b680-4222-875c-706c4d6dbbde.jpg?type=f287', 'https://shopping-phinf.pstatic.net/20210206_29/b7adce32-e8b8-494d-b563-2bacf09e25da.jpg?type=f287', 'https://shopping-phinf.pstatic.net/20210206_25/25a8db30-a399-4a9f-9cf2-f78c3992d9f6.jpg?type=f287']"
21.02.05.,5,"경찰이라는 꿈을 키우는 막내동생을 위해 큰누나가 신청합니다! 인터넷 강의를 들으며 공부할예정인 울막내~ 7식구 대가족에 컴퓨터는 거실에 있고 집이 좁은편이라 집중하기 힘들것 같아서 큰맘먹고 노트북을 사주려고 알아보던중에 삼성 갤럭시북을 알게되었는데요, 이번 신제품 flex2를 이벤트한다고해서 얼른 글 남깁니다^-^! 노트북터치패드로 핸드폰 무선충전가능한것과 s펜으로 10m이내에서 원격컨트롤이 된다는것은 정말... 라떼는 있을수없는일입니다!! 무선노트북도 대단하다 생각하고있었는데 역시 삼성이 삼성했네요~ 울 막내에게 flex할수있게 행운이 오길~？",['https://shopping-phinf.pstatic.net/20210207_22/876969a8-e517-47d4-a888-6bf4b60b416a.jpg?type=f287']
21.01.18.,5,"노트북 사려고 몇달을 고민했는데 완전 맘에 드는 게 없어서 계속 미뤄왔거든요. 근데 플렉스2 보고 디자인에 꽂혔어요 ㅋㅋ 색깔이 오묘하고 고급스럽게 예쁘고 펄감도 있어서 고급스러워 보입니다. 그리고 펜도 있어서 화면 터치도 되고, 나름 가벼운 무게감에 얇고 작은 사이즈가 맘에 들어요. 그리고 지문인식되는 노트북 처음인데 너무 맘에 들어요~ 다만 윈도우 안깔려있으니 미리미리 준비해놓으시고, 재질이 고급스러우나 기스나면 티 잘나는 재질이라 필름도 미리 구비해놓으세요! 저는 배송 늦어진다길래 생각도안하고있다가 갑자기 빨리 배송와서 암것도 준비안하고 있다가 아직 필름도 못붙여서 사용할때 조심조심하고 있어요 ㅠㅜㅎㅎ 여튼 부팅 진짜 빠르고 사용감 쾌적하고 디자인도 예쁘고 좋습니다. 잘 관리해서 오래 쓸 수 있으면 좋겠어요","['https://shopping-phinf.pstatic.net/20210206_14/fd8d5ef0-36df-4cd8-b0db-ef481a77f312.jpg?type=f287', 'https://shopping-phinf.pstatic.net/20210206_22/05e6e69a-83b3-42b5-8be6-5c8cf6918d63.jpg?type=f287']"
21.01.15.,5,"기존 삼성노트북이 블랙이라ྫ년에 구입), 이번에 큰마음 먹고 새노트북을 구매할때 색깔 고민을 좀 했는데요. 중간에 블랙으로 바꾸고 싶었으나 불가능하다고 하여 어쩔수 없다고 생각했는데... 생각보다 너무 이쁘네여. 핑크색인줄 알았는데, 금색같기도하고 회색 같기도 하고... 빛에 따라 색이 달리 보여 너무 좋네요. 윈도우 설치하느라 좀 애먹었으나, 잘됐구요. 드라이브 설치도 노트북 안에 있네요. 살치만 하면 되네요. 기다린 보람이 있네요. 터치감도 좋고 매우 만족합니다.","['https://shopping-phinf.pstatic.net/20210206_4/fe7072cb-356c-467c-a79e-8012f22582c7.jpg?type=f287', 'https://shopping-phinf.pstatic.net/20210206_25/f6f500fd-c52b-48fc-b556-a502e8c55978.jpg?type=f287']"
21.01.16.,5,매장도 가서 보고 인터넷에서 여기저기 뒤지다가 최적의 가격과 최고의 조건으로 구매하게 되었네요 신비롭게 느껴지는 미스틱브론즈 컬러! 너무 마음에 듭니다뒤로 완전히 접혀지고 화면을 펜으로 터치할 수 있다는 것이 최대의 장점입니다배송이 1월중순이에나 가능하다고 하여 잊어버리거 있으려는데 일주일만에 받았네요그것또한 완전 만족입니다. 내생애 처음으로 갖는 삼성노트북! 완전 감동입니다.,"['https://shopping-phinf.pstatic.net/20210206_1/00362bc5-0ae6-4905-b06b-dd1d70b922e6.jpg?type=f287', 'https://shopping-phinf.pstatic.net/20210206_2/e38debf1-399a-48d4-9916-2f14c5ed1d29.jpg?type=f287']"
21.01.29.,4,"일단 이쁘구요, 화질이 좋게 느껴지구요. 테블릿처럼 화면 터치되구요. 삼성 덱스를 이용하면 폰을 놋북으로 쓸 수 이떠요. 유툽볼때 크게 볼수잇쥬. s7탭에 비해서는 좀 시끄러워서 테블릿 느낌이 안드네요. 헷갈리지 마세요, 이놈은 노트북 입니다. ㅋㅋ 좀 많이 비싸긴한데.. 뭐.. s21 ultra 핸폰도 145마넌씩 하니까.. 카드값 어케 갚죠.. 일단 지릅시다.","['https://shopping-phinf.pstatic.net/20210206_19/c00ea8e9-59bb-41b5-bc91-1cc1740bee4c.jpg?type=f287', 'https://shopping-phinf.pstatic.net/20210206_28/b9d5207e-cf1f-400b-a5c0-975a06eb931d.jpg?type=f287']"
21.03.16.,5,초등학교 6학년 딸아이가 너무 좋아합니다.노트북이 이렇게 예뻐도 되냐면서 ㅎㅎ 요즘 온라인수업 하는데 예전 구닥다리 갤럭시탭으로 애쓰는모습이 안쓰러워 이왕사는거 좋은걸로 사주자싶어서 고르고골라서 여기서 구매했네요.이래저래 할인하니 여기가 젤싸더군요.배송도 하루만에 엄청빠르고 ㅎㅎㅎ 좋은물건 싸게 잘샀습니다.감사합니다.,"['https://shopping-phinf.pstatic.net/20210318_26/295e1d01-b804-4b70-8842-96d33622164a.jpg?type=f287', 'https://shopping-phinf.pstatic.net/20210318_12/1c4a86b0-47ef-4681-a11a-d1581bd9aefb.jpg?type=f287', 'https://shopping-phinf.pstatic.net/20210318_10/042b254c-8f25-461f-86b0-2c85d26950f6.jpg?type=f287']"
21.02.14.,5,기존에 사용하던것이 업무용 겸용이라 캐드나 3D작업 가능한 그래픽 사양 높은거로 구매했는데 사양때문에 무게는 포기했는데 이번에 매장 가보니 가볍고뒤로 접어 태블릿 터치로도 사용이 가능하네요. 게다가 터치펜도 쓸 수 있고 휴대폰 올려놓으면 무선충전까지... 저에게 필요한 기능이 쏙쏙 모여있네요 여기다 외장SSD까지 물려주면 천하무적일듯요 이동성때문에 중간에 서피스 썼는데 화면 크기가 아쉬워서... 이번 사양 성능면에서 기대되네요. 사용중인 두 기기 장점 합해진 플렉스 써보고 싶네요.,['https://shopping-phinf.pstatic.net/20210218_15/35be6aec-7807-4514-b392-4ca7e95c8abe.jpg?type=f287']
21.03.11.,5,처음으로 삼성갤럭시북을 구매했는데요! 저렴한 가격에 구매를 잘한거 같고 판매자님께서도 결제후 빠른 배송을 해주셔서 제품 빨리받아본거 같습니다. 제품구매로 제공되는 한컴과 여러가지 등등 혜택도 좋은거같고 노트북도 아주 정상적으로 빠르게 잘돌아가네요!,"['https://shopping-phinf.pstatic.net/20210313_19/69e3340c-03b4-4e8f-8ec5-24e46e3c49be.jpg?type=f287', 'https://shopping-phinf.pstatic.net/20210313_23/20ba477f-55ce-41a6-be8a-308380047fa5.jpg?type=f287']"
21.02.10.,1,"이런 이벤트 왜 하는거죠? 그냥 결제하고 당첨되면 상품받게하고 낙첨이면 100원 돌려주게 해야지.왜 100원 떼먹나요?삼성이 이런거 해서 글로벌 기업이 됐나요?위메프나 11번가도 이런 이벤트하는 걸로 아는데 그래도 거긴 떼먹지 않고 포인트로라도 주던데인터파크 정책인건지 아니면 삼성에서 그렇게 하라고 한건지.왜 100원을 떼먹지 얼마 되지 않는 돈이지만 기분 나쁜거 아닌가요?복권도 아니고 리뷰를 써야하는 수고까지 시키면서 돈을 떼먹는다?리뷰장사하시나? 그것도 돈받으면서?누가 아이디어 잘썼네. 꽁으로 돈먹는 아이디어.제품 예비 리뷰 써볼게요.상품설명에 잘 나오지요. 근데 설명이 자세하진 않네요. 약간 상상을 요하는 그런 설명이네요. 궁금하면 써보라는건가?s펜도 사용할 수 있으니 활용도가 높을테고, 타블렛없어도 되니까 휴대성도 좋을테고, 멀리서 제스쳐 인식은 어떻게 하는지 설명이 없네. 스마트기기 무선충전은 진짜 얼마나 빠를지는 써봐야겠지만 상품설명에 몇와트로 무선충전이 된다는건 안나오네요. 이런건 구체적으로 상품설명에 적시해야되는게 아닌가요? 초고속와이파이는 맘에 드네요. 지문인식이 있어서 좋네요. 써보고 싶은데 주세요 ㅋ 찐사용기 잘 써줄게요.",[]
21.02.08.,5,"플렉스2 스마트s펜과 360도 회전 터치 디스플레이에 미스틱 골드 색상이라니 외향적으로 너무 끌리는 조건이다. 내부는 또 어떤가? 엔비디아 외장 그래픽 mx450을 탑재해 사진, 영상 편집 및 고사양 게임도 가능하다. 4세대 ssd를 넣어 기존 3세대보다 읽기와 쓰기 성능도 향상 되었다. 이 노트북으로 삼성 노트북 1위 굳힐 것 같다! 청각장애인들과 줌에서 소통하는 나, 디자인 편집일을 시작하는 동생에게 꼭 필요한 상품이다~♡",['https://shopping-phinf.pstatic.net/20210210_16/19391e0b-2263-4a9d-a0fb-db2ec47253b8.jpg?type=f287']
21.02.08.,5,"지금까지 나왔던 노트북 중 가장 디자인이 예쁘며 특히 미스틱 브론즈 색이 너무 예뻐요. 이전에 출시하였던 이온과 플렉스의 화질과 스피커 음질에 매우 놀라웠었는데 리뉴얼 된 플랙스 2도 기대됩니다. 음질이 좋은 노트북을 찾기가 매우 힘들었는데 플랙스의 경우 AKG 사운드와 스마트 앰프를 통해 더욱 더 좋은 음질을 도출할 것이라고 기대되네요! 15.6 인치의 큰 화면으로 영상 및 과제를 할 때 유용하게 쓸 것으로 예상되어집니다. 현재 이온 노트북을 사용 중인데 동생이 대학교 신입생이라 노트북을 알아보면서 이온과 플렉스 2가 출시한 것을 알게 되었고, 그 중 스마트 S펜 사용이 가능한 플렉스가 대학생활에 최적화된 노트북이라고 생각하였습니다. 보통 갤럭시 탭이나 아이패드를 노트북과 함께 사용하는데 펜을 이용하여 노트북과 태블릿을 함께 사용하는 효과를 낼 것이라고 기대합니다.",[]
21.02.09.,5,삼성 제품을 선호하는 저에겐 절호의 기회인듯 하여 참여합니다~♡ 노트북이 오래되어 몇년째 눈여겨만보고 결국 스마트모니터S27만 이번에 구매하고 노트북은 어려워서 결국 미뤘네요~ 1명 당첨이라 희박하긴 하겠지만 제가 제일좋아하는 숫자2인 2020년 2월에는 행운이 왔음 좋겠네요^^ 최후의 1인을 기대해보며 16일이 기다려지네요~ 코로나때문에 다들 고생이 많으신데 힘내시고 새해 복 많이 받으세요~~~,['https://shopping-phinf.pstatic.net/20210211_12/3e152d16-a3dd-4164-9bbc-35c0a5a2ae9a.jpg?type=f287']
21.02.15.,5,"배송중이라고 메일이 와서 감짝 놀람... 가만히 읽어보니 구매평 리뷰를 써야 최종 관문까지 다가 갈수 있어서 얼른 기대평을 씁니다.문의난에 왜 100원 환불 안해 주냐는 글이 많던데 포인트로 돌아오게 되어 있으니 기대평만 쓰면 되는 거라 손해보는게 없는거지요...최첨단 I5 11세대 cpu에 s펜까지 적용되니 이건 뭐 언감생심, 갖고 싶어도...20년이 다되어 가는 도시바 하드디스크 구닥다리 노트북을 쓰면서 이제 개비할 때가 되었는데 하고 생각중이었지요그런데 뜻밖에도 이런 행사가 찿아와 응모할 기회가 생겨서 모처럼 기대를 갖게 되는군요...한번에 최첨단 삼성북으로 개비할 기회가 주어 진다면 상상만해도 즐겁네요. 이런 기회를 마련해주셔서 감사드립니다. 모쪼록 당첨의 행운까지 기대해 봅니다!!!",[]
21.01.10.,5,깨끗하고 좋은 상품으로 잘 받아보았습니다 노트북 기능은 오프라인 매장에서 잘 설명들었어서 알고있었는데요 일단 터치가 되는 부분이 너무 편하고 맘에듭니다 화질은 말할것도 없이 너무 좋구요 7년전 샀던 노트북을 사용하고 다니다가 이걸 써보니 확 다르네요 부팅이 5초면 끝이네요 ㅎㅎ 함께 보내주신 사은품 버즈도 잘 받았습니다 감사합니다,"['https://shopping-phinf.pstatic.net/20210206_27/bef74772-e805-4ef0-ae95-c064cd3413bb.jpg?type=f287', 'https://shopping-phinf.pstatic.net/20210206_16/d38ea525-19c1-4dba-b483-8c6704e49190.jpg?type=f287', 'https://shopping-phinf.pstatic.net/20210206_23/db095964-7ba5-499f-84a8-247acca56f64.jpg?type=f287']"
21.02.08.,5,와이파이때문에 인터넷은 설치한 적은 있지만 집집마다 있다는 그 흔한 컴퓨터 노트북 하나 없었는데 100원으로 응모할 수 있는 기회가 생겨서 얼마나 기쁜지 모릅니다!! 다각도로 활용가능하고 디자인까지 완벽한 QLED디스플레이로 깨끗한 화면을 이용하고 사운드에 스마트펜까지 완벽.. 꿈에 나올정도로 이미 제 마음을 흔들어놓은 대혜자그룹 삼성♡ 당첨 기원해봅니다..ㅎ,['https://shopping-phinf.pstatic.net/20210210_19/6f972e13-066c-4e89-82db-3b1d0638b9a4.jpg?type=f287']
21.02.02.,5,정말 받자마자 가슴이 웅장해졌습니다. 작년 12월에 주문해서 이제 받았는데 그간 받은 화가 다 날아갈 정도로 너무 좋습니다 아직 못 받으신 분들도 있던데 조금만 더 참고 받아보세요 진짜 만족하실 겁니다 기본 제공 품목 혹시 궁금해하시는 분 계실까 봐 사진 찍어봤습니다.,"['https://shopping-phinf.pstatic.net/20210206_20/2f21ea2c-83f2-43f0-ae67-9d75e1becb2f.jpg?type=f287', 'https://shopping-phinf.pstatic.net/20210206_5/7dca5cff-e8c6-4aaa-9834-532d0e2c6a0b.jpg?type=f287']"
21.03.25.,5,"갤럭시북 플렉스2 화면 15.6인치, 메모리 LPDDR4 16GB, SSD NVME 1TB 입니다. 다소 부담되는 금액대였지만, 아들 대학 입학선물로 질렀네요. 이 정도면 앞으로 4~5년 졸업할때까지 는 충분히 사용가능할것 같네요. 테스트 해 보니 역시 값어치를 하는 물건이네요. 빠른속도와 편리한 기능까지~ 만족만땅입니다. 아쉬운건 약간 무게감은 느껴지지만 부담되지는 않습니다.",['https://phinf.pstatic.net/image.nmv/shopnbuyer_2021_03_25_0/044d9aed-8d40-11eb-bba0-a0369ff94f34_03.jpg?type=f287']
21.01.31.,5,제품이 ram 업그레이드 때문에 에상된 배송보다는 조금 늦게(?) 배송 된거 빼고는 참 좋은 노트북이라고 밖에는 말 못하겟다 지금까지 여러대의 노트북을 사용해 왔지만 이런건 처음 ㅎㅎ 탭으로 사용할때의 쾌감은 상상을 초월함~~ 하지만 shift 키가 지문인식키 때문에 반토막이 난건 약간의 아쉬움으로 ~~ 하지만 나에겐 아주좋은 플렉스 꺼리가~~ㅎㅎ,"['https://shopping-phinf.pstatic.net/20210206_8/e9da9c84-72cb-4679-9191-5333bcaa35a4.jpg?type=f287', 'https://shopping-phinf.pstatic.net/20210206_18/81e13fba-a85b-4375-a29a-412ad420c9b1.jpg?type=f287', 'https://shopping-phinf.pstatic.net/20210206_19/f6000f37-3ece-4b0a-bd1f-ef905ccc2c32.jpg?type=f287']"
21.03.05.,5,"좀비싼 노트북이지만 할인많이 되서 저렴하게 구입했습니다. 터치기능,펜, 360도 접히는 기능은 정말 유용하게 잘 쓸것같습니다.색깔도 이쁘고 베젤이 얇고 두께도 얇아서 디자인도 최고에요.usb포트가 없는점은 좀 아쉽긴합니다.","['https://shopping-phinf.pstatic.net/20210306_27/9afd0977-2c52-425f-989f-25bbefbc595a.jpg?type=f287', 'https://shopping-phinf.pstatic.net/20210306_19/5d405396-9887-420c-82ae-b5eff0b652ee.jpg?type=f287']"
21.03.24.,5,"빠른 배송 감사합니다~ 아주아주 맘에 들어요 ^^
윈도우는 따로 사서 설치하면 되구요
드라이버 파일은 d드라이브에 다 있어서 설치하기 간편~~
화면이 쨍한게 보기 좋아요 ㅎㅎ

애플기기만 네개쓰는 애플유저지만 노트북은 갤럭시를 선택했습니다 ㅌㅋㅋ 오랜만에 써보는 삼성제품인데 맘에들어요

타사 게이밍 노트북이랑 갤럭시 놋북이랑 고민했는데
예전에 다른 게이밍 노트북 두대나 써본 결과
엄청 무거워서 들고다니기도 힘들었고,,ㅎㅎ
일년 정도 쓰니까 배터리가 엄청 빨리닳아서
충전기 없이는 다니지도 못할 정도였어요

이런 기억 땜에 전 사양도 사양이지만
가벼움과 배터리가 우선이라,,
같은 사양이라도 돈 더 주고 플렉스로 선택했습니당
배터리 성능이 너무 맘에 드네요,, 정말 오래 쓸것같아요",['https://phinf.pstatic.net/image.nmv/shopnbuyer_2021_03_24_0/32ab07aa-8c9f-11eb-af82-505dac8c38f5_03.jpg?type=f287']
21.03.04.,5,노트북을 새로 사야해서 무엇을 살까 고민하다가 태블릿도 필요해서 노트북과 태블릿이 동시에 되는 이 갤럭시 플렉시 2를 구입했습니다 일단 화질이 정말정말 좋고요 생각보다 가벼워서 잘 들고 다닐 수 있을 것 같습니다 그리고 배송도 정말 빨라서 한 이틀만에 온 것 같습니다 예쁘게 잘 쓸게요~~,"['https://shopping-phinf.pstatic.net/20210305_7/d7e7f927-9730-4d79-93a9-0573f0db7488.jpg?type=f287', 'https://shopping-phinf.pstatic.net/20210305_24/70705ad6-ea05-4b26-a9b8-590fa50f4b55.jpg?type=f287']"
21.02.05.,5,"저희 집에는 대학생 자녀 2명이 있습니다. 그 전까지는 노트북 한 대로도 대학 생활이 가능했지만 코로나로 원격수업이 시작되면서 각자 노트북이 필요해졌습니다. 다행히도 첫째가 휴학을 하면서 노트북 한 대로도 원격수업을 진행하는데 큰 무리가 없었습니다. 그러나 4년 전에 구매한 노트북이다보니 크고 작은 문제들이 생겼습니다. 2학기 기말고사를 볼 때 노트북에 오류가 발생해서 작성했던 답안지가 사라지는 황당한 일이 일어나고 말았습니다^^;; 새 노트북을 사야하는데 올해는 첫째가 복학을 하면서 노트북이 두 대가 필요하게 됐습니다! 노트북을 알아보던 중 이번에 삼성에서 출시한 갤럭시북 플렉스2가 노트북으로도, 태블릿으로도 사용할 수 있다는 것을 알게 되었습니다. 노트북만으로는 필기가 자유롭지 않은데 태블릿 기능이 있어 필기까지 할 수 있어 대학생들에게 꼭 필요한 제품이라고 생각됩니다. 이번 이벤트로 직접사용해 볼 기회가 생기면 정말 좋겠습니다~~~",[]
21.02.08.,5,삼성 갤럭시 북 FLex2 NT950AQDZ-G58AZ 너무 기대가되네요. 미스틱 브론즈와 블랙 컬러로 세련되어 보이고 다이아컷팅으로 가동된 바디는 아름답다는 말이나올정도로 정말 예술이네요. S펜으로 필기가 가능하다고하니 갤럭시북으로 캘리그라피 멋지게 써보고싶어요. 그리고 동작 인식으로 먼거리에서 제어가 된다는게 정말 너무 놀라워요. 여러모로 활용도가 높은거같아요. QLED 디스플레이로 높은 해상도와 선명한 색상 구현이 가능한만큼 사진과 디자인작업을 하는 저한테 너무 매력적인 노트북입니다. 기회가 된다면 삼성갤럭시플렉스2 NT950QDZ-G58AZ 함께 해보고싶습니다.,[]
21.02.08.,5,연초부터 수술 예정에 우울한 직장인입니다.. 침상안정을 위해 병가중인 저에게 눈을 뗄 수 없는 압도적 화질의 qlde 디스플레이의 사양에도 19시간 대용량 배터리를 탑재하여 충전어댑터로부터 자유로운 갤럭시 북 flex2라면 마음놓고 500여개의 컬러링 템플릿을 즐기며 코로나 블루 연휴임에도 병가라 블루를 타파할 수 있을 것 같아요？？？？,['https://shopping-phinf.pstatic.net/20210210_27/c41576c5-164d-4365-af80-2a07d10167f8.jpg?type=f287']
21.01.29.,5,드디어 출시됐다길래 기다리다가 드디어 받았습니다! 까리한 블랙색상이라그런지 기다린게 전혀 아깝지않네요.손가락인식덕에 켜지는속도도 빠르고!더욱이 화질도좋아서 영상볼때 좋을거같아요. 외관도 멋있구요. 정말 사길잘한거같아요배경화면 화질도 좋구요.,"['https://shopping-phinf.pstatic.net/20210206_27/f612fcd6-e0d0-4aba-a71f-49753c3e1b4a.jpg?type=f287', 'https://shopping-phinf.pstatic.net/20210206_14/6e419f04-7c77-4efd-910d-b732bf65f9e5.jpg?type=f287']"
21.02.11.,5,"그동안 삼성 노트북중에 디자인 가장 예쁘고 s펜탑재에 터치 디스플레이,360도 뒤로 접을수 있는 최고의 노트북~!!! 문서작업을 많이하는 직업인지라 키보드 퀄리티도 중요시하는데 갤럭시북 플렉스2는 스트록이 짧아 장시간 타이핑시 확실히 피로감이 적어요 유용한 기능이 다 있어서 너무너무 갖고싶은 플렉스2 행운을 빌어봅니다~^^",['https://shopping-phinf.pstatic.net/20210213_16/0d7eb34e-5643-4484-a290-9daeb154bf50.jpg?type=f287']
21.02.10.,5,하이마트나 이곳저곳 돌아다니면서 확인한 결과 LPDDR4X 램과 인텔 11세대의 IRIS Xe 그래픽의 조합은 엄청나다고 느꼈습니다. Pcie 4.0 과 SSD의 조합 또한 상당한 궁합을 보여주었습니다. 정말 빠르고 쾌적한 경험을 할 수 있었습니다. 램이 8GB라도 LPDDR4X 램이라 16GB급의 경험을 한것 같고 전혀 부족하다는 느낌은 들지 않았습니다. 비싼데는 이유가 있다고 느꼈습니다. 물론 비싼만큼 쉽게 구매하지 못한다는게 가장 큰 단점입니다. 이번 기회에 꼭 실사용해보고 제대로 리뷰하고 싶습니다... 추가적으로 이번에 따로 출시되는 모나미 S펜과도 상당한 궁합을 보여줄것이라고 생각이 됩니다,[]
21.02.05.,5,디자인부터 깔끔한 갤럭시 북 플렉스2. 완전 제 스타일입니다. 그래서 사양도 알아봤는데 11세대 인텔 코어프로세스에 3d 작업과 게임까지 가능한 그래픽 카드. 그리고 무엇보다 무게가 1.16kg이라서 휴대성도 좋다는 점이 정말 매력적인것 같습니다. 거기다 s팬과 360도로 접히는 화면은 태블릿기능과 노트북 기능을 한번에 쓸수 있게 해준다는 점도 정말 좋은거 같아요. 팬소음도 적다고 하니 도서관에서도 충분히 사용할 수 있을거 같습니다. 꼭 한번 써보고 싶어요!!,[]
21.02.08.,5,"태블릿을 쓸때 느꼈던 한계점, 노트북을 쓸때의 번거로움. 이 모든 것을 뛰어넘는 완전 새로운 플렉스2를 기대합니다. 이제는 데스크도 매주 바뀌는 사무실 환경에서, 회의 때 마다 자유롭게 필기하고 회의내용도 바로바로 공유할 수 있겠어요. 그리고, 동료와 커피 한잔 나눠마시며 함께 바라보는 선명한 화면으로부터는 신기한 아이디어를 바라볼 때마다 건져올릴 수 있을 것 같아요. 너무너무 기다려져요!!!",[]
21.02.06.,5,QLED디스플레이로 자연스러운 색감과 똑똑한 스마트 S펜.. 하이퀄리티의 디자인과 미스틱브론즈의 고급스러운 색상이 더해져 누구라도 탐낼법한 독보적인 비주얼!! 들고 다니거나 꺼내놓았을때 시선강탈 할 수 있는 잇템!!! 내 선에 들어오면 좋을텐데~？？,['https://shopping-phinf.pstatic.net/20210207_0/ae210ccd-5cbc-4596-b776-34617760abc8.jpg?type=f287']
21.02.08.,5,카톡메세지받고 엄청 설레이고 즐거웠어요 응모시 당첨되면 신랑한테 선물하려고했거든요 그 기회를 주실거죠? 그리고 당첨되어서 꼭 갤럭시북 플렉스2 사용해보고 싶어요 기존 사용하는것과 비교대상이 되겠네요 얼마나 굿아이디어 기능이 추가되었는지 궁금하네요,['https://shopping-phinf.pstatic.net/20210210_9/9f0214db-879a-4f3e-8269-6ebf228b4995.jpg?type=f287']
21.01.14.,5,"삼성 노트북 애용자로서, 금번에 갤럭시북 플렉스2 NT950QDZ 모델을 구입하게 되었습니다. 색상, 디자인, 성능 모두 만족하는 노트북으로 업무용, 학습용으로 잘 사용하고 있습니다. 해를 거듭할 수록 업그레이드를 계속하는 삼성 노트북 정말 만족합니다.","['https://shopping-phinf.pstatic.net/20210206_1/c1d65f86-2013-4fe4-90a3-323320ec1436.jpg?type=f287', 'https://shopping-phinf.pstatic.net/20210206_2/2a29169a-d6c8-48f4-a6d7-f8e91d205d63.jpg?type=f287']"
21.03.18.,5,우선 서울지역 무료 퀵서비스라 좋아요.포장도 엄청난 에어백에 잘 넣어서 안전하게 받았습니다.장점알루미늄이라 고급스럽다.액정이 노트북 같지않고 테블릿같이 선명해서 좋다.단점c타입 3개 뿐이라 키보드 마우스 전원선 3개면 더 이상 자리가 없다.알루미늄이라 이온2보다 고급스럽지만 대신 조금 무겁다.프리도스 제품 이라 윈도우를 설치해도 삼성복원 모드를 사용 못하는게 아쉽다.,[]
21.02.11.,5,"이른 나이에 결혼하여 두 아이의 엄마가 되었습니다. 아이들이 어느 정도 성장을 하고 나니 저를 위한 삶이 너무 그리워지는거 있죠? 그래서 다 못다한 공부도 시작하고 싶어 사이버대학,자격증 등등 이것저것 알아보는데 삼성 갤럭시북 플렉스2가 떡하니 눈에 보이네요!! 디자인도 너무 예쁘고~ 성능은 말도 필요없이 끝내주고~ 당첨이 되면 제 2의 삶을 위한 노력에 큰 힘이 될거같아요^^ 당첨을 꼭 비나이다~ 비나이다~♡",[]
21.02.08.,5,"10년전 컴퓨터를 구매해보곤 전혀 구매하질 못하고 있는 남편에게 절실하게 필요한 갤럭시북입니다.갤스파라 너무 갖고싶네요. 기념일 선물로 주고 싶어요. 당당하게 들고 다닐수있는 스펙과 외형! 내가 알고 있는 인텔,지포스,ssd 단어들어가면 최고인 제품!ㅎ 플렉스2 업그레이드되니 더 좋아졌네요. 꼭 갖고 싶어요. (마지막까지 이벤트 참여할수있는 기회를 주셔서 감사합니다^^)",['https://shopping-phinf.pstatic.net/20210210_20/a9b88f16-fece-402f-8a3b-8201771e52c4.jpg?type=f287']
21.01.16.,5,"한개로 다 됩니다. 만화도 보기 편하고, 유튜브 머신이네요. 화질 너무 좋습니다. 속도도 너무 빠르네요. 윈도우 없는 버젼이었는데, 윈도우 설치하기도 쉬웠습니다. 디자인도 너무 이쁘고 미스틱브론즈 색상도 너무 좋습니다. 다들 구매하세요","['https://shopping-phinf.pstatic.net/20210206_29/42c4ab90-7d91-42c9-90c1-94349efa518a.jpg?type=f287', 'https://shopping-phinf.pstatic.net/20210206_22/f84bc3ea-f02f-4ac4-a7f9-88949f0735fe.jpg?type=f287']"
21.02.07.,5,"원합니다. 디자인도 아주 매끈해서 예쁘고, 키보드에 지문인식 버튼도 있으며, 화면펼침으로 360° 완전히 뒤집히듯이 펼쳐지는 멋진 기능이 많으며, 화면터치와 펜도 있으며, 가로. 세로 방향따라 움직이는 삼성 갤럭시북 플렉스2 를 원합니다. 이제 고물이 된 노트북을 버리고 싶습니다.",['https://shopping-phinf.pstatic.net/20210210_5/663217ad-99a4-4a4b-bce8-bffb1b1c530c.jpg?type=f287']
21.02.10.,5,"현 영어강사입니다 저는 현재 노트북따로, 태블릿 따로, 태블릿 펜슬 따로쓰고있는데요...이제품이 나오고나서 이제품을 볼때마다 ""이것저것 정신없는것보다 한가지 제대로 살걸""하는 생각뿐이 들지 않더군요. 특히 요즘은 강사님들 줌수업이라고 온라인 수업 다들 생활화하시는데요, 펜이 있으니 판서되고 노트북이니 줌수업클릭되고 인터넷되고 일석 삼조인가요 일석 사조인가요 다른 잡다한거 다 치우고 전 이거 하나만 있으면, 최고의 퀄리티로 최고의 수업이 가능하다 자부합니다!",[]
21.02.10.,5,"직업적 특성상 외부 미팅이잦은 이유때문에 아주 다양한 노트북, 테블릿을 사용해왔다 아이패드, x-note , msi, 레노버, 서피스북2, 심지어 중국산 테클라스까지...열거해보니 많이도 사용해봤지만 이상하게도 삼성제품은 아직 까지 사용해본적이없다 그래서인지 광고에끌린 겔럭시북 flex2 은근히 기대되고 사용해보고싶은마음이 생긴다 지금껏 사용했던 그리고 지금 사용하는 서피스와 직접적으로 하나하나 비교해보고싶은마음에 꼭 첫 삼성노트북으로 이놈을 사용해보고싶다 그리고 기대된다",[]
21.03.12.,5,"구매 후 톡으로 친절하게 상담도 해주시고,구매 당일에 받을 수 있게 구매부터 배송까지 일사천리로 진행해주셨어요.프리도스이기 때문에 OS는 본인이 설치해야 하는 불편함은 있지만,워낙 인터넷에 관련된 정보들이 많아서 크게 불편하지는 않았습니다.(단, 컴퓨터가 어려우신 분들은 개봉이 되더라도 Windows 설치 지원 후 받으시는걸 추천해드려요.)전체적인 디자인, 성능은 무척 마음에 듭니다.i7 과 고민을 하긴 했지만 성능 차이가 없는 듯해서, 램만 올린 이 제품을 구매하게 되었는데 후회는 없습니다.",[]
21.02.08.,5,인천 논현동에서 작은 카페를 하고있는 5학년 7반 입니다.항상 삼성제품을 믿음이가서 꾸준하게 사용하고있는 1인입니다.이번에도 겔헉시21플러스를 장만했어요..ㅎㅎㅎ 카페에 작은 테블릿이 있긴한데 작아서 눈이 아파요.플렉스 투엔티가 나에게 오는 행운이 온다면 카페에서 잘 사용할수 있을것 같아요.. 부디 그런 행운이 올수 있기를 기대해 봅니다..코로나로 힘든 모든 자영업자분들 힘내시구요 화이팅 합시다.,[]
21.02.05.,5,"세밀한 터치스크린으로 잘못눌려 발생하는 짜증 제로 필기할 땐 s펜으로 노트처럼 브리핑할 땐 있어보이게 s펜으로 원격 조정 야외에서도 선명하게 유튜브 시청 고속충전으로 외출 전 30분이면 ok 오늘도 갤럭시북 플렉스2로 일할 맛, 공부할 맛 나네요",['https://shopping-phinf.pstatic.net/20210207_0/b197b6d7-d0f7-466a-a3be-26c5b1a6fb16.jpg?type=f287']
21.02.08.,5,"아이폰에 너무 익숙해져서 갤럭시탭을 포기하고 아이패드를 샀는데.. 또 노트북은 삼성을 쓰다가.. 애플워치를 갤워치가 너무 예뻐서 갤워치를 쓰다가.. 이렇게 갈팡질팡 하는데요 ㅎ 아무래도 삼성으로 통일하는게 좋지 않을까.. 싶지만 바꿔야 하는게 비용이 커서 섣불리 결정이 안되더라고요. 갤럭시북 구매가 성공하면, 패드와 노트북을 합친셈이니까 핸드폰을 바꾸면 일단 기본 세트가 통일 되거든요! 애플보다 우리나라꺼 쓰게 도와주세욥!!!",[]
21.02.08.,5,"외산 브랜드의 2in1제품을들 많이 사용해봤지만 갤럭시북 플렉스2만큼 높은 완성도를 자랑하는 없다고 생각합니다. 국내as부터 서비스 제품 사양 편의성 등은 정말 최고입니다. 갤럭시북플렉스2 하나면 노트북,태블릿을 동시에 사용가능하고 삼성노트등 어플 활용도가 높아 강의나 업무 회의에서 엄청난 효율을 만들어 냅니다. 저가 외산 제품도 나름 장점이 있지만 갤럭시북플렉스만큼 사용하면 as 편하고 성능좋고 디자인 좋은 제품은 없어요# 무조건 강추입니다!!!!!",[]
21.02.08.,5,"일단 과연 당첨이 될지 ㅠㅠㅠ 실낱같은 가능성이겠지만 뭐 그런 재미라도 있어야 세상 살지 않겠어요? ㅎㅎㅎ 이게 구매기간이 7일까지이고 이후에 구매확정 및 배송완료, 상품리뷰작성까지는 또 추가로 대기를 해야하다보니, 말이 자꾸 나오는것 같네요 물론 저도 현재 7일을 넘겨 8일에서야 작성중이구요 관건은 언제 추첨을 하느냐겠네요 ㅎㅎㅎ 말고도 어차피 당첨자는 소수 몇명일텐데 그 이외의 참가자들에 대해서, 아무리 100원뿐이라지만 그래도 그 후처리가 어떻게 되는가 도 문제가 될것이구요... 현명하고, 맞는 진행이 됐으면 좋겠습니다~~~",[]
21.03.13.,5,"먼저 배송이 정말 빨랐구요
리눅스제품이라 좀 셋팅하는데 애먹었는데

필히 c타입 변환젠더 하나더 구매해야될듯 합니다
윈도우 다깔고 터치와 마우스패드쪽 안먹혀서 드라이브 설치하고 와이파이도 안잡혀서 인텔 드라이브도 설치하셔야됩니다.

판매자분 배송 포장 제품 모든 부분에서 100퍼센트만족햇습니다~^^",['https://phinf.pstatic.net/image.nmv/shopnbuyer_2021_03_13_0/b23f6fc8-8356-11eb-a803-a0369ff94ec8_03.jpg?type=f287']
21.02.08.,5,올해 중2가 된 딸아이는 아직 초2때 사준 LG노트북을 쓰고 있습니다. 이제 배터리도 얼마 안가고 성능도 많이 떨어져 바꾸어 주고 싶지만 여의치가 않네요. 그림그리는 것도 좋아해 펜타블렛을 용돈모아 구매해서 노트북에 연결하여 그린답니다. 플렉스북2의 S펜을 이용할수 있다면 그림그리는 것도 더 좋아할수 있을 것 같습니다. 우리가족을 위한 노트북. 플렉스2만한 제품이 없을 것 같아요.,[]
21.02.08.,5,"대학생시절부터 직장인이 되기까지 삼성 노트북을 계속 사용해오다보니 새 노트북을 장만함에 있어서도 삼성노트북을 최우선순위로 고려하고 있었습니다. 업무수준에 맞는 사양, 알루미늄 소재 바디, 디스플레이 화질 등을 고려했을때 갤럭시북 플렉스2는 제가 원하는 조건을 충족하고 있고 각종 차트에 메모를 남겨야하는 작업에 s-pen의 존재는 더 매력적으로 느껴졌습니다. 밑져야 본전이지라는 마음으로 이벤트에 응모하였습니다. 꼭 당첨되었으면 좋겠습니다ㅎㅎ",[]
21.02.06.,5,플렉스2는 태블릿 기능도 있어서 노트북과 태블릿 둘 다 들고 다니면서 써야할때 플렉스2 하나만 사용해서 업무를 다 볼수 있으니 무척 유용한 노트북인것 같아요. 넷플이나 영화 감상에도 텐트 모드로 놓고 보면 편하게 감상할수 있을것 같고 그때그때 필요한 필기를 할수있고 강의도 보이스 노트로 녹음해서 계속 다시 들으면서 공부할수 있으니 얼마나 편리할까 궁금하고 기대해 보게 됩니다.꼭 사용해 볼수 있게 되면 무척 좋겠습니다.,[]
21.02.06.,5,2020 갤럭시북 플렉스 나왔을때 부터 매우 관심가던 노트북이었는데 플렉스2는 더욱 색상도 이뻐지고 업그레이드 된 사양에 써보고 싶은 소프트웨어들이 많아서 보기만 해도 갖고 싶어지네요. 가격이 부담이라 선뜻 다가가지 못하는 제품이지만 이런 기회에 꼭 한번 당첨의 기쁨을 누려볼수 있게 되길 바래봅니다.,[]
21.02.08.,5,"지금까지 이러한 이벤트에 당첨되지 못했는데요번이 그 기회가 온 것 같습니다~외산 노트북 2in1이랑 비교하면 마감이나 디자인, 화면 대비 무게 면에서 당연 최고인 듯합니다.갤럭시 북 Flex2만 있으면 갤럭시 노트 20 이랑 버즈라이브랑 미스틱 브론즈 깔맞춤할 수 있을 것 같아 매우 겁나 엄청 기대되는바에요~꼭 당첨되길~!!!",[]
21.02.09.,5,현재 부산에서 편집디자이너로 일하고 있습니다 펜으로 작업을 하면 일의 능률이 일취월장하지 않을까 생각해봅니다항상 사고 싶었지만...가격때문에 망설이다가 이렇게 이벤트를 보고 바로 신청했습니다만약에 당첨되다면 무지무지 감사하게잘 사용할 수 있습니다^^새해 복 많이 받으시고항상 좋은 일만 가득하세요^^,[]
21.02.05.,5,우선 기능면에서 맥북은 삼성의 이온과 플렉스를 따라올수가 없는거같아요~최근 동생이 휴대업무용으로 이온2 13인치를 샀는데 너무 좋다고 자랑을 엄청하더라구여! 기존에 8년된 맥북을 쓰고있는데 너무 느리고 기능도 없어서 플렉스를 너무 사고싶지만 집에서 아기 둘을 키우고 있는 주부라 이벤트에 응모해봅니다! 꼭 당첨되게 해주세요？？,[]
21.02.05.,5,재택근무와 아이들 방송수업이 겹칠때마다 난감했기에 새로운 장비를 찾던중 갤럭시북을 발견하고 고민중이었습니다 해당 갤럭시북이 LTE 나 5G가 아닌 Wi-Fi만 사용해야하는 아쉬움이 있지만 화상회의시 사용하던 주렁주렁 타블렛을 이젠 빠이빠이 할수있다는게 가장 큰 장점이 있기에 엄청 기대된답니다 참 후속 모델엔 LTE나 5G 적용된 모델이 나오길 기대한답니다 ^^,[]
21.02.05.,5,10년 넘은 노트북 애가 자꾸 멈추네요 아이들 원격수업용으로도 쓰고 있는데 자꾸 끊기네요 트레이더스서 매일 보던 플렉스가 이벤트로 나왔네요 업무용과 수업용으로 꼭 쓰고 싶은 모델이예요 올해 최고의 선물이 였으면 좋겠네요,['https://shopping-phinf.pstatic.net/20210207_14/05d59141-3d82-49dc-9f93-d92ab4733809.jpg?type=f287']
21.02.08.,5,"한눈에 이건 그냥 그저그런 노트북이아니라 예술품에 가까운 비쥬얼로 보인다. 거기에 외장 그래픽,하드용량등등 뭐 하나 빠지지 않으니 착한 가격만 동반된다면 금상첨와가 따로 없을것 같다. 여튼 올해는 플렉스2로 하나 장만하면 소원이 없겠다..",[]
21.02.09.,5,코로나로 아픈아이가 나가지도 못하고 다니던 센타로 면역력이 약하다는 이유로 잠정휴교상태이고 집에서는 누워만 지내다보니 방에서 음악이나 영화를 틀어주려고 싼거라도 구매하려고 고민중이였어요...이번이 저에게 행운으로 와주면 정말 좋겠네요..,[]
21.02.07.,5,"갤럭시 북 플렉스2 실물로 보았더니 너무 예쁘고, 성능도 좋더라구요. 노트북이 여러가지로 활용할 수 있다는 점이 매력적으로 다가왔습니다. 360회전하여 탭처럼 터치와 s펜 사용도 가능하고 직장인이라면 꿈에 그리는 노트북이네요! 제가 어렸으면 철없이 부모님한테 사달라고 졸랐을텐데 이젠 허덕이며 사느라 ㅠㅠ 슬프네요. 당첨돼서 갤럭시 북 플렉스2로 제 삶의 플렉스 하고 싶어요~~!! 꼭 제게 오길 바라며 ㅋㅋ",[]
21.02.06.,5,원격수업하는 아이가 세명입니다ㅠ 한아이는 학교에서 대여하고 휴대폰쓰고ㅠ 다행히요즘은 돌아가며 원격하고 큰아이들은 방학이라 지금은 나은편인데 새학기되면 또 걱정이네요ㅠ 노트북사야하나 고민인데 코로나로 인해 수입도 줄고ㅠ 한숨만나오다 이벤트해봅니다~ 당첨되어 편안한 원격수업할 수있게되면 좋겠습니다~ ？？,[]
21.02.08.,5,"회사서 업무를 수행 할 때 필요한 고사양 PC 에 간단한 인터넷 서핑 또는 모바일 앱의 기능이 필요 할때 사용 되는 휴대폰의 기능, 두가지의 콜라보레이션이 환상적이네요.특히나 펜슬링 기능으로 업무 회의시 또는 미팅, 상담 할 때 간편하게 메모의 기능은 갤럭시북을 가지고 있어야 하는 완벽한 이유죠!",[]
21.02.08.,5,"와우~두근두근~!설렘설렘~!! 최신 인텔 11세대 프로세서인 타이거레이크를 탑재,뛰어난 성능을 갖고 있는 너~!! 플렉스2 360도 회전이 가능한 디스플레이를 탑재한 투인원ƒ-in-1)~~플렉스2 qled 디스플레이를 지원하고 있어서 실제에 가까운 색을 지원까지 해준다니~~ 이 얼마나 장점이 많은가? 플렉스2 널~진정 사랑한다~♡♡",['https://shopping-phinf.pstatic.net/20210210_21/fe659876-fb1f-4511-badd-de6c90ba8982.jpg?type=f287']
21.02.10.,5,깔끔한외관이 너무맘에드네요 s펜으로 필기도되고 프리젠테이션 할때 포인트로 사용할수있어 좋아요. 인텔코어i5 11세대와 와이파이6의 빠른속도가 어디에서나 끈김없이 사용가능해서좋아요. 밝은곳에 있어도 선명한화질을 보여주네요. 지금까지 사용해본제품중 최고입니다,[]
21.02.08.,5,현직 간호사 입니다. 코로나 때문에 일이 더 많아 졌는데 그와중에 의료인으로서 온라인보수교육을 들어야 합니다. 근데 가지고 있던 노트북이 마침 고장 났어요... 수리하러 갔더니 노트북 새로 사는 가격이랑 맞먹더라구요. 마침 좋은 이벤트가 있어 참여해 봅니다. 갤럭시북으로 편하게 집에서 온라인교육 듣고 싶어요!,[]
21.03.23.,5,"먼저 판매자분은 무척 친절하십니다.
톡으로 문의하면 신속하게 답변해주시기 때문에 구매 시 궁금한 점 없이 깔끔하게 구매할 수 있습니다.
제품은 2주 전에 1대 구매 후, 추가로 필요해서 1대 더 구매했습니다.
그만큼 성능이나 디자인 면에서 후회가 없습니다.",['https://phinf.pstatic.net/image.nmv/shopnbuyer_2021_03_23_0/22f8e096-8bd6-11eb-8379-a0369ff968b0_03.jpg?type=f287']
21.02.08.,5,"전 버전에서 못했던 영상편집도 플렉스2에선 할 수 있게 되었다니 당연히 성능은 말할것도 없는거겠죠? 디자인도 깔끔하고 펜 성능도 좋아서 활용도 잘 할 수 있을 것 같고, 폰이랑 연동도 쉽고 복붙 같은 기능도 잘 되어있어서 정말 갖고 싶어요!",[]
21.02.08.,5,대학 졸업하고 코로나로 인해 꿈꿔왔던 길이 막혀버려서 눈물을 머금고 다른 길을 준비하게 됬습니다. 어렸을때 부터 꿈이었는데 힘든 결정이었습니다. 그래도 새롭게 시작하는데 노트북 당첨되서 도움 받을 수 있었으면 좋겠네요!! 다들 새해 복 많이받으세요~,[]
21.02.08.,5,학교 다니면서 훌륭한 논문작업을 진행하기 위해!! 다양한 포토샵과 일러스트 작업들을 손쉽고 전문적으로 할 수 있기 위해!! 동기들에게 삼성 갤럭시북 플렉스2가 얼마나 훌륭한 노트북인지를 자랑하기 위해!! 말이 필요 있나요? 대학생의 신분을 다 할수 있도록 해주십쇼!!？？,[]
21.02.06.,5,"삼성 제품으로 기대가 큽니다. 봉사 다니다 알게 돼 재능 기부로 가르치고 있는 학생이 있습니다. 남들과 조금 불편할 뿐이라며 언제나 밝게 지내려 노력하는 녀석이에요. 제품에 대한 기대가 큰만큼, 그리고 홍보 취지 이벤트라면 기왕좋은 곳에 쓰이면 의미도 배가 되지 않을까요?",[]
21.02.05.,5,s펜이라곤 갤럭시 노트에서 사용한거외엔.. s펜이 갤럭시북 플렉스2에도 있다구요?? 근데 더 대박인게 배터리 스펙보니까 이렇게 성능이 우수할수가...？？ 무게도 얼마안나가는게 더 대단.. qled라 그런가 화면은 왜이리 선명해 맥북에어 당근마켓에 얼릉 올려야지 ㅎㅎ,[]
21.02.08.,5,"늦은 나이에 처음으로 노트북이라는 것을 사용해보고 싶어 알아보던 중에 이벤트를 보게 되었습니다. 이 정도의 큰 행운이 제게 올까 싶지만서도 저를 비롯하여 응모하신 모든 분들, 그리고 관계되신 모든 분들의 내일을 응원하면서 순수한 마음으로 기대해봅니다.",[]
21.02.05.,5,"학교도 못 가고 있는 우리 아이들에게 큰 도움이 될 것 같습니다. 관심을 가지고 계속 주시했던 제품이 이렇게 이벤트로 저를 이끄네요. 부디 정말로 필요하신 분께 당첨이 되었으면 합니다. 물론, 저도 꼭 필요한 상황입니다^^ 앞으로도 좋은 이벤트 많이많이 열어주셨으면 합니다^^",['https://shopping-phinf.pstatic.net/20210207_14/e24f9b32-4532-4eee-a931-825c3775124e.jpg?type=f287']
21.02.08.,5,디자인 죽이고요~성능도 끝장나고요~무게는 완전 가볍고~뒤로도 접혀서 활용성 좋구~스마트S펜까지 지원하고~화사한 고화질 액정에~오래가는 배터리...썬더볼트4지원에 USB-C타입도 지원...게다가 AKG스피커까지!!! 완벽한 제품이네요. 너무너무 기대됩니다.,[]
21.02.05.,5,온라인수업때 줌수업을 해야는데 노트북이 없어서 다른 사람걸 빌려서 수업을 진행했던 아들에게 선물해주고 싶어요 그림그리기도 즐겨해서 펜으로 그리기에도 딱 좋을것 같아요 미래의 꿈이 자동차 디자이너인데 플렉스 2가 많은 도움이 될것 같아요 이번해 고등학교 입학도 해서 입학선물로도 너무 뜻깊은 선물이 될거같아요,[]
21.02.06.,5,믿고쓰는 삼성~!! 많은 갤럭시 제품은 사용해보고 접해봤지만 이번 갤럭시 북 플렉스2는 아직 접해보지 못해 정말 기대됩니다~게다가 깔끔한 미스틱 브론즈~원츄~!!!갤럭시 북 플랙스2는 삼성의 프리미엄 노트북으로 일반적인 노트북에 고급스러움을 추가한데다가 i5이면 퍼포먼스도 잘 살린 제품일꺼라 전작보다도 더더더 기대가 더되네요~!!!!,[]
21.02.07.,5,들고만 다니면 존재감 뿜뿜에 시간 가는 줄 모른다는 그 갤럭시탭!!!!! 회사 다니며 뒤늦게 공부 하고 있는데 인강 듣고 때때로(?) 넷플릭스도 봐주고 요걸로 티켓팅도 슈슈슉 하고 할 생각 하니 두근듀근 심장이 쿵쾅쿵쾅 떨리고 기대됩니다..♡,[]
21.02.05.,5,신랑이 건축자재 직원으로 20년동안 일하다가 자그만하게 개인사업을 하게 되었어요 자금이 부족해서 아직 컴퓨터구매를 못했어요 여러가지로 힘든시기네요 지금까지 살면서 당첨된적이 거의 없지만 삼성노트북이 너무 너무 탐나서 도전 해봅니다 삼성제품은 늘 믿음이 가서 저희 집에도 삼성가전이 많아요 당첨되기를 간절히 바래요 삼성노트북 화이팅 영중건재창호도 화이팅♡,[]
21.03.05.,5,갤럭시북 플렉스. 나의 플렉스가 되렴. 나와 함께 즐거운 게임의 세계. 영상의 세계를 함께 하지 않겠니? 허리가 휘어지도록 화면을 넘겨서 우리 같이 화면을 함께 보도록 너의 그 재주를 보여주렴. 영롱한 너의 피부색은 도시적인 메탈색이구나. 너를 내품에 안고 싶구나. 어여 오렴.,[]
21.02.08.,5,구매확정이 늦게 떠서 이제서야 리뷰달아요~ 삼성 갤럭시북 플렉스2 정말 기대되는 제품이예요. 디자인도 색상도 욕심나게끔 잘 만들었네요! 제품사양은 말안해도 삼성이니까 믿고 쓰겠죠!! 좋은기회에 좋은제품 사용할수있길 기대합니다 아자아자:),[]
21.02.07.,5,제 생애 첫노트북으로 꼭 갤럭시북 플렉스2로 시작할수있기를 간절히 기대해요 속도며 디자인 무엇보다 중요한 충전방식 어느것하나 부족함없는 아니 완벽한 노트북을 제 두손으로 사용할수있는 날이온다면 지치지않는 에너지가 늘 솟아날거같아요,[]
21.02.08.,5,"실용성, 독창성, 디자인까지 모두 잡은 갤럭시북 플렉스2 정말 탐나는 제품이에요! 최신 GPU, mx450에 11세대 인텔 CPU로 성능 업!! 실용성 넘치는 s펜에 짱짱한,QLED 디스플레이까지 ㅜㅜ 거기다 최애 미스틱브론즈색상이라니 정말 갖고싶어요",[]
21.02.05.,5,갤럭시북 너무 기대되요!!! 재택근무도 하고 있어서 유용하게 쓰일 것 같아요외출할땐 아이가 보고싶어하는 채널도 보여주고설 선물마냥 받는다면 정말 행복할 거 같아요안되도 기분은 좋을 거 같아요이런 기회 갖게 해주셔서 감사합니다^^,[]
21.02.09.,5,여기 손들어요. ~ ^^ 세계 최고의 IT 제조사 삼성의 최신 갤럭시북 2 플렉스 노트북 화면으로만 봐도 너무 사용하고 싶은데 실제로 제 눈앞에 있다면 훨씬 좋을 거 같아요. 제게 당첨의 기회를 주신다면 전 세계 곳곳 동네방네 소문 내고 다닐께요. ~ 약속해요. ~ *^^* 감사합니다. ㅎㅎ,[]
