"1,598,000"
date,star_point,comment,photo
21.01.10.,5,"이번에 네이버 라이브 방송틀 통해 노트북 플러스 2 NT560XDZ-G78A 제품을 구입헸습니다. 먼저 사양과 같이 가격을 비교해본다면 사양은 인텔코어 i7 11세대 그래픽카드 NVDIA Geforce GTX 1650 Ti Max-Q 램은기본 8기가이지만 저는 8기가 더추가해서 16기가입니다. 이 사양으로 타사 노트북과 (기격)비교시 저 개인적으로는 만족합니다. 사은품으로 갤럭시 핏2 / 로지텍 무선 키보드마우스/ 노트북 쿨러를 받았습니다. 네이버 페이백포인트와 방송중 구매혜택 그리고 사은품 혜택까지 다 받아서 따지고 보면 딱 가성비 있게 구매했다 라고 생각이 들었습니다.
하루 정도 사용기를 말씀 드리겠습니다. 먼저 디스플레이 화질은 부드럽고 괜찮은 편이것 같았습니다. 베젤,두께,화면크기 다 적당했습니다. 그리고 키보드 키칸이 전에 쓰던 노트북이랑 비교시 조금 넓어져서 문서작성 할떄나 타이핑시 잘못 입력할 일이 줄어들것 같다고 생각합니다. 게이밍 노트북 답게 게임이 얼마만큼 잘 돌아갈지 시험해 보았습니다. 오버워치 게임하는데 게임옵션 기본으로 하는데 충분히 부드럽게 잘 돌아가고 렉현상은 자주 있지않았습니다. 그점에서 괜찮았다고 생각합니다. 다만, 사양있는 게임을 할 시에는 펜소음이 발생합니다. 하지만 게임플레이 하는데 있어서는 그렇게 불편할 정도는 아니고 다른게이밍노트북들도 게임할 시에 펜소음 돌아가는 것은 어쩔 수 없다고 생각합니다. 평상시에는 조용합니다. 게임을 할 떄 그래픽이 외장그래픽으로 잘돌아가고 동영상 시청,인터넷 서칭,문서작성에는 내장그래픽으로 사용하는데 내 외장 그래픽들의 전환이 아주 잘 되는 것 같더라고요. 좀더 사용을 해보아야 더 정확히 알 수 있겠지만 지금 현 시점으로서는 만족합니다. 믿고 쓰는 삼성노트북 , 이번에 가.성.비 의 잘 맞게 나온것 같습니다.","['https://phinf.pstatic.net/image.nmv/shopnbuyer_2021_01_10_0/ba69233c-5330-11eb-b058-505dac8c381b_03.jpg?type=f287', 'https://phinf.pstatic.net/checkout/20210110_261/1610274751834I2qA4_JPEG/review-attachment-00bf40ce-e913-44b3-b9a3-4f3a473b5df8.jpeg?type=f287', 'https://phinf.pstatic.net/checkout/20210110_215/1610274755642efdlb_JPEG/review-attachment-f0a19370-63d1-4b33-b19a-d15764d06cfd.jpeg?type=f287', 'https://phinf.pstatic.net/checkout/20210110_234/1610274759371OQRxq_JPEG/review-attachment-adb50e41-9eef-4f67-8d2a-2c0e2ecd0417.jpeg?type=f287', 'https://phinf.pstatic.net/checkout/20210110_16/16102747615827hmzw_JPEG/review-attachment-627aaecd-42da-4c42-ae1b-c4405d710ef0.jpeg?type=f287', 'https://phinf.pstatic.net/checkout/20210110_182/1610274766459bBwD5_JPEG/review-attachment-52a3ca78-42f7-40b1-a76f-c711b0e40ac9.jpeg?type=f287']"
21.01.08.,5,"라이브에서 구매해서 7일에 받아 8일에 개봉했습니다.

아이리스x그래픽 카드와 1650이 함께 있는걸까요?
그건 뭔지 모르겠지만..CPU i7에 이 금액에 구매한것이 매우 만족입니다.

프리도스라서...애초에 179,000원주고 윈도우 추가시키시는 편이 매우 간편하단 사실을 깨달았습니다. 부디 그렇게 추가해서 저처럼 더 비싸고 번거롭게 구매하고, 시간낭비 안하시는 편이 좋을 것같아요!!

아직 아무것도 없지만...그래픽카드 종류를 쓰는 프로그램 을 돌려보고 한달후기 올려보려구요!

사은품으로 온 마우스는 로지텍이라서 괜찮구요(키보드는음..사용할일 없을 것같아요...), 기어핏은 어머니께 만보계로 사용하라고 드렸고, 쿨러는 품질이 조금 의심스럽지만..발열이 심할때 써보도록 하고요...;

외관이 스크레치가 잘 날 것같은 점, 지문인식기능없는 점이 단점이라 할 수 있을 듯합니다.","['https://phinf.pstatic.net/checkout/20210108_267/1610112495485GL3Fb_JPEG/review-attachment-8a2910f0-c613-431f-b757-7afbeac06343.jpeg?type=f287', 'https://phinf.pstatic.net/checkout/20210108_54/1610112513386Jc9jd_JPEG/review-attachment-c010b858-c216-4502-bee7-04c3d5bd781e.jpeg?type=f287', 'https://phinf.pstatic.net/checkout/20210108_160/1610112516392D382N_JPEG/review-attachment-edc87023-d6fd-45f8-aa25-1b350372ad5e.jpeg?type=f287', 'https://phinf.pstatic.net/checkout/20210108_284/1610112535624rXoO5_JPEG/review-attachment-418b9446-ba3c-46ce-900f-6b935b802fc1.jpeg?type=f287', 'https://phinf.pstatic.net/checkout/20210108_171/1610112542352eDR50_JPEG/review-attachment-7358ed2f-9f8b-4d90-a3f8-51b4749a8ecb.jpeg?type=f287']"
21.02.03.,5,"사양대비 저렴하게 잘구매했습니다 예약구매라 아주 조금 기다렸지만 사은품인 쿨러도 5단계로 쿨러 조절가능해서 괜찮고 키보드스킨에 가방까지도 챙겨주셔서 감사합니다
디자인은 모던하고 심플해서 마음에 들고 화면도 커서 만족합니다 무게도 유동성 있게 가볍고 영상편집 등에 사용하기 괜찮은 스펙이라 좋습니다
아쉬운건 게이밍임에도 주사율이 60Hz까지만 지원이 됩니다
윈도우10까지 포함되어있어서 빠지는거 없이 좋아요
모니터 무결점 테스트는 붉은색에 하나가 불량이였습니다 그 외엔 정상이예요
사용을 해봐야 정확하겠지만 전반적으로 잘 구매한거같습니다","['https://phinf.pstatic.net/checkout/20210203_184/1612322218116Q2rlh_JPEG/review-attachment-2c9c1fbd-9622-4d77-b0cb-47e7a7f19cd5.jpeg?type=f287', 'https://phinf.pstatic.net/checkout/20210203_291/1612322318993vvxXR_JPEG/review-attachment-285edffe-3008-4599-89c1-d0f588345174.jpeg?type=f287', 'https://phinf.pstatic.net/checkout/20210203_281/16123223283633AYOy_JPEG/review-attachment-06dce922-6673-4000-a37f-2d7c3c89150d.jpeg?type=f287', 'https://phinf.pstatic.net/checkout/20210203_67/1612322350708f01No_JPEG/review-attachment-e78a9178-a3e7-4c3a-a1a2-768deb8e392e.jpeg?type=f287', 'https://phinf.pstatic.net/checkout/20210203_1/1612322363503R5435_JPEG/review-attachment-673d93b3-cfdf-4234-b5a3-7fe7d1e054ec.jpeg?type=f287']"
21.01.11.,4,"노트북 수령 후 먼저 앱플레이어를 깔고 게임을 실행 시켯을때 (전원코드 연결시) 게임 플레이가 원할게 잘되고 코드연결 안할시엔 무거운 프로그램은 못돌리겠더라고요 (아는사람은 다아는 사실이겠죠?)
디스플레이 색감은 그냥 보급형 같내요 무난한 250~300니트 밝기에 NTSC 45% 정도로 보엿내요
누런 디스플레이는 아니라 다행이지만..
키보드 타건은 개인적인 의견으로 이온이랑 같은급 같은... 두께를 줄이려니 키감은 별로엿내요
두께 비교를 위해 일반 기계식 키보드랑 비교 샷 찍었으니 구매자 분들은 참고하세요~
두께는 확실히 다른게이밍 노트북보다 얇아서 보기엔 좋습니다 다들 좋은 노트북 선택하세요","['https://phinf.pstatic.net/image.nmv/shopnbuyer_2021_01_11_0/1fad2bdb-539f-11eb-9fa5-a0369ff9545c_03.jpg?type=f287', 'https://phinf.pstatic.net/image.nmv/shopnbuyer_2021_01_11_0/36d1d9cf-539f-11eb-b058-505dac8c381b_03.jpg?type=f287', 'https://phinf.pstatic.net/checkout/20210111_168/1610322908512tGCSW_JPEG/review-attachment-7c8fe622-71ae-47be-b492-f9517d0ed531.jpeg?type=f287', 'https://phinf.pstatic.net/checkout/20210111_228/1610322914128tPIp1_JPEG/review-attachment-3dedb081-7374-440c-b7e3-4b741064a6f6.jpeg?type=f287']"
21.01.27.,5,배송은 예정보다 느렸지만 기다리던 상품 NT560XDA-G78A 노트북 배낭가방 추가로 주셨네요~~ 윈도우 USB에 저장후 설치 작동 잘돼네요.... HDD 2T 뚜껑열고 창착. 이상없이 잘돌아가고 있읍니다. 다소 무거운데 케이스는 좀약해보이네요... 암튼 고성능이니 10년은 써서 본전 뽑아야 돼길 바랍니다. 사업 번창하시길 바랍니다~~~~~~~,"['https://shopping-phinf.pstatic.net/20210129_24/f3f4ba32-bfa1-4e6d-9831-776e4b571cdf.jpg?type=f287', 'https://shopping-phinf.pstatic.net/20210129_5/d0b52f2a-2307-45ea-8dc0-35f3afaf978c.jpg?type=f287', 'https://shopping-phinf.pstatic.net/20210129_8/811506fa-0616-48af-a447-e7dc5cc713e1.jpg?type=f287', 'https://shopping-phinf.pstatic.net/20210129_15/11a4ba05-828b-49db-a864-751ae39bd363.jpg?type=f287', 'https://shopping-phinf.pstatic.net/20210129_20/4e62898c-ee48-499b-93e8-7165b7f69c64.jpg?type=f287']"
21.01.12.,3,"하드 추가하느라 오픈후 재포장은 알고있었지만 입구부분이 저렇게 다 떠서 왔더라구요.그게 좀 안타까웠는데 안에 열어보니 2중포장이라 걱정할필요는 없었을듯 합니다. 선 리뷰에서 소음이 심하다고 했는데 전 그렇게까지 거슬릴정도는 아닌것같아요.
18일 이후에 올거라고 생각했는데 그것보단 빨리와서 좋았지만 구매확정 버튼이 걸리는 바람에 마지막이 매우 아쉽네요. 주말에 노트북을 사용하진 못하고 지금 이것저것 해보는데 아직은 딱히 문제점은 모르겠어요.
막판에 문제해결이 좀더 수월했다면 좋았을것같아요.","['https://phinf.pstatic.net/image.nmv/shopnbuyer_2021_01_12_0/81ac2005-5450-11eb-bb05-48df379cc9e4_03.jpg?type=f287', 'https://phinf.pstatic.net/checkout/20210112_87/1610399069765wikUb_JPEG/review-attachment-13acb26a-234c-4f6f-920d-653af80f2f3a.jpeg?type=f287', 'https://phinf.pstatic.net/checkout/20210112_189/1610399103361DogCJ_JPEG/review-attachment-15a39744-a70d-4b50-9940-3150b7669551.jpeg?type=f287']"
21.01.12.,5,유튜브에 영상을 올리려다보니 기존 노트북 사양이 낮아서 녹화도 부드럽게 되지 않고 라이브도 버퍼가 심해서 찾던중 삼성공식파트너 앤씨디지텍에서 삼성노트북을 사전예약으로 여러 혜택이 있어서 저렴한 가격으로 구매했네요. 디자인 깔끔하고 순식간에 부팅되서 신세계를 경험하는 것 같고 원하던 영상작업 끊김없이 잘 되서 너무 좋습니다. 포장도 이중 포장으로 꼼꼼하게 해주시고 갤럭시Fit2까지 사은품으로 주셔서 요즘 달리기 하려고 했는데 너무 좋습니다. 잘쓰겠습니다^^,"['https://phinf.pstatic.net/image.nmv/shopnbuyer_2021_01_12_0/34899ce4-5476-11eb-9d12-48df379cca40_03.jpg?type=f287', 'https://phinf.pstatic.net/checkout/20210112_57/1610415209991otMVX_JPEG/review-attachment-d68ff499-c7cf-4500-983d-2cf7c7f64fe9.jpeg?type=f287', 'https://phinf.pstatic.net/checkout/20210112_15/1610415210305dszl4_JPEG/review-attachment-c19229dc-8ce2-498e-8e52-db67256257e6.jpeg?type=f287', 'https://phinf.pstatic.net/checkout/20210112_56/1610415210674FIKON_JPEG/review-attachment-23812035-1cb6-4b72-8d34-eeb78b5371d3.jpeg?type=f287']"
21.01.10.,3,"삼성노트북 플러스2.
여러 매장을 돌면서 비교비교 하다가 네이버쇼핑에서
기회 좋게 구매하게 되었어요.
아이 온라인수업과 재택근무시 사용하려고 구매했는데 사양도 높아 활용도가 너무 좋을거 같아요.

외관포장은 살짝 찍혀왔지만
내부포장은 꼼꼼히 잘 포장되어 왔구요.
윈도우 깔고 부팅시켰더니
부팅속도가 그야말로 초스피급이예요.
초조하게 기다릴필요없이 순식간에 켜지니 기분이 너무 좋아요.^^

여러모로 잘 활용할수 있을거같아요.
사은품도 급이 달라서 정말 잘 샀다는 생각이 들어요.","['https://phinf.pstatic.net/image.nmv/shopnbuyer_2021_01_10_0/9993af51-5300-11eb-a803-a0369ff94ec8_03.jpg?type=f287', 'https://phinf.pstatic.net/checkout/20210110_147/1610254834080Hsnbw_JPEG/review-attachment-94fac5c0-129d-42b4-a01c-a8487896df79.jpeg?type=f287', 'https://phinf.pstatic.net/checkout/20210110_137/16102548525266WrTK_JPEG/review-attachment-88068ff0-a40b-4992-a6f6-ff3ed948882f.jpeg?type=f287']"
21.01.30.,5,사무실에서 DELL ALIENWARE 와 MSI 노트북을 사용 중인데 DELL 은 3년 넘었으나 아직 문제가 없는데 MSI 노트북은 2년도 안되었는데 배터리에 문제가 생겼네요 그래서 외근용 노트북을 찾다가 예약판매로 노트북 플러스2 NT560XDZ-G78A 를 보게 되었습니다 이정도 그래픽 사양이면 업무용으로 충분하고 매력적인 가격이라 바로 결제 했는데 배송이 이렇게 늦을지는 몰랐네요 ㅎㅎ 그래도 만족합니다 윈도우 설치 해서 받아서 시간도 절약하고 사은품 가방도 있어 외근용으로 딱이네요 다음에 사은품 구성으로 유선 마우스도 주시면 정말 좋을 것 같습니다. 부팅도 빨라 동영상으로 올렸습니다 ㅎㅎ,"['https://phinf.pstatic.net/image.nmv/shopnbuyer_2021_01_30_0/e6d5f645-628b-11eb-af82-505dac8c38f5_03.jpg?type=f287', 'https://phinf.pstatic.net/checkout/20210130_287/16119638517725E7K1_JPEG/review-attachment-809edfd4-0b1f-4108-8671-2c31def511e1.jpeg?type=f287', 'https://phinf.pstatic.net/checkout/20210130_16/1611963851891JnsW9_JPEG/review-attachment-e3dbc0d7-4529-4dfa-91cb-7498238fceb3.jpeg?type=f287', 'https://phinf.pstatic.net/checkout/20210130_25/1611963913500Sqit9_JPEG/review-attachment-994ded2c-4610-4fce-b016-f83201d34d55.jpeg?type=f287']"
21.02.02.,5,"처음에 주문하고 너무안와서, 삼성디지털프라자에 갔는데, 똑같은 다 똑같은 노트북2가 아니더라구요. 가격은 할인해서 150만원인데 모델명이 달라 물어보니, 이게 사양이 더 높은거랍니다. 그러니 굳이 취소하고 더 비싸게 살 이유가...ㅎㅎ
인내심을 가지고 기다렸죠.
오늘받았는데, 전 편집용으로 쓰려고 샀고 일단 속도나 영상 그래픽감은 좋습니다. 용량은 최대로 키워서 샀더니 마음도 뿌듯뿌듯.ㅎ
한컴 샀더니 같이 들어있는 폰트가 아주아주 마음에드네요. 784개나.. 1년무료이용이긴하지만. 동영상 편집에는 폰트. 음악. 이런게 아주 필요하죠ㅎ
그리고, 음....
게임 안하더라도 쿨러는 있으니 좋긴하네요ㅎ
근데, 액정 클리너는 붙여주심 좋겠어요. 전 똥손이라.... 버려버렸습니다ㅜㅜ
번창하세요ㅋㅋ","['https://phinf.pstatic.net/image.nmv/shopnbuyer_2021_02_02_0/5cc0a710-653a-11eb-ad22-a0369ff952f4_03.jpg?type=f287', 'https://phinf.pstatic.net/checkout/20210202_213/16122583429921aTXa_JPEG/review-attachment-de78f720-7a6d-4c56-82b9-75a81b2ad835.jpeg?type=f287']"
21.02.09.,4,"1월 18일 주문하고 2일에 받아 2주정도 걸렸네요
생각보다는 빨리 받아본거 같아요
하지만 배송 메모에도 전자제품이니 조심히 다뤄달라고 써놨는데 박스가 찌그러져 와서 많이 놀랐어요ㅜ
다행히 노트북박스 내 완충재 덕분에 파손은 되지 않았네요.
윈도우 및 램 추가 설치 요청드렸는데 잘 설치 되어있어요.
사은품으로 쿨러랑 가방이 왔는데 노트북 거치대를 이미 사용하고 있어서 쿨러는 어머니 드렸어요.

처음으로 직접 골라 구매하는 노트북이라 고민 많이했습니다.
사양으로는 괜찮다고들 하는데 제가 구입할때가 가장 혜택이 적었던거 같아 속상한 마음은 있어요ㅜ
지금보단 조금 더 싸게 구입해서 일찍 받아 쓴다고 긍정적으로 생각하고 쓰려고요.
오래된 노트북 쓰다 새 노트북 쓰니 시원시원합니다.","['https://phinf.pstatic.net/checkout/20210209_154/1612830650291D1KqW_JPEG/review-attachment-2b337c8b-b302-4bce-a10c-ebbd2e30f17d.jpeg?type=f287', 'https://phinf.pstatic.net/checkout/20210209_216/16128306661430Rt76_JPEG/review-attachment-91f25631-aae4-44fe-a8ca-81b81df89851.jpeg?type=f287']"
21.01.18.,5,"생각보다 너무 빨리 도착해서 깜짝놀랐어요~ ><
오랫만에 새제품 뜯는 기분 정말 좋네요~ ㅋㅋ
쓰고 있는 HP노트북 그래픽카드 사양이 너무딸려 다른걸 찾다 보니 착한 가격에 좋은 제품이 나와 구매하게 되었어요.
디자인, 제품 사양, 믿음이가는 회사, 사용한지 며칠 안되서 제품 리뷰를 완벽하게 할수는 없지만 일러.포토를 제대로 사용해보고 다시 리뷰 올려드릴께요~ ㅋ","['https://phinf.pstatic.net/checkout/20210118_56/16109283472858LyDz_JPEG/review-attachment-a4ffd8d6-d6ba-495b-9eec-e0f83a5b10a3.jpeg?type=f287', 'https://phinf.pstatic.net/checkout/20210118_82/1610928359265rl9Xp_JPEG/review-attachment-b442278d-d536-4681-bcc8-3d704c02269c.jpeg?type=f287', 'https://phinf.pstatic.net/checkout/20210118_165/1610928368190w1szi_JPEG/review-attachment-b3b21b9e-c7eb-43db-91b2-0a67e82039f7.jpeg?type=f287']"
21.01.09.,5,"1월18일 이후에 받을 걸로 생각하고 있었는데 더 빨리 받아보게 되어 예상치 못한 선물을 받은 기분입니다. 온라인으로 노트북을 구매하는 것은 처음이라 조금 불안했는데 삼성전자 공식파트너 배너 보고 믿고 구매했습니다. 배송 박스에도 공식인증점이라고 크게 적혀있는게 무척 믿음직스럽네요. 제품도 뽁뽁이와 박스에 이중으로 포장된 상태로 무사히 잘 받았습니다. 추가 구매한 메모리와 윈도우(미인증)을 설치해주셔서 번거로움없이 받자마자 편하게 사용할 수 있어서 좋습니다. 사실 받기전에는 무난한 검정색 노트북인줄 알고 샀는데, 실제로 보니 은은한 펄감이 있는 고급스러운 진회색이네요. 기존에 사용하던 것과는 달리 키보드 우측에 숫자 키패드가 있어서 숫자를 많이 입력하는 작업을 할 때 편합니다. 디자인도 만족합니다.",['https://phinf.pstatic.net/image.nmv/shopnbuyer_2021_01_09_0/18b3be37-5256-11eb-b058-505dac8c381b_03.jpg?type=f287']
21.01.21.,5,예약판매라 오래 기다렸지만 받고나니 만족 스럽습니다. 박스에 씰은 잘 붙어있었고 사은품 쿨러도 좋네요~ 원도우 설치하고 펜 돌아가는 소리가 생각보다 시끄러워서 놀랐는데 드라이버 설치 끝나니 조용합니다. 성능은 만족하는데 외장그래픽 카드가 장착되어 있다보니 살짝 무게감은 있네요. 타건감은 쫀득(?)한 느낌으로 개인적으로는 좋습니다.,"['https://shopping-phinf.pstatic.net/20210123_8/f696aab4-05d2-4295-84f4-27c891bf079f.jpg?type=f287', 'https://shopping-phinf.pstatic.net/20210123_15/04f8f074-65c1-4379-9025-db0b1e13e70f.jpg?type=f287', 'https://shopping-phinf.pstatic.net/20210123_26/b8b756ac-7d6a-46af-b12b-0d5fac73052c.jpg?type=f287']"
21.02.02.,5,"주문량이 많아서 그런지 예약 배송되었네요~
언제쯤 오려나 기다리고 있었는데.....
언박싱 후 보니 예약 배송 선물로 가방을 보내주셨네요~ 감사드려요~
또한 노트북 쿨러와 키보드 스킨도 잘 받았습니다.
노트북 외장 컬러가 좋고 속도도 빨라 넘 만족스럽습니다!
좋은 가격에 잘 구입한 것 같습니다.","['https://phinf.pstatic.net/checkout/20210202_251/1612262962067FV7m6_JPEG/review-attachment-96fcdd05-46ba-4795-afee-5f8d43298620.jpeg?type=f287', 'https://phinf.pstatic.net/checkout/20210202_94/1612262975574bPJvp_JPEG/review-attachment-df88bfa9-0f24-422d-b714-e37310e9afeb.jpeg?type=f287', 'https://phinf.pstatic.net/checkout/20210202_277/1612262991652xQ7wq_JPEG/review-attachment-3c67be55-7a1d-455b-ab65-5b4599c6f91f.jpeg?type=f287', 'https://phinf.pstatic.net/checkout/20210202_116/1612263005963f1zS6_JPEG/review-attachment-3caba6b7-70ed-42f8-b9a1-e284e5e0f003.jpeg?type=f287']"
21.01.17.,5,"딸아이에게만 선물할 수 없어 아들에게 선물한 노트북을 찾다가 삼성 노트북 아카데미 사전 예약 이베트로 플러스2를 선택했는데요. 직접 사용할 이들이 골라서 그런지 정말 좋다고 하네요. 이런 혜택으로 이런 고사양 최신 노트북을 구입하기 쉽지 않다면서요. 예약 판매로 구매한 거라 배송이 되기까지 시간이 걸리긴 했지만, 좋은 기회에 정말 좋은 노트북을 구입할 수 있어 행복합니다. 사은품까지 잊지 않고 챙겨서 보내주서셔 고마워요.","['https://shopping-phinf.pstatic.net/20210119_27/3451ac9d-87e8-4f56-9070-40dafed672da.jpg?type=f287', 'https://shopping-phinf.pstatic.net/20210119_28/43e22f8e-99d8-4426-92e2-ca8752f64d85.jpg?type=f287', 'https://shopping-phinf.pstatic.net/20210119_13/a223fa19-32f8-4016-bcaa-3648a7a06810.jpg?type=f287']"
21.01.09.,4,"이번에 대학에 가고,원래 쓰던 데스크탑을 방으로 옮기기엔 너무 복잡해서 구매하게 되었습니다.
가장 놀란 부분은 스피커입니다. 구멍이 밑에 있어 고급스러운 느낌을 주는데 품질 또한 좋습니다.
다만 팬소음이 고성능의 작업을 할 때는 좀 큰 편입니다. 하지만 그덕에 발열은 미지근한 것보다도 없는 수준으로 좋습니다.","['https://phinf.pstatic.net/checkout/20210109_248/1610191480461Wxm9F_JPEG/review-attachment-23a2e23a-45ec-4956-8127-0380992febdb.jpeg?type=f287', 'https://phinf.pstatic.net/checkout/20210109_187/1610191486855cpsYK_JPEG/review-attachment-bffd4997-efe7-4c17-a5e7-701be7900f8b.jpeg?type=f287', 'https://phinf.pstatic.net/checkout/20210109_286/1610191494002uDHAY_JPEG/review-attachment-e32a7e3c-bec9-4eab-9207-9e445ac437f0.jpeg?type=f287']"
21.01.16.,5,"12월 26일에 주문을 했었고 그 당시 예상 출고일이 1월 4일 이었는데 중간에 갑자기 출고일이 2주정도 밀린다는 소식을 받았고 그런데 갑자기 얼마 안있다가 위메프측에서 사전 통보없이 구매취소를 당했지만 바로 연락하여 조치를 취할 수 있었습니다. 당시엔 황당하고 짜증났지만 그래도 1월 15일에 물건을 공지된 연기 날짜보다는 일찍 받았습니다.

제품은 문제 없이 잘 돌아갔고 윈도우 10을 설치할 줄 알고 외장그래픽을 설정할 줄 아는 사용자라면 본인이 예상했던 그대로 제품을 사용할 수 있었습니다. 직접 뒷판을 열때는 나사 4개를 제거하고 신용카드 같은 얇은 플라스틱 판 같은 거로 조금씩 밀면서 열면 되었습니다. 어렵지는 않았지만 나사만 제거했다고 맨손으로 열 수 있는 정도는 아니었습니다.

제품을 구매할 때 램8기가를 추가옵션으로 구매했었는데 기본 램과 동일 성능으로 제품에 장착된 채로 받았습니다. 조금 신기한 것은 추가 램을 조립해서 받는 것인데도 박스가 미개봉상태로 왔다는 것입니다. 아무튼 그것은 좋았습니다.",[]
21.01.22.,5,6일에 주문해서 오늘 드디어 받았네요! 오래 걸렸지만 기다린만큼 기분이좋네요. 근데 포장박스가 좀 작았는지 테이핑이 좀 벌어져있더라구요. 빗물이라도 새어 들어갔으면 큰일날뻔~ 상품 자체는 좋아요.쿨링패드도 있구요 키패드도 있네요! 잘 쓰겠습니다~,"['https://shopping-phinf.pstatic.net/20210124_0/feecc94c-0146-493e-954b-99933180f0cd.jpg?type=f287', 'https://shopping-phinf.pstatic.net/20210124_13/e6dca42f-e2bc-4017-ac6b-1fbd87baa374.jpg?type=f287', 'https://shopping-phinf.pstatic.net/20210124_13/355c4185-65ea-479d-8529-fd97e586bbc8.jpg?type=f287']"
21.02.03.,5,이가격에 1660ti 달린 “삼성”노트북을 구매할 수 있다는 것 자체가 훌륭합니다 2주기다려서 받았는데 저는 16기가램+1테라ssd 했는데 훌륭합니다 굉장히 빨라요 근데 윈도우 설치요청햇는데 뜯고나니 패널엔 물티슈로 지우신흔적이랑 아래엔 지문이 좀 묻어있더라구요 날이추워서 얼어서 더 잘보여서 아주 쪼오오끔 신경쓰였으나 노트북이 너무빨라서 만족중입니다 구매 강추합니다 오래걸려서 전화나 톡톡 문의드렸는데 엄청 친절하게 답주십니다. 엔씨디지텍에서 구매하세요~ 쿨러랑 키스킨 백팩 주셨는데 너무 조아용~,"['https://phinf.pstatic.net/checkout/20210203_15/1612333430711PTbuh_JPEG/review-attachment-8b42a21e-6cc9-491f-87fa-a4b331d6ea5d.jpeg?type=f287', 'https://phinf.pstatic.net/checkout/20210203_261/1612333431471dYv4x_JPEG/review-attachment-d7e1335e-42d7-44a3-8f19-e8135e5fe411.jpeg?type=f287']"
21.02.17.,5,"입고예정일이 늦어져서 한달이상 걸릴거라 생각하고있었는대 명절끝나고25일만에 받았어요.. 아이들 게임용으로 구매했는대. 받자마자 게임설치 오버워치..배그등등ㅎ 게임구동 잘되내요. 게임설치하고 바로 오버워치 해드삿대결 당분간은컴퓨터때문에. 싸울일은 없을거 같습니다
배송지연사과문에 같이 따라온 백팩 노트북가방 보고 있었는대 당분간은백팩으로 만족하렵니다","['https://phinf.pstatic.net/image.nmv/shopnbuyer_2021_02_22_0/2a2d2baf-74e8-11eb-bb05-48df379cc9e4_03.jpg?type=f287', 'https://phinf.pstatic.net/checkout/20210217_135/16135669451828REMl_JPEG/review-attachment-8dc3f59d-6a7b-4e73-b33b-1bdbd45733ca.jpeg?type=f287', 'https://phinf.pstatic.net/checkout/20210222_163/1613956516181WrFew_JPEG/review-attachment-77ab74f3-e51a-4d8b-b021-0bd64a45f4b8.jpeg?type=f287']"
21.02.03.,5,"배송은 느려요.들고다니는 용도의 노트북은 이온으로 가지고 있어서 데스크탑 대용으로 산건데요다만 이온 쓰다가 요거 사용하니 많이 부족하고 아쉬워보이는건 사실이네요.1. wifi 로 인터넷을 바로 못 잡고 랜선을 연결해야하는 점2. 키보드 백라이트 없어서 어두운곳에서 작업이 좀 불편한 점정도 물론 더있겠지만 그건 사용자 마다 불편한것이 다를것이고요.장점은 1. 삼성 업데이트 설치하면 자동으로 드라이버는 잡아줍니다.2. 덱스기능도 가능하고요3. 기본적으로 백신 제공하네요.4. ssd를 추가설치 가능한 스토리지가 총 세개인것은 맘에 들어요.게임이나 영상작업하기에 적합할듯 해요.같은 가격대에서 높은 사양을 찾는다면 외국산 사면 되겠지만 11세대는 아니라서 고민하다가 삼성을 구매한건데 일단은 만족해요.배송이 많이 느린거빼고, 모니터가 요즘대세인 144아니고,배터리 조루이고, 풀충 1시간 10분 사용 가능 이라는거.만 빼면 괜춘하네요.",[]
21.01.09.,5,생각했던 것 보다 굉장히 고급스러워서 놀랐어요. 화면크고 오랜만에 노트북 구매하는데 전체적으로 만족스러워요. 가벼운노트북이랑 고민하다가 그래픽 업무때문에 이제품 구매했는데 확실히 가벼운것 보단 무거운데 이전에 사용한 노트북이 너무 무거웠어서 훨씬 가볍게 느껴지네요~~~,"['https://phinf.pstatic.net/checkout/20210109_153/1610172881656oeD4w_JPEG/review-attachment-f3b07f07-de73-4c3d-8e27-0013410bb3b7.jpeg?type=f287', 'https://phinf.pstatic.net/checkout/20210109_203/1610172881701wdeIa_JPEG/review-attachment-fd378b20-ba81-44c3-937d-c09e58e2d11c.jpeg?type=f287', 'https://phinf.pstatic.net/checkout/20210109_230/1610172881773y0xK6_JPEG/review-attachment-6631ae05-2173-4a6a-be6f-73db83af8442.jpeg?type=f287']"
21.02.20.,5,잘 받았습니다~~중학교 올라가는 아이위해 준비했어요잘 쓸께요~~부팅까지 8초컷이 나오네요 동영상이 올라가지 않아서 아쉬울 뿐입니다.기존 노트북이 부팅이 오래걸려서 별루였는에 요건 너무 좋네요~~~^^앞으로 정말 유용하게 잘 사용할 수 있을것 같아요..진작 바꿀걸 그랬네요아주 만족스러운 쇼핑이였습니다.,"['https://shopping-phinf.pstatic.net/20210222_14/0a00550f-5864-4604-bcfd-d27abcd76f15.jpg?type=f287', 'https://shopping-phinf.pstatic.net/20210222_2/b7aaa270-8518-4283-a69e-26ade137c4e4.jpg?type=f287']"
21.01.11.,5,"라이브로 구매해서 늦게 배송 올 줄 알았는데 빨리 출고 되어서 깜짝 놀랐네요! 그리고 안전하게 제품 포장까지 좋았습니다. 무게도 다른 고성능 노트북에 비해 가벼운 거 같아요. 부팅속도가 당연히 빠르고 프로그램 작업할 때 끊김없이 돌아갑니다~ 외부는 플라스틱 부분이 아쉽지만 성능, 가격까지 생각한다면 가성비 좋은 삼성노트북입니다!!!","['https://phinf.pstatic.net/checkout/20210111_86/1610359660778C094G_JPEG/review-attachment-2406d1f9-abe1-4ad7-a137-ceda896b2a1a.jpeg?type=f287', 'https://phinf.pstatic.net/checkout/20210111_186/1610359668062UV05n_JPEG/review-attachment-cc0d22f1-3cda-4065-9047-8e377ab16226.jpeg?type=f287']"
21.01.15.,5,"아버지께 선물로 재택 근무용 노트북 구매 해드렸습니다.
디자인도 심플하고 고급스러워서 너무 좋고 일단 사양이 넘사벽이네요이전에 쓰시던거는 너무 옛날거라 느리고 오류도 많이 났는데 하이엔드급 으로 맞춰드리니 아버지도 너무 좋아하십니다.
판매자분들도 문의사항 응대 빠르게 해주셔서 감사하고 좋은제품
합리적인 가격에 구매하게 되어서 좋습니다.","['https://phinf.pstatic.net/checkout/20210115_55/1610700830560s1w2r_JPEG/review-attachment-9a09aba0-2841-4cd3-94b5-ff603d58042c.jpeg?type=f287', 'https://phinf.pstatic.net/checkout/20210115_228/1610700844179eswjW_JPEG/review-attachment-ad5f1b52-ca27-41c0-bf20-3aa3ee68d709.jpeg?type=f287']"
21.02.04.,5,1월 18일날 주문해서 2월 2일날 도착했습니다. 저의 예상보다 늦게 도착하여 조금 실망하였지만 무게도 생각보다 가볍고 색도 이쁘고 생각지도 못한 노트북 가방 사은품이 있어 더 더욱 만족하였습니다. 대학생활에 큰 도움이 될것 같습니다.,"['https://shopping-phinf.pstatic.net/20210206_28/75ab08e5-1dc7-4e1e-bc0c-5d4c00b1d8eb.jpg?type=f287', 'https://shopping-phinf.pstatic.net/20210206_29/70f445db-ad0b-442d-bb56-0fe006aebfbf.jpg?type=f287', 'https://shopping-phinf.pstatic.net/20210206_9/9ca3b8a7-566b-4c94-b6bb-bbf9eb54e7ed.jpg?type=f287']"
21.01.08.,5,기본 사무용 노트북 위주로 찾다가 우연히 발견했는데 신제품 이벤트 행사까지 하길래 바로 구매했습니다. 투박할줄 알았는데 생각보다 디자인도 예쁘고 사은품도 마음에 들어요! 받자마자 윈도우만 설치하고 아직 제대로 써보진 않았지만 완전 기대됩니다!,"['https://phinf.pstatic.net/checkout/20210108_49/1610106446840mqEeh_JPEG/review-attachment-835a5fca-a609-41f4-ac82-fddc47ab0d3b.jpeg?type=f287', 'https://phinf.pstatic.net/checkout/20210108_140/16101064535339LhXC_JPEG/review-attachment-d9541573-2959-459d-b2b4-08f0816cc6a6.jpeg?type=f287', 'https://phinf.pstatic.net/checkout/20210108_118/1610106446250ImajN_JPEG/review-attachment-35ef4ab4-b95d-4d90-acff-3a34cb8670c8.jpeg?type=f287']"
21.02.05.,5,"예약구매로 타거스 백팩과 함께 온 노트북플러스2.
윈도우10을 설치를 해주셨는데, 정품인증은 개인이 구매 혹은 가지고 있는 인증번호로 따로 받아야 합니다. 셋팅하면 속도가 엄청 빠릅니다. 넉넉한 확장성과 속도 그리고 안정적인 느낌. 갤럭시북과 비교하면 무거운 감은 있지만 날렵한 디자인이 마음에 듭니다.","['https://phinf.pstatic.net/checkout/20210205_126/1612510680537KbGT6_JPEG/review-attachment-e630e3b1-de06-4f97-85a2-f0d3a398e2a2.jpeg?type=f287', 'https://phinf.pstatic.net/checkout/20210205_164/1612510680710xtMLf_JPEG/review-attachment-5df828d3-ff59-4020-8d80-916d2650427c.jpeg?type=f287']"
21.01.11.,5,"타이핑하는 감각도 부드럽고 화면 전환도 확실히 기존에 쓰던 노트북보다 빠릅니다. 드물게 그래픽 작업을 할 일이 있어서 이온과 고민하긴 했는데 그래픽카드를 선택했어요.
발열이 약간 있긴 한데 이 정도는 원래 그렇지 않나 싶은 수준이고, 쿨러도 서비스로 왔으니 잘 사용해보도록 하겠습니다 (쿨러는 조금 부실해 보이긴 합니다)
검은 무광 디자인이 상당히 고급스러운데 먼지 앉으면 티가 금방 나는 게 조금 아쉬워서 자주 쓸어주고 있어요.
18일 배송예정이라 되어있었는데 8일에 발송알림 뜨고 당일에 받아 놀랐습니다. 바빠서 계속 상자만 꺼내 뒀다가 이제서야 체크해보네요ㅜㅠ
램/SSD/윈도우 정품 추가해서 쾌적하게 필요 프로그램들 설치하고 있습니다. 감사합니다~",['https://phinf.pstatic.net/checkout/20210111_238/1610299422882sG2yp_JPEG/review-attachment-4dbe6f00-389e-4188-aa4a-e29d78e101f0.jpeg?type=f287']
21.02.16.,5,"구매제품 : 삼성노트북 플러스2 NT560XDZ-G78A
구매날짜 : 2021. 01. 22
배송날짜 ; 2021. 02. 15
추가구매 :1 TB HDD+16 GB RAM
삼성노트북 플러스2 NT560XDZ-G78A 3차 구매한 20대 청년 구매자입니다.^^
첫 노트북인만큼 신중하게 알아보다가 삼성 아카데미 프로모션일 때가 가장 괜찮다는 소식 듣고 보던 중 공식판매점 엔씨디지텍이 가장 합리적인 가격이길래 구매했습니다.
비록 삼성 내부사정으로 배송지연이 되 추가 백팩 사은품 받아서 신속배송 받지 못했던 점에서는 아쉬웠지만
물품 받고 나니 만족했네요.^^
삼성 아카데미 기간이 노트북 구매시 괜찮은 시기이니 2021 최신 노트북 구매 예정인 분들은 이 시기 놓치지 말고 구매하길 추천드려요.^^","['https://phinf.pstatic.net/image.nmv/shopnbuyer_2021_02_19_0/647c4fbc-725f-11eb-97dd-48df37ae3fca_03.jpg?type=f287', 'https://phinf.pstatic.net/checkout/20210219_160/1613704007019CxebB_JPEG/review-attachment-25c8bd4e-80bd-4eb2-aaee-6d0ba0584b69.jpeg?type=f287']"
21.02.15.,5,"우선 1월19일에 구매하였으나 2월15일 오늘 받았습니다. 배송지연 안내를 받아서 그냥 2월달 안엔 오겠지..하고 기다리고있었는데 왔네요\n음..정말 노트북을 처음 구매하는거라 다른 브랜드랑 비교도 해보고 고민많이하고 샀는데 정말 잘산거같아요!\n이 가격에 이성능이면 정말 좋은것 같습니다.\n우선 저는 인터넷 서치, 쇼핑몰 운영을 하기 위해 샀구요, 추후에\n영상편집을 하기 위해 메모리를 추가해서 샀습니다. \n삼성에 이 가격이면 정말 좋은 노트북이라고 생각하구요, 다만 아쉬운점이 살짝 무게가 나간다는 점, 그리고 마우스를 따로 사야한다는점이 아쉽네요 하지만 속도도 빠르고 성능면에선 너무 좋네요 추천합니다!",[]
21.01.26.,5,생각했던 것 보다 제가 받은 시간이 짧아서 너무 좋았어요:) 오자마자 언박싱하고 설정 마치고 리뷰 씁니다. 안그래도 필요했던 시기에 좋은 사양의 노트북을 합리적인 가격으로 구매하게 되어서 기분이 좋습니다. 앞으로 사용하면서도 이 마음 가지고 즐겁게 사용할께요!,"['https://phinf.pstatic.net/image.nmv/shopnbuyer_2021_01_26_0/ef336c5d-5f7c-11eb-9bd6-505dacfba98a_03.jpg?type=f287', 'https://phinf.pstatic.net/image.nmv/shopnbuyer_2021_01_26_0/d0d89434-5f7c-11eb-b058-505dac8c381b_03.jpg?type=f287']"
21.02.03.,5,"일단 역시 삼성입니다
거기다가 고사양이라 엄청 빠르고 좋아요
근데 약간 무거울꺼란 걱정을 했는데 막상 받아서 들어보니 엄청 가볍더라고요
그램이나 이온처럼 많이 가벼운게 처음에는 제품을 잘못왓나 햇어요
여튼 너무 좋습니다.","['https://phinf.pstatic.net/checkout/20210203_135/1612310624127q4Aal_JPEG/review-attachment-3d43c23e-14e3-44d0-9925-c0b475d13071.jpeg?type=f287', 'https://phinf.pstatic.net/checkout/20210203_121/1612310625308wQN8E_JPEG/review-attachment-b4431863-e1ef-40d8-bd7e-912be00c201d.jpeg?type=f287']"
21.02.16.,5,배송은 늦었지만 기다린만큼 만족합니다. . ㅠㅠ 딱딱한 스티로폼에 포장되어 잘왔고 제품도 생각했던대로 속도도 빠르고 디자인도 마음에드네요. 구성품도 잘챙겨주시고 설명까지 프린트하셔서 보내주셔서 셜치도 쉬웟어요. ! 감사합니다.,"['https://phinf.pstatic.net/checkout/20210216_97/1613470038621W5iCa_JPEG/review-attachment-714a7476-10f9-4521-834d-aa67e383b6b0.jpeg?type=f287', 'https://phinf.pstatic.net/checkout/20210216_114/1613470038551zDaJh_JPEG/review-attachment-bc1fcf09-9bd8-4d70-b53c-e577d2d17e7a.jpeg?type=f287', 'https://phinf.pstatic.net/checkout/20210216_66/1613470038683eFvlQ_JPEG/review-attachment-ff18a1ee-615b-47ad-824c-3eb5e4696c2b.jpeg?type=f287']"
21.01.09.,5,"수십년만에 찾아온 한파와 주문수량 예약으로 늦어질까 고민했는데, 오늘 잘 도착해서(1.6일 발송, 1.9 도착) 윈도우 10 (설치만....추가로 개인적으로 제품번호 인증) 오피스 프로그램, 한글 설치사용중인데, 엄청 빠르고 좋네요...약간의 무게감은 있습니다....SSD 256 G 추가, RAM 8G 추가함","['https://phinf.pstatic.net/checkout/20210109_63/16101910686951nuNr_JPEG/review-attachment-73374780-43bb-4fb0-b9a1-b2e108bdedb4.jpeg?type=f287', 'https://phinf.pstatic.net/checkout/20210109_283/1610191096596viehE_JPEG/review-attachment-d0bf271c-32e5-4c31-9faf-59c8e7b335df.jpeg?type=f287']"
21.01.18.,5,"예약판매라 좀 늦을줄 알았더니 생각보다 빨리 도착했습니다.
화면 15.6인치로 크고, 해상도 좋고, 1650Ti 외장그래픽까지
거기다 SSD,HDD, RAM 확장성도 좋습니다.
갤럭시 핏도 사은품으로 줘서 더 가성비가 좋습니다.
강추 모델입니다~ ㅎㅎ","['https://phinf.pstatic.net/checkout/20210118_248/1610961765199iA4Vm_JPEG/review-attachment-f8fa241e-a29d-4212-887c-90c5fa906a7b.jpeg?type=f287', 'https://phinf.pstatic.net/checkout/20210118_78/1610961765259hMvTJ_JPEG/review-attachment-7156ba70-5b1f-4bf6-87b7-ca83434bfa7c.jpeg?type=f287', 'https://phinf.pstatic.net/checkout/20210118_160/1610961765237ugGq8_JPEG/review-attachment-d54d4254-0998-4f8e-9d74-d5eea8842562.jpeg?type=f287']"
21.02.14.,5,"아들 게이밍용, 딸은 영상시청용,학습용으로 같이 쓰라고 구매해줬습니다. 물론 저는 이따금 뉴스기사를 보거나
넷플릭스로 영화볼 때 사용해용..ㅎㅎ 아들이 게임이 그렇게 하며 노래를 불러서 그냥 게이밍 사양이 되는 노트북을 사줬습니다.
9살 난 딸은 뭐가 그리 신나는지 맨날 학습 만화영화를 그렇게 잘 보는데요. 어떨때는 딸내미 아들내미 둘이 같이 나란히 앉아서
보기도 합니다. 광시야 각이라서 여러명이서 봐도 빛이 반사되거나 굴절되거나 하는거 없이 선명하게 잘 보이네요.
삼성노트북 신모델이라 그런지 저희 집처럼 ~ 가정용으로 하나 두고 쓰시기 딱인거 같아요.",[]
21.01.27.,5,"사용하던 노트북이 오래되어서 새해 기념으로 새 노트북을 사려고 여기저기 많이 알아보다가 인텔 i7 11세대, 외장 지포스 그래픽카드, 다양한 저장공간 확장성 등 여러 조건에 부합하는 삼성 노트북 플러스2를 찾게 되어서 바로 구입했습니다. 디자인과 색상도 무척 만족스럽고 램 업그레이드도 해주니 여러 프로그램 동시실행시 실행속도도 무척 빠르고 유튜브 영상도 2160 화질로 매우 만족스럽게 시청이 가능하네요 ㅎㅎ게임및 영상작업 등은 해보지 않았지만 기본 작업만으로도 매우 만족스러웠습니다. 배송은 주문일로부터 거의 3주째에 받은 것 같았지만, 판매자 과실이 아닌 제조사 문제로 인한 지연으로 납득을 할 수 있었고, 추가 구성품들도 꼼꼼히 잘 챙겨주셔서 좋았습니다.",[]
21.01.11.,5,"제품은 안전하게 잘 포장되어 도착했습니다. 무게가 무겁다고 얘기가 많았지만
막상 들어보니 생각보다 괜찮았습니다. 어차피 들고다니면서 사용할일이 잘 없어서 만족합니다. 사양 업그레이드를 했더니 속도도 매우 빠르구요 게임도 무리없이 잘 돌아가네요 만족합니다","['https://phinf.pstatic.net/checkout/20210111_259/1610348172746JiXkH_JPEG/review-attachment-dff1c2a2-f18e-4c4b-bacc-91fd5e8bcb3e.jpeg?type=f287', 'https://phinf.pstatic.net/checkout/20210111_117/1610348178334V7OpS_JPEG/review-attachment-5a35ad58-f1f6-4084-93b3-02cb56533df8.jpeg?type=f287']"
21.02.19.,5,"2021년 1월 27일 노트북 플러스2를 주문하고, 2월 18일 받았으니 거의 20일이 소요됬네요. 그래도 기다릴만한 가치가 있었습니다 SSD256G 추가에다가 윈도우 10을 정품인증은 없지만, 1회 설치한다는 특전이 있었습니다. 고 사양의 노트북을 기대한지라 RAM을 8G 추가, HDD 1TB를 추가로 장착하였습니다 드디어 노트북 이 배송되어 와서 ...윈도우가 깔려있어서 크게 어렵지 않게 가동할수 잇었구요.. 속도는? 장난아닙니다. 화면도 크고 부팅속도 빠르고...벤츠를 탄것 같습니다 잘 사용하겠습니다 AS도 삼성이니 걱정할 필요없겠지요?",[]
21.01.16.,5,"졸업선물로 노트북 준비했는데 늦게올까 걱정했는데 다행히 졸업식날 맞춰서 받아 더 즐거운 졸업식날이 되었어요~^^ 평일에 온라인수업용으로 사용하고 주말에 깸용으로 사용하기 알맞은 것 같아요
용량도 업글하고 메모리도 추가해서 생각보다 비용은 더 들었지만 아이가 만족하니 저도 기쁘네요ㅎㅎ
배송도 생각보다 빠르고 다른 게이밍용보다 가볍고 디자인도 맘에 들어요~~^^","['https://phinf.pstatic.net/checkout/20210116_160/1610787412818SRSAx_JPEG/review-attachment-21d75a98-d60c-47b3-8c68-3000a5fe83fe.jpeg?type=f287', 'https://phinf.pstatic.net/checkout/20210116_163/16107874138402bVrA_JPEG/review-attachment-99bc9ded-d176-4fe5-938a-e93248f5bf04.jpeg?type=f287']"
21.01.16.,4,"쓰던 노트북과 비교해서 화질이 더 선명하고 좋으네요. 외관은 검정플라스틱 재질이라 손때 자국이 많이 남네요.
사양은 가격대비 우수한것 같아 좋아요.
예전 노트북에서 버벅대던 겜이 쌩쌩 돌아가서 너무 좋아요^^
첨에 사은품으로 온 쿨링팬 켜지도 않고 노트북 연결해서 올리고 충전만 했는데, 플라스틱 녹는 냄새에 노트북이 엄청 뜨거워 당황했는데 분리해서 다시 충전하고 사용하니 이상이 없네요. 쿨링팬은 그냥 거치대로만 사용할것 같네요ㅜ.ㅜ",['https://phinf.pstatic.net/checkout/20210116_151/1610806763886B5MYi_JPEG/review-attachment-25fa0aba-f894-484b-98db-83b90dec6c38.jpeg?type=f287']
21.02.04.,5,1월 18일에 주문했는데 예약배송으로 3월 31일까지 도착한다고 하길래 많이 놀랐지만 다행히 2월 1일에 바로 배송 시작해 3일 만에 도착했습니다. 겉포장 박스가 많이 훼손되긴 했지만 내용은 아무런 피해를 입지 않게 안전하게 도착했습니다. 성능은 최고인 것 같아요. 약간 무거운 감이 있지만 하루 종일 들고 다닐 게 아니라서 괜찮을 것 같습니다.,"['https://phinf.pstatic.net/checkout/20210204_108/1612447022147R7a6q_JPEG/review-attachment-4dc64df9-cca1-4330-a561-b6bd4d922ee0.jpeg?type=f287', 'https://phinf.pstatic.net/checkout/20210204_235/1612447022292gGvX0_JPEG/review-attachment-5660e39b-addd-43ab-b403-84cd25159b05.jpeg?type=f287']"
21.03.15.,5,"이전에 쓰던 노트북이 십년된거라 새 노트북이 확실히 빠르고 좋습니다. 잘 쓰고 있어요
무거운 작업은 안해봐서 모르겠지만 일상적인 사용엔 발열이나 소음이 거의 안느껴져요.
키보드 키감은 원래 쓰던게 좋지만 터치패드의 모션기능?이 매우 유용하고 좋네요.",['https://phinf.pstatic.net/checkout/20210315_227/1615817445811lrOeD_JPEG/review-attachment-de28c2f6-aff2-4158-81a1-b23723a31b41.jpeg?type=f287']
21.02.03.,5,"기다리고 기다리던 노트북을 드디어 받았습니다!!
가격도 다른 곳보다 엄청 저렴하게 샀고
윈도우도 먼저 깔아주셔서 바로 쓸 수 있었습니다.
아직 받아서 인터넷 정도밖에 사용은 못해봤지만,
오늘 게임도 한번 돌려보려고 합니다!!
배송도 너무 깔끔하게 잘 보내주셔서 굿 굿!!!
사은품도 정확하게 왔습니다. 잘 쓸게요!!","['https://phinf.pstatic.net/checkout/20210203_1/16123283950451u1P8_JPEG/review-attachment-182f9f5a-b0ce-4866-932a-94622c47d9c8.jpeg?type=f287', 'https://phinf.pstatic.net/checkout/20210203_269/1612328400815icvqs_JPEG/review-attachment-a81ffcef-20ba-4c55-b760-29aaa0656181.jpeg?type=f287']"
21.02.15.,5,초등 5학년 올라가는 아들이 컴퓨터가 없어서 사주게 되었어요.\n가끔 게임도 하고 온라인 수업도 하려고 사양 과 가격 따져보고 구매 했어요. 성능 좋은 노트북 싸게 잘 산거 같아요. 이것저것 업그레이도 하고 추가상품도 같이 주문 했는데 꼼꼼하게 잘 왔어요. 1월20일 결제하고 2월1일 순차 발송 이었는데 명절 이어서 2주 늦게 도착 했네요. 대신 노트북가방이 사은품 으로 왔어요~차질없게 잘 도착 했으니 좋네요~엔씨디지텍이 젤로 싸요~아주 강추 해요~,[]
21.01.27.,5,"배송도 안전하게 해주시고 사은품도 잘 챙겨주셔서 감사합니다. 노트북 1시간가량 써봤는데 우선 영상시청,게임, 문서작성 등 전반적으로 문제없이 빠르게 잘됩니다. 1시간사용하면서 게임을 위주로 돌려서 cpu온도가 많이 높아지려나 했는데 쿨러안써도 온도가 높게 상승되지는 않네요(아마 이용자마다 다를거라 생각됩니다) 조금 신경쓰이는 부분이있다면 충전기 어댑터에서 조금 소리가 나긴합니다만 c타입충전도 가능하니 소리에 민감하신분들이라면 다른 충전기를 사용하셔도 좋을거같습니다",['https://shopping-phinf.pstatic.net/20210129_13/84ab9287-f972-439f-8283-8e07f63441f0.jpg?type=f287']
21.01.31.,4,"일단배송은 완전늦게왔네요
잊고있어야합니다
그래픽이 외장이라 영성편집으로사용하려고 구매했는데 3d게임도 어느정도되고 사용상 저에게는 사양이적당하네요
디자인은 평범 그리무겁진않구요
색상은 흰색이었으면 좋았겠다 생각듬 어둡고 촌티나보일수도있겠네요",['https://phinf.pstatic.net/image.nmv/shopnbuyer_2021_01_31_0/bc27aed7-63c0-11eb-8379-a0369ff968b0_03.jpg?type=f287']
21.01.28.,5,"택배 배송은 매우 빠른데...예판 물량을 너무 오래기다림.(구매14일,배송27일,도착28일) 무게가 너무 가벼워서한번 놀라고 개봉 후 기존 사용하던 외국산보다 사용자 편의가 뛰어나 역시 삼성이라는 감탄을 하게함. USB를 장착하고 F10을 누르면 설치가 가능함. USB UEFI를 누르고 설치를 진행하면 파티션 0안에 빈공간과 TINYCORE, Driver 공간이 나오고 빈공간을 지정하고 Win10 64bit 설치USB3.0 지원 설치USB와 USB 3.0좌측 포트 궁합으로엄청빠르게 설치 됨. MS스토어에서 업데이트만 설지하면드라이브 및 초간단하게 설치 됨. 지포스 드라이브 추가 설치 및 인텔 어시스트? 로 무선드라이브 최신버전으로 설치해도드라이브 충돌없이 잘 작동 함. 외산 노트북의 장치관리자의마우스 키보드 UID라는 유저 인터페이스는 장착된것만 나와서 안심이 됩니다. 가볍고 성능 최강인 유저라면 i7 11세대 노트북 이게 최고 임. 강추",[]
21.02.05.,4,"부팅 속도나 처리속도가 진짜 빠르네요.
해상도도 고사양 게임이 아니라면 좋아요.
노트북 무게도 가볍고 가격대비 잘 산거 같아요.
단 HDD도 추가 구매했는데 노트북에 인식되지 않아서 고객센타에 전화해서 해결했어요.
미리 인식할수 있는 방법을 기재해서 보내줬으면 별 다섯개 줬을텐데 이점이 아쉬웠어요.","['https://phinf.pstatic.net/checkout/20210205_89/16125114534181ybaR_JPEG/review-attachment-8f6a7e2d-1ed0-4719-8f56-d5f299f3de04.jpeg?type=f287', 'https://phinf.pstatic.net/checkout/20210205_5/1612511472279h2Y0A_JPEG/review-attachment-0de93ec9-d546-4da8-a3b5-1d821c7f1aa7.jpeg?type=f287']"
21.01.29.,5,"재택용 노트북으로 장만했습니다. 씨피유가 i7 11세대라 노트북 정보에 관련 정보가 나오자 마자 찾아봤어요! 눈이 좋은편이 아니라 작은 글씨는 찡그리면서 보곤 하거든요.^^ FHD의 광시야각이라서 어느쪽에서 보아도, 잘 보이고 색감이 진하게 보입니다. 안티글래어페널이 있어 빛반사부분이 최소화 되어 문서작업 이외에도 영상, 일러, 스케치 등 다양한 프로그램을 사용함에 잇어서 제격 인 것같습니다.",[]
21.01.12.,5,"단순히 업무용으로 쓸 노트북인데 엑셀 파워포인트 막 켜도 버벅이지 않았으면 좋겠어서 이걸로 구매하게 되었어요!! 그래도 사양 너무 좋으니까 좋은것 같아요! 화면 휙휙 잘 넘어가고 좋아요
추가설치 요청한 메모리 8gb도 잘 설치되어 왔고, 윈도우도 잘 깔려서 정품인증만 하니 너무 편했어요!",['https://phinf.pstatic.net/image.nmv/shopnbuyer_2021_01_12_0/a6e6bdae-54b7-11eb-97dd-48df37ae3fca_03.jpg?type=f287']
21.01.29.,5,그동안 정말 자잘한 문서 작업을 위해서 넷북? 정말 가볍게 들고 다닐 수 있는 노트북만 구매했는데?기능적인 부분에 제약이 많더라구욧.?그래서 집에 하나 두고 쓸 걸로 장만한번 해봤습니닷~!?색상도 깔끔하고 바디부분이 단단해서 노트플러스 G78A로 결정했어욧?항상 삼성제품만 믿고 쓰기 때문에 이번에도 삼성노트북을 골랐어요. 삼성노트북은 세대째 구입하는데욧.?갤럭시북멤버스라서 구입하면 적용되는 혜택 들이 넘쳐나네요.?잘 쓰겠습니닷,[]
21.01.10.,2,구매하고나서 사은품이 쿨러 키보드 마우스 핏2로 바뀐걸 알고서 뭔가 손해본 기분이네요.. 저는 핏2만 받았는데.. 차라리 안봤으면 좋았을것을.. 액정보호필름은 원래 액정사이즈랑 딱 맞아야되는거 아닌가요?? 화면 베젤에 붙이는거에요?? 사이즈가 다르네요ㅋㅋㅋ,"['https://phinf.pstatic.net/checkout/20210110_203/1610217202064Iclks_JPEG/review-attachment-a2eed773-381f-46d8-b659-df1e509451cc.jpeg?type=f287', 'https://phinf.pstatic.net/checkout/20210110_227/1610217351453mbzEx_JPEG/review-attachment-4ae8d89c-76d7-4e88-ba20-42d40ad092aa.jpeg?type=f287']"
21.02.15.,5,신모델에 인기제품인지 정말 어렵게 받았네요 판매자님 응대가 좋아 오래기다렸지만 만족합니다 디자인 색상 깔끔하니 고급스럽습니다 그래픽카드가 별도로 탑재되어 있고 사양도 i7급이라 무게는 가볍진 않네요 메모리와 SSD 추가 탑재되니 확장성은 좋은편이며 일단 모든게임 어느정도는 커버 할 수가 있는 사양이라 좋습니다 외관 성능 모두 만족스런 제품이네요 윈도우 정품 설치하고 첫 사용감은 빠릿합니다,[]
21.01.19.,5,"드디어 구매 했습니다. 오랜고민 끝에 그래도 그래픽카드 성능 높은게 좋을거 같아서 i7 CPU 탑제되고 GTX 1650Ti 그래픽카드
탑재도이었는 플러스 2 신모델로 구매 했습니다.
인기있는 모델인지 예약판매를 하고 있어서 오래 기다릴줄 알았는데 1주일정도 후에 안전하게 잘 배송받았습니다.
윈도우 없는 모델이라서 가지고 있던 USB 로 쉽게 설치 했고 드라이버도 쉽게 설치할수 있게 다 제공되어있네요~
속도 빠르고 게임 잘 돌릴수 있어서 만족합니다.
잘사용할께요~",[]
21.02.14.,5,"맥북을 사용하다, 윈도우 전용도 스펙이 뛰어난 것으로 하나 있었으면 좋겠다 하고 알아보던중?삼성에서 성능갑.게이밍용 신모델이 나왔다고 해서 검색의 검색을 해서 구입했습니다 *_*?포트도 다양하고, (C포트, USB2.0,메모리카드슬롯) 저장장치 HDD슬롯에 NVME 슬롯 1개가 있어 절대 공간, 용량이 모자를 리가 없습니다.??모자른 것 보다 풍족한게 좋잖아요. 역시 스펙이 좋으니 뭘해도 빠르고잘 돌아가네요.",[]
21.01.08.,5,"업무용 컴퓨터로 3대 구입했습니다.
1월 18일부터 순차배송이지만 재고 입고가 빨리되서 10일 일찍 받으니까 괜히 선물 받은거 같고 기분이 좋네요.
일단 SSD라서 부팅속도 빠르고 화면도 좋고 타자 타감도 좋습니다.
사은품 쿨러가 아직 배송 전이지만 너무 좋아서 확정 먼저 누릅니다.
고민하시는 분들 당장 결제하세요!!","['https://phinf.pstatic.net/checkout/20210108_188/1610089300484SjesF_JPEG/review-attachment-12d5ce05-c27e-401e-891d-f88abe91685f.jpeg?type=f287', 'https://phinf.pstatic.net/checkout/20210108_24/1610089751193BCvrB_JPEG/review-attachment-12b2b5ce-4d1b-4846-adb9-a3c277080b47.jpeg?type=f287']"
21.02.16.,4,이번에 아들 대학간다고 하나 사줬습니다. 아들이 컴퓨터 게임을 좋아하고 가는 곳도 공대인지라 고사양을 맞춰줘야할 것 같아서 외장그래픽카드도 있고 i7인 삼성전자 노트북 플러스2를 사주게 되었네요. 일단 디자인도 깔끔하고 세련되서 너무 만족했고 아들도 엄청 좋아하더군요. 그리고 워낙 고사양인지라 조금 무거울거 같았는데 생각보다 무게도 괜찮네요. 사양은 말할 필요도 없겠네요. 벌써 아들이 게임설치해서 즐기고 있더군요. 쿨러도 사은품으로 받았고.. 저는 다 괜찮았습니다. 한가지 아쉬운점은 배송이 지연된 것 뿐이네요. ㅎㅎ 그래도 지연보상으로 가방까지 받아서 너무 만족합니다.,[]
21.01.29.,5,"삼성노트북 자체와의 만남은 7년인데,용도별로 나누어서 쓰다보니까 벌써 노트북만 세개째입니다. 삼성은 뭐 제가 뻑내지 않는이상 고장날 일이 없어서,꾸준히 이용중입니다.ㅎㅎㅎ 일단은,부팅속도도 빠르고 실물이 정말 예쁩니다. 색상이 블레이드 블랙이라는데 그냥 까만색이 아니고 고급진 느낌이에요.로얄블루의 블랙판 같습니다. 제 주관적인 느낌으로는 집에 놓고 쓸 수 있는 데스크탑형 노트북이라는 생각이 드네요.",[]
21.03.06.,3,"그래픽 때문에 구입했는데 아쉬운 점이 있습니다. 그래픽 사양이 약하네요. Nvidia 지포지만 그중에서도 좀 낮은 사양인가봅니다. 사고 나서 알았네요.
음향도 기존에 갖고 있는 컴퓨터가 더 나은 거 같고요..
일반적인 용도로는 괜찮습니다.",['https://phinf.pstatic.net/checkout/20210306_99/1615036004693l0PK8_JPEG/review-attachment-94c99588-fa9f-4517-b367-5b534b20b88a.jpeg?type=f287']
21.02.16.,5,NT560XDZ-G78A 플러스2 구매에 대한 상품 리뷰입니다. 처음에는 고민 많이 했는데 문의 사항에 대해서 친절하고 적극적으로 답변 해주셔서 안심하고 구매하게 되었습니다. 가성비와 성능이 높은 제품을 찾고 있었는데 2일 정도 사용하니 이게 딱 제가 찾던 노트북인게 느껴졌어요. 혹시 가성비 + 고성능 노트북 고민 중이시라면 여기서 꼭 구매 추천 합니다. 가격도 좋고 상품도 좋고 서비스까지 대박입니다. 사장님 번창하세요! 동생 노트북도 사려고 하는데 여기서 구매할 예정입니다! 정말 감사합니다^__^,['https://phinf.pstatic.net/image.nmv/shopnbuyer_2021_02_16_0/59dcc205-704b-11eb-a4f6-505dac8c385b_03.jpg?type=f287']
21.02.08.,5,"배송은 조금 느렸지만, 기대와 달리 좋은 노트북을 싸고 잘 구매하였습니다
구성옵션들도 잘 구매하였고 포장상태도 잘포장되어 도착하였습니다
추가옵션 작업중에 뒷판 스크래치도 없었습니다
노트북 어뎁터가 이상하게 중국어가 써져있지만
정품이겠죠?","['https://phinf.pstatic.net/checkout/20210208_5/1612750561912k1XfO_JPEG/review-attachment-eee96fca-9c59-4415-a473-00477365f569.jpeg?type=f287', 'https://phinf.pstatic.net/checkout/20210208_72/1612750564444MuNmy_JPEG/review-attachment-706d0088-0c4a-4638-91da-a12272376698.jpeg?type=f287']"
21.02.03.,5,"외국브랜드 알아보다가 뭔가 찜찜해서 A/S도 되고 확실히 검증받은 브랜드로 국내브랜드를 찾다보니..삼성제품을 찾게 됐네요.??주문후에 바로 총알배송되어 왔구요. 궁금한 사항들은 직접 물어봤는데 친절하게 대답해주셔서 믿고 구매할 수 있었습니다. ㅎㅎㅎ 이왕이면 나온지 얼마 안된 따끈따끈한 신모델로 사고 싶었어요. 사실 이전부터 인텔11세대로 사고싶었는데, 운명처럼 삼성전자 노트플러스 제품이 제 눈앞에 나타났지말입니다. 디자인은 기대 안했는데 블레이드블랙 색상이 쨍하지 않고 상당히 우아한 고급진 느낌을 주네요. 남녀노소 상관없이 이 색상 탐 납니다.",[]
21.02.19.,5,10년을 쓴 센스9노트북이 맛이가서 새로운 노트북을 찾던 중에 이제품을 고르게 되었습니다. 19일부터 고민하다가 26일 주문하게 되었는데 날짜가 많이 밀려서 걱정됬습니다. 그러나 다행이도 2월 16일 배송시작해서 19일날 노트북이 왔습니다. \nSSD 업그레이드 포함 512+512에 랩8GB 추가하여 주문하였습니다. 삼성노트북에 인텔 11세대 i7 cpu와 gtx1650ti max-q가 달린 제품을 이정도 가격으로 살 수 있어서 선택하게 되었습니다. 거기다 쿨러에 키스킨에 타거스 백팩까지 사은품도 잘 받았습니다. 부팅속도도 빠르고 제품디자인도 생각한 것보다 깔끔하고 좋네요 제품문의도 빠르게 답변이 와서 좋았습니다.\n많이 파세요~,[]
21.02.03.,5,"언택트 시대에 재택업무가 날로 많아지는 상황, 그런데 소통이나 작업물 같은건 크니 빠르게 빠르게
처리해서 전송해야되는데 많이 느려서 ... 3년남짓 쓰던 노트북을 처분하고 몇주동안 서칭했습니다. 톡상담이랑
Q&A로 계속 여쭤봤는데 친절하게 답변 주셔서 그런지 믿고 구매할 수 있었구요. !
무엇보다 삼성전자 노트플러스로 바꾸고 나니까 확실히 작업 효율성이 올라갔어요.
저희는 방송국 업무상 MOV파일을 쓰는데 너무 커서 보관해야 할 파일이 많아서 하드확장도 해서 시켰어요.
무거운 파일도 잘 재생되고 좋더라구요.",[]
21.02.07.,5,"정말 가지고 싶었던 성능에 노트북이라서 2주 넘게 기다려서 받았어요. 제조사 사정으로 늦었다네요. 저장장치, 필름, 배터리까지 같이 구매했어요. 필름 붙일 때 신경을 많이 써야 되요. 윈도우즈를 설치하고 같이 온 거치대에 올려놓으니 폼이 나네요.^-^ 그리고 i7이라 속도가 빨라서 그런지 게임도 잘 돌아가요. ^^. 큰 맘 먹고 샀는데 제품 만족합니다.",[]
21.01.06.,4,회사에서 작업용 노트북으로 샀습니다. 무엇보다 i7-11세대 CPU 탑제라 아주 마음에 들고 GTX1660Ti 아주 좋은 성능을 지닌 그래픽카드가 장착 되있어 너무 맘에듭니다. 윈도우10 설치를 해보니 확실히 체감이 CPU 11세대인지 빠릅니다. 아주 맘에 쏙들고 가격대비 좋은것 같습니다. 무게도 고성능 노트북인데 생각보다 무척 가볍고 얇습니다~ 원래는 사전예약이 너무 길다 싶어서 망설였는데 기다린 보람이 있습니다. 이번에도 실망시키지 않는 삼성 노트북 입니다. 역시나 삼성노트북 입니다^^,[]
21.03.04.,4,상품을 주문하고 상품이 품절 되는 바람에 한 달정도 걸려서 받았어요ㅠㅜ아이 온라인수업때문에 주문했어요사이즈가 전에 쓰던 노트북보다 작고 슬림해서 마음에 들어요노트북이 작다 보니 화면도 작아서 처음엔 적응이 안 됐는데 며칠 쓰니 괜찮네요ㅎㅎ배송이 늦게 되어서 죄송하다고 백팩을 보내 주셨어요잘 쓸게요 노트북을 저렴하게 구매했지만 마우스와 마우스패드는 당연히 들어 있을 줄 알았는데 안 들어 있어서 조금 당황했어요ㅠㅜ,[]
21.01.27.,4,드디어 노트북을 받았어요~~ 노트북을 보는 순간 얼마나 설레고 좋든지... 배송이 조금 느려서 걱정은 했는데 예약제품이고 많은 사람이 구매하다보니 늦었겠지 라고 생각했어요... 노트북을 받아서 부팅을 하는데 조용하게 작동하는 것이 화면도 시원시원하고 속도도 나쁘지 않네요... 윈도우 미설치 제품이라 윈도우 설치할 때 먼저 부팅화면에서 부팅 설정을 해야 하는데 그 설명이 잘 안 되어 있어서 인터넷에서 도움을 받았어요.... 부팅화면에서 f2 누리고 들어가서 부팅에서 설정해야 usb로 설치 가능~~ 어쨋든 이제 모든 것을 설치하고 잘 사용하고 있습니다. 앞으로 번창하시길 바래요 ㅎㅎ,[]
21.02.03.,5,"노트북 디자인이 고급진 느낌입니다. 항상 검은색 노트북은 없을까 하고 찾았는데, 흰색은 때 많이 타고요.파란색은 너무 튄다 라는 생각을 가지고 있어서...(고정관념일수도 있겠지만요) ^^ 카드 할부로 나눠서 샀습니다. 3년 쓰던 이름없는 노트북 쓰다가 확실히 브랜드 제품을 쓰니까 편안한 느낌? 안심?믿음이 갑니다. 게다가 카톡, 전화상담도 잘 응대해 주셔서 부수적으로 필요한 프로그램이나 마우스 등도 옵션으로 선택해서 구매했습니다.",[]
21.01.27.,5,"이온2 QLED와 LG그램의 WQGA의 고해상도에 많이 고민 하였지만, i7 11세대 CPU와 GTX-1650Ti 그래픽이라는 가성비때문에 Ram 8G 추가하여 구매하였습니다. 1) 해상도와 시야각이 생각보다 좋았습니다. 2) 슬립합니다 (무게감은 살짝 있습니다) 3) i7 이라서 생각보다 더 빠릅니다. 4) 스피커 음질도 뛰어나진 않지만 괜찮은 편입니다. 5) 그래픽카드는 게임이나 그래픽편집 작업은 아직 사용해 보지 않아서 모르겠어요 (보통때는 CPU내장 그래픽 카드 사용)",[]
21.01.26.,5,"집에서 놓고 쓸 고정용 노트북으로 샀어요. 고급스러운 검정색의 느낌이 눈길을 사로잡았어요. 삼성하면 고급진 디자인 아닌가요?
이전에 i3갤럭시북을 산 적이 있는데 i3라 한계가 많았어요.
요 제품은 인텔 11세대에 i7라서 정말 빨라요. 삼성노트북 시리즈 중에서 색이 고급져서 눈길이 갔는데ㅋㅋㅋ, 두번째론 성능보고 아 이거다 싶어서 구매했죠. ㅋㅋㅋ포트사용이 다양해서 좋구요
겜이나 조금 무거운 프로그램도그래픽카드가 프로그램에 맞춰 전환되서 잘 플레이 됩니다.",[]
21.01.31.,4,배송이 지연되다 보니 솔직히 답답한 마음이 컸습니다. 1월1일에 바로결재했는데 20일 넘어서 받다보니 좀 그랬습니다. 포장을 열어보니 배송지연 사과문을 미리 준비하셨던데 아마 이유는 있었을꺼 같네요..배송지연으로 보내주신 백팩은 잘쓸께요~ 노트북+기타 마우스 등등 넣기엔 좋은거 같습니다. 제품은 기다린 만큼 잘 알아본 만큼 맘에 듭니다. 최신 인텔코어에 그래픽카드까지 다른 노트북보다 훨씬 높은 성능을 자랑하기에 만족합니다. 가격도 할인 잘 받았고 고장없이 잘 쓰는 일만 남았네요.,[]
21.02.07.,5,"제품이 너무 늦게와서 정말 오래 기다렸어요. 아직 고성능은 사용해보지 않았는데, 좋은 것 같아요. 처음엔 소음이 좀 있나 싶었는데, 일반적으로 쓸때는 조용해요. 그리고 저소음모드를 선택할 수 있어요.그래픽카드가 일단 좋으니까 게임이나 그래픽 돌려도 잘 돌아가서 좋을것 같아요.포트구성도 다양하게 있어서 좋고 마음에 듭니다.",[]
21.02.01.,5,그래픽작업 캐드 잘 돌아갑니다. 처음에 어떤모델 살지 서칭할 때는 이것도 좋고 저것도 좋고 다 좋은것 같아가지구 엄청 고민했는데 새로 나온제품이 이름값 톡톡히 하는 것 같네요. 용량큰 파일들도 잘 돌아가고 혹시 몰라서 HDD RAM 추가로 늘렸는데 완전 빨라요~ 영상시청하거나 기본적인 게임들도 잘 작동합니다^_^,[]
21.01.27.,5,"우선 배송은 느렸지만 제품이 마음에 들어서 괜찮았어요사실 화이트를 더 선호해서 좀 아쉽지만그래도 고급스러운 느낌으로 잘 뽑아낸 것 같요속도, 그래픽, 디자인 다 마음에 들고같은 스펙에 더 저렴한 제품들이 있지만솔직히 디자인 너무 구리자나여 ㅠㅠ요건 딱 깔끔하니 좋습니다그리고 가벼워여!휴대용 아니라 무게 생각 안하려고했지만역시 가벼운거역시 노트북 선택사항중 하나 아니겠습니까무튼 전반적으로 조금 비싼것 빼고는 맘에들어요?",[]
21.02.14.,5,앞전에 쓰던 노트북은 안돌아가는 프로그램들이 많았습니다. 버벅임은 찾아볼 수 없는 노트플러스G78A모델!?엔비디아 옵티머스 테크놀러지로 CPU 그래픽카드와 지포스 그래픽카드가 프로그램 부하에 맞춰 전환이 되네요.?성능차이가 어마어마 합니다. 궁금한점에 대한 문의도 꼼꼼하게 알려주시고 빠른배송에 감사드립니다:),[]
21.01.29.,5,인텔11세대! i7 그래픽카드도 고사양인 성능만점 노트북 우선 빠른 배송 감사드립니다. 저는 컴잘못이지만 친구가 노트북에 관심이 많아서 이번에 새로 출시된 모델이 있다하여 삼성전자 노트플러스 G78A를 추천해줬습니다. 사양 뿐만 아니라 외형도 제 스타일이에요 게다가 평소 취미가 게임인데 게이밍도 잘 돌아갑니다. 저는 오버워치 유저인데 버벅임이 없이 돌아가구요. 다른 RPG게임들도 다 문제 없이 돌아갑니다. 제 기준 별로 안무거워서 들고 다니면서 차안에서 게임할 때도 있습니다. ㅋㅋㅋㅋ,[]
21.01.27.,5,배송이 예상했던 날보다 늦어져서 좀 아쉽긴하지만 생각했던 화면크기보다 더 큰 느낌이였어요. 부팅속도도 빨르고 화상수업도 끈김없이 잘 되더라구요. 아이들 수업용으로 사주었는데 만족합니다. 가성비 너무 좋아요.백팩도 노트북넣고 다니기에 튼튼해보입니다.~~~ 기다린보람이 있네요^^,[]
21.01.09.,5,1. 화면이 시원합니다2. 윈도우 미 설치 버젼이라 윈도우 USB설치관련해서메뉴얼이 없더군요..3. 하다못해 USB부팅을 위한 부팅순서 변경모드로 들어가는(F8) 방법만이라도 설명이 되어 있더라면 좋았을것 같습니다.4. 라이브버즈를 구매하려고 맴버스설치하고 상품몰 이동해서 가입후 구매 할 수 있는 목록에는 라이브버즈가 없네요..ㅠ어떻게 된일인지?확인후 알려 주세요..,[]
21.01.09.,5,오래된 이 점점 성능도 저하되어 새노트북을 ？R던 중 발견한 노트북플러스2~ 1월18일 이후 발송예정이라 잊고 있었는데 어제 도착했네요! 깔끔한 구성과 포장... 그리고 빠릿빠릿한 성능. 조금 더 사용해봐야겠지만 아주 만족스러운 선택이었던 같습니다.(사은품 갤럭시핏밴드2는 언제쯤 올까요?!),[]
21.01.09.,5,노트북을 알아보던차에 삼성노트북 신제품이 아주 좋은 가격에 출시 되어서 성능도 좋고 가격도 마음에 들어서 구매하게 되었습니다 저는 정품윈도우를 추가 구매하였는데 아주 만족스럽네요 속도도 빠르고 소음도 없고 아주 좋네요,['https://phinf.pstatic.net/image.nmv/shopnbuyer_2021_01_09_0/3b1a2cba-5234-11eb-8379-a0369ff968b0_03.jpg?type=f287']
21.01.20.,5,"1월 18일에 발송예정이라는 안내가 있었으나
1월 13일에 일정보다 빠르게 발송을 해주셔서 1차 만족을 했습니다.
(택배사의 사정으로 배송은 늦어져 16일에 받았습니다)
배송은 안전하게 잘 포장되어서 왔고 모든 부분에 파손 없이 잘 도착한 것 같네요.
그리고 추가로 설치한 SSD와 램까지 잘 장착되고 잘 작동되고 있음을 확인했습니다.
기존에 사용하던 HDD 1테라까지 잘 작동을 하더군요
프리도스 제품이라 걱정을 했지만 다행히 무사히 잘 설치가 되었습니다.
현재까지는 만족스러운 제품입니다.
외관도 블랙으로 무난하게 잘 되어있고
사은품으로 주신 쿨링패드도 너무 좋네요. 감사합니다.",[]
21.01.08.,5,"안전하게 비닐에어 완충재로 포장되서 배송이 되어서 감동이네요. 일단 부팅을 해보았는데 생각보다 부팅 속도가 빠르네요. 소음도 거의 안나네요
바로 전 모델이 삼성 시리즈 7 모델인데 노트북은 삼성이
제일 나은거 같습니다
디자인은 음. 생각보다 약간 안이쁜거 같은데요 ㅎ
일단 만족입니다",['https://phinf.pstatic.net/image.nmv/shopnbuyer_2021_01_08_0/ba640924-5155-11eb-8a7c-505dac8c3607_03.jpg?type=f287']
21.01.19.,5,"노트북이 필요해서 오랫동안 알아보는동안에 노트플러스 2 모델이 새로 나와서 신모델로 구매 했습니다.
그래픽카드 GTX1650Ti 만 보고 바로 구매 했습니다.
예약판매 하고있어서 1주일정도 기다리다 안전하게 배송 잘 받았습니다.
색상도 블랙으로 고급스럽고 멋스럽네요~
가격도 신제품 행사를 해서 저렴하게 잘 구매 했습니다.
11세대 CPU 탑재 되어있어서 속도 빠르고 좋습니다.
좋은제품 잘 받았습니다.",[]
21.01.18.,1,윈도우 설치해서 배송오는 옵션을 골랐는데요. 자꾸 사진과 같은 화면이 떠서 삼성서비스센터에 문의했더니 윈도우 설치가 되지 않았다고 하네요. 급하게 써야 하는 거라 반품하고 새로 받을 시간이 없어서 결국 제가 깔았어요. 배송이 빨리 온 건 좋았는데 검수는 제대로 하셔야 할 것 같네요.,['https://phinf.pstatic.net/checkout/20210118_295/1610932417058zj2G7_JPEG/review-attachment-3a8b6d9a-260f-4fb1-b5b2-d1fa289de924.jpeg?type=f287']
21.01.19.,5,"노트북 배송 날짜 지연됬다고, 마음 느긋히 기다리고 있었는데 생각보다 빨리 받아서 좋았어요.
역시나 포장 꼼꼼하고, 양품으로 잘 받았습니다.
성능이야 말할것도 없고, 전에 hp 노트북 쓰던거랑 비교하니, 너무 얇고 가벼워서 깜짝 놀랐네요.
대만족입니다.",[]
21.02.02.,5,a/s받기 쉬운 브랜드인 삼성이나 엘지에서 이만한 스펙의 이만한 가격을 찾기 힘들었는데 제가 대학생인 된 올해에 인텔i7 등 제가 만족할만한 스펙이 적용된 이 노트북이 나와서 다행이라고 생각하고 만족합니다!! 색상도 블랙이어서 제일 좋고 노트북이 약간 무거운 것이 아쉽지만 나머지는 현재 다 만족하고 있습니다!,[]
21.01.29.,4,솔직히 배송 예상 일정이 정확히 안내가 안되다보니답답한 마음에 일단 도착하고 보자고 한껏 벼르고 있었습니다.근데 언박싱하자마자 예상못했던 백팩 사은품에배송지연사과문까지 받고나니 마음이 누그러지네요.기다린 만큼 제품 디자인이나 성능은 너무 훌륭하고웬만큼 부하가 걸리지 않는이상 팬 사용도 잘 하지 않아소음도 거슬리지 않습니다.브랜드 프리미엄을 감안하면 이정도 구성에아주 합리적인 가격이라고 생각하구요.배송지연에 업체에서도 답답하셨을텐데감사합니다.좋은제품 잘 쓰도록 하겠습니다^^,[]
21.01.15.,5,"휴대용으로 사용할 노트북과 함께 영상 편집, 그래픽 작업용으로 구입했는데요. 아카데미 행사 사전 예약으로 주문해서 평소보다 배송이 늦기는 했지만, 역시 성능은 기대했었던 것 이상이네요. 메모리, HDD 업그레이드 하기 어렵지 않아서 업그레이드 후 데스크탑 PC 못지 않게 잘 사용하고 있어요. 데스크탑 PC를 따로 구입하지 않더라도 게임, 그래픽 작업 등 하드웨어 사양이 높을 수록 좋은 잡업을 하기에도 무리가 없고요. 아카데미 사전 예약 이벤트를 통해 사은품도 받고, 합리적인 가격으로 정말 잘 구입했습니다.",[]
21.01.31.,4,"기존 i7 8세대cpu,gtx1650gpu 탑재된 노트북을 사용하고 있었는데 초등생아들이 마인크래프트 하는데 렉이걸린다고 보다나은 노트북을 사달라고해서 형편에맞게 가격대비 성능이 좋은 모델을 찾다가 구매하게 되었습니다 i7 11세대cpu,gtx1650ti가 탑재되서 그런지 아들이 마인크래프트 하는데 렉도 없어지고 성능이 그전 노트북보다 휠씬 좋다며 좋아하는 모습을 보니 구매 잘한거 같아 마음이 뿌듯 합니다 입고가 늦어 배송이 좀 느렸지마 사은품으로 주신 쿨러 외 생각지도 못한 타거스 백팩을 받아서 굉장히 기분 좋은 구매 였습니다",[]
21.01.31.,5,구매는 1월11일하여 1월27일 제품수령함. 11번가에서 저렴한 금액으로 구매함 배송은 예약배송일보다 다소 느린게 단점....... 제품은 11세대 i7으로 선택 (i5보단좋음)-->향후생각해서 구매 제품수령개봉하여 파워온 리눅스로 부팅-> 윈도우로 설치 진행 리눅스파티션 과감히 삭제함 -> 이것저것 설정하며 최적의상태로 사용편하게 작업함.. 게임등 그래픽성은은 아직테스트전이라 탁히 머라 설명못드림...(성능좋을거라 예상),[]
21.01.30.,5,노트북 구입은 처음이라 많이 망설였는데 여기저기 비교하고 구매 했어요 역시 삼성노트북 좋아요 자판도 넓고 속도 빠르고 시크한 블랙 올해 내 자신에 주는선물로 구입했는데 대 만족입니다 한가지 아쉬움이 있다면 배숭이 늦었다는 거,[]
21.01.08.,5,배송기간 지켜주시고 문의글에 답변도 엄청 빠르게 달아주셨어요. 노트북이야 뭐 삼성꺼니 믿고 쓰는거죠. 영상에 '아이가 기가막히네..' 하는거 들리시죠? ㅎㅎㅎ 아주 만족스럽습니다. 가성비갑 인듯. 외관이 플라스틱인게 조금 아쉽지만 역시나 가성비로 다 커버됩니다. 잘쓸께요. 리뷰이벤트 꼭 뽑아주세요~~~,['https://phinf.pstatic.net/image.nmv/shopnbuyer_2021_01_08_0/939ad94f-517e-11eb-a803-a0369ff94ec8_03.jpg?type=f287']
21.02.16.,4,"15일이후 배송이라 여유롭게 있었는데..설 전날 출고시켜주시다니ㅠ..연휴동안 택배사에 물건이 묶여있어서 불안했네요..
다행히 빵빵하게 감싸주신 에어캡 바람이 다빠지기전에 도착!했고 부팅 잘되니 앞으로 잘 쓸수 있을거같아요. 보내주신 쿨링받침대, 가방도 좋아요.",[]
21.01.27.,5,pc가 없던차에 이것저것 보다가 결국 삼성노트북으로 샀습니다. 노트북을 들고다닐게 아니기에 조금 무거워도 게임용 노트북으로 샀고 만족합니다. 생각보다 무게도 무겁지않았고 그래픽카드가 있어서 게임뿐만 아니라 3d작업및 캐드작업도 할수있구요 가격이 저렴할때 구매하게되어 기분좋습니다.,[]
21.01.29.,5,"생각보다 일찍 도착했네요
프로그램 까는것이 어려워서 4시간 정도 걸렸네요
초보들은 윈도우를 추가하셔서 하시면 편할거 같습니다
시간이 충분하다면 물론 집에서 열심히 깔면 됩니다
다깔고 나니 뿌듯합니다
제품 모두 만족합니다
색깔이 특히 좋네요^^
잘쓰겠습니다",[]
21.01.16.,5,삼성 노트북 플러스2+파워팩을 추가 구매를 하였습니다.일단 예정보다 빠른 배송에 감사드리며OS설치시 SSD인식 관련 문의를 드렸는데 친절 및 상세한 설명으로 무사히 OS를 설치할 수 있었습니다.다만 한가지 아쉬운 점은 사은품인 쿨러가 성능은 좋은데 노트북을 올린 상태에서 같이 들었을때 구조적으로 약한 느낌이 들었습니다.쿨러는 집에서만 고정 위치로 사용을 권장합니다.암튼 좋은 성능에 합리적인 가격으로 구입한 것에 만족합니다.감사드리며 번창하세요.,[]
