"1,375,550"
date,star_point,comment,photo
21.03.01.,4,"예약판매로 구매했긴 했어도 15일부터 출고 시작되었는데 4일이나 넘게 도착했습니다. 꽤나 장거리 배송이 아니었는데 배송이 아주 느렸네요.제가 여태까지 사용해왔던 2016년형 LG그램 13 i3과 비교하겠습니다.성능은 물리코어가 쿼드코어이고 논리코어가 옥타코어라서 고사양 게임을 구동시킬 분이 아니라면 대부분은 만족할 겁니다.저같은 경우 i3 5세대 듀얼코어 사용하다 넘어가니 약간 한층 가볍게 돌아간다는 느낌은 났습니다.물론 제가느끼는 차이는 큽니다만 전 가벼운 작업만 실행해서 i3 5세대도 나쁘지 않았어요.기본 클럭 수가 요즘 나오는 데스크톱PC보다 현저히 떨어지는 수준이지만 이 장점이 평상시 때 불필요하게 고성능을 발휘하는 것이 아닌 기본클럭까지만 동작해서 전력소모를 줄일 수 있습니다.그래서 그런지 배터리도 오래가요.만약 무거운 작업을 할 때는 터보부스트로 최대클럭까지 잘 발휘합니다.배터리는 16년형보다는 확실히 오래갑니다. 16년형도 오래가는 편이긴 했으나 동영상 감상하면 최대 4-5시간은 갔었어요.21년형은 4-5시간을 봐도 아직 반정도 가량 남았어요.무게는 16년형 13인치가 980g에 비하면 19g이 더 무겁습니다. 하지만 이에 대해 무겁다고 느끼시면 안 됩니다.19g이면 각설탕 4개정도인데 무게 차이가 조금이라도 느껴지려면 스마트폰 한 대정도의 무게(200g)가 더해져야 돼요.다만 어뎁터가 16년형에 비해 무거운 감은 있습니다.발열 및 소음은 16년형에 비해 많이 개선되었습니다.16년형은 팬이 돌아가는 소리가 생각보다 커서 독서실에 사용하기에 눈치보일 수는 있었지요.21년형은 팬이 돌아가도 크게 못 느낍니다. ASMR 속삭임정도 들려요.발열도 역시 그렇습니다. 16년형은 아쉽게도 발열이 아주 큰 단점이었습니다. 팬이 열심히 돌아가면 밑부분에 초콜릿을 놓으면 다 녹을정도로 그렇게 뜨거웠어요.21년형은 그렇게 뜨겁지는 않습니다. 그만큼은 쿨링효과가 많이 개선된 것 같아요.지금까지 장점을 얘기했다면 단점도 알려드릴게요.첫째, 까다로운 메모리 업그레이드 방식입니다.광고에서 슬롯을 하나 더 추가되었다고 했는데 이거는 진짜 좋습니다.그러나 아직까지 단점이 업그레이드를 하려면 아주 큰 까다로운 일이 발생합니다. 바로 커버 개조인데요. 밑부분에 고무부분을 손톱이나 날카로운 부분을 가지고 뜯어내야 합니다. 그러면 나사가 있는데 고무와 스티커로 막은 모든 나사들을 풀고 또 날카로운 부분을 가지고 틈새를 벌려야 커버를 뜯어낼 수 있습니다.기계를 손볼 줄 모르시는 분은 절대하지 마시길 바랍니다. 흠집은 물론 커버 파손까지 일어날 수 있습니다. 커버가 자동차로 치면 보닛이랑 같은데 이 커버가 파손된다는 것은 보닛 자체가 파손되었다고 생각하시면 됩니다. 평평하게 놓고 사용할 수 없고 또 내부 부품이 파손될 수 있어요.업그레이드를 다 마치고 조립하면 나사를 막은 고무와 스티커를 붙여야 하는데 잘 안 붙습니다. 본드로 또 붙여야 합니다. 한 번 떼면 그 상태로 다시 붙이기가 어렵습니다.이 작업이 어렵다고 느끼시면 서비스 센터가서 공임비 지불하고 업그레이드 받으셔야 해요.둘째, 불필요하게 팬이 돌아갑니다.이거는 시스템에서 문제인데 무거운 작업을 하고 나면 팬이 아직도 계속 빠른 속도로 돌아갑니다. 이렇게 되면 팬이 돌아가면서 나타나는 소음과 팬을 돌릴 전력이 낭비됩니다. 이렇게 되면 배터리도 오래 못가고 소음도 신경쓰이게 느껴집니다.이에 대해 해결방안은 재부팅 또는 절전모드인데 둘 다 안 통할 경우도 가끔 있습니다. 이 때는 잠시 꺼둔 다음에 부팅하면 거의 해결 가능합니다.사실 이 두 단점이 16년형에도 있었습니다. 특히 첫번째 단점이 나사가 잘 드러나있는 일반노트북에 없는 단점이긴 한데 이 점을 보완하는 방법은 고무나 스티커 대신 탈착식 뚜껑을 장착시키는 게 낫지 않을까 합니다. 전 단점 중에 이게 제일 치명적이다고 느껴져요.아무튼 지금 잘 사용하고 있습니다. 저전력CPU에 내장그래픽이라 할지라도 시대에 뒤쳐지는 수준이 전혀 아니기 때문에 오랫동안 사용 가능할 것 같습니다.",[]
21.02.06.,5,"2021 그램 블랙색상이 출시된다하여 이런 저런 리뷰를 유심히 보고 구매하였는데, 실물로 받고 블랙 그램 감성에 무지 만족입니다. 14인치에 1킬로 미만의 무게, 화면 색감, 키보드 누르는 느낌도 좋으네요. 발열방지를 위한 하단 홀도 추가되었으니 문제되지 않을 듯 합니다. 윈도우 처음 설치하고 난 후 LG DNA CENTER 프로그래밍 자동 실행되고, 드라이버 자동으로 잘 설치해주네요. 윈도우 설치하고 짧게나마 써보고 느낀점은 11세대 씨퓨와 상향된 내장그래픽으로 무지 빠릿한 느낌이 들고, 소음 또한 거슬리지 않는 수준, 화면 베젤이 얇아 화면 몰입도가 높다, 키감이 좋은 편이다, 블랙 그램은 화이트 그램과는 또다른 멋이 있다 등의 장점이 있네요. 단점이라면 마그네슘 바디 재질이 얼핏 보기엔 플라스틱 같아 보이긴 합니다만, 무광블랙 컬러가 잘 커버하고 있어서 고급정도까진 아니지만 예쁩니다. 이번에 나온 블랙 색상 그램 여튼 강추합니다.",[]
21.03.25.,5,"거의 3주간 유튜브와 포털사이트를 통해 노트북 정보만 찾아본 것 같습니다. 2018년에 구매한 레노버 노트북을 쓰고 있었는데, 전반적으로 무거운 데다가 배터리 성능이 현저히 떨어져서 새 노트북을 물색하다가 LG그램을 처음 사봤습니다. 마침 제 친구가 같은 날 사양이 비슷한 마이크로소프트 서피스 프로 제품을 구매해서 두 노트북을 놓고 비교할 수 있었는데요. 저는 pc전문가도 아니라서 세부적인 성능을 말씀드릴 수 없어서, 그저 두 제품을 같이 보면서 느꼈던 후기를 남겨봅니다.(참고로 친구가 산 제품은 서피스 랩탑3 13형 VGY00019입니다. 해당 제품의 CPU는 i5 10세대 제품이라, 제가 산 제품과 직접 비교하기엔 무리가 있습니다만, 그래도 같은 날 배송받은 제품이니 감히(?) 비교를 해볼까 합니다)



첫째, 월등한 디스플레이
두 제품을 나란히 놓고 화면을 비교해봤는데, 솔직히 LG그램의 색감, 선명도가 월등히 좋았습니다. 비교 자체가 안 될 정도로요. 예전에 레노버 쓸 때에도 종종 디스플레이가 선명하지 않아 실망하곤 했었는데, 확실히 LG의 디스플레이 성능은 뛰어난 건 확실해보이네요.

둘째, 인터넷 서핑 속도
제가 PC전문가는 아니라서, 구매할 때 고려할 사항을 복잡하게 두진 않았습니다. 11세대 i5, LPddr4x 메모리, 인텔 Iris Xe 그래픽 칩셋 정도만 충족시켜주면 좋겠다고 생각했습니다. 10세대 cpu는 발열이슈도 있고 해서 11세대 장착 제품을 구매하려고 했고. LPddr4x메모리는 기존 메모리보다 월등한 성능을 자랑해서 굳이 16기가가 아니더라도 된다, 라고 생각했습니다. 막상 제품을 받아서 돌려보니(게임은 돌리지 않았습니다), 정말 빠르게 반응하더군요.

셋째, 발열 및 정숙도
2018년도 레노버 샀을 때에는 처음 윈도우 깔 때 팬소리가 크고, 발열도 심해서 솔직히 깜짝 놀랐습니다. 그런데 이 제품은 정말 정숙하고, 발열 정도도 훌륭했습니다. 윈도우 깔 때부터 이 제품이 왜 좋은지를 절실히 느끼게 되었네요.

넷째, 무게 및 배터리
제가 이번에 노트북 구매할 때 가장 중요하게 생각했던 부분입니다. 출퇴근시 노트북을 매일 들고다녀야 해서, 무게는 최대한 가벼워야 했고... 하루 종일 문서작업을 할 수 있을 정도의 배터리 성능을 갖고 있어야 했습니다. 제가 인터넷 서핑과 문서작업만 4시간 정도 해봤는데, 배터리가 20프로 전후만 닳더군요.


다섯째, 단점들(?)이라고 하기엔 애매하지만...
전반적으로 제 인생노트북이라는 생각이 들 정도로 만족해하고 있지만, 두 가지 정도의 아쉬움은 있었습니다. 하나는 충전기 무게가 좀 무겁습니다. 평소 충전기도 소지하고 다니는 터라 이 점은 제가 아쉬움으로 느껴졌습니다. 다른 하나는 마이크로소프트 제품에 비해 타건감이 떨어진다는 것이었습니다. 저는 뭐랄까. 경쾌한 느낌의 타건감보다는 ""쫀득한"" 느낌의 타건감을 선호하는데요. 그램은 경쾌한 타건감을 자랑하는 반면, 마이크로소프트 제품은 쫀득한 타건감을 자랑하고 있었습니다. 2020년 LG그램의 자판보다 깊게 눌리게끔 설계해서 타건감 향상이 되었다고는 하지만, 제 개인적 취향으로는 아쉬움이 있긴 했습니다.

그래도!!!
저는 다시 주문하라고 한다면, 무조건 이 제품으로 구매할 것 같습니다. 디자인, 무게, 성능 뭐 나무랄 것 없이 좋습니다. 그리고 재고가 없어서 배송이 늦진 않을까 걱정을 했는데, 주문한지 이틀만에 와서 놀랐습니다. 그리고 네이버 인터넷 최저가보다 싸게 사서 좋았어요. 판매자님~ 좋은 제품 싸게 구매할 수 있어서 감사했습니다. 앞으로 번창하시길 빕니다.

거의 3주간 휴대폰으로 노트북만 찾아봤던 것 같습니다.",[]
21.02.11.,5,"물건을 주문한 후 배송이 오래 걸릴 것으로 생각했으나 일주일 내에 도착한 것 같습니다.
처음부터 디자인과 무게를 가장 중요한 선택 조건으로 삼았는데, 이 부분에서는 정말 만족합니다.
이동하면서 작업을 많이하는 제게는 가벼운 모델이 최적인데, 그런 면에서 엘지 그램이 정말 좋은 것 같습니다.
더구나 소음이 없는 것과 밧데리 사용 시간이 긴 것은 무엇보다 장점인 것 같습니다.
전원키에 지문인식 기능이 있는 것은 특별히 외관을 해치지 않으면서도 잘 작동하는 편리한 기능인 것 같습니다.
매번 암호를 입력하는 것이 귀찮았는데 지문으로 로그인을 하니 정말 편리합니다.
선명한 화질과 베젤이 정말 얇게 나온 디자인은 최고입니다.
바디의 재질도 메탈 재질의 느낌을 가지고 있어서 튼튼하다는 인상을 줍니다.
한 손으로 들어도 내구성이 좋다는 것을 느낄 수 있습니다.

특별히 키보드의 키 크기 하나하나가 기존 다른 제품들보다 커서 노트북 키보드 입력을 힘들어하셨던 분들에게 좋은 것 같습니다.
더구나 소음 방지 및 손가락 보호를 위해서 키보드 스킨이 필요한 분께는 기본 제공되는 스킨이 정말 딱 인것 같습니다.
다른 접착할 수 있는 방법을 사용하지 않아도 키패드 자체에 약간의 밀착도가 있어서 움직이거나 돌아다니지 않습니다.
더구나 아카데미 패스티벌 상품과 유통사의 상품평 사은품까지 챙겨주니 풍성한 느낌이네요.

함께 사은품으로 제공된 SSD 256기가도 잘 받았습니다. 벌크로 받았지만 포장을 잘 해 주셨습니다.",[]
21.02.05.,4,"그램2021 블랙 색상을 사전예약은 아니지만 1월 초반 경에 구매하여 2월 5일에 받았습니다. LG측에서의 지연으로 늦게 받게 되었지만 고진감래라고 기다린 만큼 정말 만족할만한 상품이었습니다.기존 그램에는 없는 블랙 색상이 유니크했고 키보드 스트로크나 지문인식 등 너무 잘 됩니다!밑에 후기에 지문인식 안된다고 하셨는데, 동봉된 사용설명서에 친절히 지문인식 등록하는 법까지 나와있습니다. 밑에 분말 때문에 걱정하지 마세요!! 아주 잘 됩니당!!사은품으로 주시기로 한 프리미엄 마우스패드는 갑자기 공지도 없이 싸구려 마우스패드로 배달이 왔네요... 다른 사이트보다 최저가 이기도 했지만 프리미엄마우스 패드가 너무 예뻐서 마음을 굳혔는데 아쉬워요ㅠㅠ그래도 제품 포장도 잘 해주시고 잘 받았습니다. 감사합니다!!","['https://shopping-phinf.pstatic.net/20210207_29/248aa2b3-787b-4864-9ba0-6a9cfb1d2a18.jpg?type=f287', 'https://shopping-phinf.pstatic.net/20210207_8/a7cc04f2-2549-4f33-8b55-20371481fd30.jpg?type=f287']"
21.02.20.,5,"조금 전 어느 정도 셋업 마친 후 후기 남겨봅니다. 배송 당일 오후 3시쯤 결제했는데, 다행히 재고가 있었는지 바로 출고해 주셔서 다음날 바로 받아볼 수 있었습니다. 이정도면 미친듯이 빨랐다는 표현이 적절하겠네요. 가격 제가 사던 날에는 여기 132만원이 최저가였는데, 오늘 보니 3만원이 더 떨어져 있네요. ㅠㅠ 그래도 노트북 필요한 시점에 빨리 배송 받을 수 있었기 때문에 큰 불만은 없어요. 성능 그램 엔트리 모델로 i3 모델이 있긴 합니다만 듀얼 코어에 성능도 낮은 편이라 i5 모델인 본 모델로 결정했습니다. 이런 저런 앱 설치 및 업데이트 중인데 아주 빠릿하고 만족스럽네요. 램이 온보드 8GB라 확장이 안되는 점이 다소 아쉽습니다만 일반적인 사용에는 무리가 없을 듯 합니다. 디자인 와이프 공부용으로 구매했는데 워낙 검은색을 좋아해서 이번 그램 블랙 색상도 아주 만족스럽습니다. 무게는 깃털처럼 가볍구요. 총평 이번 그램은 화면비도 개선되고 여러모로 완성도가 상당히 높아진 느낌입니다. 성능도 부족함이 없고 14인치 모델은 진짜 1키로 미만이라 그램이라는 네이밍이 가장 잘 어울리기도 합니다. + 추가로 터치패드도 무척 쓰기 좋아졌습니다.",[]
21.02.11.,5,딸이 올해 대학교를 합격해서 입학 축하 선물로 그램을 구매하게 되었습니다. 처음에는 배송 되기까지 20일정도 걸린다고 했는데 놀랍게도 2일만에 도착해서 딸 아이가 정말 좋아했습니다. 제품 자체에도 하자 없이 깔끔하게 왔고 배송 요청사항도 들어주셔서 여러모로 정말 만족스럽네요^^~ 그램 노트북은 이번에 처음 사용해보는데 디자인도 깔끔하니 예쁘고 무엇보다 정말 가벼워서 들고 다니기 정말 좋을 꺼 같아요. 노트북 사야하시는 분들에게 정말 강추입니다!^^,"['https://shopping-phinf.pstatic.net/20210213_24/c2cdb1fe-816d-4143-a52d-4a26e95142d9.jpg?type=f287', 'https://shopping-phinf.pstatic.net/20210213_13/37607f17-46f0-4d37-b013-776fa2ead5de.jpg?type=f287']"
21.01.30.,5,한달만에 받은 2021 그램 14~ 지금까지 흰색만 사용하다 색상을 바꾸니 전혀 느낌이 다르네요완전 블랙입니다. 무광이라 굉장히 고급져보입니다가벼운건 머 말할 필요도 없구요. 노트북 본체보다 전원어답터가 더 무겁게 느껴지네요ㅎ키감이 확실히 다르네요. 제게 다소 딱딱한 느낌이 드는데 머 적응하면 괜찮아지겠죠.기다린 보람 있습니다. 아주 만족합니다 ^^,"['https://shopping-phinf.pstatic.net/20210201_26/a77d85eb-3572-4b65-8cc2-cdadb5144d9b.jpg?type=f287', 'https://shopping-phinf.pstatic.net/20210201_13/6bdb9efb-991c-4c9c-b94d-414065cc1e60.jpg?type=f287']"
21.03.17.,5,"엘지 그램 14 블랙 구매했습니다. 이전에 쓰던 노트북 제품이 엘지 그램 15 화이트라서 그대로 화이트를 할지, 블랙 색상을 할지와 14와 15중 고민하다 결국 그램 14 블랙색상의 제품을 구매하였는데 굉장히 만족스럽습니다. 일단 블랙 색상을 처음 구매하는 거라서 어떤 느낌일지 감이 안 왔었는데 사진보다 실물이 훨씬 예쁩니다. 쨍한 느낌의 블랙이 아닌 매트한 느낌의 블랙이라서 투박하지 않고 고급스러운 느낌을 주는 것 같아 만족스럽습니다. 그리고 사이즈도 14로 잘 산 것 같습니다. 사이즈가 문서 작성하기에도 작지않아 적합하고 휴대성이 매우 좋습니다. 백팩이나 에코백 등 아무 가방에나 넣어 다니기에 매우 편리하고 무게도 1kg이 안되어 아주 가볍기에 외부에 들고 다니기에 부담이 적습니다. 일반 문서 작업이나 인터넷 서치할 때에는 발열 거의 없는 것 같습니다. (노트북 충전할 때에는 발열 있음. ) 아무튼 사이즈나 디자인 다 만족스럽습니다.",[]
21.02.18.,5,기다리고 기다리던 엘지 2021 그램 14인치! 드디어 사용할 수 있게 되었습니다. 대학교 입학기념으로 큰맘 먹고 구매했습니다. 무선마우스도 깔끔하고 이쁜게 와서 기분이 좋습니다. 무광블랙이어서 이쁘고 깔끔한데 때도 잘 안탈 것 같아서 더 좋은것 같습니다. 대학다니는 4년동안 엘지 그램 하나로 든든하게 사용하겠네요! ssd도 잘 장착되서 왔습니다. 번창하세요!,"['https://shopping-phinf.pstatic.net/20210220_28/4260cb66-abe8-4b3a-853c-650c83e5451e.jpg?type=f287', 'https://shopping-phinf.pstatic.net/20210220_6/39477840-371f-47ec-a81e-18da2123522a.jpg?type=f287']"
21.02.22.,5,이번에 고등학교에 입학하게 되면서 과제용 노트북을 구매하려고 생각하며 그램을 마음에 두고 여러 상품들을 보던 중 이번에 새로 나온 신제품으로 인텔 11세대 cpu와 무게가 1kg이 안 되는 이 제품을 보고 약 20만원 할인 또한 하길래 구매하게 되었습니다. 화요일날 주문하여 토요일날 받게되어 조금 늦는 감이 있었지만 사용 3일차인 현재 매우 만족하며 사용 중 입니다. 신제품 답게 속도도 빠르고 배터리도 상당히 긴 편 입니다. 처음 사용시에는 키보드가 살짝 오른쪽으로 쏠린 감이 있으나 하루 정도 타이핑을 하다보니 금방 적응이 되었습니다. AS 걱정도 별로 없고 무게 또한 가벼우니 중고등학생 분들이나 대학생 분들에게도 여러 용도로써 좋은 제품인 것 같습니다. 앞으로도 잘 사용하겠습니다 ㅎㅎ,[]
21.03.23.,5,5년만에 노트북 교체를 위해 구매하였습니다.요즘 그램이 16:10비율로 나와서 작업용으로는 다른 노트북들보다 확실히 좋은것 같네요.색도 하얀색이 아닌 검은색이라 오염에도 강할 느낌입니다.터치패드도 이번에 넓어져서 이전 그램보다 확실히 편하네요.액정이 글레어긴 해도 발기가 낮진않아서 사용에 전혀 지장은 없습니다.밝기 100으로하면 오히려 눈이 아파서 낮춰야합니다.이번에 충전선이 USB C로 바뀌어서 타 충전기로도 충전이 가능하고 필요없는 포트가 하나 없어지니 확실히 깔끔하네요 가볍고 깔끔한 그램 추천드립니다.그램으로 AMD 칩셋도 나오면 좋을텐데 인텔만 나오는건 조금 아쉽습니다.,[]
21.02.25.,5,배터리나 화질도 16인치가 더 좋고 램이 확장이 안되는게 많이 아쉬워서 그냥 취소하고 16인치 16기가로 바꿀까도 생각했었는데 고민하는 사이 배송이 엄청 빨리와버렸네요ㅋㅋ 하룬가 이틀만에 왔어요. 근데 막상 받아보니 넘 만족스러운거 있죠! 무거운거 질색해서 그램사고싶다고 몇년전부터 노래를 불렀었는데 존버하길 잘한거같아요 작년모델 샀으면 진짜 억울할뻔ㅋㅋ 2021그램 14인치 화면비율이 16:10이라 그런지 엄마꺼 15.6인치 타사 노트북이랑 화면 세로 길이가 0.6cm밖에 차이가 안나더라구요(무게는 거의 두배 차이) 문서작업 할 때 너무 좋을 것 같아요. 블랙색상이라 변색 걱정도 없고 휴대성도 좋고 키감도 좋고 8기가 램이어도 저는 간단한 작업만 하기 때문에 충분할것 같아요. 지문이 잘 묻는게 아쉽긴 하지만 어차피 제가 결벽증이라 매일매일 알콜스왑으로 닦을 것이기 때문에 상관없어요ㅋㅋㅋ발열도 전보단 나아졌다고 하니 이정도면 엄청 만족스러워요. 잘 쓸게요!!,[]
21.02.21.,5,참다참다 드디어 사버렸습니다 ㅎㅎ 엘쥐쓰다가 삼성으로와서 3년정도 사용한거같은데 역시 배터리 길게가는건 엘쥐를 따라 갈 수가 없네요… 그램 새로 나와서 샀습니다. 이번모델은 램 일체형이라 확장이 안된다는거 참고하셔야할듯요 SSD는 확장이 되는데 램은 왜 확장이 안되나 알아봤더니 X로 끝나는 모델이 일체형이라 떼붙할수가 없는 모델인거 같더라구요 정확한 사실 아닐 수 있으니 잘 확인하고 사시길 바랍니다 ^^ 지금 쓰는 모델보다 역시 배터리 기대감도 있지만 선더볼트 한번 중독되면 헤어나올수없음UFS도 읽기속도 훨씬 빠른거같은데 한번 사용해보고 체감해보도록 하겠습니다. 기대중,[]
21.02.03.,5,12월 말 11번가를 통해 예약 구매한 후 1달 넘게나 기다려온 블랙 14인치 21년형 그램을 드디어 오늘 아침 용산 판매자 사무실로 방문하여 수령한 후 바로 영등포로 달려가서 액정보호 필름과 외부 전면보호 필름까지 입혀왔습니다. 판매자분의 잘못이 아닌 제조사 측 공급지연으로 다른 모델들보다 늦게 수령한 것이 안타깝지만 판매자께서는 어제 아침부터 전화해서 최대한 노력하시려한 점과 판매자 사은품인 마우스패드는 만족합니다. 성능이야 이전부터 2014 그램을 사용하여 왔기에 신뢰하고 있으며 14인치만의 가벼운 무게-외부 모니터 연결하면 되니 이동성은 최고-와 무광블랙 색상 참 맘에 듭니다~ 다소 아쉬운점은 어댑터가 생각보다 크기와 무게면에서 만족스럽지 않네요. 외부에서 사용시에는 미리 구입해 둔 별도의 호환 어댑터를 가지고 다닐 것 같아요. 예약 판매 사은품 신청도 완료하였는데 예약판매의 최대 장점이기에 그간 본체를 기다리면서 빠지 에너지 충전을 위해서라도 부디 빨리 도착하기를 기대합니다...,[]
21.03.10.,5,배송은 구정연휴가 끼여있음에도 빨리배송되었습니다휴대용으로 가지고 다닐 노트북을 찾던중삼성이랑 비교하다가친구가 엘지그램 14 14zD90P-GX5BK를 추천하길래 이번노트북 구매 1순위는 휴대 가벼운거였는데 너무 만족합니다 휴대용으로 가지고 다니기에는 이만한노트북은 없는거 같네요근데 14인치가 생각보다 화면이 작네요1인치 차이가 큰걸 지금에야 알았네요전원을 켜면 빨리 화면이 뜨고 나름 가격대비도만족합니다노트북사면 이것저것 주시던데 그게 없어서 아쉬웠구요상품평쓰면 주신다기에 정성껏 쓰고있습니다저의 4번째 노트북인데 가장만족했습니다앞으로 as받을 일이 없었음 하는바램이구요왜 사람들이 엘지그램그램하는지 알았습니다많이파시고 번창하세요,[]
21.02.26.,5,"2021년 LG 그램 14ZD90P-GX5BK는 16:10 비율의 화면으로 일반적인 16:9 비율을 가진 노트북에 비해 더 넓은 작업 공간을 확보할 수 있는게 장점인것 같습니다.또한, 퍼펙트 히든 힌지로 4면의 베젤을 슬림하게 제작하여 1920 X 1200 해상도의 디스플레이를 제공하고 있습니다. 전작 그램들에 비해서 상당히 많은 부분들이 좋게 변화되어 출시되었다는게 구매를 망설이지 않고서두르도록 만들지 않았나싶습니다. 색상은 블랙으로선택하여 오염에 대한 우려를 덜게 되었습니다. 아직노트북 구매에 대해 망설이고 계신 분이 계시다면 LG그램으로 추천드립니다.",[]
21.03.08.,5,"그램14를 4년째 사용하고 있어서 이 상품 역시 고민없이 구매하였다. 기존 제품에 비해서 화면비율이 커졌고(16:10) 화면이 1cm 정도 혹은 더 길어졌다. 그램 14는 휴대성이 좋아서 서브노트북으로 사용하곤 했는데, 2021 그램 14는 메인노트북으로 엑셀작업이나 데이타 분석 작업에도 큰 불편함이 없다. 완전 고성능 노트북은 아니어도, 업무용으로도 충분하다. 다만, 터치패드 주변 마감상태는 거슬린다. 터치패드와 상판 사이(0.1mm)로 메인보드가 살짝 보이는데, 이게 계속 신경이 쓰일뿐. 제품 초기 불량인지는 다음에 문의해 보고, 일단 전반적으로는 만족한다. 배송이 빠르던데, 사은품도 빨리 받아보고 싶다.",[]
21.02.09.,5,작년 12월말에 구입해서 2월 2일발송 약 35일만에 발송해주셨는데 제조사측에서 늦게 물건이 나와서 어쩔수 없는 상황이었지만 전화나 qna에 항상 친절하게 답변달아주셔서 감사합니다.그러나 택배가 cj여서 배송이 5일만에 와서 사전구매 이벤트 마감날짜가 촉박해서 신청기한 지키기 힘들었습니다.이미 2020그램14를 쓰고 있었는데 가볍고 휴대가 좋아 한대 더 구입한건데 1년만에 많은 차이가 날정도로 좋아졌네요.사이즈는 그대로 인데 1980x1080->1980x1200 으로 화면이 커졌고 시퓨와 램성능도 크게 향상 되었으며 사전구매 이벤트로 추가 nvme 512g를 주기 때문에 저장용량도 걱정 없습니다.어뎁터 부분도 크게 변경되었는데 2020버전까지는 별도 전원 어뎁터 였지만 2021부터는 usb-c단자와 통합되어 어댑터도 그에 맞게 바뀌었습니다. 휴대폰도 충전이 가능한 어댑터이기때문에 외출시 여러개 챙길 필요가 없습니다.2020도 물론 usb-c단자로 충전이 가능했지만 고용량 충전기를 별도 구매해야 했습니다.색은 이번에 검은색을 골랐는데 흰색은 상판이 오염이 쉬운? 그런 느낌의 재질이어서 신경이 많이 쓰였는데 검은색이라 안심이 됩니다.한가지 아쉬운 점은 사은품을 구매시 선택해서 바로 받으면 좋은데 구매후 상당기간 걸려서 받는게 아쉽습니다.마우스와 가방or파우치는 바로 필요한 물건이니 구매시 같이 줬으면 좋겠습니다.,[]
21.02.03.,4,"고가의 제품이다보니 배송올 때 망가지지 않을까 걱정했었는데
뾱뾱이로 여러번 둘러서 보내주셨네요.
사은품인지 가죽 마우스패드가 동봉되어있습니다.
그램 자체는 디자인 예쁘게 잘 뽑혔습니다 색깔도 좋구요.
키보드는 전 버전들 보다 확실히 깊어져서 사용감이 좋습니다.
저는 문서작업응 주로 하다보니 무엇보다 화면비율 바뀐점이 유용할것 같네요.
다만 모니터에 약간의 빛샘이 있습니다. 검색결과 많이 나타나는 현상이라고해서 더 심해지지 않는다면 감수하고 쓸 생각입니다.
처음 1월 11일에 온다고 했다가 25일로 밀리고 다시 밀려서 오늘에야 받았네요. 배송이 아쉬워 별 한 개만 뺍니다..
그래도 사전예약 등록 기간도 늘려줘서 사전예약은 가능해서 다행이네요!",[]
21.02.20.,5,"배송: 저는 아주 타이밍을 잘 맞춘거 같아요. 제조사 공급 부족으로 한달도 기다려서 받던데 저는 설날에 주문하고 수요일에 받았어요. 영업일로 따지면 3일만이죠. 총알 배송이었어요.저장장치를 사은품으로 준다고 해서 그냥 동봉으로 선택해서 받았는데... 장착하는게 너무 힘들었어요. 새 노트북이다 보니 조심스럽게 해서 그렇겠지만 가급적이면 장착해서 보내달라고 하는걸 추천 드립니다. 참고로 전산실 근무 10년차 입니다. ㅋ그램은 정말 좋은거 같아요 기존 삼성 시리즈 9을 사용했었는데 그거 대비 발열, 소음 등 모든 면에서 우수해보이네요. 그램의 시그니처 컬러는 화이트라 고민하다가 블랙으로 샀는데 대 만족입니다.모든 면에서 최고의 선택이었던것 같습니다.",[]
21.03.18.,5,주문하고 다음날 도착해서 놀랬어요회사에서 업무용으로 사용할 노트북을 찾다가 할인도 되고 색깔도 맘에 들어 구매하게됐네요기존에 15인치 8세개 그램을 사용하였었는데 성능 좋아진게 체감되네요메모리가 온보드 방식이라 확장이 불가하여 다중작업을 많이하시는분들은 불편하실거 같네요확실히 램은 용량이 많을수록 좋은거 같아요그점빼곤 모두 만족합니다 해상도가 확 좋아진거 같아요,[]
21.02.02.,5,"드디어 기다리고 기다리던 2021 그램 14 블랙을 받았습니다!!
정말 오래 기다린만큼 참 예쁘네요. >.<

디자인은 제가 생각했던 것만큼 예쁘구요.
정말 가볍습니다. 이전에 쓰던 서피스 프로 4는 12.3인치 정도 되는데요.
전체적인 크기는 비슷하면서 화면은 14인치이니 뭔가 굉장한 이득을 보는 듯한 기분이에요.

새로 받은 그램으로 구매후기를 쓰니 기분이 남다르네요.
고민하시는 분들 모두 어서어서 구매하세요!!

후기 사진은 제가 겉 비닐을 뜯지 않고 찍어서 번쩍 거려요. 새거라서 좀 더 사용하다가 뜯으려구요. :)",[]
21.02.23.,5,대학교에 입학하면서 새로 사용할 노트북이 필요해서 찾아보다가 구매하게 되었어요 역시 그램이라 가벼워서 들고다니기도 좋은 것 같아요 14인치라 작을까봐 걱정했었는데 베젤이 얇아져서 화면이 크네요 딱 좋은 사이즈에요 가끔 발열이 심해지긴 하지만 금방 내려가서 괜찮아요 소음도 적고.. 배송이 조금 늦춰져서 기다리기 힘들긴 했지만 설날 연휴 때문이라 이해해요 구매 만족합니다!!,[]
21.02.03.,5,드디어 받았네요ㅋㅋ포장도 안전하게 잘왔습니다 언제 도착하는지 문의드렸었는데 솔직하게 말씀해주셔서 좋았습니다 제품은 뭐 흠잡을데 없이 좋은거 같습니다 윈도우도 설치해서 사용해봤는데 밝기도 저는 충분한거같습니다 밝은편이라 생각해요 휴대하기 정말 좋고 글쓰기용으로 인강용 유튜브용으로 샀는데 대만족이네요 카페같은데 가서 작업하기도 좋을거같습니다 카페출입용으로 디자인도 깔끔하고 색감이 좋습니다 오랜만에 노트북산건데 감사합니다,['https://phinf.pstatic.net/checkout/20210203_150/16123485121934LtMX_JPEG/review-attachment-30ffaf47-f890-4714-97e7-b70be1706b93.jpeg?type=f287']
21.02.14.,5,"이번 2021 그램이 너무 잘 나온 것 같아 고심 끝에 주문했습니다. 그동안 15인치 이상만 써 오다가 14인치 처음 구입했는데 마치 패드같은 적당한 크기에 가벼운 무게는 말할것도 없고 전체적으로 깔끔하고 좋습니다. SSD256추가로 용량 걱정은 없을 듯 하구요, 윈도우 깔아봤는데 금방 설치가 됩니다. 앞으로 카페 등 외부에서도 가볍게 사용할 생각 하니 벌써 기분이 좋아지네요. 강추합니다.^^",[]
21.02.26.,5,"슬림하고 가지고 다니기 편한 노트북이 필요해서 그램으로 사게 되었습니다. 주문한 후에 배송도 빨리빨리 와서 금방 받았어요.
14인치라고해서 집에 있던 노트북이랑 비슷한 느낌일것이라고 생각했는데 화면 크기는 동일한 대신 노트북 자체는 더 작게 나온 것같아요.
디자인이 너무 깔끔하고 색상도 원래는 화이트로 하려다가 검은색으로 골랐는데 만족하고 있습니다.
무게도 예상보다도 더 가볍고 노트북 자체도 슬림해서 가방에 넣고 다니기 편할 것 같아요. 잘 쓸 것같네요",[]
21.02.06.,5,14인치 검정색으로 구입! 노트북 모서리 부분이 각져있어서 더 깔끔한 느낌도 나고 노트북 터치패드 하는 부분이 더 넓어져서 사용하기 참 편한거 같아요!! 키보드 패드까지 같이 나오고 흰색 때탈것 같아서 걱정하시는 준들 검정색 무조건 강추입니다!! 또 옛날 그램에 비해서 화면도 더 넓어져서 문서작업할때도 참 편했습니다. 14인치는 a4용지랑 비교하면 세로로 길이는 딱 맞고 가로로는 한 1.5cm?정도 남습니다. 참고하세요! 저는 큰 노트북을 별로 좋아하지 않아서 이 크기 딱 마음에 듭니다.,[]
21.02.03.,3,"개인적으로는 확실히 화이트보다 예쁘고, 블랙이다 보니 지문이 잘 묻어날까봐 걱정했는데 터치패드랑 노트북 뒷면 제외하고는 지문 전혀 묻지 않아요. 노트북 뒷면은 지문이 잘 묻지만, 전혀 안 보이는 부분이다 보니 신경 안 쓰이구요터치패드는 살짝 지문이 묻긴 한데 신경 쓰일 정도는 아니에요 ㅎㅎ 신경써서 봐야 보이는 정도? 그래서 일단 블랙 선택한 건 완전 후회 없습니닷베젤이 얇아져서 노트북 크기 대비 화면이 확실히 시원하게 보이긴 해요ㅎㅎ 아마 16,17인치 사신 분들은 그 차이를 더 크게 느끼실 것 같긴한데 14인치도 다른 14인치 노트북보단 시원시원해서 좋아요16인치랑 고민하다가 뚜벅이여서 14인치 선택했는데 기존에 쓰던 13인치 그램 보다는 무겁지만, 그래도 무거운 느낌 보다는 가벼운 느낌이에요블랙 이렇게 예쁜데 왜 이제 만들었나 싶을만큼 무광 블랙이라 좋아요. 아쉬운점은 배송 너무 심하게 느렸다는 것 ㅎㅎ 1월3일에 구입하고 2월3일에 받았는데 흠 ㅎㅎ 나중엔 좀 빨라지려나요,, 배송 빼곤 좋았습니다 잘 쓰겟습니다~",[]
21.03.05.,5,os 미포함이라 성능 부분의 경우 윈도우 배송시킨거 설치해봐야 알 수 있을 것 같아요 키감이 전보다 많이 개선 되었네요! 만족만족!!6년만에 노트북 바꿔서 설레네요 끼룩 꺄어라아아아ㅓ아어 행복해라 아 우선 믿기지 않을 정도로 가볍습니다굳이 아쉬운 점을 뽑자면 180도 펴지지 않는 거?근데 그정도야 뭐 신경 쓰일까요통풍구도 생겨서 발열부분 좋을 것 같구요좀 더 써보고 다시 리뷰 달러 올게요리뷰 사은품으로는 노트북 전용 파우치 주시면 감사하겠습니다,[]
21.02.02.,1,"처음로 사전예약으로 노트북 구매해 보았는 데...이렇게 오래 걸릴 줄은 몰랐네요알았으면 신청 안했음...그리고 가장 마음에 안드는 것은 날짜 밀린것도 물어보기 전까지 연락도 안주네요이건 좀 너무한 것 같습니다.사전예약 사은품도 별도로 신청해야하는 것도 맘에 안들고....택배도 가장 밀린다는 cj택배... 예상되로 며칠 간 움직이도 않음..물건은 받고 바로 확인 했는 데별거 없음, 노트북, 충전기, 키스킨 메뉴얼 끝생각보다 작고 아담하네요근데 생각보다 무거운 느끼음 뭐지? 하는 생각이 듬기존 쓰는 것은 17인치 3킬로 짜린데...14인치로 보니 너무 작은 걱 같기도 하도...성능은 이것저것 써 봐야 알듯하네요..",[]
21.03.25.,5,"15인치 그램을 5년여 쓰다 용량부족과 버벅임에 2021 그램 14인치로 바꾸고 오늘 데이터 이전작업 했습니다.부팅부터 속도와 빠릿함은 가히 탁월합니다. 다만 가격이 좀 사악한게..ㅎ
빨리 겟하고 싶어 용산에 있는 대원CTS에 직접수령 했는데 넘 친절히 대해주시고 사은품도 꼼꼼히 챙겨주셔서 고마웠고 예상보다 업체귱소가 크고 잘되어있어 신뢰감 뿜뿜했습니다.
타 몰보다 인증점이라 선택했는데 만족합니다.",['https://phinf.pstatic.net/checkout/20210325_203/1616675457442Fmy45_JPEG/review-attachment-4fbbe646-dbe9-4eba-bdf2-7aaeed913efb.jpeg?type=f287']
21.02.03.,4,"1월 1일에 주문해서 오늘 받기까지 한달 조금 더 걸렸네요. 주문 사전예약 후 배송이 늦어지는 건 참을 수 있었어요.
1월 8일 입고 지연으로 1월 22일 경 입고 예정이라고 문자로 연락을 받았습니다.
그리고 1월 29일까지 기다리다가 사전예약 사은품 신청이 2월 7일까지라서 더 늦게 배송되면 택배파업과 설날 배송 물량 때문에 사은품 신청 기간 안에 노트북을 못 받을 거 같아서 전화드렸더니 전화 당일 때마침 출고가 되었다고 하시더라고요.
다행이다 싶었습니다. 금요일 출고되고 그 다음주인 수요일 오늘 배송 받았고 꼼꼼하게 뽁뽁이로 여러번 싸서 포장이 아주 잘 된 상태로 안전하게 노트북이 도착했어요.
윈도우 os설치 하고 문제 없이 물건은 아주 좋습니다.
그램 14인치 화면 비율도 넓어지고 타이핑 소음도 적고 블랙 색상이 너무너무 예뻐서 진짜 산 거 후회 없고 기다린 보람이 있는 것 같습니다.
사진에 색감이 잘 안 잡히네요 겉이 보호커버가 있어서 그런데 매트한 블랙의 느낌입니다!!! 깔끔해요.
다른 후기를 보니 마우스패드를 사은품으로 주셨더라고요.
저는 못 받아서 전화드렸는데 확인해보시고 배송해주신다고 하셨어요. 키스킨은 그램박스 안에 포함되어 있고요.
배송 부분과 사은품 부분에서 조금 문제가 있지만 물건 자체는 아주 좋고 마음에 듭니다.
좋은 물건 좋은 가격에 구입할 수 있어서 너무 기뻐요! 사전예약 사은품까지 받는다면 이 가격에 더말할 것 없이 잘 개이득❤?
감사합니다.
마지막 사은품 부분까지 잘 해결해주셨으면 합니다.",[]
21.02.12.,5,"2/5에 주문해서 15일 이후 순차출고 안내를 받았는데 다행히 빨리 출고가 돼서 설연휴 전 받아볼 수 있어서 좋았습니다. 박스가 찢어지다 못해 몇몇 군데가 부서져서 왔길래 깜짝 놀랐는데,, 다행히 뽁뽁이로 여러겹 둘러 포장되어있었네요.기대했던 만큼 블랙컬러는 이쁘고 무게도 아주 가볍고 좋습니다 그런데 생각보다 발열이랑 팬소음이 있네요,, 적절하게 식혀주면서 써야겠어요",[]
21.02.21.,5,"구입후 1달동안 기다려온 LG2021그램이다.
깔끔한 블랙색상이라 더 맘에든다.
앞으로 업무용및 서핑용으로 나의 든든한 파트너가 될 LG2021그램이 기대된다.
믿고쓰는 LG그램이라 써보면서 더욱 가치를 발휘할것이라 생각된다. 가벼운것이 가장 큰장점이라 선택했다.
올해는 노트북을 가지고 다니는 빈도가 많아질것같다. 부동산관련일을 하다보니 엑셀과 같은 문서작업이 많아 어디서든 작업을 해야하는데 가벼운 그램이 제격인것같다.
LG그램 너무 좋아요~~ 사랑합니다^^",[]
21.03.03.,5,"14인치 옵사디안 블랙 색상 구매했습니다! 21년 예약 구매로 구매했지만 늦게 받은 점이 아쉽지만 그래도 고객센터에서 많은 문의가 있었음에도 불구하고 친절하게 대해주셔서 아쉬운 마음을 달랬습니다. 14인치 노트북답게 매우 가볍구요 블랙 색상 예쁩니다! 타건도 만족스럽고 배터리 용량도 오래 가구요, 무엇보다 이전 모델들보다 팬 돌아가는 소음이 거의 없습니다. 발열도 잘 잡혀서 후회 없는 구매였습니다~",[]
21.03.13.,4,상품 자체는 발열빼고 다 좋아요. 2021년이 잘 나왔다고 하던데 실 사용해보니 실제로 이전 제품들에서 발열 제외하고 다 개선되었습니다. 발열도 개선된거라 하던데 아직 부족하네요. 그런데 배송이 정말 별로였습니다. 현재 CJ배송이 여러 문제가 터지면서 늦어지고 있다고 하니 참고 하시길 바랍니다.이번 제품 제일 마음에 드는 부분이 썬더볼트 단자가 2개인 점과 디스플레이입니다. 색역 표현력이 정말 좋아졌습니다. 14인치로 구매했지만 이정도면 16인치로 구매했어도 좋았겠다 생각이 드네요.,[]
21.02.18.,5,"너무가볍고 블랙 넘이뻐요맥 에어가 할인해서 고민많이했는데...아이폰이랑 애플워치 써서 맥북이 정말 편리하다는 얘기 많이들었는데 무게측면에서 고민 많이한거같아요무게 냐, 간지 이냐 고민하다 실용성을 택했습니다그램사길 잘한거같아요그램 중에는 14인치를 살지 16인치를 살지 또 고민에 빠졌습니다 뚜벅이라 14인치를 사려고 했었는데 요즘같은 코로나시대의 강제 집콕해야하는 상황에서는 무게가 좀 더 나가도 16인치로 크게 쓰는게 이득이 아닌가 해서요 할인해서 가격차이가 많이 안나더라구요 ㅠ 그래도 작은거 샀는데 14인치 화면 작지않아요!! 너무만족합니다너무너무가벼움 ㅋㅋㅋㅋㅋㅋㅋ노트북 구입 목적- 문서작성 및 sns 관련작업- 동영상 스트리밍노트북살때 중요하게 생각한 점-갖고다니기 편리한가 (무게 및 크기)-동영상 편집에 적당한 품질",[]
21.03.24.,5,대학생 노트북으로 딱입니다 베젤이 얇아서 14인치 인데도 사이즈가 컴팩트하고 좋으네요백팩에 쏙 들어갑니다충전도 한번하면 근 이틀?은 가는거 같아서 오래 편하게 쓸수 있을거같아요~~다른 사람에게도 추천하고 싶은 노트북 입니다한손에도 들릴만큼 가벼워요 에코백으로 메도 어깨에 무리가 없습니다.좋은 노트북 쓰니 기분이 좋으네요~~다들 LG그램 하고 광명찾으세요~~,[]
21.02.16.,5,"정말 오랜 기다림끝에 드디어 받은 블랙그램!
화이트랑 블랙중에 정말 너무너무 고민했는데요~
옆에서 남편이 계속 블랙이라고..블랙이 예쁘다고해서 홀딱 넘어가서 블랙으로 구매했죠
그리고나서 오는동안 얼마나 걱정을 했는지요~~ 안이쁘면 어쩌지? 남자꺼같으면 어쩌지? 등등 ㅠㅠ
그런데 막상 받고보니 괜한 걱정한거였어요!
정말 블랙~ 고급집니다!!ㅋㅋㅋㅋㅋ
블랙은 질리지 않고 정말 고급스럽게 오랫동안 사용할 수 있을것 같아서 너무 좋아요!
그리고 속도 또한 굉장히 빠르고 성능도 너무 좋은걸요~
남편은 옛날 그램 화이트가 있는데 비교해보면 정말 너무 빠르고 깔끔하고 화면도 14인치지만 정말 넓어져서~
답답한감 없이 휴대용으로 최고입니다!

여자분들 그램 휴대용으로! 14인치 블랙 추천해요!",[]
21.03.13.,4,1. 안전하게 뽁뽁이에 잘 싸여서 배송이 도착하였습니다.2. 매우 가볍고 휴대성이 뛰어납니다. 가방에 들고 다녀도 부담이 없을 정도의 무게입니다.3. 매장에서 가격을 문의하였을때 아무리 할인이 많이 들어가도 비싼가격이였는데 쿠폰을 잘 사용해서 훨씬 저렴한 가격에 구매하였습니다.4. 옵션이 다양하게 구성되어 있어서 추가로 구매해야 할것들을 편리하게 구매할 수 있었습니다.,[]
21.02.26.,5,스타벅스 노트북 산 기념으로 스타벅스에서 설치했어요. 설치할때 설명서 잘 따라하기만 하면 어려울건 없었어요. 저가 브랜드들과는 이런 디테일에서부터 차이가 있어요. 단하루특가라고 해서 예약구매로 샀는데 나중에 가격 더 내린 것만 빼면 제품은 정말정말 좋아요. 단하루특가를 보름 이상 한 것 같아요. 오래 기다리기만 하고 막상 물건 받고나니까 옥션에서 빅세일로 더 싸게 풀리더라고요. 물론 그걸 감안하더라도 싸게 구매하긴 했지만 어째 배신당한 기분이 드는건 어쩔수 없어요. 후기 이렇게 써서 포토상품평 사은품 받을 수 있을지 모르겠네요. 사은품 마우스는 윈도우 설치용으로만 썼어요. 배송이 좀 느리긴 했지만 명절지나고 택배사정도 있으니까 제품만 평가해서 별점줬어요.,[]
21.02.11.,5,"빠른배송 감사합니다~
생각보다 빨리와서 좋았습니다.
8GB 램으로도 어도비 프리미어 작업하는데에 큰 무리가 없었습니다.
14인치가 가볍고 크기가 적당해서 휴대하기 좋습니다.
키보드가 작년모델보다 대폭 개선되어서 자판치는 맛이 납니다.
스피커는 생각보다 너무 좋아서 따로 외부 스피커 연결하지 않고 사용중입니다.
키스킨은 어두운 색으로 새로사서 끼우는게 더 예쁠것 같아요.
터치패드에 닿는 느낌도 좀더 고급스럽 느낌이라 좋습니다.
그 외에도 화면 베젤도 줄어들어서 더 세련된 느낌입니다.",[]
21.02.16.,5,"예전에 올데이 그램 사용하다가 가족분께서 랩탑이 필요하셔서 구매하게 되었습니다.굳이 기다려서 받아야 하나 싶었는데 확실히 검정색이 비즈니스, 업무용 랩탑으로는 더 깔끔하고 좋은 거 같습니다.PD충전도 잘 되고 가지고 있었던 UFS도 잘 인식하네요. 굳이 하판을 뜯어가며 확장하지 않아도 용량 확보에 용이합니다.",[]
21.02.03.,5,"사전 예약 후 너무 오랜시간을 기다려 정말 취소하고 싶었는데
꾹 참았더니 이렇게 멋진 그램이 도착했네요~~
색상 간지나고 크기 들고 다니기 딱 좋습니다
노트북 개봉해보니 엄청 가볍고, 팬소리도 거의 안들리는것 처럼 조용하고, 화질도 너무너무 좋구 사이즈도 작아서 들고 다니기 딱 좋아요~~
usb인식 c타입과 a타입 usb 인식 이어폰 인식 등 모두 문제 없이 잘됩니다 블루투스도 잘됩니다
양품 받아서 너무너무 좋습니다~~
기다린 보람이 있네요 그램 블랙색상 강추 합니다!",[]
21.02.03.,5,그램 노트북만 사용하는 회사인데 이번 그램에서 블랙이 나와서 바로 질렀네요 사전예약으로 진행했지만 재고가 지연되는바람에 늦게 받긴했지만 경량 노트북은 역시 lg그램 입니다 14인치로 여성분들이 사용하기는 아주 최적화된 노트북!! 화질도 좋아지고 성능도 좋아지고 앞으로도 새로나온 노트북은 그램만 살껍니다,['https://shopping-phinf.pstatic.net/20210205_19/5a61db38-286b-4173-b752-ba429a62c1da.jpg?type=f287']
21.02.15.,4,사전 예약 구매이긴 하였으나 제조사의제품문제로 수령하는데까지 한달 이상 소요 되었습니다. 기다리다 몸에서 사리나올뻔했습니다.전체가 블랙이라 굉장히 고급져보입니다.제품에 포함된 키스킨 씌어놓으면 굉장히 없어보입니다.기본 파우치도 안들어있어서 따로 구매해야 합니다.가볍지만 생각보다 두껍습니다.메모리 확장 안되는것도 좀 아쉽네요.전반적으로 만족합니다!,[]
21.03.22.,5,배송도 안전하고 빠르게 와서 좋았어요. 디자인도 깔끔하고 색상도 단순한 검정색이 아니라 고급스러운 색이에요. 디자인 마감도 좋습니다. 특히 패널은 기대 안했는데 생각보다 화질이 좋고 밝아서 영화볼 때 자주 사용할 것 같아요. 이전 노트북 LG그램 흰색 사용하다가 검정색 디자인을 구매하니깐 더욱 만족하며 사용하고있습니다. 무게에서 가장 큰 만족했어요. 가볍게 들고 다니기 좋아요. 아담하고 얇아서 인강 듣기 가장 좋은 노트북인 것 같습니다. 기능도 디자인도 모든 면에서 만족합니다. 좋은 제품 감사합니다.,[]
21.02.18.,5,이번에 새로 입학하게되어 새로운 노트북과 함께하려고 lg 그램을 선택하게됐습니다.다른 선택지는 없었습니다. 무조건 그램을 사야겠다고 생각했습니다.오늘 배송이 와서 상자를 열어 노트북을 꺼냈는데너무 놀랐습니다..노트북이라고는 믿을수없는 솜털같은 무게..아이패드를 꺼내드는 정도의 무게였습니다.이제 저는 가방에 노트북을 들고 다니는것이 두렵지 않습니다.그램덕분에 활기차고 가벼운 대학생활 할수있을것같습니다.,[]
21.02.25.,5,"군대 제대 후 복학선물로 가볍고 깔끔한 노트북을
찾았는데 그램 외엔 대안이 없더라구요
그램 중에서 찾아봤는데 적당한 사이즈에
초경량(999g) 높은 사양 엘지의 사후서비스까지
이게 최고더라구요 ㅎㅎ
특히 대학생이라 노트북을 들고 다녀야 할 일이
아주 많을 텐데 노트북 무게가 정말 중요할 거 같더라구요
색상도 블랙이라 깔끔하고 해상도도 높아
레포트 작업하기에도 좋을 거 같습니다
게다가 나온지 한달 된 최신모델이라 디자인이
더 예뻐 보이네요 ㅎㅎ",[]
21.02.28.,5,여기저기 알아보다가 가격도 저렴하고 사은품도 괜찮은거 같아서 이곳에서 구매했습니다. 배송은 아마 주문이 많아서 좀 느렸던거 같은데 그래도 무사히 와서 만족합니다. 저는 들고다니기 편하도록 무게가 가벼운거에 중점을 두어서 14인치로 구매했고 색상도 21년 신상 색상이라 너무 맘에 들어요. 같이 주신 마우스패드도 굿입니다!! 내심 핑크색 원하고 있었는데 받아서 잘쓸거 같아요!,[]
21.03.18.,5,다른곳 모두 품절이라 배송이 늦을거 같았는데 빨리 왔어요 3/11일 저녁에 주문해서 3/17일 점심 넘어서 바로 받았어요 19년도 15인치 lg 화이트 그램을 사용하고 있어서 이번에는 휴대성에 중점을 둔 14인치를 구매해 보았는데 화면 베젤이 매우 얇아서 14인치 인데 13.3인치보단는 훨씬 커보이고 15.6인치 노트북들과 비교해 봐도 살짝 작은정도여서 대만족 입니다. 화이트 블랙 색상 고민이 매우 많았는데 이번에 새로 나온 블랙 컬러 주문해 봤는데 너무 이쁘고 깔끔해 보여요 완전 강추입니다~,[]
21.02.25.,5,마침 개강 준비해야되서 노트북을 사려고 봤더니 제가 원하는 상품이 할인에 들어가서 구매하였습니다 21일날 구매해서 코로나때문에 조금 더 늦게 올 줄 알았는데 다행히 개강전에는 도착했고 생각보다 일찍와서 배송 속도는 정말마음에 들었습니다 ㅎㅎ 처음 택배를 받았는데 이게 노트북인지 아닌지도 모르게 너무 가벼워서 역시 그램인가 싶었고 뜯어보니 그램은 역시 그램입니다 이래서 대기업 노트북을 쓰나봅니다 정말 마음에 들고 색깔도 너무 이쁘게 나와서 개인적으로는 화이트 색상보다는 훨씬 이쁜거 같아요ㅎㅎ후회없이 적당한 가격에 구매해서 기분좋습니다 감사합니다,[]
21.02.22.,5,대학생이 쓰기에 최적화된 노트북 같아요가볍고 발열 안 되고 속도 빨라서 정말 편안하게 쓸 수 있는 것 같습니다노트북에서 일반적인 기능 정도만 쓰실 분들은 반드시 무게를 최우선으로 고려하시면 좋을 것 같아요~~ 집에 있는 다른 노트북들과 비교했을 때 몇 그램 차이도 크게 느껴지는 것 같습니다 그런 면에서는 이 노트북이 가장 최적화된 것 같아 만족하고 있습니다 잘 쓸게요,[]
21.03.04.,5,"1월 3일(일) 사전예약 마지막 날 구매했습니다. 1월 8일(금)에 22일경 입고 지연된다고 문자 받았고 29일(금) 발송되어 2월 2일(화)에 수령하게 되었어요. 본품 패키지 안에는 키스킨, 택배 박스엔 가죽 마우스패드 포함되어 있습니다. LG전자 사은품 신청 기간이 2월 7일(일)까지로 늘어나서 16일(화)에 사은품 수령했습니다. 아직 사용 전이라 외관은 양호하네요. 동일 모델 (14인치, 블랙, 프리도스) 판매 업체가 온라인상으로 한 군데 정도 더 있는 것 같은데 우선 가격 면에서 좀 더 저렴한 것 같아서 선택하게 되었어요. 업체 사은품 신청하고 수령하는 것만 남았네요. 다음에도 좋은 구매가 될 수 있으면 합니다.",[]
21.02.03.,5,1월1일에 새해되자마자 예약주문한건데 LG생산라인에 문제가 있어서 물건받는데 한달이 걸렸네요ㅜㅜ 온라인으로 노트북주문하는건 처음이라 도중에 제품에 손상이 가지 않을까 걱정 엄청 많았는데 꼼꼼하게 잘 포장해주셔서 손상된곳 없이 잘도착했네요! 그리고 출고가 자꾸 늦어져서 제가 몇번이나 컴플레인 했는데도 불구하고 친절히 답변해주셔서 감사합니다:) 잘쓸게요!,['https://phinf.pstatic.net/checkout/20210203_21/1612308047526ANG9I_JPEG/review-attachment-b98a644b-5780-4791-a991-c5586e8d4992.jpeg?type=f287']
21.02.03.,5,"사전예약하고 한달을 기다려 받았습니다.
배송이 너무 늦어 오매불망 기다리는 중에 뜬 배송메세지가 얼마나 반갑던지 ㅋㅋㅋ
반신반의로 검정그램을 골랐는데 예상외로 색깔이 너무 이쁩니다.
사진으로 는 표현이 잘 안되서 아쉽네요.
베젤이 얇아서 14인치보다는 더 커보이고, 액정도 화사하니 가독성이 아주 좋네요.
8G 램이라 걱정했는데 윈도우 설치하고 이것저것 설치해도 속도가 상당하네요.
무게도 가벼우니 매일 들고다녀도 부담없어 좋습니다~~~
내일은 그램박스 사은품 신청하러 가야겠네요.",[]
21.03.10.,4,대학 입학 후 노트북 사용할 일이 적어 구매하지 않았는데 필요성을 느껴 열심히 발품 팔아 구해보고 있었어요 ! 그러던 와중에 지마켓 할인 기간 잘 찾아서 저렴한 가격에 그램을 구매하게 되었습니다 ㅎㅎ 2주 정도 사용한 후기는 일단 가벼움이 큰 장점입니다. 지문 인식은 기대했는데 생각보다 인식이 안되서 그냥 비번 치고 있어요 ㅠㅠ 그래도 예쁘고 가벼우니 된 것 아니겠어요 ?? 열심히 쓰고 다음 노트북도 또 그램으로 가려구요 ~~~,[]
21.02.15.,4,이번에 업무용 노트북을 교체하기 위하여 두대 주문하였습니다.사전예약이라 한참 기다려서 수령했네요.흰색 그램보다 고급져 보이네요.동봉된 키스킨은 있으나 마나하구요.파우치도 따로 구입해야 하네요.메모리 확장 안되는점 빼면 매우 만족합니다.,[]
21.02.19.,4,노트북 주문한지 8일만에 받았습니다. 11번가데이에 싸게 잘 샀습니다. 퇴근하고 오자마자 언박싱하면서 신났네요. 바로 윈도우 설치했습니다. 설치도 설명서 보고 쉽게 따라했습니다. 기대한 만큼 설레면서 설치했는데 기존 계정으로 로그인하니 바탕화면도 그대로 반영된거 보고 오~ 똑똑해~설정하면서 지문인식하는데 저 조그만 네모가 인식이 되니 신기했어요. 화질도 완전 선명하니 대만족입니다. 배송이 느려서 별하나 뺍니다.,[]
21.03.07.,5,행사할 때 저렴하게 구매했습니다. 배송도 며칠 만에 왔어요 ㅎㅎ 신제품이라 외관도 넘 이쁘고 무엇보다 가벼워서 휴대하기 좋네요!! 화면사이즈는 딱 a4용지만 해요 비교하시라구 종이올리고 찍었어요! 저는 처음에 제품에 약간 문제가 있어 문의하니 바로 연락주셔서 너무 감사했어요! 서비스센터에서도 판매자분이 착하시다구ㅎㅎ 전 수리받고 사용하기로 해서 별도로 연락 안드렸습니다 다음에도 믿고 구입할게요!! 감사해요,[]
21.03.24.,4,"우선 배송이 하루만에 와서 넘 좋았네요~~ 윈도우는 안 깔려 있어서 따로 설치해야하고, 블랙이 너무 고급스럽게 잘 빠졌네요~ 넘 예뻐요 ㅠㅠ 지문 묻는 것만 따로 조심하면 될거 같네여. 역시 그램이라 엄청 가볍고 들고다니기 좋을 것 같아요! 화면도 16인치 할까 고민했는데 14인치 하길 잘한거 같아요 화면이 크게 나온 거 같네요~ 상품 잘 쓰겠습니당 ! 감사합니다^^",[]
21.03.13.,5,"엘지그램14
노트북 여기저기 서치하다 가격도 저렴해서 구입했어요
역시 가볍네요
집에 예전거 들다 그램 들어보니 깜짝 가볍고 심플한 디자인 아주 좋아요
고1아들이 야자때 들고다닐거라 가벼운걸 골랐어요
역시 가벼운건 그램이죠
잠시 배송때문에 살짝 맘상할뻔했지만 그래도 가격 무게 디자인 맘에들어 설레요
파우치가 필요한데 사은품으로 파우치가 오길 바래봅니다",[]
21.03.02.,5,언니도 그램14 화이트로 샀는데 너무 가벼워서 꼭 갖고싶었는데 아빠가 대학가면서 블랙으로 사주셨는데 전 갠적으로 블랙이 더 이쁜것 같아요!!완전 가볍고 사은품도 주고 완전 좋아요. 그리고 완전 20만원 정도 싸게 사서 더 좋은것가타요 요즘은 그램이 유행이자나요!!! 그리고 노트북 받고나서도 리뷰 쓰면 또 사은품 주신다하구 완전 좋아요! 이렇게 쌀 때 하나 장만하는 것도 좋은것같아요 평생 쓸 예정입니당:):),[]
21.02.03.,5,초기 그램 모델 구매하고 7 년만에 산 노트북이네요.아직 켜보지는 못 했지만 색상이나 무게나 너무 가볍고 아담해서 좋습니다.예정 배송일보다는 제조사 사정으로 늦게 출고돼서 수령을 늦게 했지만 판매자 분께서는 최대한 빨리 해주시려고 애쓰신 점 감사합니다. 열어보고서도 너무 만족했고 합리적인 가격에 잘 구매한 것 같습니다. 노트북 금 안 가게 파우치 주세요~ ^^,[]
21.02.23.,5,전에 사용하던 울트라PC와는 확실히 차이가 다르네요.일단 매일 들고다녀야하는 상황이라 가벼운걸 택했는데 성공한거같네요. 블랙이라 오히려 더 나은거같아요.16인치 쓰다가 14인치로 바꾸니 화면크기가 약간 아쉽네요. 오래오래 잘 쓸게요.,[]
21.02.02.,5,노트북이 필요해서 이것저것 알아보던 찰나 그램이 2021년판 새로운 버전이 나와서 구매하게 되었어요 기존엔 16인치를 사용하고 있었는데 조금더 콤팩트한 크기를 원해서 이번에 14인치를 구매해 봤어요. 가볍고 책처럼 들고다니기 너무 좋을것 같네요!,[]
21.02.02.,5,노트북 새로 살려고 계속 찾아보다가 마침 가격도 괜찮은 상품이 있어서 사게 되었습니다 1월말에 온다해서 여유로운 마음으로 계속 기다렸지만 그래도 조급해지더라구요 ㅠ ㅠ 근데 드디어!! 오늘 왔어요ㅠㅠ ㅠ 진짜 너무너무 기뻐가지고 하루종일 노트북만 보고 있어요..♥? 색상도 블랙으로 심플하고 기스없이 안전하게 잘 도착했어요~~ 올해 처음 산 노트북 너무 마음에 듭니다!! 속도도 굉장히 빠른 속도라서 진짜 짱이에요..!!,[]
21.02.03.,4,제조사측의 입고지연으로 배송이 늦어져 판매자분께 여러번 질문도하고 귀찮게 해드렸는데 성실한 답변 감사드리고 오늘 드디어 받았어요~ 딸 아이 생일선물로 구매한건데 딱 맞게 도착해서 좋네요^^ 아직 사용하지는 않았지만 큰애도 그램 사용중이라 성능은 좋을거라 생각되고 엄청 가벼워요~ 판매자분도 마음고생 많으셨겠어요?많이 파시고 대박나셔요~~,[]
21.02.19.,5,"배송빠르고 무선 마우스도 왔네요~^^5만원 할인쿠폰 적용한 가격으로 비교하면 쿠*이 2-3만원 정도 더 저렴하다고 해서 사실 고민했었는데요, \n여기는 사은품도 주고 무엇보다 주문 다음날 발송되서 만족스럽네요~\n네이버스토어로 구매해서 포인트 적립되는 것도 좋고요 ㅎㅎ\n배송 관련해서 전화 문의했었는데 친절하게 답변해주셔서 안심이 되었었어요\n윈도우 깔고 이제 사용 시작하는거라 단점은 잘 모르겠지만, 3년 이상 소중하게 잘 쓰려구요",[]
21.02.19.,5,그램 간지나요! 블랙!!! 최고 ㅎㅎ 16인치할까 고민했는데 모니터연결하고 쓸꺼라 휴대성 생각해서 14했어요! 크크키스킨이랑 마우스도 같이 받았어요! 박스도 블랙 간지 크크 그램 화이트 쓰다가 블랙으로 갈아탔네요~ 만족스러워요 예전에 쓰던 그램은 발열이 쫌 잇었는데 2021년형은 개선되었다고 하네요 잘써볼께요 ㅎㅎㅎ 엘지 간지 최고 그램 최고,[]
21.02.17.,5,"보자마자 너무 예뻐서 딱 제 스타일 인 것 같습니다.
너무 깔끔해서 사용하기 좋은 것 같습니다!!
드디어 받고싶었던 노트북을 고3 졸업 선물 대학 입학 선물로 lg 그램 노트북 14인치 이걸 사게 되어 너무 기쁩니다.
특히 노트북 색깔이 너무 맘에 들고요. 사이즈가 들고 다니기에 딱 적당한 것 같습니다. 그리고 심지어 사은품까지 챙겨주신다고 하시니 정말 감사합니다.",[]
21.02.28.,5,그램 가격이 너무 올라서 살 엄두가 안 생겼는데 운좋게 굉장히 저렴하게 잘 구입했습니다살때 배송이 느리다는 글들이 있어 걱정했는데 지금은 아닌거 같습니다 구입한지 하루만에 배송이 오더라구요.좋은 제품 싸게 잘 구입한거 같아 아주 만족스럽습니다!무게도 굉장히 가볍고 이번 그램은 화면 비율도 달라져서 더욱더 만족스럽습니다.키감도 아주 좋구요! 적극 추천합니다!,[]
21.03.20.,5,"배송이 늦을줄 알았는데 빠르게 배송됐고, 성능 디자인은 기존의 그램을 봤을때 월등합니다. 특히 디자인은 엄청난 만족감을 주고요. 사은품을 준 마우스는 없는게 나을정도로 아쉬웠고. 가격은 비싸지만 블랙 그램에는 투자할만합니다",[]
21.02.19.,5,저에게 처음으로 생긴 노트북이에요!!! 첫 노트북 그램 너무 마음에들어요~~!! 너무너무 예뻐요~!!!! 화이트는 별로 땡기지않아서 블랙을 갖고싶어하다가 블랙을 찾아서 구매했는데 잘 산거같아요 고급진 느낌 ㅋㅋㅋㅋ 너무너무 가볍고 속도도 빠르고 성능이 좋아요~~~ 화면도 엄청 선명하고 마음에드네요 ㅋㅋㅋㅋ완전 추천추천합니다 후회하지 않는 선택이에요!!!!강추!!!,[]
21.03.17.,5,드디어 노트북이 왔어요깔끔하고 예쁘네요~^^온라인 수업도 듣고 인강용으로구입했어요^^ 사이즈도 딱 좋아요,[]
21.03.16.,5,주문하지 5일 만에 왔어요일단 가볍고 블랙색상 세련되보여요,[]
21.03.10.,3,"윈도우 안깔린 상품을 사서 정품 까는데 조금 힘들었지만 가볍고 쓰기 편해서 좋네요
대학생 새내기 줌 수업 듣기 좋아요",[]
21.03.16.,5,정말 ？L이 파세요 많이들 구매하세요,[]
21.03.10.,5,이상없이 잘 왔습니다 마우스도 주셨네요 사은품 신청에 프리도스 제품은 거의 아무것도 못받네요 ㅜ 이점이 아쉬워요,[]
21.03.12.,5,"노트북이 필요해서 급 사게 됐는데
기대 이상이에여ㅎ
포장도 꼼꼼하구 빠른 배송 좋아용",[]
21.03.11.,5,배송이 빠르고 좋네요 대박나세뇨,[]
21.03.12.,5,배송이 진짜 빨라요,[]
21.03.03.,4,"블랙색상이 이쁘네요.
배송도 엄청빨라요.
올바른 선택이였네요.",[]
21.02.25.,5,너무 좋습니다 블랙은 진리네요 빠르게 잘 받았습니다 지금 이 그램으로 글 쓰고 있는데 아직까지 이상없고 디자인도 너무 예뻐요 많이 파세요 ~~,[]
21.02.25.,5,배송은 많이 늦었지만 상품에 만족하여 리뷰 쓰고 별점 입력합니다.,[]
21.03.13.,5,배송도 빠르고 가벼워서 잘 사용하고 있습니다. 감사합니다.,[]
21.02.26.,5,생각보다 가벼워서 좋고 화질이너무좋습니다,[]
21.02.25.,5,배송이정말빠름 가법고 깔끔해요,[]
21.02.26.,4,가벼워서 쓰기 좋습니다 ^^,[]
21.02.13.,5,10년만에 놋북을 샀어요.. 너무 조아요 큭큭사실 잘 몰라요.. 그냥 샀어요 베스트에 있어서..ㅋㅋ좋겠죠 뭐!! 윈도우를 한번 깔아볼게요!!,[]
21.02.26.,5,빠른배송 감사합니다.,[]
21.02.02.,1,이따구로 배송이 늦으면 양해라도 구하든지 설명이라도 해야지.. 아니면 장사하지 말든지 배째라 입 처닫고... 내가 발로 조립해도 이렇게 시간 걸리진 않을거다. 기다린 날이 아까워 꾹 참았다.,[]
21.02.10.,5,"주문당일 직접받았는데,수령지 주변에 잘 내려주셔서 잘 받았습니다.감사합니다.",[]
21.01.31.,5,잘 받았습니다 lg에서 생산이 늦어져 받는데는 오래걸렸지만 노트북도 가볍고 좋아요! 저는 로그인 지문인식 있는줄 알았는데 그건 없더라고요? 그래도 만족합니다 감사합니다~,[]
21.02.02.,5,잘 받았습니다 잘 쓸께요 ^^,[]
21.02.05.,5,너무 잘 받았습니다~~,[]
21.03.19.,5,조아조아조아 검정색은 딱!ㅇㅋㅇㅋㅇㅋㅇㅋ,[]
21.03.05.,5,좋아요 좋아요 아주 좋아요,[]
21.01.31.,4,맥에서 넘어왔는데 만족합니다. 윈도우 설치도 엄청 친절하게 되어있고 좋네요: ) 이래서 그램그램하나봐요: ),[]
