"498,990"
date,star_point,comment,photo
21.01.12.,5,삼성노트북중에 최신 모델로 비록 저렴한 CPU 셀러론 이지만 옛날의 셀러론 CPU가 아닌 속도 빠르고 가성비 좋은 성능을 보여주는 제품입니다. 가성비 최고 입니다. 기본 NVME 방식의 SSD 장착 그것도 삼성제품으로 메모리도 삼성제품 장착 속도 빠르고 좋습니다. OS 설치 또한 간단하고 초보자인분도 어려움 없이 가능하리라 봅니다. 추가 장착 가능한 2.5인치 하드 및 SSD 가이드 기본제공으로 저장공간 확장 가능하며 메모리 슬롯도 여분이 있어서 추가 장착이 가능합니다. 전체적인 디자인은 심플하고 각이져서 튼튼해 보이고 묵직한 제품입니다. 무게도 15인치 화면으로는 가볍다는 생각이 들정도 입니다. 화면 액정도 광시야각이라 생각되는데 옆에서 보면 화면이 어둡거나 안보이는것 없이 잘 보이는 액정 입니다. 전체적으로 만족하며 추천드릴 수 있는 제품입니다.,"['https://shopping-phinf.pstatic.net/20210113_25/2c003493-dbe4-46ee-8dab-1072122c09ee.jpg?type=f287', 'https://shopping-phinf.pstatic.net/20210113_26/35b95ec2-f96e-4238-9cb5-b3864db0ead4.jpg?type=f287', 'https://shopping-phinf.pstatic.net/20210113_14/f0b05c40-9cef-4376-b2d2-30825e30d7a2.jpg?type=f287', 'https://shopping-phinf.pstatic.net/20210113_3/7827fc19-267b-4618-ac63-5a42d838eaa6.jpg?type=f287', 'https://shopping-phinf.pstatic.net/20210113_15/c1c0d6df-07d1-4d64-b432-01fbc0d73fd5.jpg?type=f287']"
21.01.24.,5,"1. 디자인 - 엄청 심플, 깔끔합니다. 2. 속도 - 가끔 멈춤멈춤 하지만 크게 신경 쓰이지 않습니다. 3. 가격 - 이 성능에 이 가격 없습니다. 4. 메모리 - 4g도 일반 인강, 유툽 문제 없습니다. 5. 화질 - 무난하나 클리어한 느낌은 아니어서 아쉽습니다. 6. 용량 - 대용량 동영상이나 사진 저장하지 않는다면 문제 없는 용량. 저는 별도 외장 하드가 있어 용량 큰거는 거기에. 7. os - ms홈페이지에서 다운받으면 되고, 인증키는 인터넷샵에 싸게 팔아 쉽게 설치할 수 있습니다. os미설치 너무 걱정마세요. 8. 싸고 가격 대비 성능도 괜찮아 하나사고 또 하나 더 샀습니다.","['https://shopping-phinf.pstatic.net/20210126_24/95370735-8455-4086-8f23-2d88a0e80d09.jpg?type=f287', 'https://shopping-phinf.pstatic.net/20210126_13/c5a05d24-3166-4d85-8a7c-05ead38d9d3c.jpg?type=f287', 'https://shopping-phinf.pstatic.net/20210126_4/fd0b2033-cd30-4fd7-bde4-875852a71790.jpg?type=f287', 'https://shopping-phinf.pstatic.net/20210126_23/f56b6d82-0bda-4a98-bbe2-803886be7477.jpg?type=f287', 'https://shopping-phinf.pstatic.net/20210126_26/06b885e6-4e83-4537-adb6-e771e75b84f2.jpg?type=f287']"
21.02.23.,5,"원래 사용하던 노트북이 고장나서 새로 구매하게 됐는데 배송이 정말 빨랐어요!그리고 사진에서 보이다시피 포장 상태도 아주 좋았고 흠집이 나지 않도록 꼼꼼하게 포장돼있어서 뜯는 내내 기분도 좋았습니다!
노트북은 실제로 보니 제가 생각했던 것보다 더 얇고 예쁜 느낌이 드네요 화면도 커서 어디에나 사용하기 너무 좋을 것 같아요~
그리고 윈도우를 직접 설치하는 건 이번이 처음이라 걱정이 됐는데 판매처에서 운영하시는 블로그에 자세한 설명 덕분에 어려움 없이 잘 설치할 수 있었습니다~!","['https://phinf.pstatic.net/checkout/20210223_269/1614058075998zgahN_JPEG/review-attachment-19f2c695-687b-4fa7-9b79-de89710fc3b8.jpeg?type=f287', 'https://phinf.pstatic.net/checkout/20210223_254/1614058072015DK0Bq_JPEG/review-attachment-8ab610c3-7620-44aa-a06c-ebb6e430535c.jpeg?type=f287', 'https://phinf.pstatic.net/checkout/20210223_229/1614058073285vVE0V_JPEG/review-attachment-d8d73a31-5b2d-4ad8-ab66-6a7aea2f6fad.jpeg?type=f287', 'https://phinf.pstatic.net/checkout/20210223_247/16140580726747WXeC_JPEG/review-attachment-75a6cebe-8b4d-4f5c-b16e-bb995f33b11c.jpeg?type=f287', 'https://phinf.pstatic.net/checkout/20210223_112/16140581413373izoR_JPEG/review-attachment-1a2519fd-a1ee-46c4-bc66-ecd6535762d3.jpeg?type=f287']"
21.01.21.,5,주로 문서작업 위주의 노트북 사용을 하다보니 고성능 노트북이 필요없어서 항상 중고로 노트북을 구매했었다가 이전에 사용하던 노트북에 문제가 생겨서 가성비 노트북을 이틀 동안 찾던 중 발견했습니다. 삼성이라는 브랜드와 가격대가 마음에 들어서 구매하게 되었습니다. 램은 기본 4GB가 살짝 아쉬울 것 같아서 따로 추가 구매할 예정입니다. 노트북 뒷판에 램 넣기 편하게 되어 있어서 너무 좋네요. 가성비다보니 살짝 아쉬운 부분들도 있지만 색깔도 깔끔하고 예쁘고 크기 및 무기도 적당하고 만족합니다. 감사합니다.,"['https://shopping-phinf.pstatic.net/20210123_6/2f47d110-9b1d-4799-a883-c0f94e5edb34.jpg?type=f287', 'https://shopping-phinf.pstatic.net/20210123_19/183e1db1-fbe8-498d-8579-745c63b2a3c9.jpg?type=f287', 'https://shopping-phinf.pstatic.net/20210123_15/3c298506-bd58-4c69-b3a7-8c6518945039.jpg?type=f287', 'https://shopping-phinf.pstatic.net/20210123_26/5f259dd7-969b-4a65-9fa9-a860222d43d0.jpg?type=f287', 'https://shopping-phinf.pstatic.net/20210123_25/514ae69e-4048-4feb-b203-15fe6d251754.jpg?type=f287']"
21.01.16.,5,"아이 줌 수업에 쓰려고 노트북을 알아보고 있었는데 고사양까지는 필요없어서 검색하던 중 솔직히 50만원 내외로는 중소기업 제품이 대부분인데다가 그마저도 가격이 좀 나갔었는데 삼성제품에 이만한 사양 제품이 이 가격이라니 완전 대박이었어요. 메모리 8기가로 추가했는데도 50만원이 안됐습니다.
고민할 필요없이 바로 구매했구요. 예약구매 기간이라 배송이 좀 걸릴줄 알았는데 생각보다 빠르게 왔습니다. 제품은 완전 만족스럽구요 아주 잘 사용할거 같습니다. 삼성 짱짱맨~~","['https://phinf.pstatic.net/checkout/20210116_42/1610778265045PYSnt_JPEG/review-attachment-b3686f20-01c3-4e8a-8f1f-08583dbdf153.jpeg?type=f287', 'https://phinf.pstatic.net/checkout/20210116_293/1610778264375W7z1Y_JPEG/review-attachment-ab6f2db6-31cb-46a0-b255-4d8a89c858cd.jpeg?type=f287', 'https://phinf.pstatic.net/checkout/20210116_119/1610778264679HFRuj_JPEG/review-attachment-7ade91f7-d2b0-4e7f-84e3-abb56f967555.jpeg?type=f287', 'https://phinf.pstatic.net/checkout/20210116_5/1610778265175lSL4c_JPEG/review-attachment-8c1af5be-321b-4ab8-8c02-7c8650db1d14.jpeg?type=f287', 'https://phinf.pstatic.net/checkout/20210116_206/1610778264566M81vJ_JPEG/review-attachment-8acdd089-c8f0-410c-a9c7-ea311ebcf06e.jpeg?type=f287']"
21.03.11.,5,"잘받았습니다. 항상 삼성제품을 쓰던중에 보니깐

삼성노트북에 저렴하게 나와있더라고요

그래서 구입을 하게되었어요 포장잘되서 잘왔고요~

삼성노트북을 이제 쓸수있게되었네요.

받자마자 이렇게 글 작성합니다.

이제품은 윈도우10이없는제품이라 사시기전에 미리 USB부팅디스크 구매해서 준비해두셔야할거예요.

그러면 받자마자 윈도우 설치해서 사용할수있거든요","['https://phinf.pstatic.net/checkout/20210311_270/1615471387709Olvmv_JPEG/review-attachment-9808eb48-1066-43e0-b7cd-dc230deb2bcb.jpeg?type=f287', 'https://phinf.pstatic.net/checkout/20210311_30/1615471387737gYkzM_JPEG/review-attachment-89269768-560d-4f26-bbf4-c92938b916da.jpeg?type=f287', 'https://phinf.pstatic.net/checkout/20210311_232/1615471387715TPj38_JPEG/review-attachment-0d48553c-162f-41b1-9704-582687f29e30.jpeg?type=f287', 'https://phinf.pstatic.net/checkout/20210311_261/1615471387691fTWj3_JPEG/review-attachment-ad5cd6a2-06f3-4c82-ace8-51dadeb2c845.jpeg?type=f287', 'https://phinf.pstatic.net/checkout/20210311_262/1615471387710F5pAV_JPEG/review-attachment-2f2326ab-93d7-42f2-80e0-0afc5945a8c5.jpeg?type=f287']"
21.03.07.,5,"생각보다 얇고 너무 이쁘네요.
문서작성이나 영화볼 목적으로 구매했는데 아직까지는 완전 만족합니다. 가격대비 완전 강추할만한 노트북임에는 틀림없는것 같습니다. 3월4일에 구매했는데 6일에 받을정도로 배송도 정말 빨랐구요. 뭐하나 빠지지않는데 하나 아쉬운점은 무게가 생각했던것보단 좀 나가네요ㅠ 그것말고는 완전만족","['https://phinf.pstatic.net/checkout/20210307_57/16150868828493m8ve_JPEG/review-attachment-fc35b46d-b1f8-4ac8-b317-b5002741ec6c.jpeg?type=f287', 'https://phinf.pstatic.net/checkout/20210307_271/1615086882627TUM1E_JPEG/review-attachment-2f847451-1bab-4d4e-a6f8-3ab5bc0364b7.jpeg?type=f287', 'https://phinf.pstatic.net/checkout/20210307_188/1615086882243HdNHN_JPEG/review-attachment-adc583db-2f50-42b6-98a8-5ca89d67bc86.jpeg?type=f287', 'https://phinf.pstatic.net/checkout/20210307_89/1615086882721weoRN_JPEG/review-attachment-59946d3f-5284-4858-8e02-e47bdd8d4e82.jpeg?type=f287', 'https://phinf.pstatic.net/checkout/20210307_255/161508688423309cXX_JPEG/review-attachment-c2688153-6567-4af0-bae9-9e50af4fed29.jpeg?type=f287']"
21.03.05.,5,"학교 개학하고 나니 아이 줌수업 및 e학습터까지 해야 해서 태블릿으로만 하기엔 화면이 너무 작았습니다. 그래서 15인치형 노트북을 찾았는데 삼성 노트북을 40만원도 안하는 가격에 구입할수 있다니...정말 가성비 최고라고 생각합니다. 메모리도 필요하다면 추가 가능하고 저장장치도 NVME 256GB이니 기본적인 인강용으로는 충분하다고 생각합니다. 저장용량이 더 필요하면 SSD도 더 추가할 수 있으니 뭐.ㅎㅎ 거기다 삼성 서비스까지 받을 수 있으니 뭐 말다했네요.ㅎㅎ 저렴한 가격, 인강용으로 손색이 없는 노트북, 메모리 및 저장용량 확장가능, 거기에 삼성서비스 혜택까지.. 저렴하게 가정에서 문서 및 인강용 노트북이 필요하신분은 사시면 후회없을 것이라 생각합니다.","['https://shopping-phinf.pstatic.net/20210307_20/8d6a0669-1455-433e-9bf5-01bc57cf7279.jpg?type=f287', 'https://shopping-phinf.pstatic.net/20210307_1/4b2c1b64-0c4b-4abd-b652-6afeb81cfb72.jpg?type=f287', 'https://shopping-phinf.pstatic.net/20210307_19/90e831be-c17f-4340-ae96-67d9cf753abe.jpg?type=f287', 'https://shopping-phinf.pstatic.net/20210307_16/5b305807-a5de-4c54-833a-331b5c0a9e3c.jpg?type=f287']"
21.01.17.,5,"일단 배송은 예약구매를해서 1주일정도 걸렸습니다.
제품을 뜯고 나서 화면 사이즈와 노트북 디자인을 봤을 땐 화면의 사이즈는 보는 사람의 입장에 따라 다르겠지만, 저는 보통의 노트북 화면 사이즈라고 생각하여 괜찮다고 생각했습니다. 웬만한 기본앱들은 잘 돌아갑니다. 노트북 디자인이나 자판 디자인도 깔끔하고 아주 좋고요.다만 화면의 색깔이 조금 뿌연 필터를 낀 것 같이뿌옇습니다. 그냥 봐서는 모르겠는데 실시간 화상수업하면서 보면 화면이 뿌옇고 노트북의 카메라가 잡는 색깔이 조금 부자연스럽달까요...(?) 어쨌든 이 노트북은 제품 성능에 비해서 가성비도 좋고 디자인도 깔끔하고 좋기때문에, 성능은 그저 쓸만하고 가성비 좋은 노트북을 찾고 게시다면 저는 이 노트북을 구매해보시는 것도 좋을 것 같다고 생각합다. (제 말을 너무 밑지는 마세요! 그래도 제가 이 노트북을 사용하고 나서의 느낌을 솔직하게 담은 리뷰입니다.)","['https://phinf.pstatic.net/checkout/20210117_235/1610882916403bYjsY_JPEG/review-attachment-2f0c0f5a-d641-45ab-b914-c7c1bd909be7.jpeg?type=f287', 'https://phinf.pstatic.net/checkout/20210117_247/1610882930230VBT4I_JPEG/review-attachment-9c2a7a95-b9e7-4796-8029-0cc638cc64d5.jpeg?type=f287', 'https://phinf.pstatic.net/checkout/20210117_80/1610882941369C8lfw_JPEG/review-attachment-512092f3-b918-471a-b41b-08960ebbec30.jpeg?type=f287']"
21.03.18.,5,"3/8일 주문했고 3/18일받았어요
첫번째 지연된다고 연락받아서 인지하고기다렸는데
두번째는 역속기한지나고 주말지나고 연락받아서
따로 연락드려서 날짜다시알려주셨구요
배송기한늦은건 미리얘기하시면 괜찮지만 코멘트없는건 조금 마음상했어요ㅠㅠ
전체적으로 안전하게 박스포장은 되어왔구요
업그레이드신청해둔거라 씰에 업그레이드 정보 따로 붙여두고 확인할 수 있게해주셨어요~
제품은 이리저리 갓성비라고 알아보고 주문한거고
무게는 그리 불편하지않아요~
윈도우깔고 잠깐 사용해봤는데
속도나 타자감도 나쁘지않구요
인강이랑 간단한 영상작업등할꺼라서
전체적으로 써보고 한번 더 리뷰할까 싶어요^^
화이트야 무난해서 정신없이 꾸미기.좋네요 ㅎㅎ","['https://phinf.pstatic.net/checkout/20210318_16/1616070217751Gyw9t_JPEG/review-attachment-1a20f940-df98-4e63-8c98-38c8d0750592.jpeg?type=f287', 'https://phinf.pstatic.net/checkout/20210318_143/1616070218273O0sYj_JPEG/review-attachment-1c61ddf3-c9a7-4d06-b611-7a4aed8c16c4.jpeg?type=f287', 'https://phinf.pstatic.net/checkout/20210318_127/1616070219275u0D3K_JPEG/review-attachment-a86fdc45-88f4-493f-82e0-0c00ad901fc3.jpeg?type=f287', 'https://phinf.pstatic.net/checkout/20210318_192/1616070219390sWAGi_JPEG/review-attachment-b7bf7fa4-959b-4773-aa64-c252cd57bd8b.jpeg?type=f287']"
21.02.12.,5,첫 노트북이고 인강만 들을거라 여러노트북을 보았는데 가성비 따졌을때 최고인거 같아요.아직 어려서 이 노트북으로 인강듣고 좀 크면 좋은거 사줄려구요.일단 두께도 생각보다 두껍지 않고 매장에서 이것보다 비싼 노트북이랑 비교해도 손색이 없었어요.인터넷 설치하는게 제가 컴맹이라 그냥 녹색창에서 다른님들거 블로그에 인터넷 설치 자세히 되어있는거 보고 그대로 했어요.시간은 많이 걸렸지만 성공했어요.화면은 각도를 어떻거 하느냐에 따라 달라져요.화면이 흐리다는분이 계셔서 걱정했는데 각도를 조절하니 괘안았어요.속도는 말할거 없이 만족스러웠어요.엠베스트 인강 1시간 들었는데 버벅거림없고 만족스럽습니다.,"['https://shopping-phinf.pstatic.net/20210214_4/33905919-9b6a-47be-a4a7-815cca08a771.jpg?type=f287', 'https://shopping-phinf.pstatic.net/20210214_23/7460e9f1-04c9-453c-8cfa-599d48fb6ef5.jpg?type=f287', 'https://shopping-phinf.pstatic.net/20210214_21/e50c6620-6820-4078-8940-5a062a17f823.jpg?type=f287']"
21.01.19.,5,"인강용으로 구입했는데 완전 만족입니다. 먼저 배송이 매우 빨랐습니다. 택배사 마다 차이가 있겠지만 오전에 주문했는데 다음날 오전에 도착했습니다, 포장도 꼼꼼히 잘 되어 왔고 개봉했을 때 화아트 색상이라 그런지 군더더기 없이 깔끔했습니다. 제일 걱정 됐던게 윈도우 설치였는데 설명대로 설치하니 30분 정도 걸렸는데 랜선 연결이 잘 되지 않아 버벅 걸렸던거 제외 하면 15분 정도면 설치 할 수 있었을 것 같습니다. 일부러 몇 일 지나서 사용해 보고 후기 작성하는데 웹서핑이나 인강 보기에는 최고네요~~ 저같은 이유로 노트북 구입 하시려는 분들에 강추합니다.","['https://shopping-phinf.pstatic.net/20210121_4/db79e88b-19c5-4e73-8947-a4390ca77f8d.jpg?type=f287', 'https://shopping-phinf.pstatic.net/20210121_11/a6fc1928-60e0-4969-9b6c-98838ce55dd5.jpg?type=f287', 'https://shopping-phinf.pstatic.net/20210121_6/90ecd9a1-2a18-4c01-9cb9-e1c3ad575ef7.jpg?type=f287', 'https://shopping-phinf.pstatic.net/20210121_2/9282358a-70b2-4089-a330-b493343a9c94.jpg?type=f287']"
21.01.17.,5,"딸애 생일 선물로 그레이 색상 주문했는데 품절이라고 해서 고민했는데 의외로 빨리 배송해 주셔서 선물 잘 했습니다.
최신 노트북보다 사양은 많이 떨어지지만 인강용으로는 부족함이 없습니다.
램 슬롯이 두개라 업그레이드가 너무 간단하고 HDD 추가도 너무 쉽습니다.
인강이나 줌 등 화상회의에는 저렴하면서 너무 좋습니다.","['https://phinf.pstatic.net/checkout/20210117_73/1610890882606mJmlS_JPEG/review-attachment-939cdb05-3598-4c13-a96c-e0101f185aa8.jpeg?type=f287', 'https://phinf.pstatic.net/checkout/20210117_154/1610890890295vpGQB_JPEG/review-attachment-540908f5-f70b-481a-8496-f362eba75515.jpeg?type=f287', 'https://phinf.pstatic.net/checkout/20210117_68/1610890896694UTFSH_JPEG/review-attachment-778fb6bd-392a-4a66-b8dc-c157179c2c1b.jpeg?type=f287', 'https://phinf.pstatic.net/checkout/20210118_101/1610973978088XreLu_JPEG/review-attachment-420b43a7-7777-48f1-82c9-23c2803eaa83.jpeg?type=f287', 'https://phinf.pstatic.net/checkout/20210118_227/1610973978349pSxfu_JPEG/review-attachment-a351cc66-87ce-444a-b1af-14831d8e8185.jpeg?type=f287']"
21.01.22.,5,셀러론... 이라 좀 걱정이 앞섰지만 인강과 문서작성에 필요한만큼 구매했네요 박스를 열고 제품을 확인하니 디자인도 깔끔하고 그레이라 고급스럽게 보이고 ㅎㅎ 프로그램설치후 사용해보니 성능 최고네요 작업이 단순해서 그런진 몰라도ㅋㅋ 전반적으로 만족합니다 게임용은 아니니 참고^^요,"['https://shopping-phinf.pstatic.net/20210124_21/c4db1c55-aa1a-488e-ab15-8a0f252de3d5.jpg?type=f287', 'https://shopping-phinf.pstatic.net/20210124_17/f4611e65-b946-4667-99ca-e01f0ab18a6e.jpg?type=f287', 'https://shopping-phinf.pstatic.net/20210124_11/28ef8d51-11a9-4a6b-8bd9-841174f0bc6c.jpg?type=f287', 'https://shopping-phinf.pstatic.net/20210124_13/6cd5a996-64db-44e4-9585-1529450fa2ba.jpg?type=f287', 'https://shopping-phinf.pstatic.net/20210124_23/a4c91ebc-5833-44db-84a4-7ccc451ed1ec.jpg?type=f287']"
21.03.12.,5,"배송도 빨리되고 노트북을 저렴하게 잘 구매했습니다
노트북 색상을 흰색으로 하고 싶었는데 급하게 필요하게 되어 회색 주문했는데 완전 맘에 들어요
부팅속도도 엄청 빠르더라고요~
가방이나 키패드 커버같은 부속품도 같이 판매하셨으면 바로 샀을텐데 따로 사려니 그건 번거로웠어요
다른 걸 다 떠나서 정말 맘에 듭니다","['https://shopping-phinf.pstatic.net/20210313_7/52cdc39c-f66c-4f32-8faa-fb1183c45a3e.jpg?type=f287', 'https://shopping-phinf.pstatic.net/20210313_7/4eb33efc-9c90-4662-b291-9a3ab4bfafa3.jpg?type=f287', 'https://shopping-phinf.pstatic.net/20210313_15/5325f5e1-197c-4095-8e98-c11bed54b9c0.jpg?type=f287', 'https://shopping-phinf.pstatic.net/20210313_21/f8b4fb8a-0b65-423e-80fc-34afd2d61cd0.jpg?type=f287']"
21.01.28.,5,"컴퓨터 디자인은 예쁘고, 가성비가 좋은 제품인 것 같아요! 다만 무게가 그램만 큼 가벼운 정도는 아니에요^^ 15인치다 보니 기본적인 무게가 있는거 감안하시고 사시는게 좋을 것 같아요. 컴퓨터 기본 OS를 까실 때는 CD룸이 따로 없어 usb로 진행하시거나, 외부 cd룸을 사셔서 진행하셔야 할 것 같아요. 사은품이 마우스도 오는데 색상을 랜덤으로 주지 않고 노트북이랑 마우스랑 색깔을 맞춰서 주는게 또 신의 한 수인 것 같아요. 키스킨은 위에 프린팅되어있는 키스킨이 아니고, 그냥 투명 얇은 키스킨이에요. 게임을 하지 않고, 문서처리 및 온라인 수업용으로는 추천입니다!","['https://phinf.pstatic.net/checkout/20210128_211/1611843585801LMvat_JPEG/review-attachment-96acd6f1-44ff-4b67-9397-25217ee0c2fd.jpeg?type=f287', 'https://phinf.pstatic.net/checkout/20210128_159/1611843585904eSMG6_JPEG/review-attachment-3ee9657c-bdaf-48dd-95db-c460f3372b32.jpeg?type=f287', 'https://phinf.pstatic.net/checkout/20210128_56/1611843586196AzINU_JPEG/review-attachment-04745aff-ce43-454c-b903-41eb5655008b.jpeg?type=f287']"
21.02.06.,5,유투브나 영화 보는거 좋아하시는 아버지 선물로 노트북 주문했어요~^^코로나때문에 외출이 힘든 요즘 너무 우울해 하셔서요^^역시 믿고 사는 삼성ㅎㅎㅎ포장부터 제품 외관디자인까지 정말 조으네요^^윈도우10 처음 깔아보는데 전혀 문제 없었구요 속도도 나쁘지 않았어요^^시력이 좋지 않으신 아버지를 위해 바탕화면 아이콘은 아주 크게 만들었네요ㅎㅎㅎ태블릿과 노트북 중 고민했는데 노트북이 더 나을 것 같애서 주문했습니다.중고 노트북도 30만원정도 하는데 새제품에 이정도면 가성비 정말 좋지 않나 싶네요^^ 아버지께서 잘 사용하셨으면 좋겠습니다. 아 윈도우 시작 프로그램 사이즈 더 크게는 안되는지 궁금합니다.한번 찾아봐야겠어요^^,"['https://shopping-phinf.pstatic.net/20210208_14/a9a1bc47-1654-4817-88eb-a3e2eed688a4.jpg?type=f287', 'https://shopping-phinf.pstatic.net/20210208_17/f70db20c-3a48-43ba-9c6b-1305e4f2a56a.jpg?type=f287', 'https://shopping-phinf.pstatic.net/20210208_24/01ce7002-7570-4def-ba46-502ae149a671.jpg?type=f287']"
21.01.12.,5,딸래미 인강용으로 사용하기 위해 구입하였는데... 디자인도 깔끔하고 예뻐요~~ 제품도 별다른 흠 없이 잘 왔어 참 다행이라 생각 합니다 딸이 윈도우 설치 직접하고 사용 중인데 무척 만족하는것 같아 무엇보다 기쁘네요^^ 다만 1월에 결제 했으면 삼성카드로 6할인 받을수 있었는데 그게 쫌 아쉽네요ㅜ,"['https://shopping-phinf.pstatic.net/20210114_6/bb664d80-7d08-4b2c-aa68-0b9c16a39254.jpg?type=f287', 'https://shopping-phinf.pstatic.net/20210114_16/45905ee9-388a-44ae-86e2-ea1166d554bc.jpg?type=f287', 'https://shopping-phinf.pstatic.net/20210114_11/6a953328-8159-4ba0-af7d-ee95a5e539ec.jpg?type=f287', 'https://shopping-phinf.pstatic.net/20210114_14/a0eecd13-7c0c-4388-aeee-2bbd794ad492.jpg?type=f287']"
21.01.20.,5,"노트북 이것저것 알아보다가
다 예약 판매라 오래 기다려야하는 상황이었어요
그런데 서치하던 중 삼성에서 저렴한 가격으로 새로나온 노트북 발견하고 카드 할인까지 중복으로 되길래 바로 결제 했습니다
배송은 결제후에 이틀 만에 왔어요!
파손된 곳 없이 무사히 왔습니다
제가 프리도스 노트북 처음 구매해봐서
윈도우 까는데 약간 어려움이 있었지만
판매자분께서 블로그에 정리 해주신거 보고 무사히 깔았습니다
메모리 추가없이도 속도도 빠르고 디자인과 색상 모두 마음에 드네요 ! 가성비 노트북 사실거면 고민마시고 이거 선택하셔도 후회 안하실 거에요 ㅎㅎ","['https://shopping-phinf.pstatic.net/20210121_24/ca5a59fb-84e8-4496-aa88-b75e1591e313.jpg?type=f287', 'https://shopping-phinf.pstatic.net/20210121_4/80ffa81f-cdef-4ec9-9fea-2f488ff3ab3a.jpg?type=f287', 'https://shopping-phinf.pstatic.net/20210121_29/ae15b3c5-654f-4c63-8c13-0938fc82a347.jpg?type=f287']"
20.09.11.,3,저번주 토요일에 시켰는데 이번주 목요일 낮1시쯤에 택배로 왔어요..조금만 더 빨리왔음 했는데 조큼 느렸어요ㅠㅠ손상도 적게 잘포장해서 보내줍니다~8기가 램만 추가해서 구매했구요!진짜 15인치 맥북 쓰다가 같은 15인치 삼성 노트북 이거 쓰니까 무게가 가벼워요~이것도 한몫하네요~윈도우는 따로 설치했는데 이게 usb도 인식을 펫만 읽어서 좀 애먹었어요^^;가격대 이정도에 삼성노트북이라니...꽤 오래쓸거 같네요~배송만 조금 더 빠르면 좋을듯 합니다 가격대비 괜찮아요~가성비갑?ㅎㅎ장점은 가볍고 가격좋고 기본기능 잘되고 램추가하면 꽤 빨리 돌아갑니다!!같이주신 마우스는 좀 뻑뻑하지만 내장이니까 뭐^^;;ㅎㅎ가성비갑으로 영상보고 음악듣고 유투브 보기엔 좋습니다!지인도 맘에 들어하네요!잘쓰고 또 후기 남길께요~,"['https://phinf.pstatic.net/checkout/20200911_271/1599751105304fRG29_JPEG/review-attachment-66ef13a0-d495-44b6-a0b3-124cbb192bfa.jpeg?type=f287', 'https://phinf.pstatic.net/checkout/20200911_95/1599751105359IborH_JPEG/review-attachment-ba7d1a44-bee7-4e4a-8ff3-8cee30062a6d.jpeg?type=f287', 'https://phinf.pstatic.net/checkout/20200911_209/1599751105331i9aWz_JPEG/review-attachment-bcb48359-f28b-4db7-a8cf-4fe06e90d265.jpeg?type=f287', 'https://phinf.pstatic.net/checkout/20200911_86/1599751105587OVtfX_JPEG/review-attachment-051e517c-4316-41ad-ab27-2aea01079a3c.jpeg?type=f287']"
21.01.28.,5,사무실에서 업무용으로 오늘 받았고 바로 윈도우 오피스 설치하고 현재 사용중입니다. 일단 오피스나 웹 띄우는데는 버벅임 없이 아주 좋네요. 셀러론이라는 한계점은 분명 있겠으나 게임은 전혀 안하고 문서작업이나 자료 찾는 용도로는 전혀 무리가 없을 것 같습니다. 무게도 생각보다 무겁지 않아서 태블릿처럼 항상 휴대하고 다니기는 어렵겠지만 출장갈때 백팩이나 가방에 넣어 가지고 다니기는 좋을 것 같습니다. 배송도 빨랐고 전반적으로 만족합니다. ^^,"['https://shopping-phinf.pstatic.net/20210130_29/10b53e4f-29ad-4747-94f5-0106c2f3b637.jpg?type=f287', 'https://shopping-phinf.pstatic.net/20210130_16/1f902f27-8307-490e-ab66-74785b37630d.jpg?type=f287', 'https://shopping-phinf.pstatic.net/20210130_2/2c0ba4ee-44ed-4109-8414-b6a1f5314ec6.jpg?type=f287']"
21.03.24.,5,삼성전자 노트북 플러스2 NT550XDZ-AD1AG 사무 인강용 학생 노트북 그레이 색상을 주문했는데 이틀만에 도착했어요.고등학생 자녀가 필요해서 사주었는데 개봉만 하고 아직 테스트는 못해봤습니다.구매 후기 글들이 많아 가성비 좋은 제품을 선택했다고 생각합니다.윈도우 설치와 오피스 설치를 해주고 행사를 진행하면 대박나지 않을까 생각됩니다.,"['https://phinf.pstatic.net/checkout/20210324_21/1616594231186Ot4rL_JPEG/review-attachment-3607a180-da6b-45d6-88f9-de0e1b5bec80.jpeg?type=f287', 'https://phinf.pstatic.net/checkout/20210324_293/1616594246981RCQzy_JPEG/review-attachment-a37568bd-73dd-4e2b-b232-b1e438d97ab9.jpeg?type=f287', 'https://phinf.pstatic.net/checkout/20210324_73/16165942741282dY1J_JPEG/review-attachment-caea8956-3ed6-4cea-b632-8032a2ee6cea.jpeg?type=f287']"
21.02.16.,4,오랜 시간동안 검색하고 고민하다가 삼성제품으로 결정하고 9일 오전에 주문하였는데 12일이 설인데 그전에 도착이 안되고 계속 용산 택배회사에만 머물러 있다고... 15일에 스피드썬에 전화드렸더니 확인후 연락하겠디고 한후 죄송하다고 최대한 빨리 배송하겠다고 연락이 온후 저녁에 배송이 되었습니다. 기쁜마음으로 받아야 하는데 몇일을 창고에 있던 제품을 받으니 짜증이 확나네요. 어떻게 보면 사소하고 별것 아닐수 있지만 주문하 다음날에 대부분 받는 제품을 6일이나 걸려서 받으니 짜증나고 매장에서 구매할것이라는 생각입니다. 뭐 앞으로 제품이 고장없이 사용힐수 있으면 하는 바람입니다. 솔직히 그냥 열어보고 기존 노트북옆에다 방치하고 있습니다. 참 자판터치감이 너무 이상해서 키보드는 구매해서 사용할 예정입니다.,"['https://shopping-phinf.pstatic.net/20210218_4/0ff18479-3627-4a90-80d2-3211e9ad107e.jpg?type=f287', 'https://shopping-phinf.pstatic.net/20210218_1/9c3ff69b-ade6-4c22-a85e-5c9c12382072.jpg?type=f287', 'https://shopping-phinf.pstatic.net/20210218_24/f1d3ae14-83b1-4a01-94c3-0bc9c1fe6d86.jpg?type=f287']"
21.02.28.,5,아이 영상수업용으로 구입해서 세팅하고보니 제 재택근무용으로도 손색 없을 것 같네요. 이렇게 쓸만한걸 40만원도 안되게 사다니 잘 산것 같습니다. 화면 쨍하고 소리도 좋네요. 그리고 내장된 드라이버에서 알아서 다 세팅해주니 편합니다.,"['https://shopping-phinf.pstatic.net/20210302_19/ad95f2fd-6122-4c8b-9c54-0a1074e5af51.jpg?type=f287', 'https://shopping-phinf.pstatic.net/20210302_14/535dd70b-a196-452c-8c74-05660ed7f73b.jpg?type=f287', 'https://shopping-phinf.pstatic.net/20210302_25/bfcc2e55-a8dc-4319-bc5f-d624b2a3956b.jpg?type=f287', 'https://shopping-phinf.pstatic.net/20210302_6/3640b248-d1aa-4553-b3a7-89f1a042ae6a.jpg?type=f287']"
21.01.28.,5,"사용하던 노트북이 갑자기 전원이 안 들어와서 서비스센터에 갔더니, 메인보드 고장이라고 수리비가 새로 한 대 사는 가격이라 그냥 왔습니다. 가성비 좋은 노트북을 찾던 중에 삼성 노트북을 사게 되었네요. 기본적인 문서 작업과 동영상 시청에는 기본 사양도 좋은 것 같아요. 기존에 쓰던 노트북보다 화면이 커서 좋네요. 그대신 무게는 당연히 더 나가구요. 기존에 사용하던 노트북도 화이트였는데, 이번에도 화이트로 구입했어요. 역시 화이트가 예쁘네요.","['https://shopping-phinf.pstatic.net/20210130_18/131a5178-08cf-4764-a0c1-d64611c0deac.jpg?type=f287', 'https://shopping-phinf.pstatic.net/20210130_17/e54480c0-0ddb-4b40-a15f-93279e3adc44.jpg?type=f287', 'https://shopping-phinf.pstatic.net/20210130_22/dfd2a4a7-505c-4ac5-8d16-ff79f839b42b.jpg?type=f287']"
21.02.19.,5,하루집배센터에서 잠자고 3일만에 드디어 도착했네요 포장박스를 풀고 실물을 보니 우선 심플하고 깔끔하네요 드디어 전원켜고 윈도우를 설치했네요 한글도 설치하고 마이크로소프트 오피스 설치하고 인터넷도 연결되었다 이제 인터넷 창을 열고나니까 멩모리가 4기가지만 속도도 불편하지 않게 쓸수 있네요 우리딸도 오 좋은데 하고 만족하네요 나중에 램만 추가하면 가성비 좋은 노트북이네요 잘쓸게요,"['https://shopping-phinf.pstatic.net/20210221_0/5555adc6-2419-4a24-b7a5-952ed4f0aad6.jpg?type=f287', 'https://shopping-phinf.pstatic.net/20210221_16/a0a1e9fa-a8be-4f85-b91a-bb55a120b9e6.jpg?type=f287', 'https://shopping-phinf.pstatic.net/20210221_15/749c59bf-e0d6-4e40-b366-6dd0b853e7a0.jpg?type=f287']"
21.03.18.,5,"집에서 간단하게 문서 작업, 인터넷 검색, 동영상 시청, 유튜브 용도로 필요한 노트북을찾다가 삼성노트북 플러스2 NT550XDZ-AD1AG을 찾게 되었습니다.오늘 받아서 보니 화면보다 훨씬 더 깔끔하고 편하더라고요.그리고 생각보다 가벼워서 가지고 다니기 편해요.가성비 좋은 노트북을 찾는 분께 추천해요.감사합니다.","['https://shopping-phinf.pstatic.net/20210320_2/628f5302-f628-470f-b908-7b382900ba81.jpg?type=f287', 'https://shopping-phinf.pstatic.net/20210320_9/624f8394-5d0f-43c9-94b6-466cc7387cd0.jpg?type=f287', 'https://shopping-phinf.pstatic.net/20210320_27/20769717-2808-4a0f-a14c-3f2b04462de6.jpg?type=f287']"
21.02.23.,5,"중등 딸 온라인 수업 밎 인강용 노트북 찾고 있었는데 딱이다 하는 상품을 찾아 감동입니다
가격 물론 부담없이 훌륭하고 디자인은 말할것도 없으며 무게도 적당하여 이동 사용도 충분합니다
중고등용으로 2/256 용량으로 구입하면 충분히 사용 가능하며 왼도우가 미포함이라 좀 아쉽다 생각했지만 큰문제 없이 해결되어 훌륭합니다","['https://phinf.pstatic.net/checkout/20210223_195/1614087726416G6hzd_JPEG/review-attachment-93958143-6672-47dd-ba19-49f59ad0940d.jpeg?type=f287', 'https://phinf.pstatic.net/checkout/20210223_191/1614087738117K4Loc_JPEG/review-attachment-452b5b94-7c5c-4355-bc7a-54c2cb81e79a.jpeg?type=f287', 'https://phinf.pstatic.net/checkout/20210223_246/1614087751592FXWWB_JPEG/review-attachment-d1096f99-209e-422e-baa5-91cb733daacf.jpeg?type=f287']"
21.02.06.,5,너무 늦게 상품평을 남기게 되네요ㅋㅋ기존에 있던 노트북이 거의 10년이 다 된건데 부팅하는데 15분이 걸리게 되어 결국 보내주고 이번 노트북을 사게 됐어요. 아직 쓰면서 눈에 띄는 단점은 못찾았어요ㅋㅋ빠르기도 빠르고요. 의외인 장점은 소음과 발열이 정말 잘 잡힌다는 겁니다. 고사양이 필요한 작업에는 맞지 않겠지만 간단한 업무용으로는 가격도 성능도 이만한게 없는 것 같아요. 곁에 두고 늘 쓰는거니까 a/s어려우면 난감한데 삼성은 그럴 걱정은 없으리라 생각합니다,"['https://phinf.pstatic.net/checkout/20210206_157/1612581234362H7Px2_JPEG/review-attachment-ef9f23c2-15b7-4e1e-adc6-31aa0dfc38ca.jpeg?type=f287', 'https://phinf.pstatic.net/checkout/20210206_255/1612581249452ga716_JPEG/review-attachment-ae3f47c1-1581-4b60-8da4-12a52897b14b.jpeg?type=f287', 'https://phinf.pstatic.net/checkout/20210206_233/1612581267788Xl90b_JPEG/review-attachment-7a62063d-5d58-43fa-8b6c-69d6465dc8d8.jpeg?type=f287']"
21.02.01.,5,"장인어른 구매해드렸습니다~ 깔끔한 디자인에 기본 사무용으로 사용하기 무난합니다. 조용하고 설치도 간단합니다. 논Os깔때 문제는 드라이버인데, 파티션따로마련되어있고 거기에 간단하게 기본제공되는프로그램과 드라이버 깔수있게 세팅 되어있네요.","['https://phinf.pstatic.net/checkout/20210201_123/1612152167266C1gb2_JPEG/review-attachment-de42c4c0-7cf7-405a-b49a-c7e4de93a90b.jpeg?type=f287', 'https://phinf.pstatic.net/checkout/20210201_174/1612152172597GwUne_JPEG/review-attachment-4a5909ce-b244-4517-b105-d8e953bc8484.jpeg?type=f287', 'https://phinf.pstatic.net/checkout/20210201_95/1612152177431mpQ1d_JPEG/review-attachment-27d97381-afa8-40e0-8e14-7d587fda88ca.jpeg?type=f287', 'https://phinf.pstatic.net/checkout/20210201_61/16121521822687E7UW_JPEG/review-attachment-bc6d2505-aa7c-48de-941d-28b46636467a.jpeg?type=f287']"
21.02.16.,5,"최근에 아빠가 제 태블릿pc로 컴퓨터를 하시다보니 너무 작은화면에 숫자키패드가 없어서 굉장히 불편해하셔서 새로 노트북을 알아보게된건데, 제일 중요하게 생각했던게 화면크기인데 정말 커서 너무 좋아하시네요!! 그리고 이정도 퀄리티의 노트북을 이 가격에 살수 있다는게 너무 놀라워요ㅎㅎㅎ적극 추천하는 가성비있는 노트북입니다!!!","['https://phinf.pstatic.net/checkout/20210216_62/1613458317405kYoNa_JPEG/review-attachment-aa76a66e-be5f-4601-b69e-f541c98c652e.jpeg?type=f287', 'https://phinf.pstatic.net/checkout/20210216_6/1613458317401Cizxq_JPEG/review-attachment-fd76fe1b-b626-4d59-a981-fbe255647144.jpeg?type=f287', 'https://phinf.pstatic.net/checkout/20210216_103/1613458317774eUMiv_JPEG/review-attachment-3ab461d2-b59c-4bae-92f8-639315a914fe.jpeg?type=f287']"
21.01.17.,5,"공부가 즐거운 꿀딸을 위한 엄마아빠의 입학 선물🎁
#지금처럼만자라다오🙏 #초등학교입학선물

딸아이 인강 목적으로 가성비 좋은 노트북으로 추천받아 샀지만, 아내가 더 탐내는 기대 이상의 #삼성노트북플러스2
개인적으로 화이트 컬러가 깔끔하게 예쁘고, 경량 노트북에 비하면 무거운 편이지만 어린아이에게는 막 들수 없어 오히려 안정적이네요.
속도 훌륭하고, 디자인 예쁘고, as걱정 없는, 무엇보다 가성비 최고! 딱 잘 샀어요 👍
#내돈내산후기 #후기이벤트 #이벤트참여","['https://phinf.pstatic.net/checkout/20210117_191/1610876349398sHtu1_JPEG/review-attachment-b8930698-9aa4-4dda-9067-684a56415a50.jpeg?type=f287', 'https://phinf.pstatic.net/checkout/20210117_286/1610876351701xdJmj_JPEG/review-attachment-5e90c4b4-da43-4af0-801f-be59e12e6194.jpeg?type=f287', 'https://phinf.pstatic.net/checkout/20210117_35/1610876353614cgebO_JPEG/review-attachment-972379f4-425f-42bc-8862-9e69705df64e.jpeg?type=f287']"
21.03.08.,5,"쓰던노트북이 오래되서 소리도 많이나고 너무 무거워 바꾸려고 저렴한 노트북을 찾던중에 오빠가 삼성노트북플러스2를 추천해주어서 눈여겨보았습니다.저같은경우는 노트북으로 인간,줌,동영상시청,문서작성같은 기본적인것들만 하기때문에 저에게 아주 적합합니다!! 저렴해서 의심을 많이했는데 아주 만족합니다~!!","['https://shopping-phinf.pstatic.net/20210310_12/b331edc3-6dde-4b12-b373-6026f693a9d1.jpg?type=f287', 'https://shopping-phinf.pstatic.net/20210310_14/550c1a7c-0325-4b2e-a5fb-6cbb2f3e8383.jpg?type=f287', 'https://shopping-phinf.pstatic.net/20210310_10/28f50f13-191c-4b25-86c9-7b74f1a3dc40.jpg?type=f287']"
21.01.25.,5,다른 후기들 처럼 진짜 가성비 갑이에요!! 상세정보처럼 그래픽카드가 있는 고사양은 아니지만 인강용이나 웹쇼핑 문서 작업으로는 딱이네요ㅎ! 사은품으로 주신 마우스도 써보니 맘에 들어요. 디자인도 너무 ㅇㅖ쁘구요:) 다만 단점이라면 좀 무겁다? 정도네요. 윈도우10정품도 개봉설치 해주시는데 까는거 별거 아니라고 하시겠지만 저같은 컴맹에게는 더할나위없이 좋은 서비스네요ㅠ,"['https://phinf.pstatic.net/checkout/20210125_290/1611569254463c0nqW_JPEG/review-attachment-5e95d023-8f78-467f-8b45-e06db835d578.jpeg?type=f287', 'https://phinf.pstatic.net/checkout/20210125_185/1611569254368xVmTC_JPEG/review-attachment-06eddbff-c3f1-4262-8f97-79f5fb22d2ed.jpeg?type=f287', 'https://phinf.pstatic.net/checkout/20210125_147/16115692570372ke6e_JPEG/review-attachment-f28bf421-578f-4e69-b6bd-95bf765201c1.jpeg?type=f287']"
21.02.10.,5,"가격, 성능, 디자인!
가성비 좋고 최신 모델이라는 점이 너무 맘에 드네요.
윈도우 설치는 설명대로 따라하니 금방 됐고요. 추가 드라이버 설치도 쉽게 할 수 있었습니다.
아이들 학습용과 아내의 간단한 업무용으로 사용하기에는 부족함 없는 제품 같습니다.
배송도 아주 빨라서 좋았습니다.","['https://phinf.pstatic.net/checkout/20210210_260/1612947377927j6Nsi_JPEG/review-attachment-d319e9aa-f63d-40c7-bace-39764f7cc4d5.jpeg?type=f287', 'https://phinf.pstatic.net/checkout/20210210_277/1612947389427qCu28_JPEG/review-attachment-3f8ca328-7c0f-4741-afb1-44e1509620cf.jpeg?type=f287', 'https://phinf.pstatic.net/checkout/20210210_24/1612947396649X2HLU_JPEG/review-attachment-2c1e2268-cba6-40a5-a9c1-e9f4ec74a21f.jpeg?type=f287']"
20.10.16.,5,이 번이 두번째 구입 입니다 아이들 동영상 강의용으로 구입했는데 디자인이 상당히 예쁘고 노트북이 상당이 빨리 작동합니다 이 가격에 이정도 사양이면 최고인 것 같습니다 게임할 것 아니고 학생들 문서작성하고 동영상 강의듣기에는 최고입니다 그리고 삼성이라는 이름 값은 할것이라 봅니다 . 사업 번창하세요 ^^,"['https://phinf.pstatic.net/checkout/20201016_1/1602794334640Tka91_JPEG/review-attachment-b46fe686-d9b2-4a61-a0e2-8fd9184ba332.jpeg?type=f287', 'https://phinf.pstatic.net/checkout/20201016_279/16027943555569F13C_JPEG/review-attachment-6d44bf6b-ad80-476b-bff0-8c22facd9b7d.jpeg?type=f287', 'https://phinf.pstatic.net/checkout/20201016_54/1602794377540hcQEc_JPEG/review-attachment-b846ffa2-84b8-4926-80ac-a4424b8e2191.jpeg?type=f287', 'https://phinf.pstatic.net/checkout/20201016_217/1602794468725Gi4hR_JPEG/review-attachment-29bfdf0a-5fc2-4f3f-a487-f9ff1dde57de.jpeg?type=f287']"
21.02.21.,5,간단한 사무나 인강용으로 최강이네요 디자인도 깔끔하고 좋습니다.무게도 적당한 편이라 들고다녀도 별 무리없이보입니다.메모리및 하드디스크 추가 공간도 있어성능확장하는데 좋을것 같습니다.다른분 구입하신다면 강력 추천해주고 싶네요^^,"['https://shopping-phinf.pstatic.net/20210223_1/222a17c6-148c-4b3e-9e4e-c5c872d99b85.jpg?type=f287', 'https://shopping-phinf.pstatic.net/20210223_11/e577304f-a495-436e-a827-13df5a652797.jpg?type=f287', 'https://shopping-phinf.pstatic.net/20210223_3/e6d3ab01-0efa-4637-a951-e07f9afbc818.jpg?type=f287']"
21.03.23.,5,전에 사용하던 노트북이 느려지고 마침 구매 할 기회가있어서 알아보다가 노트북플러스2 제품이 가성비가 좋아보이길래 샀습니다! 배송받고나서 윈도우 설치하고 켜봤는데 속도도 빠르고 유튜브 고화질 영상도 잘 돌아가고 화질도 좋고 저는 너무 만족합니당 ㅎㅎㅎ 디자인도 나름 슬림하고 고급스럽고 이뻐요! 또 포트도 다양한 종류가 있어서 이것도 맘에들어요! 잘 사용할게용 감사합니다,"['https://phinf.pstatic.net/checkout/20210323_140/1616473289475inUHX_JPEG/review-attachment-9670bec0-351c-4129-a62d-0dfded058fc4.jpeg?type=f287', 'https://phinf.pstatic.net/checkout/20210323_246/1616473293880ojnBD_JPEG/review-attachment-652e2b2b-6b00-427b-a091-2511c1720b73.jpeg?type=f287', 'https://phinf.pstatic.net/checkout/20210323_82/1616473296799uc1mO_JPEG/review-attachment-5c83ac1d-9b07-47b6-bce5-d5ee28108066.jpeg?type=f287']"
21.03.10.,5,"이번에 대학교에 입학을 하게 되면서 노트북이 필요해 알아보던 중 싼 가격에 문서작업, 인강용으로 충분한 삼성노트북을 발견 했습니다 후기를 보던중 기본 4GB보다는 8GB로 올리는게 낫다는 후기를 보고 업그레이드를 했는데 정말 하기를 잘 했네요 ~~ㅎㅎ 왜 강력추천을 하는지 알겠습니다 ㅋㅋㅋ 그리고 배송도 정말 빨랐습니다 ~!! 제가 오후6시 조금 넘어서 시켰는데 다음날 아침에 바로 배송을 보내셨더라구요 덕분에 빨리 받을 수 있었습니다 ~~ㅎㅎ 색상도 정말 예쁘고 단점이라곤 찾아볼 수 없네요 ~~ 번창하시길 !!","['https://phinf.pstatic.net/checkout/20210310_288/1615338052556Er1Ql_JPEG/review-attachment-c24bf679-690a-473d-a068-e01d812fc989.jpeg?type=f287', 'https://phinf.pstatic.net/checkout/20210310_171/1615338057019J219y_JPEG/review-attachment-6b18e4a0-ff22-4f67-beca-202867b824b6.jpeg?type=f287', 'https://phinf.pstatic.net/checkout/20210310_260/1615338062168au2Gb_JPEG/review-attachment-b479213a-cdf2-447f-95aa-10e21eff4b3c.jpeg?type=f287']"
21.03.09.,5,배송도 빠르고 제품도 삼성제품 치곤 가성비가 좋은 것 같다. 저렴한 제품 임에도 제품 마감이나 디자인등은 역시 삼성제품이구나 할 정도 깔끔한 것 같다. 테스트해 보니 사무용이나 인강용으로는 손색이 없는것 같다. 제품 무게 역시 아주 가벼운 정도는 아니지만 가격대비 가벼운 듯 하다.주변에 누가 삼성 제품으로 찾으면 추천할만 한 제품인 것 같다.,"['https://shopping-phinf.pstatic.net/20210311_23/fb602789-e532-4ec3-97e5-ea59bb82708e.jpg?type=f287', 'https://shopping-phinf.pstatic.net/20210311_6/c0e65ddc-c7ad-4b00-97a2-c751be71636b.jpg?type=f287', 'https://shopping-phinf.pstatic.net/20210311_7/14a6c334-be4d-4a94-b7c9-2357789ea78a.jpg?type=f287']"
21.03.15.,5,가성비 최고의 삼성 노트북 플러스2 특별히 게임을 하지않는 성향이어서 가성비를 따져서 몇날 몇일을 고민하면서 골랐는데 택배가 도착하고 나서 윈도우 설치하고 직접 써보니 저한테는 인터넷 무리없이 되고 문서작성등 불편하지 않게 잘 사용하고 있습니다. 특별히 고사양의 노트북을 찿지 않으시면 강추합니다. 같이 주신 유선 마우스도 만족스럽게 잘 사용하고 있습니다. 감사합니다.,"['https://shopping-phinf.pstatic.net/20210317_1/96454ae2-4293-4bea-b0a5-65da68bb75eb.jpg?type=f287', 'https://shopping-phinf.pstatic.net/20210317_27/a4b9b36e-e308-4685-8adb-7becbcc7a6f6.jpg?type=f287', 'https://shopping-phinf.pstatic.net/20210317_27/bf48d061-3ba2-42be-8ef3-bc6cc4faf876.jpg?type=f287']"
21.01.19.,5,아버님 인강용으로 하나 주문해드렸어요 일단 국산제품을 선호하시는 어른들 입맛에 맞게 저렴한가격에 고급진외관을 가지고있어서 윈도우설치하면서 쭉봤는데 만족스럽게 잘만들어진것같아요 배송도 빨랐음 2월에 올줄알았는데 만족해요,"['https://shopping-phinf.pstatic.net/20210120_5/73a93b36-dbd1-41a9-867e-ff425da6438a.jpg?type=f287', 'https://shopping-phinf.pstatic.net/20210120_10/b894439f-3835-495a-888f-2dc2b8deb6f7.jpg?type=f287', 'https://shopping-phinf.pstatic.net/20210120_19/81dae8c0-97bd-4515-90fc-7274abc3f4d0.jpg?type=f287']"
21.02.23.,5,"이 제품 출시하기 전에 비슷한 가격대의 레노버 노트북을 사려 했는데 그거 안 사길 정말 잘 한 거 같습니다.작동 이상없이 잘 되고 디자인도 마음에 듭니다.저가형 노트북으로 잘 나온 거 같습니다.한가지 아쉬운 점은, 노트북을 처음 사용하는 사람을 위해 운영체제 설치하는 방법이 있었으면 좋았을 거라는 점 입니다.윈도우10을 별도 구매 후 바이오스로 들어가는 방법을 몰라 인터넷 검색해보니 F2키를 눌러 들어가라고 해 그거 보고 겨우 들어갈 수 있었습니다.우여곡절 끝에 들어왔는데 바이오스 환경에서 설정을 어떻게 해야하는지 아무데도 나와있지 않은 게 매우 아쉽습니다.이것도 인터넷 검색으로 알아보았는데, 검색한 것도 설정 방법이 다른 것들도 있고, 검색 내용에 나온 거와 직접 하는거와 차이도 있어서 뭘 누르고 해야하는지 해매기도 했습니다.이 부분이 참 아쉽습니다.판매글에 설치 방법이 있거나 노트북 설명서에라도 있었으면 편하고 간단하게 설치 했을텐데 소비자를 위해 조금 더 신경을",[]
21.03.15.,5,"회사에서 빔프로젝터 PPT 전용으로 사용하려고 구매했어요. 윈도우 10의 돋볻기 색상반전기능을 사용하여 잘 사용하고 있습니다. 15인지 화면도 넉넉하고, 램 4기가라도 인터넷 빠릅니다. 전체적으로 만족합니다. 역시 삼성, 가성비가 좋아요.","['https://phinf.pstatic.net/checkout/20210315_130/16157859516951QD9N_JPEG/review-attachment-0e85e2d1-42cf-4fed-8dc5-1882f508899e.jpeg?type=f287', 'https://phinf.pstatic.net/checkout/20210315_259/1615785963803dAHJX_JPEG/review-attachment-035f5c17-3733-41a9-b4eb-3cb8caf03583.jpeg?type=f287', 'https://phinf.pstatic.net/checkout/20210315_271/1615785974344BU2AL_JPEG/review-attachment-f3adda4a-7a87-4732-9d25-d756cea3985d.jpeg?type=f287']"
21.02.15.,5,"일요일에 발송해주시다니진짜감동입니다 ㅋㅋ
저렴한금액으로 노트북살수있어서너무좋아요 잘쓸게요 상품와서 신나서 리뷰후딱적었는데 이제야 노트북다깔고 켜서 추가리뷰남겨요 일단 화질이 이 금액보다4배더비싼 저희집노트북이랑 비교했을때도 떨어지지않구요 전원버튼 안보여서당황했는데 버튼이너무깔끔해요♡키보드가 손에 찰지게 처져서 맘에들구요 속도도빠릅니다 ㅎㅎ","['https://phinf.pstatic.net/checkout/20210215_238/1613385520725cVTND_JPEG/review-attachment-0a70bcb1-edb9-4a57-8104-0e25d46eb5da.jpeg?type=f287', 'https://phinf.pstatic.net/checkout/20210217_137/1613539958750R05tw_JPEG/review-attachment-ecabe618-e610-43f0-9977-842d98c6b06a.jpeg?type=f287', 'https://phinf.pstatic.net/checkout/20210217_293/1613539964596GUjGM_JPEG/review-attachment-d5175666-4fe1-444e-b9fb-753bba706750.jpeg?type=f287']"
21.01.24.,4,"#삼성전자노트북 플러스2 #초등학교 줌수업
초등학생 자녀가 2명 아침마다 줌수업하느라
노트북이 필요했는데 인터넷이나 일반 사무업무
정도는 무리없이 사용가능 하다고 해서 구매~
디자인도 깔끔 성능 또한 잘 돌아가네요.
책상에 올려놓으니 아이가 넘 좋아해서 잘샀다 싶네요.","['https://phinf.pstatic.net/checkout/20210124_264/16114808785102yaGW_JPEG/review-attachment-76f86709-841d-4477-8e6b-f4fc0c4429f0.jpeg?type=f287', 'https://phinf.pstatic.net/checkout/20210124_16/1611480884522k9tvD_JPEG/review-attachment-853c6dc6-8cd5-47ae-9dd2-1024c7b8a74e.jpeg?type=f287', 'https://phinf.pstatic.net/checkout/20210124_71/1611480896291YlHl9_JPEG/review-attachment-7c1cec3a-cdb9-4ced-9680-dbffe039d1ed.jpeg?type=f287']"
21.02.19.,5,2대 샀어요~~ 국민카드 할인 받아서 38만원대~~ ㅎㅎ 아들이 하나 쓰고 제가 하나 쓰려고 샀는데 요즘 프로그램때문에 4g는 좀 작아서 늘려야겠더라구요~ 업그레이드 전이긴 하지만 업그레이드 쉬운게 장점~이잖아요~ 램 슬롯도2개~~,"['https://shopping-phinf.pstatic.net/20210221_14/0a62e398-e9ac-4720-9a9d-dee9091e31b7.jpg?type=f287', 'https://shopping-phinf.pstatic.net/20210221_16/ea6e0dc8-ba95-409d-a37c-014c1b13aca9.jpg?type=f287', 'https://shopping-phinf.pstatic.net/20210221_15/9150995c-f37f-448c-a7ee-82a91e3f84ca.jpg?type=f287']"
21.03.15.,5,"3주차에 배송한다고해서 어느정도 걸리겠구나했는데
배송도 구매한 다음날 바로해주셔서 빨리 받았습니다.
가격대비 가성비가 아주좋네요. 코로나 때문에 아이들 화상수업으로 집에있는 데스크탑, 노트북 다 뺐겨서..^^
구매할지 고민했는데 만족스럽습니다.","['https://phinf.pstatic.net/checkout/20210315_43/1615812855027RUXhO_JPEG/review-attachment-319d9047-cb80-41c6-834e-46c53f5ba2c8.jpeg?type=f287', 'https://phinf.pstatic.net/checkout/20210315_280/1615812905163wYKpa_JPEG/review-attachment-0c1b3e50-ccb3-42d9-9b65-ab86d791d30e.jpeg?type=f287', 'https://phinf.pstatic.net/checkout/20210315_229/1615812916285lcUFL_JPEG/review-attachment-e107966e-ad25-43a1-b7e3-1e51386ec572.jpeg?type=f287']"
21.01.14.,4,"이번에 2021년에 공부를 위해 인강용 노트북을 찾던 중 이 노트북을 찾고 구매하였습니다. 부담없는 가격과 15.6인치의 화면에 비해 가벼운 무게가 너무나도 좋았습니다. 또한 가격에 비해 고급진 디자인도 너무나도 좋았습니다. 실제로 사용해보니 온라인 강의, 학습 등의 용도로 사용하기에는 부담이 없었으며 좋았습니다. 좋은 제품감사했습니다. ㅎㅎ","['https://shopping-phinf.pstatic.net/20210116_15/b97a8ceb-41b4-471f-8fd8-7bd86a6976e5.jpg?type=f287', 'https://shopping-phinf.pstatic.net/20210116_2/f67b7f24-41e1-48fa-8a9b-ea8d9eb1a319.jpg?type=f287', 'https://shopping-phinf.pstatic.net/20210116_16/e3a45b1e-b0f5-4803-b599-9641792afc02.jpg?type=f287']"
21.02.16.,5,"온라인수업 및 인터넷강의 시청 때문에 구매하게 되었습니다~ 부팅, 인터넷 로딩 속도(검색 및 동영상 시청)가 빨랐습니다 인터넷 강의를 볼 때도 끊김이 없고 음질도 괜찮아서 편안하게 시청할 수 있었습니다 디자인도 심플하여 마음에 들었고, 화질도 좋아 가격대비 너무 좋은 제품인것 같습니다!","['https://shopping-phinf.pstatic.net/20210218_18/b985c3ef-bb15-4452-b11e-77df89dc2416.jpg?type=f287', 'https://shopping-phinf.pstatic.net/20210218_5/12b15578-b5ca-47df-86f1-e0d9d5d24e07.jpg?type=f287', 'https://shopping-phinf.pstatic.net/20210218_4/4d52e6d5-9c0c-4372-8904-4aa624761433.jpg?type=f287']"
21.01.11.,5,"사무실 직원들이 노트북이 필요해져서
전부터 꽤 여러대 구매했던 제품인데 노트북츨러스2로 새로나왔다길래 또 구매했습니다
가성비면에선 뭐 더 말할 것도 없이 훌륭하네요
이걸 누가 40만원대 저가형 노트북이라고 생각함요? 삼성전자 대단..
포인트혜택에 리뷰 이벤트 사은품? 까지 받으면 오히려 뭐 소비자가 더 많이 챙겨가는 느낌이네요 번창하세요 사장님","['https://phinf.pstatic.net/checkout/20210111_258/1610323822001qYRJ5_JPEG/review-attachment-511052ce-99ad-493b-b90e-d23689d4d778.jpeg?type=f287', 'https://phinf.pstatic.net/checkout/20210111_168/1610323821885dVi4V_JPEG/review-attachment-f546c52e-1d6f-44f0-a0d3-f1f0c63d0a46.jpeg?type=f287', 'https://phinf.pstatic.net/checkout/20210111_135/1610323822534XPTBH_JPEG/review-attachment-5127d382-980c-4103-97a4-efb2bd09b056.jpeg?type=f287']"
21.03.10.,5,"오늘드디어노트북이도착하였습니다
흰색노트북을주문하고싶었으나 바로배송이 안된다고하여 그레이로주문했습니다
그런데 생각보다 그레이색상도 이쁘더라구요~
노트북받고윈도우프로그램은지인찬스써서쉽게설치하였습니다
배송은어제도착할줄알고 기다렸는데 생각보다하루늦게도착하였지만 그래도 노트북이 맘에드니 만족합니다","['https://phinf.pstatic.net/checkout/20210310_251/16153838630421ntWi_JPEG/review-attachment-4b3faafc-2fc4-466a-acb3-7163ab651c71.jpeg?type=f287', 'https://phinf.pstatic.net/checkout/20210310_220/1615383879917VJdY7_JPEG/review-attachment-45e82cbf-306f-4d24-99b9-6c6f43d01910.jpeg?type=f287', 'https://phinf.pstatic.net/checkout/20210310_128/1615383890286NQDO2_JPEG/review-attachment-e2ae0711-531a-43a5-a64e-e0fde14ff0fd.jpeg?type=f287']"
21.02.25.,5,올해 대학생으로 올라가서 노트북을 사게 되었는데 삼성전자 노트북 플러스2가 때마침 나와서 사게되었습니다. 배송은 정말 빨라요! 시킨지 일주일? 만에 집에 도착했습니다. 처음에는 많은 걱정을 하였지만 노트북을 인강용이나 유튜브를 보는 용도로만 쓰는 저에게는 충분하게 쓰인것 같습니다. 친구들과 영화를 같이 볼 수 있을만큼 화질도 괜찮고요. 개인적으로 화질이 너무 깨끗하게 잘나오는것 같아서 좋다고 생각하고있습니다. 노트북 소리도 작고 들고다니기도 정말 좋아서 잘쓰고 있습니다. 추천합니다.,['https://shopping-phinf.pstatic.net/20210227_5/4980b5c7-876d-47cf-a780-e9da4b7c76cb.jpg?type=f287']
21.02.07.,5,노트북 너무 좋네요곧 이사가는데 데스크탑 자리만차지하고 자주사용하지않아서 처분하고 노트북 며칠동안 비교해보고 삼성 노트북플러스2로 구매했는데 정말 잘산거같아요 저렴한가격 만족스런사양 디자인까지 완전 좋네요아주 심플한 디자인에 시크한 그레이색상까지 맘에 쏙 들고사은품으로 마우스까지 ㅎㅎ 감사합니다,"['https://shopping-phinf.pstatic.net/20210209_3/f2e3c43b-e0ca-4141-a028-432903f76ca6.jpg?type=f287', 'https://shopping-phinf.pstatic.net/20210209_20/310e2df9-d556-4314-9020-a4ec981fde0d.jpg?type=f287', 'https://shopping-phinf.pstatic.net/20210209_2/b12deeb6-676b-4739-9a0c-efb36d9bcce2.jpg?type=f287']"
21.03.21.,5,"삼성 노트북, 가성비 좋은 기능인데 저렴한 가격에 구매했어요. 함께 보내주신 사은품인 삼성 마우스와 키스킨 그리고 윈도우 설치용 유에스비까지 보내주셔서 푸짐하고 알찬 구성에 또 한번 만족했어요. 처음엔 드라이비 설치가 노트북내 있는지 모르고 설치에 버벅거렸는데 이것저것 뒤적이다 발견하고 이후 윈도우 설치용 유에스비로 손쉽게 설치하고 키번호 입력후 사용할 수 있었어요. 또, 일반 사무용 문서작업으로만 사용할거라 램 8기가만 추가했는데 속도도 빠르고 사용하는데 불편함이 없어요. 삼성 노트북과 알찬 구성의 사은품까지 착한 가격에 구매해서 주변 지인들에게도 열심히 홍보중이에요. ^^ 그리고 구매시 색상 선택에 있어 고민했었는데 고급진 그레이를 선택했는데 은은한 펄감에 고급짐이 묻어나 탁월했던거 같아요. 또, 기계치인 제가 구매후에도 윈도우 설치방법에 있어 문의글을 2차례나 남겼었는데 친절하게 답변해주신 판매자님 감사해요. 삼성 노트북 역시는 역시, 만족합니다.^^",[]
21.02.18.,4,"메모리8기가, 하드512 / 속도도 괜찮고 애가 이제 중3인데, 인강 듣기 좋다고 합니다. 소프트웨어 설치기사님이 cpu가 보급용이라 사용하다보면 속도가 느려질거라고 하는데, 인강 및 문서 작업용으로 괜찮을거고 하네요
가격대비 괜찮아요.","['https://phinf.pstatic.net/checkout/20210218_111/1613648153905PfL2t_JPEG/review-attachment-35da368d-ea6b-4d18-8504-0d0edf2f8449.jpeg?type=f287', 'https://phinf.pstatic.net/checkout/20210218_51/1613648154091YDGPw_JPEG/review-attachment-a16bf536-de82-4223-921e-572cf18f7a33.jpeg?type=f287']"
21.01.17.,5,"그레이컬러랑 화이트컬러 두개다 샀어요
둘다 너무 예쁘네요 15인치 인데도 가볍고
디자인도 너무 고급스러워요 ㅋㅋ
무엇보다 가격이 제일 맘에듭니다 ㅎㅎ
그치만 윈도우가 안깔려있어서 당황했는데
판매페이지 블로그보고 잘 따라했어요 ㅎㅎ블로그에 설명도
잘 써놔주셨고 몇번 전화 드렸는데 상담원분들도 너무 친절하게 잘
설명해주시드라구요 ㅎㅎ 좋은 구매였습니당 마니 파세여!","['https://phinf.pstatic.net/checkout/20210117_4/16108892262743yYaN_JPEG/review-attachment-3b6e2fba-5f0c-483d-a9ea-2d47f8d296d7.jpeg?type=f287', 'https://phinf.pstatic.net/checkout/20210117_239/1610889226456SCC4Y_JPEG/review-attachment-fd050684-7e83-4912-9e77-a0c27810ea51.jpeg?type=f287', 'https://phinf.pstatic.net/checkout/20210117_190/1610889226703wwsVS_JPEG/review-attachment-32e86bb7-28bc-402d-b625-1dda14f925f8.jpeg?type=f287']"
21.02.15.,5,"딸 인강용으로 구매했는데 무게감은 있지만 슬림하고 저렴하고 좋습니다 . 보호필름은 잘못부쳐서 기포가 많이 생겨버렸네요 다시부쳐도 영~보기시런데 화면켜니 티가별루 안나서 걍 씁니다^^ 램은 8gb 로 up하고 윈도우가 안깔려서 원도우10 home fpp개봉설치 요청했는데 바둑판식 기존화면과 달라서 안깔린줄알고 다시깔았더니 같은 아이콘이 생성되서 다시 지웠네요 오피스는 학교메일받아서 무료로설치하고, 실수투성이로 완료하고나니 속도도 빠르고 무지 좋습니다 작은애꺼도 하나더 바꿔줘야겠어요 번창하세요~",[]
21.03.08.,5,색이 좀 파랗게 찍혔네요. 원래 색은 좀더 회색입니다. 아버지 드릴 노트북으로 사서 윈도 따로 설치하고 아버지 드렸어요. 노트북이 눈높이가 낮다 보니 노트북 거치대까지 따로 마련해 드렸더니 만족하셨습니다. 저도 간단한 사무용으로 흰색 하나 더 살까 고민중이에요. 다만 보급형이다보니 화면이 좀 눈이 아픈 건 어쩔 수 없는 것 같습니다. 구매하실 분들은 노트북 화면은 감안하셔야 할 것 같네요.,['https://phinf.pstatic.net/checkout/20210308_100/16151998635027uRW9_JPEG/review-attachment-3bdcd117-8232-4686-9b2f-53fb6c4be694.jpeg?type=f287']
21.03.14.,5,레노*사려고 장바구니에 담아놓고 결제 하려고 마음먹고 있었는데 운좋게 하루만 이벤트 하는거 보고 바로 질렀습니다아이 원격수업용으로 구매했어요여지껏 사용한 오래된 노트북도 삼성이었고 너무 느린데다 재년엔 어찌어찌 버텼는데 올해는 버티기 힘들겠더라구요 아이 성인되면 괜찮은 노트북 사주기로 맘먹고 이번에는 가성비 좋은걸로 알아보는중에 이걸 발견했어요그리고 사려고 했던 타사제품은 예약판매라 다음달이나 되야 받을수 있는 상황이었고 이건 바로 다음날 배송 받았습니다그리고 윈도우 설치 동영상도 다 나와 있어서 어렵지 않게 따라서 설치할수있었습니다가격대비 대 만족입니다^^,[]
21.01.15.,5,"우선 배송이 너무 빨라서 좋네요. 목요일 12시에 결재했는데, 금요일 12시에 배송완료 되었습니다. 네이버에서 주문했는데, 로켓배송이네요 ㅎㅎ 메모리 8기가로 업데이트 해서 구매햇는데, 원박스 개봉하고 장착 위해 개봉했다는 스티커를 붙여 안내해 주시고, 메모리 장착을 위해 탈거한 부품은 종이 봉투에 넣어 깔끔하게 처리해 주셔서 너무 만족합니다. 초등학생 아이가 너무 좋아하네요. 감사하게 잘 사용하겠습니다// 사업 번창하세요.","['https://phinf.pstatic.net/checkout/20210115_41/1610706902396AMGSb_JPEG/review-attachment-1ec3e296-7b16-48cb-b125-450a9edf9909.jpeg?type=f287', 'https://phinf.pstatic.net/checkout/20210115_90/1610706912546yGA1C_JPEG/review-attachment-1babd49e-f6af-4a95-93c4-9f091ebabc07.jpeg?type=f287', 'https://phinf.pstatic.net/checkout/20210115_41/16107069174489tDaD_JPEG/review-attachment-155dbbe7-c081-40e7-9496-36a34c353fb5.jpeg?type=f287']"
21.03.05.,5,"주문하고 3일만에 받은것같아요
배송은 기대이상으로 빠릅니다.
제가 컴맹이라 회사직원 도움으로
윈도우깔고 집에와서 와이파이 연결!
짜잔~ 인터넷잘됩니다
유선마우스 기본으로 받고요.
사무용으로 추가하였습니다
아들 화상수업용으로 구입.
대만족입니다. 금액도 훌륭하고
잘쓰겠습니다~~~","['https://phinf.pstatic.net/checkout/20210305_25/1614942281926UC1OG_JPEG/review-attachment-09a4bd83-f5da-4193-a1ce-80ffc06ecae7.jpeg?type=f287', 'https://phinf.pstatic.net/checkout/20210305_258/161494229254810FPD_JPEG/review-attachment-447a7600-9997-48eb-bb8a-9bf0d3ea7005.jpeg?type=f287']"
21.02.01.,5,"아버지에게 가벼운용도(인강용)로 사드렸는데 아주 만족해합니다
15인치라 넓고 21년식 제품에 인텔 11세대 cpu임에도 이정도 가격이면 가성비로 갑이네요 다만 4G 램용량으로는 좀 적을것같고 8G로 구매하는걸 추천드립니다(해외제품 살수도 있었지만 국산 AS를 원하시는 아버지를 위해 삼성으로 사드렸어요)
글고 타제품 같은 경우 확장슬롯공간이 나사로 되어있어 열고 닫기 귀찮은 점이 있는데(뒷판을 다 까야하니....) 이건 그러지않아도 되서 넘 맘에드네요 프리도스로 가성비 구매하시려는 분들에게 추천합니다",[]
21.01.31.,5,"먼저 빠른 배송 만족했습니다. 배송 시 해프닝이 있었으나, 판매자분의 친절하고 빠른 대응에 만족했습니다..
제품의 색상이 무척 마음에 들었습니다. L社는 흰색인데... 사용하다 보면, 좀...ㅜ.ㅜ
부팅 속도와 키 누르는 느낌도 만족 ^&^
집에서 강의, 문서 작성용 딱 좋은 제품입니다.","['https://phinf.pstatic.net/checkout/20210131_175/1612096326078Im610_JPEG/review-attachment-c21a75b3-d354-48d5-a32b-d68cee56eb08.jpeg?type=f287', 'https://phinf.pstatic.net/checkout/20210131_213/1612096326752qq045_JPEG/review-attachment-1fb22f9c-2e5c-4804-9019-0a786396f010.jpeg?type=f287', 'https://phinf.pstatic.net/checkout/20210131_10/1612096326543FTBI3_JPEG/review-attachment-a47fd294-bf4d-451e-abac-dfcea7aa4d66.jpeg?type=f287']"
21.02.21.,5,"고등학교 입학해서 인강, 영어숙제 등 컴퓨터 쓸일이 많았는데, 엄마가 입학선물로 노트북을 사주셨어요! 주문후 이틀 뒤에 도착했는데 배송이 너무 빨라서 놀랐어요 난생처음 노트북을 쓰는 건데 너무 좋아요ㅠㅠ 인강도 맨날 핸드폰으로만 듣다가 노트북으로 들으니까 화면도 훨씬 커지고 들으면서 다른 작업도 할 수있어서 너무 편했고, 무엇보다 디자인이 너무 예뻐서 외관상으로는 다른 고가의 노트북이랑 비교해도 별로 차이가 없었어요. 게임을 할 정도로 좋은성능는 아니지만 저는 고딩이라 게임을 자주 하지 않아서 성능이 좋든 안좋든 전혀 상관이 없답니다. 그렇다고 노트북이 느리지는 않습니다. 아주 빨라요! 만약 인강이나 문서작업용으로 노트북이 필요하시다면 이 제품 강력추천합니다!!",[]
21.02.03.,5,"업무용으로 문서작성 및 인터넷활용 등의 용도의 서브노트북을 찾던 중 가격대비 적당한 사양인거 같아 구매하게 되었습니다. 셀러론이라서 성능이 많이 떨어지지는 않을까 걱정도 되었는데 큰용량의 작업을 할것도 아니고 주로 문서작성 등 업무보조용으로 사용할 용로인 관계로 가격도 적당한거 같아 선택을 했습니다. 메모리를 8GB로 업해서 구매했고, 윈도우설치는 복잡한거 싫어해서 근처 PC전문점에 가서 했고, 시간이 좀 오래 걸리더라구요... 설치 후 인터넷도 잘되는거 같고 전체적으로 무난하게 잘 돌아가는거 같네요.",[]
21.03.21.,5,"가성비갑!!
초등생아이 온라인 수업이 실시간
영상수업이라 화면보며
내 목소리도
나야되서
컴보단 마이크기능이 내재된 노트북이
편할듯 하여 구매했는데
카메라달고 헤드폰끼고
컴수업받을때 보다 훨씬 좋아요
배송도 다음날 왔고 색상도 그레이 고급지고
혹시모를 as때문에 더욱 삼성전자 구매했어요
윈도우 설치가 힘들어 지인에게 부탁했어요
키스킨구매도 하길 잘 한거같아요
가격 대비 만족이예요",[]
21.01.14.,3,"안녕하세요. 노트북을 구매하다 찾은 큰화면 가성비 노트북. 화면 크고 삼성 노트북이어서 기능이나 내구성, 안정적인 시스템으로가볍게 쓸 수 있는 노트북이에요. 매력적인 가격과 함께새로운 해에 새로운 디자인으로 깔끔한 거 같아요.와이파이 연결 잘 되고 체감속도도 괜찮은 거 같아요.","['https://shopping-phinf.pstatic.net/20210116_13/2a6576f3-a9ca-496a-b20f-3e9466b48fa4.jpg?type=f287', 'https://shopping-phinf.pstatic.net/20210116_29/87ad7b41-39f6-4147-aa70-90152e79feec.jpg?type=f287']"
21.03.10.,5,"가성비를 중요시하며 여기저기 고민끝에 지릅니다.. 아이가 사용할꺼라서 ..
성능좋은노트북을 저렴하게 구입했어요..
아마 아카데미 시즌이라 .. 윈도우는 설치중이며 속도도 빠은것 같아요. 다만 기본램이 4기가라서 8기가하나 더 주문했습니다. 깔끔하고 보기도 좋구요. 기존 그램이랑 한번 비교해 봐야겠어요.
기분좋은맘으로 후기쓰고 있구요
as는 확실하게 받을수 있는제품이라.. 맘에 더 드네요.",[]
21.03.08.,5,주문하고 하루지나 받았습니다. 빠른배송 좋아요^^ 아직 윈도우는 깔지않아서 켜보진 않았지만 외관상으로는 하자없는 새제품으로 보입니다. 노트북 주목적이 동영상강의시청 간단한문서작업 인터넷 정도입니다. 여러회사 비교해가며 고른건데 같은가격 같은사양일때 레노스나 아수스보단 조금 비싸지만 딱 하나 삼성as보고 구매했습니다. 저랑 비슷한 목적 정도로만 사용하시고 as걱정없이 사용하실분한테 강추합니다^^,[]
21.01.15.,5,"인터넷과 문서작성 등의 업무에 맞는 적절한 사양을
잘 선택했다고 생각됩니다. 짙은회색 컬러가 깔끔하고경량보다는 조금 무거운편이 오히려 안정감을 주네요.
윈도우10을 구입해서 동영상 보면서 설치하니깐 어렵지않았습니다. 참, 주문배송 문의로 업체에 유선연락드렸는데 친절한 응대를 받았습니다. 구매 추천합니다!","['https://phinf.pstatic.net/checkout/20210115_252/1610645467671FE01U_JPEG/review-attachment-8d865504-ecca-4e50-89a5-088dd0f6005b.jpeg?type=f287', 'https://phinf.pstatic.net/checkout/20210115_171/1610645487887nS5xv_JPEG/review-attachment-a02c7afd-0f56-40bb-afd2-6f2a3c98d755.jpeg?type=f287']"
21.01.06.,5,그레이로 주문했는데 화이트로 왔지만 교환오래걸릴거 같아서 그냥 쓰려고 합니다 문의 많이 드렸는데 친절하게 답변주시고 빠른 배송 감사합니다~ 윈도우 설치하고 인터넷 사용해보니 잘 돌아가네요ㅎㅎ 저렴하게 예쁜 노트북 잘 구매한거 같아요,"['https://phinf.pstatic.net/checkout/20210106_107/1609911028246LMdpH_JPEG/review-attachment-41b022b4-fb10-41b0-a698-fb9883b7c007.jpeg?type=f287', 'https://phinf.pstatic.net/checkout/20210106_184/1609911029065PPd70_JPEG/review-attachment-f2421263-3fdf-4336-87d9-a38b3f743f96.jpeg?type=f287', 'https://phinf.pstatic.net/checkout/20210106_221/1609911028910nip3F_JPEG/review-attachment-359ace15-0a50-498c-9044-aa02585cd863.jpeg?type=f287']"
21.03.13.,5,"출고가 늦을 것 같다는 안내문자 받아서 늦게올줄 알았는데 하루만에 배송이 완료됐어요 ㅎㅎ (퀵인줄..) 윈도우 설치를 아직 안해서 실행은 안해봤지만 외관이 엄청 고급져보이고 예뻐요, 남편 선물로 사줬는데 엄청 좋아해여 ㅎㅎ 잘쓸게요!","['https://phinf.pstatic.net/checkout/20210313_15/1615562636025CAwpI_JPEG/review-attachment-4b6222cb-1b3f-4e5e-82ad-49ef48ff794b.jpeg?type=f287', 'https://phinf.pstatic.net/checkout/20210313_79/1615562635891rSVjS_JPEG/review-attachment-87949959-9053-4483-a102-b97aa08dd97c.jpeg?type=f287']"
21.02.19.,5,"램 총16GB, SSD512GB 교체장착했어요. 강의용으로 사용할꺼라 이 정도 용량이면 충분할듯 싶네요~기존에 흰색 썼던지라 이번엔 그레이로 했는데 고급지고 좋아요. 슬림한편이지만 무게감은 있는데 HDMI와 랜선 단자가 젠더없어도 되기때문에 괜찮고, 키보드는 소음 없이 부드러워요. 다른 판매처와 비교해서 가장 저렴하게 구매해서 더욱 만족합니다. 할인쿠폰 꼭 쓰세요^^",[]
21.02.06.,5,인강용 사무용 웹서핑용으로 쓰기에 최강입니다아 유튜브나 동영상 재생용으로도 좋습니다셀러론이라 솔직히 살짝 느리기는 합니다만가격이 그만큼 싸니까요더 고성능이 필요하신분은 더 윗 등급으로 가셔야됩니다이 가격에 고장이나면 삼성전자 서비스까지 편하게 받을 수 있으니까요솔직히 타사 제품이 조금 더 싸지만 서비스받기가 번거로운게 사실이죠그리고 디자인이나 터치패드등 만듬새도 더 낫습니다이번에 21년 신제품은 기존 20년 식보다 SSD 용량이 배로 늘어서 확실히 더 나아졌습니다CPU도 올라갔지만 솔직히 실 사용에서 차이점을 느끼긴 힘들어요 ㅎㅎㅎ,[]
21.02.23.,5,"기본적인 인터넷검색과 인강 그리고 기본적인 서류작업할 가성비 좋은 노트북 찾다가 구입했습니다.
15인치라 넓고 21년식에 이정도 가격이면 가성비로 갑이라고 생각합니다. 다만 4G램용량으로는 좀 적을것같지만 저는 우선 그냥 4G로 사용해볼려고 합니다. 다른 분들은 8G로 구매하는걸 추천합니다.
다른 이유보다 역시 AS 때문에 삼성으로 구입했습니다.
프리도스로 윈도우 설치는 조금 번거롭긴 하지만 설명도 잘되어있어서 어렵진 않습니다. 가성비 구매하시려는 분들에게 추천합니다.",[]
21.01.16.,5,"예약구매하고 생각보다 배송은 느렸지만 잘 받았어요. 업무용으로 서류작업 주로 할려고 구매했는데 제대로 써보진 않았지만 무난한 것 같아요. 그레이색 노트북은 처음인데 고급스럽고 이쁘네요. 디자인 심플하고 화면 커요
삼성이라서 as 걱정은 없겠네요",['https://phinf.pstatic.net/checkout/20210116_250/16108035841703LyoH_JPEG/review-attachment-0da17f13-8b71-488d-9089-50386a43460f.jpeg?type=f287']
21.02.01.,4,"별다섯개중에 한개뺀건 기본으로 신청해서 다되어서 오는지 알았는데 뒤에 나사풀고 조이고 이런거는 저에겐 너무 힘들었네요 이렇게해보는건처음이라서요.
우여곡절 후 컴퓨터 키고 윈도우설치하고 쓰는데.
다른건 매우 만족스럽습니다 색깔 그레이 너무 이쁘네요. 뒤에 나사 빼고 조립 하다가 잘안되서 뒷판 기스 나고 난리났네요ㅠㅠ",[]
21.01.21.,5,"배송은 빠르게온편이예요.
혼자서 첨으로 윈도우랑 한글, 오피스 다 깐다고 고생좀 했는데 아예 맨첨부터 제손으로 다해서 그런가 참 애착이 가네요 ㅋㅋ 앞으로 가게에서 간단한 문서작업들과 편집작업을 할건데 기대됩니다. 저희 딸래미드링 엄청 탐을 내는데... 좀 쓰다가 물려줘야겠어요^^",['https://phinf.pstatic.net/checkout/20210121_59/1611211285831EclL8_JPEG/review-attachment-515b0e52-71b6-419f-817e-29d6ed806fda.jpeg?type=f287']
21.03.09.,5,삼성인데도 싸게 잘사서 좋은거같아요. 근데 확실히 싼만큼 성능은 좀 떨어져요. 그리고 배송이 좀 느렸어요. 거의 일주일? 정도 걸린거 같아요. 딱 가격만큼의 성능이라 게임 플레이는 못하겠네요. 그래도 문서 작성용으로 사서 쓰는거면 가격대비 좋아요. 디자인도 예쁘지만 무게가 좀 나가서 들고다니기는 좀 힘들것같아요.,[]
21.02.19.,5,기존에 사용하던 노트북이 수명이 다 된것 같아 새 노트북을 알아보던중에 가격 성능 디자인 모두 취합해 본 결과 요걸로 결정후 주문했네요. 설 연휴기간에 주문했던지라 당연히 배송이 늦어 질거라 예상하고 덤덤히 기다렸는데 왠걸 설연휴 끝나고 바로 받아 보았네요^^ 배송도 빠르고 노트북 속도도 훌륭하고 디자인도 깔끔하니 이쁘고 무게도 적당하면서 가격도 저렴한 한마디로 가성비 최고인 것 같네요. 대만족~ 강력추천!! 사장님 대박나세요~^^,[]
21.03.03.,5,"외관이 선비처럼 깔끔하고 고급스럽네요.
두께도 적절히 얇고 화면이 깔끔하고 특히 고급스럽네요.
3일 사용한 결과
속도가 굉장히 빠르고,
무선 속도도 아주 잘 나와요.
화면을 여러개 띄우고 작업해도 전혀 버벅거리지 않고,
영상도 잘 돌아갑니다.
무엇보다 색깔이 은은하여 눈이 덜 부셔요.
가격대비 최고 입니다. 가족마다 한개씩 더 구매하고 싶어요",[]
21.03.24.,4,"배송이 늦게 되서 기분이 안좋았는데 컴퓨터를 쓰자마자 빠른 속도감에 기분이 급 좋아졌습니다
첨으로 8기가로 업데이트했는데 생각보다 너무 좋아요
노트북을 쓰시는 분들에게 삼성 노트북 8기가로 꼭 업데이트하시길 추천드려요",['https://phinf.pstatic.net/checkout/20210324_49/1616579605720nuBFS_JPEG/review-attachment-89db6a24-5e06-40bd-b882-dccb15de562a.jpeg?type=f287']
21.02.07.,5,노트북 고민하던차에 구입하게되었습니다. ~ 2021년삼성 신제품이라 구입하게되었습니다. 사용은 아직안해봤는데 가성비 좋은거 같습니다. 무게도어느정도 있고.... 적당히 무거워서 사용하기 나쁘지 않을듯 합니다. 사무용ㅈ인강용으로좋을거 같습니다. 얼른 사용해보고 싶네요~!!!!! ♡♡♡ 기대합니다♡♡♡♡,"['https://shopping-phinf.pstatic.net/20210209_0/f2f9ce83-76ea-4963-aba6-c37f625cdc37.jpg?type=f287', 'https://shopping-phinf.pstatic.net/20210209_1/96787474-4678-4ab0-a237-500e48768f83.jpg?type=f287', 'https://shopping-phinf.pstatic.net/20210209_22/17ba00c5-f906-474e-b95d-605539e2795c.jpg?type=f287']"
21.02.09.,5,"연휴를 앞둔 택배마감이 촉박함에도 불구하고, 당일발송 해주셔서 문제없이 배송받아 명절전에 지인에게 선물할 수 있게 되어 매우 감사합니다. 기본 램이 부족하여 추가램을 신청했는데 아쉽지 않은 선택이네요.
제품 마감도 준수한 편이고, 무엇보다 숫자키패드가 기본으로 적용되어 있어서 업무용으로 사용하기 매우 좋은 선택지가 될 것 같습니다.
기존에 쓰던 노트북은 같은 15인치임에도 불구하고 숫자키패드가 없어서 문서작성시에 여러모로 불편한 점이 있었으나, 이번에 지인선물용으로 구매한 노트북은 숫자키패드가 적용되어 있어 간단한 업무&사무용으로 제격인 것 같습니다.",[]
21.03.10.,5,이미 가성비 넘치는 노트북으로 소문났는데 실제 받아서 사용해보니 너무 좋습니다. 안전한 이중박스 포장은 물론 판매자분 좋은 가격 그리고 하루만에 도착시켜주시는 센스까지 정말 최고입니다. 좋은제품 많이 파시고 대박나세요~~주변에 많이 추천하렵니다~~,[]
21.03.07.,5,"다괜찮고좋아요.하지만기본윈도우미포함,4gb램,intel cleron cpu인것이아쉬웠습니다.
나머진다만족하구요,가성비좋네요.
램도8기가로업그레이드했는데,하길잘한거같습니다.솔리디티디자인이제마음에쏙들었구요,별매품인마우스도주셔서좋았습니다.감사합니다.",[]
21.02.13.,5,어머니가 원래쓰시던 노트북이 용량이 너무 작아 ssd를 늘려주려 찾아보던 차에 그냥 저렴한 노트북으로 하나 교체 해드리면 어떨까 가격만 알아 보려고 검색했는데 마침 이 모델이 딱 좋아 보여서 그냥 새로하나 장만해드렸어요\n가격도 좋고 용량과 메모리도 적당하고 어머니가 쓰시기에 딱 적당하다 싶어 주문했습니다.\n일단 하루 써봤는데 만족합니다.,[]
21.02.26.,5,"컴퓨터가 오래되어 새로 구매했는데 할인을 많이 받아 대만족입니다.
서비스 생각해서 삼성으로 구매했고 가격대비 디자인이나 가성비 좋은것 같아요
게임은 하지 않고 웹서핑이나 문서용,애들 공부용으로 쓰고 있는데 불편함 없이 잘사용하고 있어요. 잘산것 같아 기분이 좋네요.",[]
21.01.11.,5,"다른 곳에서 구매했을 때에는 옵션이 달라도 별 표기가 없어서 곤란했었는데, 이렇게 상세표기까지 남겨주셔서 감사합니다. 예약구매라고 해서 늦어질 줄 알았더니 주말 전에도 배송이 시작되서 필요한 때 알맞게 수령했네요. 제품도 깔끔하게 잘 왔습니다~",['https://phinf.pstatic.net/checkout/20210111_157/1610334619574QpdrT_JPEG/review-attachment-3c59c7ae-cf74-49b2-b9f4-00f25c0809d6.jpeg?type=f287']
21.03.09.,5,"아이들 셋이 이제 학교가니 노트북이 필요해서 구매했어요가격도 제일 저렴하고 그레이는 키스킨과 윈도우설치usb제공 사은품이 있어서 화이트하려다 바꿨어요 키스킨이 제일 필요했거든요어차피 아이들이 깨끗하게 안 쓸거같긴도ㅎㅎ아직 usb로 윈도우 설치만 끝냈어요 저렴한가격에 인강이나 인터넷서핑용도, 수업용으로는 딱인거 같네요가격은 여기가 제일 저렴했어요 홈쇼핑봤는데 ㅋ 가격이 거의 두배던디ㅋ",[]
21.03.22.,5,아이 온라인 수업용으로 노트북을 알아보다가 할인 광고를 보고 구입했습니다 배송까지 시간이 많이 걸렸지만 받아보니 노트북은 예쁘게 생겼고 문서 작업용이나 온라인 수업용으로 사용하기는 무난해 보였습니다 windows나 driver 설치도 안내 된대로 했더니 큰 어려움 없이 할 수 있었네요,[]
21.02.18.,5,"잘 받았습니다...
연휴 끝나고 바로 발송되어 하루만에 수령했네요...
가볍고, 가격대비 성능도 문서작업과 인터넷 검색용으로 적당해서 좋아요.
윈도설치도 상품설명내 설치방법 안내대로 따라하니
문제없이 쉽게 할 수 있었고, 발열없이 잘 작동합니다...",[]
21.03.08.,5,몆날몇일을 노트북 구매를 위해 이곳저곳 돌아다니다 이곳에서 구매했습니다\n빠른 배송도 맘에들었구요~\n꼼꼼한 포장과 최우선적으로 노트북도 이쁘고\n저희 아이가 넘 좋아하네요^^\n착한가격 좋은사품 감사하구요~\n쭈욱~번창하세요...,[]
21.02.27.,5,"저는 인강용으로 구입했는데 15인치라 넓어서 좋네요~^^
21년식 제품에 인텔 11세대 cpu임에도 이정도 가격착하고요 4G 램용량보단 8G가 좋을거 같네요
다른제품은 확장슬롯공간이 나사로 되어있는데 이건 그러지않아도 되서 넘 맘에드네요 회사직원및 지인들에게 추천많이할께요 감사합니다 ^^",[]
21.03.22.,5,인강용 노트북을 찾다가 가성비좋은 노트북을 구입했습니다색상도 메탈그레이 고급스럽고 이뻐요이가격에 삼성 노트북을 살 수 있어 너무 좋네요요즘 홈쇼핑에서도 판매를 많이 하던데 거의 반가격으로 구매했습니다^^잘 사용해 보도록 할게요~~,[]
21.02.05.,5,5년동안 잘쓰던노트북이 아파서 급히 구매했어요.아직 윈도우 세팅전이라 1.8kg ㅎㅎㅎ 전에 쓰던노트북은 1.2kg 무겁게 느껴지는건 당연한듯싶어 패쓰~ 겉박스에 고가품이라고 써있어서 지정 받으셔야겠어요. 다른택배는 문앞에 이상품은 경비실에서 수령했어요. 포장 잘되어 왔구요.인강용이나 워드용으로 손색이 없을듯요 역시 화이트 강추해요~,[]
21.02.20.,5,가성비 갑 노트북을 찾으신다면이상품 만한게 없습니다빠르고 이쁘고 게다가 삼성이랍니다인강이나 유투브 그냥 문서조작등만 하실려면이거 무조건 선택하세요아주 좋습니다후회없는 선택이실거에요지금 바로 결제하세요 ㅎㅎ,[]
21.02.17.,4,코딩 공부용으로 저렴한 가성비 노트북 찾고 있었는데삼성 제품에 디자인도 깔끔해서 구매했습니다이 제품은 CPU가 셀러론이라 기본 사무적인 것만 가능하고썬더볼트 미지원이라 C타입 충전이 안되서 아쉽지만대기업 제품에 깔끔하고 가성비 좋은 노트북으로는 추천합니다,[]
21.02.02.,5,"요새 가격이 비싼 노트북들이 많은데 이 제품은 알차면서도 저렴하게 구성되어 있네요. 인터넷강의, 웹서핑, 간단한 문서작성에는 딱 맞는 노트북인것 같아요. 리퍼노트북도 알아봤었는데 이왕이면 새거가 보다 좋은것 같아요. 적극 추천합니다.",[]
