"1,217,500"
date,star_point,comment,photo
21.03.19.,5,"주문후 일주일 정도 후 배송됐어요.(알고 주문한거라)
택배받은후 박스안에 고정되지 않아 물건이 흔들리는 소리가 나서 걱정했는데 별이상은 없었지만 좀더 포장에 신경쎠주시면 좋을거같아요.
물건은 제가 원했던 조건 i5 11세대 외장그래픽이였는데..딱 조건에 맞는 상품을 딜떠서 저렴히 구매했어요
윈도우 포함이라 전원켠후 시키는데로 하면 되요
윈도우 까시고 원하는 설정만 하시고 바로 사용하면되서 편해요.
ssd256이라 윈도우 깔고 프로그램 몇개까니 남은용량이 160정도라 하드는 하나더 추가 장착하던지 첨부터 ssd업하는게 좋을듯 하네요.
전체적으로 만족하고 좋아요~~",['https://shopping-phinf.pstatic.net/20210320_23/df9313a9-b10c-4942-b069-793dde975c49.jpg?type=f287']
21.02.25.,5,그램이랑 비교했는데 가격차이와 그램의 발열이슈가 있어서 울트라pc를 선택했습니다. 이것도 좀 써봐야 발열이나 그런게 괜찮을지 모르겠네요. 일단 디자인도 나름 깔끔하고 이쁘긴 한데 전원선까지 흰색베이스라 변색이 좀 두려운 것 빼고 부팅도 빠르고 기본적인 것 실행해보니 다 괜찮습니다. 당장 사용하려고 산건 아니라 좀 더 천천히 만져볼 생각합니다. 무게는 2kg 핑크덤벨 생각했는데 부피면적 때문에 좀 더 무거우나 충분히 휴대하기 괜찮은 무게라 생각합니다. 그리고 윈도우 찾아깔기 귀찮은 분에게 좋은 제품구성이고요. 웬만하면 가성비 생각해서 os미포함 사려했는데 이젠 전자제품 이것저것 찾아보고 하는것 번거러워서 이 제품을 선택했는데 편하긴 편합니다.,[]
21.02.28.,5,그램 대신에 선택했지만 화면 크기빼고는 전부 마음에 듭미다.고급스런 화이트 외관과 가벼운 무게는 대기업lg제품의 장점이겠죠.윈10이 포함됐기에 초기세팅도 10분이면 끝나네요.물론 아내가 쓸거라 비싼감이 있지만 그래도 여유만 된다면 무조건 대기업 제품을 쓰고 싶네요.출시된지 2주밖에 안지나서 상품평이 별루 없지만 i5 신형과 비디오카드장착만으로 충분히 예상되는 수준입니다.추가로 16기가 듀얼램 구성과 pd충전 가능은 이제품으ㅔ 장점이라고 생각합니다,[]
21.03.18.,5,"LG 울트라PC중 여러가지가 있지만 이모델의 가성비가 최고인것 같아요! 처음 노트북 구입하려고 고를때는 많이 힘들었지만 이모델의 사양을 하나 하나 따져보니 좋은 성능의CPU, 고성능 그래픽카드 장착까지..업무에 필요한 성능을 충분히 가진 제품이라 너무 만족합니다! 메모리를 추가하면, 업무용, 학생들 학업용, 고사양 PC게임등 모두 만족시킬수 있겠네요..!!",[]
21.03.01.,5,대학입학을 앞두고 많이 검색하고 최종 구매하게 되었습니다. 개인적으로 심플하며 밝은 화이트가 마음에 들고 11세대 cpu와 외장그래픽카드 450성능 또한 다양한 정보를 통해 보고 들었지만 실제로 받아서 윈도우 계정등을 설정하고 작동해보니 어렵지 않게 잘 돌아가서 좋습니다.,[]
21.03.10.,5,일단 좀 무겁습니다...반품 할랬더니 건드려서 못한다고..ㅠㅠ그냥 쓰라고 딸래미 줘서 보냈네요...아무 이상없이 잘 쓰면 좋겠습니다스팩이 맘에들어 대학생 선물로 사줬더니.....ㅠ컴은 엘지가 제일 좋다라는 생각에 주문한거니 오래 문제없길 바랍니다화면은 깨끗하네요,[]
21.03.11.,5,"고학년이라 새학기 앞두고 구매했어요. 마침 빅세일해서 엄청 저렴하게 구매했네요. 일단 외형은 오프라인에서 보고 구매했구요 무게는 그램과 크게 차이가 없네요. 일단 무엇보다 이가격에 오프라인에서는 스펙이 마니 뒤쳐지는데 11세대 제품을 이가격에 구매할수 있어 좋았네요. 중,고등까지 쭉 계속 사용할수 있을것 같아요",[]
21.03.02.,5,"속도 좋고 원하던 사양이 앵간히 충족 되있던 모델였기 때문에 만족합니다.
다만 사용시에 사용 시작 후 한 5분정도 경과하면
많이 뜨거워지는데 조절은 되는거 같습니다만
별도 쿨러를 구매 할껄 그랬나 싶네요 ㅠㅠ
이상 없는거겠죠?",[]
21.02.24.,5,배송은 하루걸렸고 제품은 기본설정만 하고 충전중이라 잠깐 사용했는데 부팅이 정말 빠르네요. 하얀색이 깔끔하고 예뻐요. 노트북 사양은 잘 모르지만 저같이 윈도우 설치가 힘든사람은 윈10이 기본설치 되어있어 쉽게 사용할 수 있어 좋아요. 추천합니다.,[]
21.02.19.,5,"고3용 노트북 구매를 고민하던 중11세대 중 15U50P-KR56K 모델이 가격면에서 적정선으로 선택!이좋은세상 담당자님께서 잘 설명해 주셔서 램 +8GB 업 해서 구매 택배 도착 후 작동한 결과, 디자인 및 인터넷속도 면에서 딸이 대만족!가격 대비 성능면에서 매우 빠른 속도로 잘 사용 하겠습니다~ 감사합니다.",[]
21.03.04.,5,"Ram 8g추가, ssd 512g교체, hdd 1tb추가
퀵으로 5천원 지원받아 당일주문해서 바로받았네요
윈10 잘 설치되있고 가성비 좋습니다","['https://phinf.pstatic.net/checkout/20210304_276/1614830392281UBuIs_JPEG/review-attachment-c42ed858-08cc-4217-8f99-795cfb967abe.jpeg?type=f287', 'https://phinf.pstatic.net/checkout/20210304_191/1614830392612lQ5XN_JPEG/review-attachment-4a7112b2-0181-4eaf-9bd4-1920dd2078b1.jpeg?type=f287', 'https://phinf.pstatic.net/checkout/20210304_11/1614830393086stBhK_JPEG/review-attachment-93ae8f09-1452-4157-a0e3-24856461469e.jpeg?type=f287']"
21.03.14.,5,"배송도 빠르고 제품 성능도 빠르고 무게도 가볍고 아주 만족합니다.
아들 고등학교 입학 선물로 사줬는데 너무 좋아합니다.","['https://phinf.pstatic.net/checkout/20210314_183/1615684574169orBWd_JPEG/review-attachment-e51bf7aa-f52c-40f3-ac1d-6a9d38e36fe9.jpeg?type=f287', 'https://phinf.pstatic.net/checkout/20210314_110/1615684574081s9IHh_JPEG/review-attachment-52b21b28-f873-4c0d-bbf1-31b121b181b2.jpeg?type=f287']"
21.03.04.,5,"어제 주문했는데 오늘 바로 받았습니다. 빠른 배송 감사드립니다. 아직 사용 전이지만, 기존에 쓰던 노트북도 엘지라서 망설임없이 구매했습니다.
잘 쓰겠습니다. 감사합니다. 번창하세요.❤","['https://phinf.pstatic.net/checkout/20210304_300/1614841628808fd0t9_JPEG/review-attachment-2aa69e4b-d0bf-4a15-8d85-d95a8d72a1b2.jpeg?type=f287', 'https://phinf.pstatic.net/checkout/20210304_216/1614841628427c1PyA_JPEG/review-attachment-3d92cc28-eaea-4743-ab92-7aa6708cf27c.jpeg?type=f287']"
21.02.28.,5,"최고여요^
성능 맘에들어요^
역시 LG^^","['https://phinf.pstatic.net/checkout/20210228_86/1614481783618RuABI_JPEG/review-attachment-2ae8997f-bf96-4afb-a924-4ab098f63954.jpeg?type=f287', 'https://phinf.pstatic.net/checkout/20210228_257/1614481790707hJfeh_JPEG/review-attachment-6c0d6380-00e2-4410-8b7c-902e90fb993e.jpeg?type=f287']"
21.02.20.,5,배송 빠르고 성능 좋아요,"['https://phinf.pstatic.net/checkout/20210220_142/1613748240797IReBY_JPEG/review-attachment-237b3150-5b59-4406-9e63-2834d82ce23b.jpeg?type=f287', 'https://phinf.pstatic.net/checkout/20210220_284/1613748243622MiMrP_JPEG/review-attachment-b7de8999-093b-43be-879c-5f12a33d00b4.jpeg?type=f287']"
21.03.17.,5,"기존의 노트북이 오래되어, 새로 구매했어요.
디자인도 깔끔하고, 원하던 사양의 노트북을 저렴하게 구매한 것 같습니다.",['https://shopping-phinf.pstatic.net/20210318_24/4dd5da55-8d4d-47c9-b268-2d120ac557ea.jpg?type=f287']
21.03.17.,5,잘받았습니다. 많이파세요,['https://phinf.pstatic.net/checkout/20210317_175/1615961385278W5MDR_JPEG/review-attachment-f77bcee3-b33f-4c1f-b7be-b75a6922ddb5.jpeg?type=f287']
21.03.24.,5,배송 빠르고 맘에 듭니다,['https://phinf.pstatic.net/checkout/20210324_248/1616571993878T2xv4_JPEG/review-attachment-305f56be-6f45-4182-a5ec-a5e1f8f91bdb.jpeg?type=f287']
21.03.24.,4,잘받았습니다. 좋네요...,['https://phinf.pstatic.net/checkout/20210324_260/16165152356508A1iU_JPEG/review-attachment-33591d3f-97fd-4fa3-944a-797e337ab48e.jpeg?type=f287']
21.03.20.,5,상품 포장도 꼼꼼하게 되어있어서 안전하게받았어요 잘쓸게요,['https://phinf.pstatic.net/checkout/20210320_196/1616252145990ocNLp_JPEG/review-attachment-2d1cd65e-d807-4a89-83ee-d482d561a88f.jpeg?type=f287']
21.03.15.,5,"빠릿빠릿 ~ 그램보단 무거워서 부담없이
집에서 쓰기 좋아요",['https://phinf.pstatic.net/checkout/20210315_111/1615777446480qhAh6_JPEG/review-attachment-fede56ad-bb5e-46c9-9cc6-06f850a56c75.jpeg?type=f287']
21.03.25.,5,"사은품 감사합니다
배송 빨라서 좋아요",['https://phinf.pstatic.net/checkout/20210325_173/1616652314489vJmiW_JPEG/review-attachment-f797bad9-4cc8-414f-9c62-2d5bddebe506.jpeg?type=f287']
21.03.09.,5,"빠른배송
좋은가격
신속한 배달",['https://phinf.pstatic.net/checkout/20210309_69/1615278225731ESAbh_JPEG/review-attachment-098040a8-2812-4f0b-bf4c-8c8f042d710f.jpeg?type=f287']
21.03.08.,5,"편하게잘사용하고 있어요
게임도 가능하고 좋아요",['https://phinf.pstatic.net/checkout/20210308_70/1615213149088ohEQQ_JPEG/review-attachment-b976ed7a-6058-417b-b745-4c060426623e.jpeg?type=f287']
21.03.02.,4,배송 정말 빠르네요,['https://phinf.pstatic.net/checkout/20210302_99/1614652983661dLmaD_JPEG/review-attachment-3c7f2a46-a841-4d53-9d3d-988f928c7009.jpeg?type=f287']
21.03.22.,5,"노트북 너무 좋네요
화면도 크고 속도도 엄청빨라요
삼성이랑 고민하다 엘지로 했는데
잘산것같아요ㅎ
완전만족합니다^^",[]
21.03.17.,5,영상작업용으로 구매했는데 가벼우면서도 성능이 좋은 것 같습니다. 화면도 깨끗하고 맘에 들어요^^,[]
21.03.24.,5,제품이 입고 되는 즉시 퀵으로 안전하게 잘 받았습니다~오랜만에 새 노트북을 장만해서 정말좋네요~제품은 맘에 쏙들어요~,[]
21.03.20.,5,밖에서 간단히 캐드나 스케치업 하려고 샀는데 11세대라 잘버텨주네요~,[]
21.03.17.,5,초등학생 아이들 집에서 화상교육용으로 샀는데 대단히 만족합니다. ssd슬롯이 한개라 좀 아쉽긴한데...집에서 쓰기엔 최고입니다~,[]
21.03.18.,5,빠릿하게 잘 돌아 갑니다 업글한 렘과 하드도 잘 인식되고요,[]
21.03.23.,5,빠르게 배송되었고요 잘 사용하겠습니다,[]
21.03.24.,5,업무용으로 구입했습니다. 타사이트 검색많이했는데 가성비 최고인듯합니다. 11절할인으로 득템했습니다.감사합니다.,[]
21.03.23.,5,"재가 잘 몰라 여러번 문의드렸었는데
그때마다 친절히 상담하 주셔서 구매하는데 큰 도움이 되었습니다..
아들이 쓸꺼라 더더욱 난해하고 어려웠었는데.
일일이 답해주시고 너무 감사했습니다.

잘쓰겠습니다..감사합니다.~^^",[]
21.03.08.,5,"대학생 딸이 사용중인데 모두 만족하다고 그러네요. 나중에
램 용량만 올리면 돼겠어요.",[]
21.03.18.,5,빠른배송 감사합니다. 번창하세요!!,[]
21.03.09.,5,노트북이 굉장히 커요! 배송도 하루만에 도착해서 깜짝놀랐어요! 잘받았습니다!,[]
21.03.06.,5,배송도 빠르고 성능도 괜찮아요 친구들에게도 추천하고싶네요 많이파세요~,[]
21.03.09.,5,완전추전 배송빠르고 제품도 너무좋아요. 너무 만족하고 포장도 잘되어 와서 잘쓸게요.강력 추천합니다.,[]
21.03.04.,5,일단 배송빠르고.물건상태좋아요.그램보다는 무게가 나가지만.그리무겁지 안아요,[]
21.03.09.,5,영상도 깨끗하고 넘어가는 속도도 빠릅니다.,[]
21.03.05.,4,"배송빠르고, 잘 작동합니다.",[]
21.03.13.,5,배송빠르구요 만족합니다,[]
21.02.25.,5,주문 다음날 바로 왔어요~~부푼 마음으로 개봉했는데.. 전원이 안켜져서..알고보니 날씨가 추워서 그랬나봐요.충전만땅하니 전원 들어왔어요~생각보다 살짝 무거우나.. 아주아주 만족스러운 이쁨.잘 사용할게요~~,[]
21.03.08.,5,"배송 빠르고 디자인 깔끔 합니다~
발열 없고 오류도 없길 바래 봅니다~~",[]
21.02.20.,5,원하는 사양으로 정말 잘 구매한것 같아요 가성비도 좋고 불필요한 사은품은 다 빠지고 완전 만족합니다.사용해보고 괜찮으면 하나 더 살까봐요 ㅋ,[]
21.03.06.,5,배송도 빠르고 제품도 만족스럽습니다. 집에서 인강도 듣고 각종 문서 작성하는데 필요해서 구매했는데 좋네요.,[]
21.03.02.,5,그램보다는 조금 무겁지만15인치에 그래픽카드까지 포함되었는데이 정도면 이동에 무리 없을 정도의 무게네요화이트라서 디자인이 아주 예쁩니다좋아요,[]
21.03.02.,5,당일 발송 시간을 몰라서 배송을 살짝 기다렸지만 행사로 저렴하게 구매해서 너무 좋아요!! 잘 쓰고 있어요. 많이 파세요~,[]
21.02.24.,4,"이동성만 고려하면 그램이 낫지만, 집에서 PC 대용도 고려해서 이 제품으로 구입했습니다. 이제 세팅해봐야 알겠지만, 일단 깔끔하네요. 키감도 좋고요.",[]
21.02.24.,5,"쿠폰써서 아주 싸게 샀어요
아이초등 온라인 수업땜에 샀는데 아직사용전이라",[]
21.03.08.,5,잘받았습니다 감사합니다,[]
21.03.01.,5,"빅스마일데이에 구입했어요.배송도 빠르고
좋으네요.만족합니다",[]
21.02.28.,5,세일 기간이라 최신 상품 저렴하게 구매했어요 만족해요,[]
21.02.25.,5,배송도 빠르고 제품도 좋아요!!예약구매가 밀려서 급하게 찾았는데 넘 만족합니다.포장도 안전하게 왔어요!!추천합니다,[]
21.02.28.,5,싸게 샀어요. 아주 만족합니다.,[]
21.03.02.,5,생각보다 가볍고 깔끕합니당,[]
21.02.26.,5,"빠른 배송, 만족합니다.",[]
21.02.27.,5,배송도빠르고좋으네요,[]
21.02.25.,5,배송도 아주 빨랐구요. 고3 아들도 아주 좋아합니다.수고하십시오.,[]
21.02.27.,5,빠르고 좋네요.,[]
21.02.27.,5,4세대 쓰다가 11세대 쓰니까 신세계네요! 잘 쓰겠습니다.,[]
21.02.24.,5,빠른 배송 감사합니다,[]
21.02.09.,5,배송도 빠르고가성비도 최고이고화이트색상이 넘 맘에들어요,[]
21.02.19.,5,배송이 빠르고 노트북도 잘 도착했습니다.문의글에도 응답이 빨라서 좋았어요 ~잘 쓰겠습니다. 번창하세요^^,[]
21.02.09.,5,빠르고 안전하게 배송이 되었습니다.,[]
21.02.18.,5,"신속, 안전하게 왔습니다. 저렴하게 잘 샀어요.",[]
21.02.20.,5,배송이 너무너무 빠르고 좋아요 노트북도 너무너무 좋아요 배송 굿굿굿!!,[]
