"2,068,990"
date,star_point,comment,photo
21.02.07.,5,"오프라인 스토어에 비해 더 고사양의 그램을 저렴하게 겟하였어요~ 특히 오프 매장에선 블랙 색상이 없었는데 더 가치에서는 구할수 있어 넘 좋았답니다~
제품이야 말해 무엇하나요. 17인치 시원한 화면에 업무할 맛 나네요~
속도 빠르고 아주 가볍고 디자인 세련되고요~
배송은 이틀만에 왔어요~^^ 택배로 신청했는데도 목욜 밤에 구매해서 토욜에 왔으니 거의 하루만에 도착했다해도 과언이 아니네요~ 상자에에 뽁뽁이로 꽁꽁 싸매서 와가지고 퀵을 꼭 할 필욘 없을듯요~
코로나라 재택 비중이 늘어날 걸 대비하여 노트북 업그레이드 구매 결정하였는데 아주 잘한것 같아요~^^","['https://phinf.pstatic.net/checkout/20210207_85/1612664107729wP0uy_JPEG/review-attachment-a92f1477-4ec2-402b-b5d6-fe57afb7ff54.jpeg?type=f287', 'https://phinf.pstatic.net/checkout/20210207_236/1612664108017gxUxp_JPEG/review-attachment-09023f41-1e78-4f5a-b227-d8322fa9ad2b.jpeg?type=f287', 'https://phinf.pstatic.net/checkout/20210207_275/16126641080207toO1_JPEG/review-attachment-28802962-b108-4f8a-8a80-dfed3c6bd1d4.jpeg?type=f287', 'https://phinf.pstatic.net/checkout/20210207_40/1612664108203mW35V_JPEG/review-attachment-94adfdb7-0217-460a-bd6a-f913a8f188d7.jpeg?type=f287']"
21.02.23.,5,"당장 필요해서 방문수령 전화드렸는데 직원분이 너무 친절하셨음. 일단 직원분 친절해서 5점 먹고감.
당일 결제한 후 바로 가서 받아도 되냐 물었는데 가능하다하셨음.
결제 후 한시간 뒤 바로 받고 물건확인해도 되냐 하니 뜯어도 문제가 생기면 어떻게 할 수 있다 설명 잘해주심. 서비스는 진짜 최고.

그램21 17인치 블랙 사고싶어서 구매했는데 디자인 너무 깔끔하고 말할 필요가없음. 프리도스라 켜면 첨부사진처럼 나옴.
아이패드 프로 12.9인치랑 비교해도 확실히 17인치라 겁나크지만
무개는 진짜 엄청 가벼움. 그램으로하는 이유가 다 있는듯","['https://phinf.pstatic.net/checkout/20210223_17/1614009148560fqLJL_JPEG/review-attachment-35c22055-44b8-4a39-85a2-308e709dc32f.jpeg?type=f287', 'https://phinf.pstatic.net/checkout/20210223_180/1614009148470ehhg0_JPEG/review-attachment-9e7bdd0d-341d-4734-9dd6-90137c456b02.jpeg?type=f287', 'https://phinf.pstatic.net/checkout/20210223_121/1614009148453h5AJ2_JPEG/review-attachment-304e0879-7c0f-4561-bb03-cfb00fb5dff7.jpeg?type=f287', 'https://phinf.pstatic.net/checkout/20210223_75/1614009148371EgaEs_JPEG/review-attachment-ab9c4396-e5e1-4718-9a0e-6b659a954766.jpeg?type=f287', 'https://phinf.pstatic.net/checkout/20210223_271/1614009148327mte7f_JPEG/review-attachment-fcf3deb0-a3b8-4ddc-b7db-734f6e4e2fc3.jpeg?type=f287']"
21.02.24.,5,"얇고 가볍고 색감도 이쁘네요. 프리도스는 처음 구매해서 설치가 잘 될까 좀 걱정됐는데 제품 매뉴얼에 윈도우, 드라이브 설치 방법이 자세히 나와 있어서 쉽게 설치했어요. 배송은 토요일에 주문하는 바람에 조금 늦게 받았네요. 퀵으로 받을걸하고 후회했지만ㅠㅠ 결국 받았으니 행복합니다'ㅂ')ㅋ 포장은 꼼꼼하게 되어 있었어요. 실물을 안보고 구매하면서 17인치가 좀 부담스럽지는 않을까 우려했었는데 가벼우면서 화면은 탁 트이니 단점으로 느껴지지 않았습니다. 오히려 장점? 좋은 제품이니 고민은 노노입니다ㅎㅎ 물건 많이 파세여~","['https://phinf.pstatic.net/checkout/20210224_299/1614170829056zXtU9_JPEG/review-attachment-d9a8f133-75b3-4eb5-a94e-c632b57f05c4.jpeg?type=f287', 'https://phinf.pstatic.net/checkout/20210224_109/1614170829214jprux_JPEG/review-attachment-67834346-030b-4cc2-826a-249b60da8f79.jpeg?type=f287', 'https://phinf.pstatic.net/checkout/20210224_61/16141708294605bwNY_JPEG/review-attachment-47e39732-bc8e-438e-ae87-af34d112a00d.jpeg?type=f287', 'https://phinf.pstatic.net/checkout/20210224_201/1614170829581QiJ7X_JPEG/review-attachment-f515ee96-0fab-4731-9fd9-5e319cd90a05.jpeg?type=f287']"
21.02.25.,5,"17인치 i7 & 16기가 모델을 구입해서 전에 쓰던 노트북의 자료를 모두 옮기고 이제 좀 안정감있게 사용하게 되었습니다.

지금정도나마 안정화 될 때까지 불편함이나 우여곡절이 없던 건 아니지만, 마우스가 여전히 가끔 끊기고 듀얼모니터 연결 시, 사운드가 가끔 끊기는 점을 제외하면 꽤 쾌적하게 이용중이네요.

만족스러울 때는 램사용률이 50% 내외를 기록할 때, 16기가를 잘 샀다 싶고, (엣지는 pdf 포함해서 창을 9개 열고 있는데 17로 표시되네요, 그리고 돌리고 있는 엑셀이 꽤나 무겁습니다)

아, 그리고 휴대할 때 너무 만족스럽습니다. 노트북을 매일 휴대하고 있는데, USB 허브와 PD충전기를 구입해서 어댑터를 직장과 집에 두고 다니기 때문에 구입전과 비교해서 매우, 매우 만족스럽습니다. (가끔 노트북이나, 마우스 안 넣은게 아닌가 싶어서 출근하다 가방 열어볼 정도로..ㅋ)

키보드 타건감이나 구분감은 좋은데, PgUp과 Home이 같은 키에 몰려 있어서 Home이나 End키를 이용 시, 펑션키를 눌러야 한 다는 점은 다소 불편하게 느껴집니다.

성능모드를 고성능으로 하는 경우 발열과 소음이 커지지만 심하지는 않은 것 같고, 권장모드로 사용하는 경우 소음을 느끼긴 어렵습니다. (발열은 따뜻한 ~ 따끈한 정도..? )


저의 경우 100% 사무용 용도이기 때문에 성능을 최고로 뽑아내지 않는 상황에서는 조금이라도 i7이 빠르지 않을까 싶어서 i7으로 결정했는데, 한편으로는 실사용 범위에서는 i5, i7 차이가 체감되지 않을것 같은 생각도..ㅋ

타공 부분을 모두 오픈(현재는 cpu 부분만 뚫려있죠. 밀스펙의 방진항목 때문으로 추측하는 것 같습니다) 하고 방열판을 붙였을 때 어느정도 발열이 개선된다면 성능향상의 여지는 남아있기 때문에 약간 기대는 하고 있습니다.


다들 용도에 맞게 잘 구입하셔서 본전 생각 안날 때까지 실컷 굴리시길 바랍니다. ㅋ",[]
21.02.16.,5,"업무용 컴퓨터 고장으로 16인치와 17인치 고르다 17인치 16기가 램이 없어 실망하고 그램 16인치 구매하였는데 입고 지연으로 3월중 받을 수 있다고 다시 알아보던중 17인치에 램 16기가 제품이 있어 바로 구입함,
기존 노북과 동일하고 무게도 가볍고 화면도 더 커서 만족함.
단점은 1TB 추가하면서 원도우 1TB로 깔아달라고 하였는데
그냥 기존 달려있는 256GB에 설치하여 주셨네요~
유선으로 연락하여 부탁까지 드렸는데
다시 밀고 다시 설치 하여야 하네요~ ㅠㅠ 아 시간 없는데~","['https://phinf.pstatic.net/checkout/20210216_247/1613465346596ewwzd_JPEG/review-attachment-c8d0298e-6daf-4e95-8ed2-d508472a0df6.jpeg?type=f287', 'https://phinf.pstatic.net/checkout/20210216_114/1613465347029rStyv_JPEG/review-attachment-127baa7a-87a6-40b6-a954-144b1a3afc0b.jpeg?type=f287', 'https://phinf.pstatic.net/checkout/20210216_171/1613465346994W2llV_JPEG/review-attachment-35f3d462-f838-4360-8913-ac897e98ad5f.jpeg?type=f287', 'https://phinf.pstatic.net/checkout/20210216_197/1613465346764XXqfS_JPEG/review-attachment-7827da94-a8cd-4e29-895f-ad721874fb63.jpeg?type=f287']"
21.03.10.,5,"17인치라서 그런지 주문하고 3일만에 배송되었고 패키징은 아주 꼼꼼하게 해주셔서 아주 만족 했습니다. 제품 수령하고 약 1개월 가량의 실사용 중이며 대부분의 제품이 그러하듯 2021LG그램도 장점과 단점이 공존하더군요.

우선 화면이 넓습니다. 아주 넓어요 ^^ 노트북 화면은 넓으면 넓을 수록 좋다고 생각하기 때문에 주저없이 17인치 모델을 선택했고 실제로 보니 광활한 화면에 아주 먀족했습니다.

두번째로 디자인이 예쁩니다. 이부분은 주관적인 부분이라 개인차가 있을거라 생각하지만 미려하고 깔끔한 블랙바디와 화면 대비 얇은 베젤은 보는것만으로도 즐거움을 선사하더군요^^

세번째로는 쿨링 성능입니다. 이전 세대 그램이 발열과 쿨링 문제로 적지않은 아쉬움이 있었는데 2021 그램은 아직까지는 합격점을 주고 싶네요. 하루 종일 사용하는데도 너무 조용하고 상판도 서늘합니다.

다만 제품의 마감이 미흡한 제품들이 종종 있다는 단점도 있습니다. 터치패드 유격, 삐뚫어진 전원버튼은 초기 생산 모델에서 빈번하게 나타난 문제 였습니다. 그램같은 고가의 노트북을 구매하면서 뽑기운(?)을 기대해야 한다는것은 아쉬운 부분입니다.

물론 마감이 미흡하더라도 사용상의 문제가 있는것은 아니고 서비스 센터에서도 보증기간 내에 언제든지 원하면 해당 부분을 교체해 주겠다는 약속도 해주셔서 나름 만족하면서 사용 중에 있습니다 ^^",[]
21.02.09.,5,매장가서 화이트와 실버 블랙 모두 보고 블랙 좋아서 샀습니다. 오래쓰면 블랙이 덜 질릴거 같아서..ㅎㅎ 어쨌던 이쁘고 가볍고 좋습니다. 다만 팬소음이 신경 안 썼는데....들립니다. 구매 하시는 분들은 소음 체크 확인 하시고 구매 하세요~매장 전화 응대 하시는분 친절하고 퀵 배송 정확 합니다. 감사합니다. 많이 파세요~~,"['https://phinf.pstatic.net/checkout/20210209_30/1612799296311fverv_JPEG/review-attachment-48399785-28cc-4819-a04b-331e80a66998.jpeg?type=f287', 'https://phinf.pstatic.net/checkout/20210209_118/1612799296554BV7yE_JPEG/review-attachment-a6595e78-0828-4356-bed5-b06bf15441cf.jpeg?type=f287', 'https://phinf.pstatic.net/checkout/20210209_13/1612799296714MGKsa_JPEG/review-attachment-77a56f23-097f-429e-839f-851d2abc6a4d.jpeg?type=f287', 'https://phinf.pstatic.net/checkout/20210209_159/1612799296699sLjdH_JPEG/review-attachment-095fce37-1e91-42f2-bafb-e04a19ddd70d.jpeg?type=f287', 'https://phinf.pstatic.net/checkout/20210209_158/1612799296509xYqSw_JPEG/review-attachment-546b424e-e8d1-4250-8a8e-b99bb72bc7fb.jpeg?type=f287']"
21.03.16.,5,"코로나로 인해 재택근무가 잦아지고 여러 면에서 노트북이 필요했습니다.
기존에 사용하던 노트북은 H사 제품인데 오래되었고 성능도 딸려서 화상회의에서 많이 끊기더라고요.
고민하던 부분이... 가격대였는데 일단 삼성보다는 엘지를 선호하여 엘지 그램과 타 저렴한 노트북들을 알아보고 있었는데요.
솔직히 가격적인 면에서는 그램이 매리트가 없었고 같은 성능의 타 브랜드들이 더 좋아보였습니다.
그런데 위메프에서 할인이 많이 들어가 가격적인 면도 많이 커버가 됐고 AS를 안 따질수가 없더라고요
그래서 그램을 선택했습니다.
고사양이라서 램을 추가할까 고민하다 AS가 훌륭한 LG이기에 5년이상 사용할 생각에 16램으로 선택했고
만족합니다.
상품을 주문하고 3월 말에 출고가 된다고 하여 실망했지만.. 주문한지 이틀만에 제 손에 도착했습니다.
배송이 굉장히 빠르고 포장상태도 이중 삼중으로 안전하게 되어있더라고요^^
os를 구매하지 않아서 아직 전원을 켜보진 않았지만 그램에서 풍기는 영롱함에 벌써부터 가슴이 뛰는군요.
17화면은 엄청 큰데 무게는 또 엄청 가볍습니다. 두 손가락으로 집어도 들릴만큼~~
흰색을 원했는데 검은색도 엄청 고급스럽습니다. 나중에 보호필름을 사서 붙일 예정이고요 ㅎㅎ
암튼 좋은 제품 저렴하고 빠르게 잘 받았습니다. 감사합니다.
사업 번창하세요^^",[]
21.02.23.,5,"16인치랑 17인치 중에 고민하다가 16인치랑 금액차이가 거의 안나서 17인치 블랙으로 구매했습니다. 사실 화이트로 사고싶었는게 블랙을 보니 또 블랙이 간즤나는것 같아서 질러버렸네요.

원래 14인치 쓰다가 봐서 그런지 엄청 큰데 무게는 생각보다 가벼워요. 맥북 들다가 이거 들면 아프던 손목이 낫는 그런 느낌? 근데 너무 가벼워서 튼튼하긴 한건가 싶지만 믿고쓰는 엘지라 걱정없네용

공식판매점이라 더 믿음이 가기도 하고, 처음에 전화문의 응대해주셨던 남자분도 너무 친절하게 해주셔서 기분 좋은 구매 했습니다~ 비록 당일수령은 어려웠지만 퀵 지원도 받아서 싸고 빠르게 구매했으니 만족 만족 대만족~

+ 근데 블랙이라 그런지 키스킨이 너무 없어보여서.. 고건 좀 아쉽습네당",['https://phinf.pstatic.net/checkout/20210223_199/1614087136136s4ki5_JPEG/review-attachment-b0515318-e6a5-4d50-8f70-21f5d2eb2799.jpeg?type=f287']
21.02.05.,5,"그램16과 그램17 중 고민고민 끝에 그램17을 구매하였습니다.

백팩안에 15인치 노트북 수납할수 있는 곳에 17인치가 들어가지 않을까봐 고민했던건데.. 17인치도 기분좋게 잘 들어가네요~

무게는 두말할 필요없이 너무 가볍네요~ 역시 그램이라는 생각이 듭니다. 기존에 사용했던 맥북프로15인치 대비하여 무게가 정말 가볍습니다.

사양으로도 고민을 했었습니다. 메모리가 8기가로 충분할까 싶은 마음에 지금까지 기다렸다 16기가가 출시하자마자 구매했네요. 다다익램이라는 말이 있듯이 16기가로 구매하니 정말 든든합니다. 그램의 LPDDR4x 8기가로도 갤럭시북이온 16기가보다 좋다는 리뷰들이 있어 잠시 고민했었네요. cpu도 1135G7 과 1165G7중 고민하다 이왕 구매하는거 i7 1165G7으로 구매하였네요. 두모델을 다 써보지 않아 차이는 잘 모르겠으나 심적으로 너무 만족스럽습니다.

다만 스토리지 용량이 256기가 밖에 되지 않아 추가로 512기가 구매하여 배송오길 기다리고 있습니다. 256기가로는 좀 작은 느낌이어서 PM981a로 추가 구매하였습니다.

마지막으로 컬러는 그램의 아이덴티티인 화이트 색상도 깔끔하고 이뻐보였지만, 고급스러운 느낌의 매트한 블랙색상인 옵시디언 블랙에 꼿쳐버려서 블랙으로 구매하였습니다.

전체적으로 너무 맘에 드네요. 다행이 배송받은 상품도 양품으로 잘 받은것 같습니다.

만족할만한 제품이고 제주변에도 추천했네요~

강력 추천 합니다. 역시 LG그램!",[]
21.02.03.,5,"삼@ 의 이@ 과 엘지의 그램 노트북을 비교하며 고민하고 고민한끝에
LG 그램을 선택하였고 가격도 합리적인 가격에 구매하여 만족합니다ㅎ

배송상태는 겉박스 조금 찌그러진거 빼면 흠잡을 곳없이 뽁뽁이로
완벽보호 상태로 배송되었습니다.

그램의 최대 강점인 무게는 17인치라는 대화면에도 불구하고
들어보면 크기에비해 매우 가볍다 라는 생각이 제일먼저듭니다!

성능은 11세대 i7과 iRis Xe 그래픽 또 새로운 LPDDR RAM 의 도입으로
빠른 반응속도와 모든 부품간 조화를 이루어 최적의 성능을 내어
기대 이상의 퍼포먼스를 보여줬습니다.

또한 기존 스피커 모듈을 새로운 모듈로 교체하여
사운드 품질도 대폭 향상되어 채감할수있었습니다

추후 업그레이드를 할수있게 M.2 슬롯을 만들어논 점에서
이렇게 얇은 노트북에 확장까지 가능하여 정말 좋은거같습니다.

추후 개인 사정상 노트북을 한대 더 구매할 일이 있었는데
그때도 LG 그램 2021 모델을 사야겠습니다

모든면에서 완벽한 제품인거같습니다",[]
21.02.22.,4,"제품은 좋은 것 같음. 이전에 울트라pc를 사용하다 그램은 처음 사용하는데 왜 가벼운지 알겠음. 그 답은 플라스틱. 그래도, 내구성 테스트도 했다고 하니 괜찮을 듯 하나 키보드쪽은 그렇다쳐도 모니터쪽은 불안한 느낌임. 거기에 약간의 빛샘 현상 있음. 현재는 사용상 문제는 없어 나중에 좀 더 심해지거나 하면 보증기한 내에 수리하면 될 것 같음.근데, 다른 건 이해하겠는데, 내부 포장 상태, 특히 전원 어댑터 포장지가 지저분하고 테이핑도 너덜너덜, 보관 홈은 먼지들이 눌러붙어 있는 건 뭘까나? 아무리 중국에서 제조한다지만 직배송 샤오미를 써도 이런 포장상태는 아니던데... 의문임.",[]
21.02.23.,5,"너무기다렸는데 빠르고 안전하게 도착했어요
너무 좋았습니다!!!!
설연휴 때 주문한거라 더 늣어질 줄 알았는데 빠르게 왔어요 포장도 깔끔하고 안전하게 뽁뽁이에 둘러쌓여서 왔는데 너무 좋았습니다
블랙을 너무 사고싶어서 이곳저곳을 봤지만 이곳만큼 싸고 친절한 곳은 없었던거 같습니다
몇일 사용해봤는데 이상없이 잘 사용하고 있습니다 감사합니다!!","['https://phinf.pstatic.net/checkout/20210223_102/1614044125208JWojP_JPEG/review-attachment-f5f0dd59-9a61-47c2-bbce-2d51de299175.jpeg?type=f287', 'https://phinf.pstatic.net/checkout/20210223_99/1614044150511FTQjN_JPEG/review-attachment-dab75257-01ae-4f0e-b146-1123b2c2f628.jpeg?type=f287', 'https://phinf.pstatic.net/checkout/20210223_24/1614044163663RgrX3_JPEG/review-attachment-77897e96-0be4-4f45-859c-40a7ae66eebf.jpeg?type=f287']"
21.03.17.,5,"가벼워서 깜짝놀랐수우웁니다
크기에 한번도 놀랐수우웁미다
아직 윈도우를 설치하지않아 사용하지는 못하고있습니다아우아
기대를 저버리지 않는 그램이 좋습니두아우아
10년쓰고
다음 2031 그램으로 바꿀겁니드아아우아아
최고입니다우아우아아이우아

이렇게 가벼워도 되는겁니까 옆에 있는 맥북이랑 비교해ㅐ봤는데 현저히 무게가 차이가 나네요
다른작업들은 아직 해보지 못했으나 큼지막한 화면에서 작업할걸 생각하니 일의 욕구가 솟구쳐 올라옵니다
16:10 괜히 이비율이 아닌거 아시죠 화면체감상 27인치 모니터 급이네요 정말 기대이상이랍니다
배송은 왜 2일만에 온지는 모르겠습니다
4월말에 순차배송된다했는데 일찍도착하니 무슨이유인지 궁금하네요 알려주시면 감사 찜찜함도 없을듯해요
그램이라서 믿고 구매합니다
공식판매점이라 믿고 구매합니다",[]
21.02.24.,5,제품은 뽁뽁이로 아낌없이 포장하여 물건을 받을때 마음이 좋았습니다. 실제로 20일 사용하여 후기를 다시 올립니다. 큰화면과 해상도과 좋아서 넷플리스와 케이블방송도 매일 보고 있어요. 가벼워서 집에서는 항상들고 다니며 무릎에서 사용하기도 하며 tv대용으로 많이 쓰고 있습니다. 길드워2게임을 주로하는데 잘돌아갑니다. 트랙패드도 사용하기에 편해서 마우스를 잘 안쓰고 옆구리에 끼고 다닙니다. 무엇보다도 저렴한 가격에 구입 할수 있어서 감사합니다. 그리고 윈도우를 설치후 에는 드라이버가 자동 인식후 설치가 스스로 되어서 편했습니다. 후회없이 잘쓰고 있습니다. 아 그리고 15인치 가방에 속 들어갑니다. 많이 파세요!,[]
21.02.17.,5,"서브 3D작업용으로 구매하였습니다. 매장에서 15인치 i5로 테스트를 해보고 구매하였는데 실제로 구매해서 사용해보고 매우 만족해하고 있습니다. 4K용 3D 작업물을 렌더링 하는데에도 큰 문제가 없습니다. 체감상 i7 6700k+gtx1060와 큰 차이를 느끼지 못할 정도입니다. (좀 더 좋은지도 모르겠습니다만, 체감이라서 실제 측정치는 아닙니다.) 색상을 실물로 보지 못해서 걱정했는데... 특이한 점은 없고 그냥 블랙입니다. 저가 노트북 블랙보다는 좋아보이지만 그렇다고 큰 기대는 하지 않는 것이 좋겠습니다. USB단자가 4개 있는 것은 좋지만 1개는 전원 때문에 잡아먹어서 3개입니다. 음... 개인적으로는 부족한 감이 있습니다만... 한두개 더 있었으면 좋을 뻔 했습니다. 서브 노트북으로 이정도라면 강력추천합니다.",[]
21.02.03.,5,"17인치에 램 16기가 블랙색상을 찾아봤더니 i5에선 안보여서 이모델을 구매했습니다. 처음에 구매할땐 아무래도 비싼금액이다보니 고민 많이했는데 받아서 보니 너무 만족스럽네요.
화이트가 이쁘긴 하지만 오래쓸수록 누래지는건 피할 수 없는지라 그나마 티가 덜 날거같은 검은색으로 했는데 만족스럽습니다.","['https://phinf.pstatic.net/checkout/20210203_123/1612332522506FSWNy_JPEG/review-attachment-e0a88e22-f624-4622-a081-941b858d7d41.jpeg?type=f287', 'https://phinf.pstatic.net/checkout/20210203_123/1612332533001fe8h4_JPEG/review-attachment-66df3c80-7ae2-45c3-a3db-d50c9d3131b1.jpeg?type=f287']"
21.02.16.,5,"LG 그램 16인치와 17인치 어떤 제품을 구매할지 선택의 기로에 있는데
RAM 8GB 제품으로 17인치를 포기하고 16인치 블랙을 구입,
갑가지 구입처로부터 입고지연으로 가 3월월 중순경 제품을 받을 수 있다고 하여 주문 취소, 후 폭풍 써치 중 발견한 그램 17인치 제품 16GB 출시 내용을 보고 바로 망설입 없이 결제, 급한 마음에 구이처 방문 수령시, 방문 후 친절하게 응대해 주시고 사무실 와서 열어 보고 블랙 색상 보고 마음에 쏙~~~ 역시 화이트 보단 블랙이 진리 잘 쓰겠습니다.","['https://phinf.pstatic.net/checkout.phinf/20210216_65/16134632910929LoMq_JPEG/review-attachment-da725e73-85ab-41ad-950a-88b9190df4f9.jpeg?type=f287', 'https://phinf.pstatic.net/checkout.phinf/20210216_113/1613463291023eVyH7_JPEG/review-attachment-3f9a2a3c-0bac-40fc-8b4f-4aaf882df491.jpeg?type=f287']"
21.03.07.,5,"그동안 고민하다 최종적으로 그램 17 i7을 구매하였습니다.
오래 사용할 걸 생각해서 램 16GB 로 구매했는데 잘한 선택 같네요!
바로 받아서 써야 했는데 주문 후 배송도 바로 되었고
상품도 꼼꼼하게 포장되었습니다. (상세페이지에 있듯이 이중포장 되어 있었어요!)

상품 받고 바로 윈도우 설치 했고,
성능이 좋아서 그런데 금방 끝났습니다.

업데이트는 누적된게 많아서 MS 홈페이지에서 최신 걸로 받아 했습니다.

화면이 생각보다 커서 놀랐지만 여러 작업을 한꺼번에 할 수 있을 것 같습니다. 기존에 쓰던 노트북 (13인치) 보다 무게가 가볍고 충전 어답터도 컴팩트해서 들고 다니기에 부담은 없습니다.

잘 쓰겠습니다!",[]
21.03.17.,5,"노트북을 구매 할려고 여러 제품 비교해보다가 항상 그램이 항상 후기가 좋아서 유튜브도 많이 찾아보고 그램으로 결정하고 구입하게 되었습니다.
개인적인 취향으로 전자기계는 항상 검정색이다를 생각하고 구매해서 그런지 검정색이 더 확실히 깔끔한 느낌이 들고 더 이뻐보입니다.
그램의 젤 큰 장점은 휴대성과 가벼움! 화면도 커서 답답한 느낌도 없고 키보드도 느낌이 좋습니다.
아직 윈도우를 깔지 못해서 사용해 보지 못했지만 기대가 아무 큽니다. 배송도 빨리오고 박스도 깨끗하게 제품도 파손없이 안전하게 와서 너무 만족합니다. 적게 일하고 많이 파세요~",[]
21.02.26.,4,"16인치와 17인치를 고민했는데,17인치 화면 크고 좋네요^^, 부팅속도도 매우 빠르고 만족합니다. 그런데사진 첨부 보시면 트랙패드 우측 상단 틈에 하얀 물질이 끼어 있었어요. 나름 빼보려고 좀 노력했는데 잘 안빠지네요.... 윈도우 설치 및 SSD업그레이드시 이물질이 들어간 것 같습니다.....","['https://phinf.pstatic.net/checkout/20210226_40/1614297560829aWTyA_JPEG/review-attachment-dd0cf4ed-68ca-4973-943e-779ef2832351.jpeg?type=f287', 'https://phinf.pstatic.net/checkout/20210226_263/1614297568348yun6a_JPEG/review-attachment-64880135-30d6-4782-97a1-39e2c9a030bc.jpeg?type=f287']"
21.02.27.,5,처음사는거라 궁금한점이 많았는데 상담사분들이 친절하구 빠르게 대응해주셔서 구매하는데 도움이 많이 되었구요!제품은 말해뭐합니까!이번lg그램17은 주식용으로 샀는데 타 노트북보다 17인치로 먹고 들어가면서 16대10비율이라 너무 좋았어요 전작대비 개선된 것들도 너무 좋아서 망설임없이 야무지게 구매하고 갑니다.한 5년은 거뜬하게 쓰겠네요!감사합니다:),"['https://phinf.pstatic.net/checkout/20210227_285/1614418633392RCbLb_JPEG/review-attachment-131cf312-b121-4c76-9319-05be938698fa.jpeg?type=f287', 'https://phinf.pstatic.net/checkout/20210227_36/1614418639863wYXKh_JPEG/review-attachment-5853c52a-defb-42e1-b5cb-f1ac54ad57eb.jpeg?type=f287']"
21.02.17.,5,"우선 그램을 구매하게 된 이유는
한x컴퓨터의 노트북을 사고 3개월동안 제대로 사용을 못했습니다.
서비스센터 입고 1달, 서비스센터 간게 8번이나 되면서 역시 믿거한 이구나 했습니다.

그렇게 약200을 주고산 노트북을 3개월만에 165라는 가격에 급처했습니다.
하지만 돈보다 그동안 받았던 스트레스가 너무 커 금액은 신경쓰지 않았습니다.

그러던 중 LG에서 새로운 그램의 소식을 접하고 아 차라리 대기업의 노트북을 사자
대기업은 상품 뿐만이 AS도 노트북 가격에 포함이 되어있으니까 라고 생각했습니다.
역시 이번에 사실 그램은 많은 이슈들이 많습니다.
QC가 엉망이라 제것도 노트북의 터치패드 유격이 있습니다. 하지만
판매처에서도 적극적으로 응대해주었고, 서비스 센터에서도 이건 지금 많은 이슈들이 있고
지금 교환해도 양품을 기대하기 어러우니 무상AS를 1년 추가해주고 상판을 전무 무료로 교체해주는 약속을 해주었습니다.

역시 대기업은 이름값이 있는 만큼 서비스가 최고였습니다.

그리고 그램 장난 아닙니다. 그냥 사세요 17그램으로 사세요.
이건 와우.. 미쳤습니다.

그리고 마지막으로 여기 믿을만합니다. 여기에서 사세요

서비스센터가서 문제가 발생 할 시 엔지니어랑 통화를 해주겠다고 할 정도로 구매후 관리도 잘 해줍니다.

그냥 여기 좋음 그램도 좋고 다좋아요 여기서 구매하세요",[]
21.02.16.,5,배송이 빠르고 좋으네요~ 17인치라서 화면도 크고 무엇보다 화이트가아닌 블랙을 고심끝에 결정했는데 색상이 너무 예쁘고 시크한느낌이라 화이트보다는개인적으로더이쁘네요^^ 속도도빠르고 프로그램설치도 무척빨리되네요 좋아요 ~~,"['https://shopping-phinf.pstatic.net/20210218_5/1c9d3e13-0eb4-4940-a910-1e6bdef7f00f.jpg?type=f287', 'https://shopping-phinf.pstatic.net/20210218_9/a255c56f-310f-431f-8ec7-ca819bcb3cd2.jpg?type=f287']"
21.02.07.,5,"이전에 사용했던 맥북에어 11인치랑 비교해보면 화면이 엄청 큰데도 불구하고 무게는 비슷한 수준이라 놀랍네요.입력 포트도 썬더볼트 2개, USB 3.0 2개, UFS 카드 슬롯 1개로 충분합니다. 충전은 USB C type으로 충전이 가능하나 정품 충전기가 아니면 경고 팝업이 뜨네요.이전부터 발열 이슈가 있었는데 이번 제품은 제품 하단에 밴트홀도 만들어놓고 제품 밑면에 공간이 생기도록 설계되어서 아직까진 발열로 인한 불편은 크게 못느꼈습다.색상은 화이트가 이쁘지만 손때가 걱정돼서 블랙으로 선택했는데 시크하니 이쁩니다.",[]
21.02.27.,5,"왜 그램 그램 하는지 알겠네요
CPU처리속도 빨라지고 특히 와이파이가 유선랜과 차이가 없을 정도로 빠른것같습니다
발열관리도 통풍구가 뚫려 있어서 전작보다 나아진것같습니다
사무용으로는 그램을 대체할 제품은 없다고 생각되네요
칼라도 블랙간지 좔잘 너무 이쁘네요
후기에 패드 틈이 벌어져있다고 그래서 신경쓰였는데
예민한 편인데 실제로보니 신경쓰일 정도는 아니였네요
썬더볼트4도 2개 지원해서 충전 c타입 허브 둘다 껴놓고 작업할수있어서 좋아요
충전기선도 2미터정도 되서 좋네요
무조건 i7으로 사세요 짱입니다",[]
21.03.04.,5,"lg그램이랑 삼성 이온 올웨이즈 등 삼성 레노버 델 노트북을 잘몰라서 많이 고민해보고 샀는데 우리집 주변에 삼성 엘지 서비스센터가 있길래
그래도 대기업의 장점은 as라고 생각해서 삼성 엘지를 남겨두고 삼성은 제품군이 너무 많아서 고르지 못하고 엘지를 골랐고 또 그램은 그램만의 이름이 로고로 박혀있는데 삼성은 제품만의 로고가 없어서 아쉬웠고 17인치라는 대용량이 끌렸고 블랙색상도 매력적이다
충전한번하면 오래가고 크지만 가볍고 맘에 들어요 오래도록 고장안나고 사용했으면 좋겠어요",[]
21.03.23.,5,"사장님과 일하시는분들의 전문성과 친절함에 감동했습니다. 생각해보면 여기를 알기전에 용산 여러곳에서 구입 했지만 참 기쁜 마음으로 이렇게 좋은 서비스와 함께 구입한 경험도 여기가 처음이네요. 2021 울트라기어나 lg그램 같은 스펙으로 실버컬러 나오면 꼭 연락 부탁드립니다. 꼭 여기서 하나 더 구입하고 싶습니다. 이번에 구입한 lg그램도 문제 없이 잘 사용하고 있으며, 200넘는 비싼 기기사서 걱정했는데 본인 물건인것처럼 조심조심 아기다루듯 SSD 업그레이드 해주시고 자세한 상품설명과 함께 깔끔하게 처리해주셔서 정말 감사합니다~ 잘 사용하겠습니다. 사업 번창 대박나세요~~",[]
21.03.01.,5,"노트북은 오아시스에서 사세요!

구입하면서 문의사항 있을 때 전화 드렸는데,
진짜 처음부터 끝까지 친절하시고,

상품배송도 빠르게 안전하게 잘 되었습니다:)
뾱뾱이 뜯는데 애먹음 ㅎㅎ
(그만큼 안전하게 배달해 주셨어요~~~~:))

16/17인치 중에 고민했는데
집에서 사용하던 데스크탑 대신 사용하려면
아무래도 화면이 큰게 좋을 것 같아서
17로 선택했는데 너무 잘 선택한 것 같고,
무엇보다..! gram이라는 이름답게 가벼워서 너무 좋습니다:)

잘 쓰겠습니다!","['https://phinf.pstatic.net/checkout/20210301_210/161459440474815JvD_JPEG/review-attachment-11a035e1-8f73-4078-85e3-6fb02361b5db.jpeg?type=f287', 'https://phinf.pstatic.net/checkout/20210301_203/1614594404672MJEcy_JPEG/review-attachment-2232adc7-50e5-43c8-ae75-a325c6f2e1a9.jpeg?type=f287']"
21.03.01.,5,"작년 2020 년 i5 화이트 그램을 가지고있지만 여동생을 주는바람에
올해또 구매하게되었는데요
제가 주 사용용도가 주식과 동영상 시청으로
순간순간 hts 시세에 민감하게 반응해야하기때문에 i7으로 구매했습니다.
아직 사용한지는 얼마안되어서 기존 i5 보다 큰 체감은 못느꼈지만..일단 마음만은 편하네요
그램 입문을 화이트로 했기때문에 이번엔 블랙으로 주문해보았습니다. 블랙도 블랙나름대로 시크하고 너무 이쁘네요.
앞으로 잘 사용할것 같습니다. 일단 휴대성이 편해서 너무좋구요. 저같이 주식,사무용, 영화시청용도로는 그램이 딱인거같습니다.",[]
21.02.27.,4,"직업 때문에 노트북을 1년 내내 사용하는데
일단 LG그램 17인치도 일반적인 15인치 가방에 다소 타이트하긴 하지만 들어갑니다.

제품은 모두 잘알다시피 가볍고 좋습니다.
색깔은 특히 17인치는 블랙이 좋다고 생각합니다.
블랙이 좀 더 작아보이기 때문이죠

그램 2021년 형은 가격이 좀 아쉬워서 오랫동안 고민했는데
위메프 할인이 많아서 고민없이 구매했습니다.

잘 사용하겠습니다.
감사합니다. 제발 뽑기 잘해서 초기불량 없는 제품이면 좋겠습니다.

18년에 그램 구매시 구매한지 1달도 안되어 액정 교체했거든요",[]
21.03.25.,5,"오늘 도착하자마자 뜯어봤네요
두근두근 떨리는 마음으로 개봉했는데 하자마자 정말 가벼움에 놀라네요
광고로만 가볍다 소리만 들었지 기존 쓰던 노트북과 비교해봐도 무게가 반절도 안나가는거 같아요
화면도 커서 보기도 좋고 가벼우면서도 속도가 기존 노트북은 쳐다도 보기싫을정도로 빨라요
화질도 왜그리 선명한지 제가 기존에 구식 노트북을 썼나봐요
아직도 두근두근 기분좋게 시작하러 갈게요
좋은 제품 잘 쓰겠습니다",[]
21.02.23.,5,일요일 오후에 주문 했는데 화요일 오전에 도착 했습니다 배송이 매우 빨라서 만족스러웠습니다 뽁뽁이도 3~4겹 둘러싸여 있어서 안심이 되고 좋았습니다 그리고 블로그에 SSD 미 인식 시 조치 방법이 자세히 나와있어서 좋았습니다 만족합니다,"['https://phinf.pstatic.net/checkout/20210223_98/16140779720988b771_JPEG/review-attachment-31ef49d9-f60a-4660-ad9f-906f95118764.jpeg?type=f287', 'https://phinf.pstatic.net/checkout/20210223_224/1614077961209ir1SE_JPEG/review-attachment-f8e82b9e-437b-4c6c-85be-f3221f79d249.jpeg?type=f287']"
21.02.12.,5,모처럼 비싸지만 만족스러운 그램을 구입하게 되었네요. 무엇보다 17인치의 큰 화면이 좋고 잦은 충전이 필요없는 특징이 그램에 있어 가장 큰 장점인것 같네요. 기존 그램도 그랬지만 이번 2021그램은 좀 더 퀼리티 높은 제품이라고 여러 리뷰를 보고 실제로도 그런가 확인해 보니 만족스럽네요. 발열 때문에 하판부분의 통풍을 원할하기 위한 타공된 부분 등 개선된 부분 뿐 아니라 화이트가 아닌 블랙 색상으로 여러모로 만족합니다.,[]
21.02.12.,5,"배송과 서비스, 제품의 품질까지 아주 만족스럽네요. 제품은 원래 LG그램을 사고 싶었기에 말할 필요 없고 무엇보다 서비스가 아주 좋았어요. 제가 퀵 배송 받는 당일에 일이 있어서 잠깐 나갔다 왔어야 했는데 상담해주시는 분께서 너무 친절하게 응해주셔서 너무 좋았습니다.다음에도 기기 시킬 일 있으면 여기에서 다시 구매하고 싶어요.","['https://shopping-phinf.pstatic.net/20210214_10/5326fe4d-0de9-4b97-8ab9-19dff9a8eb59.jpg?type=f287', 'https://shopping-phinf.pstatic.net/20210214_24/1bf619ba-340e-401d-a437-9e12460c81e9.jpg?type=f287']"
21.02.21.,5,업그레이드 옵션 신청해서 시간 좀 걸릴줄 알았는데 배송 빨랐어요 이틀 정도 걸린듯.. 뽁뽁이 꽉꽉 싸여 와서 포장도 만족합니다 그램은 흰색이라고 생각했는데 2021년형 17은 검은색을 다들 많이 사길래 저도 그냥 검은색 사봤는데 좋네요 깔끔하고 무게감있어 보여요 노트북만 보면 중요한일 하는 사람이 드는 이미지같아요...방에 놔두니까 책상위만 서재분위기 좀 나는거 같기도 하고 ㅎㅎ 램추가를 더 못해서 아쉽지만 관리 잘 해서 몇년 잘 써보려구요 많이 파세요,[]
21.02.06.,5,"고민하다가 결국 샀는데 너무 만족해요!
어느정도 영상 작업도 무리 없고 무엇보다 이쁘고 가볍고(완전) 화면이 커서 좋습니다.
인강보기에도 화면이 크니까 집중도 잘 되는 것 같아요.
잠깐 웹서핑을 했는데 발열 전혀 없고 소리도 안나고... 눈물 납니다 ㅠㅠ 강추예요",['https://phinf.pstatic.net/checkout/20210206_219/1612541944380Nojon_JPEG/review-attachment-5e1ab1ca-a3db-4444-baa5-1189297d84bb.jpeg?type=f287']
21.02.04.,5,"주문하고 배송 아주 빠르고, 받고 열어 보니 화면 크기가 기존에 쓰던 15인치 노트북보다 많이 크게 보이내여...기존 15인치 노트북보다 크기는 조금 더 크긴한데, 길이가 좀더 길긴해도....기존에 쓰던 15인치 노트북가방에 딱맞게 들어가서 노트북 가방도 그대로 쓸 수 있어 좋습니다.","['https://shopping-phinf.pstatic.net/20210206_23/c068b51a-12b5-47bb-a630-cdbc78876944.jpg?type=f287', 'https://shopping-phinf.pstatic.net/20210206_6/077e588e-c8c2-4f22-b9a8-9515050cbec3.jpg?type=f287']"
21.03.04.,5,"몇가지 문의드리고 주문했는데 친절하시고
퀵발송전에도 미리 연락주셔서 대기타다 잘받았습니다.

기본ssd256G에만 윈도우설치를 해주신다고해서
제가 받아서 윈도우10설치했구요
나머지 추가사항들은 별문제 없었습니다.

2020년 1월에 주문하고 두번째주문에도
변함없는 서비스를 제공해 주셔서 믿고 구매할 수
있었습니다. 감사합니다~",['https://phinf.pstatic.net/checkout/20210304_96/1614844336859lWD6K_JPEG/review-attachment-5da5ee1e-15ce-4e2f-bc71-1d9a524bf820.jpeg?type=f287']
21.02.26.,5,"업무 목적으로 그램17인치를 2년 쓰다가 느려지는 것 같아서 2021그램17인치를 구매했어요~!
원래 삼성 노트북과 X1 카본 썼었는데, 17인치가 나온 이후에는 돌아갈 수가 없네요...
네이버 멤버십 가입되어 있었어 포인트를 2만원 더 받았네요^^;;
그럼 좋은 하루들 되세요",['https://phinf.pstatic.net/checkout/20210226_230/1614282127237ePRhl_JPEG/review-attachment-9643122a-bc16-4d28-ac10-d77ba9fea836.jpeg?type=f287']
21.02.17.,4,"설날전주쯤 시켰는데 아쉽게 물량이 없어서 일주일 정도 기다렸고 다행히 물량이 빨리 오는 바람에 2틀정도 배송걸려서 물건 받았습니다.

원래 작년 흰색 17인치 i7모델 쓰다가 집에도 노트북이 한대 더 있으면 좋을것 같아 기추 하였습니다.

블랙은 처음이라 기대했는데 역시나 깔끔하고 예쁜것 같습니다.

때도 덜탈것같아 다 좋은데 지문인식 되던게 빠졌나보네요

그래도 나름 지문인식이 빠르게 적응되서 좋았는데

그건 좀 아쉽고

디자인이나 성능은 만족스럽니다.

잘쓰겠습니다.

감사합니다.",[]
21.02.24.,5,집에서 쓰는 10년된 노트북 버리고 일체형pc쓰다가 들고다니기 편한 그램 장만했습니다. 외출해서도 애들 인터넷수업도 할수있고 좋네요. 검은색 노트북은 때는 안타서 좋은데 로션 바른 손으로 타자치면 기름 얼룩은 잘보이네요.그래도 검정 맘에듭니다. 추가구매한 ssd에 윈도우10 설치도 별무리없이 했고 배송도빠르고 좋습니다.,[]
21.03.04.,5,온라인 개강및 압학 선물로 노트북을 고민하다 그램 17인치가 눈에 들어왔습니다그램17 성능도 좋고 가벼우며 좋은것 같습니다윈도우 미설치를 구매하여 고민을 했었는데 구매 페이지에 설명도 잘되어 있고 추가 구매한 HDD 추가 구매 설치 하였는데 윈도우 설치후 미인식 조치방법도 자세히 설명되어 있어 쉽게 조치하였습니다. 아이방에 설치해줬는데 유용하게 사용할수 있겠네요 온라인 학습및 사무용으로 강력 추천합니다,[]
21.03.20.,5,배터리 긴것을 찾아 그램을 구입하게 되었네요. 가벼운용도로 쓸 예정이라 화면 큰것이 좋아요. 매년 그램 발열 문제가 있지만 이번에는 하판부분이 타공되어 있어 좀 개선된것 깉네요. 여러 리뷰를 통해 나름 장점이 구매하게 되었지만 기존 그램도 그랬지만 이번 그램은 좀 더 퀼리티 높은 제품이라고 여러 리뷰를 보고 실제로도 그런가 확인해 보니 만족스럽네요.,[]
21.02.23.,5,"잘받았습니다. 아들 대학합격 기념으로 본인이 LG그램 싸 달라고 해서 여러곳을 비교해보구 구매하게 되었습니다. 상품을 받고서 디자인과 무게, 화면크기에 너무나 만족합니다. 이래서 사람들이 그램그램하는구를 느낄수 있었습니다.",['https://phinf.pstatic.net/checkout/20210223_189/1614055956980HrsPH_JPEG/review-attachment-f8037fa0-9056-4521-8919-ed42a7fca271.jpeg?type=f287']
21.02.06.,5,"엘지 제품만 사용 합니다. 역시 이번제품도 만족스럽습니다.
디자인도 맘에 들고, 성능이야 뭐. 제가 고른 사양이니 말할것도 없죠. 용량 추가와 윈도 설치를 위해 개봉을 한 상태이지만 작업해주신분도 깔끔하게 해주셔서 매우 만족 합니다. 블랙 사세요. 고급스럽습니다. 이왕살거 예판때 살껄 그랬어요. 사은품도 많았건거 같은데. 이제 100자 채워졌으려나요. 추천합니다.",[]
21.03.17.,5,일단 4월말 출고라고 되어 있어서 마음 비우고 있었는데 일주일도 안되어 배송을 해주시네요. 기존에 쓰던 14인치 그램이 6년 정도 되어서 이제 보내주려고 샀는데 받아보니 정말 보내는게 하나도 안아쉽습니다 ㅎㅎ 고민은 받아보는 시간을 늦출뿐. 추천합니다!,['https://shopping-phinf.pstatic.net/20210318_18/0feafff9-d9d7-4964-8eed-5cfff41751dc.jpg?type=f287']
21.03.09.,5,"주문하고 다음날 바로 받았습니다~
배송 아주 빠르네요~
원래 15.6인치 노트북쓰면서 엑셀 작업하는데 너무 힘들어서
17인치 구매하게 됐습니다.
화면커서 작업하기 너무좋네요
SSD추가했는데 저장장치안떠서 조금 당황했구요
혹시나 설명서 않읽으시는 부들은 부디 5기가짜리 파티션 나눠져있는건 삭제하지 마시길..
전 OS설치한다고 다지웠다가 드라이버잡는거 땜에 애먹었네요",[]
21.02.11.,5,"방문수령 했습니다

IT업종 종사자 인데요

예전 15인치 구입후에 너무 화면크기가 불편해서
얼마 못쓰고 판 기억이 있어서 많이 고민하다 구입했습니다

일단

해상도와 화면 크기때문에 작업에 전혀 불편함이 없어서
매일같이 인근 카페로 출근해서 일하네요

디자인은 비슷하니 생략하고..
색상이 엄청 마음에 드네요

전반적으로 다 마음에 듭니다",[]
21.02.26.,5,2월8일에 주문했는데 설전날에 방문수령할 수 있거나아님 설 지난후에 16일 이후에 출고 되어 배송할 수 있다고 했습니다두군거리나 맘으로 10일 설연휴 전날 전화가 와서 입고되어 방문수령할 수 있다는이야기를 듣고 너무 기분이 좋았습니다아들 중학생 입학기념으로 사주려고 했는데 설전에 받기를 학수고대했거든요방문수령 후 집에 와 아들과 드디어 개봉 떨리는 손으로 아들이 개봉했어요검은자태를 가지고 있는 웅장한 LG그램17 2021년 형을 본 순간 아들과 전 감동감동 또 감동했어요넓은 시야를 확보해주는 모니터와 감각적인 터치패트 및 키보드너무 좋아하는 아들을 보면서 괜히 울컥해지네요직원분들이 너무 친절하시고 특히 전화응대 해주시는 직원분은 너무너무 친절하시고 목소리도 상냥하시고 너무너무 기분좋았습니다,[]
21.02.26.,5,"16인치와 17인치를 고민 정말 많이 하다가 결국 17인치로 결정했습니다! 용량은 제가 영상 작업하는게 있어서 1테라 추가 했습니다 ㅎㅎ 상품 배송도 엄청 빨리 도착 했습니다. 뽁뽁이도 넉넉하게 감아서 아주 안전하게 배송이 되었습니다!
여기서 구매하니 사은품도 챙겨주고 좋은거 같아요 ㅋㅋ","['https://phinf.pstatic.net/checkout/20210226_138/1614312109965kXHRs_JPEG/review-attachment-b0646334-1748-4ea1-b979-6e12d0f7d90e.jpeg?type=f287', 'https://phinf.pstatic.net/checkout/20210226_18/1614312110733ECPy3_JPEG/review-attachment-b77c4ba1-6939-476f-b2b4-753b54ff051a.jpeg?type=f287']"
21.02.27.,5,원래 이 모델 기다리다가 다른 쇼핑몰에서 윈도우 포함 모델 주문했었는데 한달 이상 발송이 연기되서 취소하고 이 모델로 다시 주문했는데 주문한 다음날 도착했네요. 배송이 엄청 빠르고 좋은 가격에 살 수 있어서 아주 만족스럽습니다. 아직 실사용은 안해봤지만 마감도 괜찮은 것 같네요.,[]
21.02.28.,5,이 제품을 구입하기 전에 맥북프로에서 가상화로 윈도우를 사용하고 있었습니다. 하지만 최신 맥북프로라고 하지만 가상화의 한계를 느끼고 윈도우용 노트북을 알아보던 중 해당 제품이 눈에 들어와 구매하게 되었는데 잘 선택했다는 생각이 듭니다.제일 놀랐던게 무게인데 노트북을 들 때마다 감탄하게 됩니다. 앞으로 고장없이 잘 사용할 수 있었으면 좋겠습니다.,[]
21.02.23.,5,"이리저리 고민도 많이하고 문의도 많이 했는데, 친절하게 응대해주셔서 너무 기분 좋게 구매했습니다~ 퀵 지원금 받아서 순식간에 수령하니까 기분 진짜 좋아요ㅋㅋ 특히나 여기 사은품도 많고 좋네요! 다른 곳들과 다르게 공식 판매점이라 더 믿음이 가서 구매했어요ㅎㅎ 많이 파세여!",['https://phinf.pstatic.net/checkout/20210223_72/1614086613660366rl_JPEG/review-attachment-7d5abd18-5b7f-4337-b68a-9095ba625ed7.jpeg?type=f287']
21.02.18.,5,"좌식으로 데스크탑 쭈구리 사용하다가..
드디어..생선물로..그램 17인치 받았습니다..
대박 간지 철철철...돈아까워서..
내돈주곤..그림에 떡이였는데..뜨악..
너무좋습니다...
블랙이 간지가 장난없네요... 
오케이오아시스에서 저렴하게...구매해서 감사합니다",[]
21.03.03.,5,일단화면이 큰데도 그램이라 가볍습니다 깔끔하고 얇고 더할 나위 없이 좋네요이맛에 그램 그램 하는거 아닙니까 포장도 단단히 잘싸 주셨네요 또한 삼성 nvme 장착에 배송도 빠르게 와서 만족합니다 또한 저렴하게 좋은제품 잘 샀습니다. 번창하세요^^,[]
21.02.25.,5,전에 쓰던 노트북이 사양도 떨어지고 해서 이번 행사기간에 쿠폰사용으로 저렴하게 잘 구입했읍니다 배송도 빠르고 17인지인데 무게는 가볍고 화면은 넓어서 보기에 불편함이 적어 사용하기에 좋고 패드 또한 넓어서 사용함에 역시 아주 좋읍니다이번에 참 잘 구입한거 같네요!,[]
21.02.19.,5,"노트북 새로 장만하려고 생각만 하다가 이번에 그램으로 구매했습니다. 17인치라 화면도 크고, 무게도 가볍고 평도 좋아서 그램으로 선택했어요. 그리고 블랙 색상이 너무 깔끔하고 마음에 들더라구요. 성능이야 말할 것도 없겠죠. 잘 쓰겠습니다~",[]
21.03.16.,5,"전화도 친절하게 응대해주시고 재고 있어서 바로 다음날 방문수령으로 노트북 받았습니다.
그램17인치 성능 좋구요.
선물로 보내드리는건데 너무 만족하셨습니다.
win10구입해서 현장에서 개봉하는거 다 확인하고 설치해주신 기사님도 너무 친절하고 좋으셨어요.
나중에 제 노트북 바꿀때도 연락드릴게요. 기다리는동안 사장님이 촬영하신 사진도 잘 보았답니다.",[]
21.03.17.,5,"진짜 빨라요!! 배송도, 고객지원센터의 처리도!!직영판매점 이라믿고 샀는데, 한몫한건 가격도 제일 합리적이라 생각했어요바로 보내주셔서 감사해요^^받아서 제대로 실행, 업뎃 등등 한건 이제야 했는데도 만족합니다!홈쇼핑에서보다 더 좋은 사양을 업어올 수 있었어요감사합니다.잘 쓸게요!!^^",[]
21.02.10.,5,"17인치는 처음인데 엄청 기대돼요
2017년에 구매했던 bk버전은 그레이 색상이었다면
그램2021 bk버전은 진짜 블랙색상으로 나왔네요
신기한건 터치패드가 진짜 커졌어요ㅎㅎ
아직 언박싱밖에 못했지만 매장에서 봤던 그 느낌 그대로 쓸수있을것같아요",[]
21.02.24.,5,사무실에서 7년째 쓰던 LG노트북이 상태가 안 좋아져서 그램2021을 구매했습니다.이번 지마켓 할인으로 그동안 고민 하던거 질러버렸네요.기존 노트북은 2.5kg 이상 되는 제품이라 무거웠는데 그램 정말 가볍네요.들고 다니면서 업무 보기에 최적 인 것 같습니다.색상도 맘에 들고 배송도 매우 빨라요~,[]
21.02.17.,5,"설연휴 이후 주말에 주문 후 3일 정도 걸려 제품 받았습니다. 생각보다 빠른 배송에 만족했습니다.
16인치, 17인치 사이 고민하던 중 베스트샾 매장방문 하여 실물 확인하고 넓은 화면에 매료되어 17인치로 결정했습니다.
데스크탑 대신 사용할 업무용 노트북을 찾던 중 화면 큰 그램 17, 고사양, 블랙색상 등 찾고있던 조건과 잘 맞아 떨어집니다.

앞으로 잘 사용할게요! 좋은 조건, 빠른배송에 감동했습니다.",[]
21.03.19.,5,"결제과정할 때 이슈가 생겨서 전화드렸는데 친절히 응대해주셔서 어려움 없이 구매할 수 있었네요;; 매번 15인치 그램 사용하다가 큰 모니터가 필요해서 큰 사이즈 구매했는데 무게는 조금 더 나가지만 작업할 때 확실히 편하네요, 방향키가 따로 구분되어 있어서 너무 편하구요~ 빠르게 배송해주셔서 감사합니다~! 잘 쓸께요~~",[]
21.02.03.,5,배송 매우빠르고 물건 좋았는데 하나 이야기드리고 싶은점은 그램박스 겉에 스티커가 붙어있다 떨어지고 남은 일부 스티커가 있어서 기분이 별로였습니다. 이벤트같은거 하다 남은건가 싶은 기분도 들고... 물건과 직접적인 상관은 없지만 2백만원이 넘는 고가인데 겉포장 하나하나 신경 더 써주시는 모습이 조금 아쉽습니다.,[]
21.02.17.,5,화이트랑 블랙 많이 고민하다가 구매하게되었는데 막상받아보니 블래고급스럽고 너무좋네요ㅎㅎ 노트북이 처음이라 이것저것보고하다보니 궁금한것도 많아져 문의도 몇번드렸는데 친절히 응대해주셔서 좋았습니다..아프로도 번창하세요~,[]
21.02.07.,5,노트북이 필요해서 이번에 새로나온 플렉스와 그램을 고민하고 고민하다가 17인치 노트북을 쓰고 싶어서 선택했습니다 .검색중 딱 원하는 사양의 제품이 있어서 바로 결재 해버렸네요 배송 매우 빠르고 제품 하자없이 도착해서 매우 기분 좋습니다 ㅎㅎ,[]
21.02.05.,5,"검은색 모델은 램16기가가 없어서
나오길 한참 기다려서 구매했습니다.

램 16기가를 정말 한참 기다리다
좋은 가격에 구매했습니다.

배송도 빠르고 정말 만족 스럽습니다.
윈도우 없는 버젼으로 구매해서
설치하는데 애를 좀 먹었지만
싸게 구매할수 있어서 좋았습니다.

지금은 잘 사용하고 있습니다.
좋은 하루 되세요.

감사합니다.",[]
21.03.19.,5,"4월 말 출고라서 천천히 기다릴 생각으로 주문했는데,전날밤에 들어온 소량의 재고가 있다고 주문한 당일에 보내주셔서다음날 받았습니다. 노트북 바꿀때가 됐는데 운좋게 빨리 받았네요!잘쓰겠습니다!","['https://shopping-phinf.pstatic.net/20210321_0/82f7d212-e5e9-450a-bb2b-74c7b98a0dbb.jpg?type=f287', 'https://shopping-phinf.pstatic.net/20210321_12/7bf72ea3-e552-40ef-a9d8-3dda3f7a9178.jpg?type=f287', 'https://shopping-phinf.pstatic.net/20210321_26/c77c384e-7617-4e79-9b8c-2ae1dd2ba8ea.jpg?type=f287', 'https://shopping-phinf.pstatic.net/20210321_17/77fcb96e-e718-4f6a-aac5-679987a32494.jpg?type=f287']"
21.02.11.,5,빠른배송 감사합니다 실물 영접하고 지릴뻔했네요.. 제품사양은 맞게 왔는가 명절보내고 확인해봐야겟지만 엘지전자인증점에 꼼꼼한포장 믿고 구매확정먼저 해드려요~ 감사합니다,"['https://phinf.pstatic.net/checkout/20210211_164/1613040797820Uussb_JPEG/review-attachment-b18fb4f3-7a1b-4f06-9b11-291403eea2bd.jpeg?type=f287', 'https://phinf.pstatic.net/checkout/20210211_247/1613040794250YOWMW_JPEG/review-attachment-673fef95-9b07-47e7-8fd9-57d929251844.jpeg?type=f287', 'https://phinf.pstatic.net/checkout/20210211_280/16130407967066qUTo_JPEG/review-attachment-65edae99-09d6-48c4-97ba-f66e3dbfd76d.jpeg?type=f287']"
21.03.02.,5,"그램 노트북 잘받았습니다
빠른 배송으로 받았구요
가볍고 설치하는 법도 종이 첨부해주셔서 쉽게 설치후 사용하고 있습니다
감사합니다","['https://phinf.pstatic.net/checkout/20210302_203/1614660211058NvKMH_JPEG/review-attachment-7284f304-e97f-4e2a-b981-3733bf3f0bfa.jpeg?type=f287', 'https://phinf.pstatic.net/checkout/20210302_218/1614660211137Cyqva_JPEG/review-attachment-c9ca250a-a257-44b4-a907-7eaf96f85a7c.jpeg?type=f287']"
21.02.02.,5,"그램 2018을 3달전에 팔고.. 이녀석을 존버했습니다.
당일 발송이라고해서 냅다 카드신공을 발휘했습니다. 이번 2021 그램 정말 많이 바뀌었네요. 키감이 훨씬 좋고 색감도 맘에 듭니다.","['https://phinf.pstatic.net/checkout/20210202_89/1612271083905SiSQf_JPEG/review-attachment-ea2afed6-2982-4cb1-86ee-cad9735be73f.jpeg?type=f287', 'https://phinf.pstatic.net/checkout/20210202_244/161227108431041nLt_JPEG/review-attachment-407c3b23-20ba-4542-9fa6-c25f6e05b424.jpeg?type=f287']"
21.03.17.,5,"11세대와 그램 사이에서 아직 호환은 좀 더 기다려야 할 듯요.. 로지텍 마우스, 키보드로 한참 고생했네요~ 이제 보완 된 듯요!! 그램 자체는 만족입니다.",['https://phinf.pstatic.net/checkout/20210317_157/1615966907356RVEEz_JPEG/review-attachment-499b302e-d0f7-4e45-bfc9-689ddfea25cb.jpeg?type=f287']
21.03.17.,5,처음왔을때 상자에 까진?자국있어서 화났는데 멀쩡하네염,['https://shopping-phinf.pstatic.net/20210319_28/6052e1a2-4ff2-4c30-bf8e-9d4d04d5f5af.jpg?type=f287']
21.03.15.,5,기대 이상으로 잘 쓰고 있습니다.,['https://phinf.pstatic.net/checkout/20210315_267/1615814259989xSUDl_JPEG/review-attachment-1f328b29-56ec-4933-838f-7d7f43b97dca.jpeg?type=f287']
21.03.18.,5,동생에게 사줬는데 좋아합니다.,['https://shopping-phinf.pstatic.net/20210320_15/a0357b20-ce4c-4cda-a998-3a922e556c77.jpg?type=f287']
21.03.10.,5,빠른배송 만족하고 가성비 쵝오 노트북화면 엄청커요 강추합니다~!,['https://phinf.pstatic.net/checkout/20210310_264/16153314284559bI5c_JPEG/review-attachment-be175548-9b6b-48f3-84dc-fa6461e3a43d.jpeg?type=f287']
21.03.22.,5,4월말 배송 예정으로 알았는데 생각보다 배송이 빨라서 너무 만족했습니다! 감사합니다!,['https://phinf.pstatic.net/checkout/20210322_269/1616413306052mL3mn_JPEG/review-attachment-36271d35-4c7e-41a5-8be7-0bc768435679.jpeg?type=f287']
21.02.21.,4,검정이라 손자국이 잘 보이긴하네요,['https://phinf.pstatic.net/checkout/20210221_145/1613869506073Eh67H_JPEG/review-attachment-b42cdd4d-2884-4e38-996c-9c03e661c943.jpeg?type=f287']
21.02.17.,5,"기대 많이 했는데 받고 보니 상당히 만족스럽네요.

깔끔하고 신속한 배송에 감사합니다.

전화 받으시는 남자 직원 분도 친절하시네요.

잘 쓰겠습니다!!",['https://phinf.pstatic.net/checkout/20210217_195/16135700588979L9Ke_JPEG/review-attachment-98cd5973-2fbe-4fea-8384-c667ab2803da.jpeg?type=f287']
21.03.19.,5,LG 그램 2021 제품도 너무 좋게 나왔고11번가에서 다른 것보다 쿠폰도 많이 주셔서 저렴하게 구매가능했고 원래 오래 걸린다고 했지만 엄청 빠른 배송이 와서 도착해 지금 잘 사용하고 있습니다! OK oasis 짱!,[]
21.03.16.,3,"역시 LG입니다.
노트북 조립시 단차나 히트펌프배관부분이 많이 찍혀 있네요..
어찌 고가 노트북이 저가 노트북보다 조립이나 단차가 심한지...
아무튼 디데일한 부분은 별로인데 화면과 무게는 대만족합니다...",[]
21.03.22.,5,역대급 배송 속도로 안전하게 잘 받았습니다.,[]
21.03.19.,5,잘 쓰고 있습니다.,[]
21.03.12.,5,16인치 주문하려다 잘못주문해서 17인치를 받았고 주문취소하려다....... 그냥쓰는데 생각보다 가볍고 화면이 크니가 넘 좋네요..... 메모리 추가못하는게 아쉽지만 만족합니다...,[]
21.03.24.,5,17인치에 이 무게라니...말해 뭐해. 덮으면 예전 15인치정도로 보여요. 비싸서 그렇지 아주 만족해요.ㅎㅎㅎㅎ,[]
21.03.18.,5,배송도 빠르고 컴퓨터 속도도 무지 빠르고 정말 좋아요,[]
21.03.11.,5,정말 빠르고 포장도 튼튼하게 와서 좋았어요,[]
21.03.06.,5,화면이 크고 넘 맘에 드네요,[]
21.03.05.,4,제품은 괜찮은거 같네요..,[]
21.03.07.,5,"만족합니다

16기가 사세요",[]
21.03.06.,5,잘 받았어요. 좋은 물건 잘 산듯요.직접 가서 가져왔어요,[]
21.02.24.,5,"박스 포장도 잘되어있고 화면도 크면서 너무가볍고 좋아요
속도도 엄청빠르고 윈도우설치해서 사용해봐야겟어요~~~",[]
21.02.24.,5,Lg gram 202117인치 대형화면이라 작업이 편하네요.16g ram 1세대 i7 1165g7입니다. 512ssd 추가했구요램이 추가가 안돼서 16g나오길 기다렸다 이번 세일 기간에 구입했습니다.5년 정도 무리없이 사용하면 좋겠습니다.,[]
21.02.27.,5,지난해에도 그램 구매하여 굉장히 만족했습니다.물어볼게 없을 정도로 만족합니다빠른 배송도 좋았고그램은 환상이죠,[]
21.02.22.,5,"2021 LG 그램17 노트북 17ZD90P-GX7LK RAM 16GB 탑재완전 블랙은 아닌데, 이쁘네요",[]
21.02.25.,5,이쁘고 튼튼합니다 역시 가전과 랩탑은 LG,[]
21.02.18.,5,오늘 도착해서 열었는데뭐 말하면 뭐하겠습니다 누구나 다 갖고 싶어하는 최고의 사양인데사무실용으로 산건데 하나더 사서 집에서 사용하고 싶네요뭐 배송도 그렇고 뭐 딱히 흠잡을게 없네요,[]
21.02.20.,5,"노트북인정,구입시 원도우설치 미설치 제품 이라점 ㅜㅜ꼭구입전확인 하세요",[]
21.02.24.,5,"너무나 좋습니다. 그램 최고,
판매자 분도 최고",[]
