"769,000"
date,star_point,comment,photo
21.03.18.,5,"이전에 해당 업계에서 종사를 했던 사람입니다노트북은 LG 제품이 불량률이 적고, 일반적으로 삼성과 LG의 비교가 있지만LG의 선호도가 더 우수합니다하여, 이번에 노트북을 필요로 하여 LG 노트북을 구매하게 되었습니다I3 아래의 사양대는 오랜기간 사용 했을 때 속도 부분이 다소 느려지는 부분이윈도우 업데이트에 따라 있을 수 있어, 해당 제품의 I3 제품을 추천합니다해당 제품은 문서작업용 및 인터넷 서핑 용도 입니다남성분이나 혹은 노트북을 두고 사용하셔야 하는 경우 1.8kg의 무게.해당 사양대로 가격도 그렇게 비싸지 않는 이 제품을 추천합니다여성분들이 들고 다니시기에는 1.8kg가 무거울 수 있으니여성분이 사용하신다라 하시면, 조금 낮은 인치로 무게를 줄이시어 구매하시길 추천드립니다",[]
21.02.26.,5,울트라 PC를 2년전 부터 사용하고 있는데 너무 만족하고 있어 특가로 이 상품이 나왔을 때 크게 고민하진 않았어요. 막내의 PC를 바꿔주려고 구입했어요. 최신 프로세스에 usb C타입까지 탐나요^^ 울트라 PC라 역시 가성비 최고네요. 불량 화소 없고 배송은 완전 총알이네요. 제가 사용하는 것 보다 베젤이 좁아지면서 전체 크기도 약간 줄고 무게도 줄었네요. 여기저기 들고 다닐 거 아니라서 굳이 그램이 아니어도 괜찮을 것 같아요. 가격 차이가 크니까.,[]
21.03.02.,5,"LG울트라PC 15UD50P-GX30K 가성비 노트북!
원래 가격보다 할인을 많이해서 진짜 싸게 산 기분이네요
말 그대로 가성비! 인정합니다.
윈도우가 미 설치된 프리도스 제품으로 샀는데
사용하는 사람이 나이가 있으신분이라
리커버리 복구 솔루션까지 설치해서 드리려 했지만
그 부분은 제가 잘못한건지.. 계속 실패해서 😅
그냥 윈도우만 설치했습니다.
키보드도 마음에들고! SSD라 역시 속도도 굿!
이 정도 성능에 이 가격! 이게 머선 129~!",[]
21.03.02.,5,"스마일데이에 막차 타서 노트북 저렴히 구입했네요. 정상가 대비 거의 30만원정도 싸게 구입했네요. 거기에 상품평 작성시 사은품도 많이 주네요. 레노버 씽크패드 사용하고 있는데 그것에 비해 디스플레이는 비침 현상이 있어서 살짝 아쉽네요. 화면밝기도 조금 어둡네요. 그래도 와이프가 인터넷 쇼핑 위주로 사용하는거라 만족합니다. 윈도우10설치 하니 Lg 프로그램이 자동으로 설지되어 그래픽, 사운드 등 자동으로 잡아주네요. 저렴하게 최신 노트북 구입할 수 있어서 감사하네요.",[]
21.02.27.,5,주문하고 이틀만에 왔어요. 요새 택배 물량 생각하면 빠르게 온것 같아요. 설래는 느낌으로 개봉했는데역시 대기업 제품 답게 심플하고 너무 예뻐요. LG로고 마킹된것도 색다르고 포인트도 주는것 같고요문서작성 인터넷검색 동영상 시청하는 용도로는 차고 넘치는것 같아요. 성능 좋은 노트북 쿠폰 행사로 싸게사서너무 좋네요. 앞으로 잘 쓰겠습니다. 그리고 적극 추천합니다.,[]
21.03.08.,5,개강준비하면서 가성비용으로 찾고 있었는데 i3-11이라 바로 구매했어요.디자인 군더더기없이 깔끔하고 오른쪽 숫자키보드가 있어서 큼직하니 너무 좋네요가벼운건 아니지만 전 휴대용은 아니라서 전혀 문제 없네요다시 사라고해도 이제품으로 살거예요! 게임같은건 안해서 모르겠고 대학생용 인강이나 레포트용으론 정말 최고입니다,[]
21.03.01.,5,"요즘 노트북 재고가 잘없고 가격도 많이 올라 중소브랜드로 사려다 그래도 다시한번더보자는 마음으로 검색하다 20마넌 할인이란 문구에 생각할겨를 없이 구매하였네요, 주위 친구들한테 이야기도 해서 같이 주문했습니다. 성능이야 다 아실꺼고 전 하드 용량 500으로 확장하였습니다. 인강 잘되구요, 영화도 잘 돌아 갑니다. 가방, 마우스 없으니 참고들하세요.",[]
21.03.01.,5,"주문하고 이틀만에 왔어요. 요새 택배 물량 생각하면 빠르게 온것 같아요. 설래는 느낌으로 개봉했는데역시 대기업 제품 답게 심플하고 너무 예뻐요. LG로고 마킹된것도 색다르고 포인트도 주는것 같고요문서작성 인터넷검색 동영상 시청하는 용도로는 차고 넘치는것 같아요. 성능 좋은 노트북 쿠폰 행사로 싸게사서너무 좋네요. 앞으로 잘 쓰겠습니다. 그리고 적극 추천합니다.
주문하고 이틀만에 왔어요.",[]
21.02.22.,5,둘째아이 출산하면서 노트북 선물한지 어언 10년이네요요즘은 스마트폰을 사용하니 비중이 줄어들긴했지만pc로써 역할을 100프로 충족시킨순 없죠윈도우깔고 자동으로 다운로드.설정많이 좋아졌네요클릭하자마자 바로뚝딱!정말 가성비는 최고입니다할인행사할때 말성이지 마셔요저도 몇번 후회한 기억이있네요,[]
21.02.21.,5,"윈10 설치하고 윈도우정품 인증받았어요.
기존 8세대 i5 노트북 사용중인데 이 제품과 체감상 비슷해요
짜증나는건 52만원후반대 구입했는데 날마다 가격이 널뛰기하네요.
2~3만원 더 비싸게 구입해 짜증남
ssd용량이 작아 sd카드 삽입해 사용하니 별 문제없음
가격대비 만족함. 비슷한 가격과 스펙 삼성노트북 살까하다
삼성은 10세대 cpu i3 이고 TN페널이라 패싱하고 IPS 패널 LED 인 LG 택했어요",[]
21.02.22.,5,"LG 울트라PC 15UD50P-GX30K i3 인텔 11세대 프로세서를 장착한 아주 쓸만한 녀석입니다Nvme 256GB는 삼성PM991 이고요, 메모리 슬롯은 2개, 외장하드 or SSD 추가 슬롯하나 있습니다.Nvme 슬롯은 하나이기 때문에 큰용량으로 교체시는 기존꺼는 같이 쓸 수 없어요. 액정은 IPS이고 화면은 반사가 좀 있습니다. LG제품들이 대 부분은 그런듯 해요.업그레이드 하시는 분 참고 하시기 바랍니다.",[]
21.02.20.,5,"A/S 고려해서 엘지로 구입했습니다. 가격 저렴하고 다 좋은데 SSD 128 기본 용량은 좀 적긴 한 것 같아요. 금액 추가해서 512로 하면 좋았을텐데 제 판단 미스로 그냥 구입해버렸네요. 외장하드는 연결, 해제하며 사용 하는게 번거롭고. 그래도 SD메모리 슬롯 있으니까 SD 메모리 256 카드 끼운 채로 사용해봐야겠어요.",[]
21.03.06.,4,"l와이프 노트북이 오래돼 켜면 폭발할듯이 소리가 나길래 큰맘 먹고 바꿔줬네요! 디자인을 중요시 하는지라 일단 예쁜 외관 합격, 사양은 제가 알아서 맞춰 줬고요. 노트북이 조용하고 기존에 쓰던 것보다 훨씬 가벼워서 만족하네요. 다만, 배송이 일주일 정도 걸려 기다리기 지루한 면이 좀 있었어요. 배송지를 회사로 등록해놨는데 하필 쉬는 날 배송이 되어 일부러 회사에 방문하는 번거로움이 있었지만 노트북 받고 좋아하는 와이프를 보니 저도 만족스럽네요!",[]
21.02.20.,5,설 전에 시켰는데 명절 끝나자마자 바로 도착했어요배송 빨리와서 좋았구요. 제가 조카 선물로 주는 거라 직접 써보지는 않았는데 디자인은 정말 만족 스러워요.제 노트북이 그램이라 제꺼랑 비교해서 다소 무겁게는 느껴지네요,[]
21.02.21.,4,"구매 후기
1. 구매후 빠른배송이 좋음
2. 노트북 수령후 메인보드 불량으로 LG아시아총판스마트점(판매점)에서 사과인사와 함께 제품 교품 받음 친절함
3. 윈도우 설치 빠르며, 제품 성능은 괜찮은
아버지 선물로 샀는데 괜찮아 하심
4. 가방 없길래 LG전자 본사 문의 가방이 11세대 부터는 개인용 가방은 안 준다고 함 재질이 안 좋다고 뺏다나 뭐라나...
5. 가장 중요한 후기 가격이 52만원대 구매해 어제 물건 받았는데 구매후기 쓰다가 보니 2만원이 내려져 있음 ㅠㅠ",[]
21.02.26.,5,가성비 좋습니다. 그램이랑 비교많이했는데 뽀대보다는 가성비로 택했습니다.ㅎ 딱히 많이 들고다닐꺼 같지도 않은데 비슷한사양이 금액 차이가 심하게 나네요. 그래서 이제품 선택했는데 잘한거 같습니다. 요즘에는 시디롬이 없어서 홈페이지에서 매번드라이버 다순받았는데 드라이버 파티션이 따로있어서 설치시 아주편합니다.,[]
21.03.18.,4,"전체적으로 나쁘진 않습니다. 그러나 들고 다니기에 가볍진 않네요. 구매하실 분들은 참고하시길 바랍니다. 속도는 나쁘지 않은데, 플레그쉽 제품들에 비해 디자인과 마감이 아쉽습니다. 특히 마우스패드는 너무나 아쉽네요. 66만원이라는 것을 생각하더라도, 아쉽습니다.",[]
21.02.23.,5,"동생이 가지고 있는 lg그램이랑 엄청 고민하다가 들고 다닐꺼 아니고 집에서만 사용할꺼라 이 상품으로 구매했는데 가격대비 너무너무 맘에 들어요. 적당한 싸즈에 색상도 흰색이라 너무 이쁘네요. 프로그램깔고 사용해보니 속도도 빠르고 2021년 신상을 이가격에 구매해서 정말 기분이 좋네요~
판매하시는분도 전화를 친절히 받아주셔서 정말감사합니다. 많이많이 파시고 부자되세요~^^",[]
21.02.24.,5,요즘 노트북 재고부족으로 2달이나 기다려 구입했네요.가격도 저렴했는데 구입후 2일지나 할인쿠폰이 떠서 취소후 재구입할까하다 기다리는건 귀찮아 그냥 구입했어요.빠른배송해주셔서 감사하고 보험사사무실에서 사용하고있는데 빠르고 좋아요.,[]
21.02.24.,4,배송 빠르고 포장도 이중박스로 잘 되어 옵니다.구성품은 단촐해요. 본체/아답타/설명서 끝.게임을 안 하는 지라 성능도 이 정도면 만족스럽네요.8g 추가 주문했는데 제대로 설치되어 있네요.화면이 글래어타입인 거 알고 샀는데도막상 보니 너무 비치긴 하네요.,[]
21.02.20.,5,배송 진짜 빠르네요 완전 로켓배송수준^^착한가격에 잘산거 같아요^^마우스도 생각보단 좋으네요~키스킨도 자판잘보이고 좋습니다~^^윈도우를 설치해서 받으니 너무 편하고 하드도 1TB로 늘였으니 걱정없겠네요~그런데 하드용량 늘인건 확인을 어디서 하나요?,[]
21.03.19.,5,"가성비 좋아요 디자인도 맘에네요
나중에 메모리, 하드도 추가 업그레이드도 할 수 있다고 하니..5년이상 쓸 생각입니다.","['https://phinf.pstatic.net/checkout/20210319_93/1616146465468KOx23_JPEG/review-attachment-643f41f4-8c6b-49fb-b3d7-1bde8e0d712f.jpeg?type=f287', 'https://phinf.pstatic.net/checkout/20210319_86/16161464755783VG2a_JPEG/review-attachment-5f656db7-7bac-4c13-91fe-c8b0f2e8b75e.jpeg?type=f287']"
21.03.22.,5,빠른 배송 감사합니다.안전하게 잘 받았어요~,"['https://phinf.pstatic.net/checkout/20210322_105/1616340390664Ko0YU_JPEG/review-attachment-4308ba7a-db43-454a-8f6e-c723249d1d4e.jpeg?type=f287', 'https://phinf.pstatic.net/checkout/20210322_179/1616340398654rUI2u_JPEG/review-attachment-6eefa591-c5a1-4bad-be02-23da485d32e3.jpeg?type=f287']"
21.03.15.,4,가성비 좋아요~얼마전 ㅅㅅ노트북을 큰아이 구매후 만족스럽지 못해서 작은아이는 엘지로 구매했습니다.무게도 화질도 타사보다 훨씬 좋고 쪼꼼비싸도 비싼값을 합니다~~^^,[]
21.03.23.,5,생각보다 저렴한 가격에 구매해서 너무 좋았고요. 그리고 예상했던 성능보다 더 좋아서 매우 만족하면서 사용중입니다!,[]
21.03.18.,5,사무용으로 구입했는데 매우좋네요 가격대비 매우좋습니다 사양낮은건 조금꺼려져서 이정도 금액에서 선택했는데 후회하지않을만큼 사용하기 좋네요 많이 판매하세요,[]
21.03.16.,5,배송이 빨라서 바로 사용할수 있어서 편리하고 좋네요,[]
21.03.16.,4,빠른배송 맘에 듭니다.^^,[]
21.03.17.,5,"설치 오래 안걸렸어요원하는 날짜에 잘설치 받았어요위,아래,좌,우 모두 화면 각도 조정 되네요",[]
21.03.23.,5,"상품 배송도 빠르고 가격도 인터넷 최저가 입니다.
컴퓨터 부팅 속도도 빠르고 자판도 매우 좋아요!!
생각보다 많이 가벼워서 그램이랑 비교했을때 경제적으로
매우 우수한거 같아요!!",[]
21.03.18.,5,"중학교 수업을 위해 구매했는데.
속도도 빠르고 인강도 잘 되네요.

윈도우 깔고, 같이 주는 오피스 밸류팩 설치하니
따로 한글, 엑셀 설치 필요 없네요.

배송빠르고 만족합니다.",[]
21.03.23.,5,"배송도 빠르고 매우 좋아요!!
색도 이쁘고 가격도 매우 저렴해서 학생들이 사용하기에 가장
좋아요!!",[]
21.03.03.,5,요즘 코로나 때문에 시작하게 된 재택근무로 인해 노트북이 필요했는데 딱 맞는 사양입니다. 게임은 하지않기 때문에 인텔 11세대 i3 정도면 재택근무하기에 딱이네요~~ 생각보다 가볍고 예뻐요~~,[]
21.03.08.,5,"요즘 온라인학습으로 꼭 필요한 물품~
저렴한 가격에 잘구매했어요~
아이도 새 노트북이 맘에든다고해요~^^
좋아요~",[]
21.03.12.,5,가격대비 훌륭한 제품입니다. 아들내미 인강용인데 tv시청용리 될듯... 디자린른 좋고 사운드는 아주 별로,[]
21.03.12.,5,일단 디자인이 이쁩니다 윈도우가 탑재된 모델은 아니지만 윈도우만 깔면 자체프로그램이 드라이버도 알아서 잘 잡아줍니다 속도도빠르고 소음도괜찮네요,[]
21.03.04.,5,"상품배송을 빠른 편이고, 노트북 성능도 좋습니다. 다만 베젤 부분에 지워지지 않는 자국이 있는데 성능문제는 아니라 그냥 사용하고 있습니다. 판매자분 응답을 잘해주셔서 다음번에 또 이용하고 싶습니다.",[]
21.03.06.,5,빠르고 안전한 배송!! 감사합니다제품도 작동 잘되네요튼튼 포장 튼튼히 이중 박스로 해주셔서 너무 좋았어요 >.노트북도 가볍고 소음도 없고 좋네여한컴 오피스 받을 수 있나여? ㅎ.ㅎ,[]
21.03.25.,5,배송이 정말 빠르네요,[]
21.03.04.,5,디자인도 깔끔하고 가성비 좋은상품인듯 합니다 맘에 들어요,[]
21.03.13.,5,"너무 좋아요
이렇게 빠른 부팅은.... 최고

가성비 짱 입니다",[]
21.03.08.,4,아주만족합니다 행사할때 구입해서 많이싸게 샀어요,[]
21.03.08.,5,목요일 오전에 주문해서 토요일 받았구요윈도 설치하고 사용해보니 가성비 좋네요.,[]
21.03.08.,5,급하게 필요해서 구매했는데 잘도착했습니다!,[]
21.03.07.,5,시아버지께 선물로 드렸는데 좋아하세요~^^,[]
21.03.05.,5,배송도 빠르고 제품도 마음에 듭니다~,[]
21.02.27.,5,"11세대 i3울트라북 멋지네요
가격도 저렴하게구매했고 배송도 하루만에도착했네요
흰색이라너무 심플하고 속도도매우빨라서좋네요
사촌동생선물해주니 너무좋아라합니다~
LG노트북최고에요 신상품 빨리받아서 좋아요~",[]
21.03.10.,5,"싸게 잘. 산거 같어요
기대됩니디.",[]
21.03.03.,5,그런대로 저렴하게 잘 샀습니다.,[]
21.03.04.,5,총알 배송 디자인 가성비 짱,[]
21.03.04.,4,학생 원격수업용으로 구입,[]
21.02.20.,4,추가ssd 있고 나름 만족했는데 논글레어가 아닌 점을 확인못했고 다른사이트에서 50만원 초반에 기간한정 할인 판매하고 있군요. 반품하고 다시 사는게 귀찮아서 그냥 구매확정합니다.,[]
21.03.11.,5,배송이 빠르고 좋습니다.,[]
21.03.04.,5,생각보다 가볍고 좋아요,[]
21.03.11.,5,좋아영 잘쓸께영 후후,[]
21.03.06.,1,구매한걸 후회 합니다,[]
21.03.03.,5,배송이 매우 빨라요~!,[]
21.02.23.,5,아이 학교 온라인수업용으로 노트북 구매했어요배송도 바로 다음날 도착해서 완전 만족스러워요화이트라 깔끔하고화면도 적당히 크고 가격대비 너무 좋네요^^,[]
21.03.03.,5,굿 아주 좋습니다~!,[]
21.03.04.,4,가성비노트북,[]
21.02.22.,5,"중학교 사회, 과학 인강하기 위해 구입했어요. 너무 좋아하는 깔끔한 디자인 흰색이네요. 다만 며칠사이 2만2천원 인하라 아쉽지만 만족해요.",[]
21.02.22.,5,"코로나19라 학원보다는 과학인강을 듣기 위해 쿠폰을 사서 싸게 샀네요. 근데, 며칠차이로 2만2천원 인하라서 조금 더 참을걸 싶네요. 딸은 좋아하니 만족해요.",[]
21.02.25.,5,인터넷용으로 산건데 스펙좋아요.윈도우 깔고 써보니 신형이라 그런지 속도 빠르고 화면도 밝고 좋네요.빅스덕에 득템했어요.감사합니다,[]
21.02.26.,4,"윈도우 처음 깔아보는거라서 까 좀 헤매긴 했는데
걱정했던 것 보다는 수월히 깔았어요~
속도 빠르고 좋아요
흰색이라 깔끔하고 이뻐요",[]
21.02.24.,5,"배송도 빠르고 할인받아서 저렴하게 잘 구입했습니다. 가정에서 인터넷 웹서핑이나 인강, 문서작업용으로는 딱입니다. 속도도 빠르고 추후 SSD나 RAM은 업그레이드도 가능해서 확장성도 좋습니다.",[]
21.03.04.,5,사용한지 이틀됐는데 아직 이상없이 잘 사용하고 있습니다. 만족합니다.,[]
21.02.22.,5,"실제 화질여요
너무 좋아요 2021년 신상을 저렴하게 구입해서 제일 좋구
제품도 너무 좋구요 남편꺼 제꺼 2개 구입했어요 친구들한테도 여기저기에 광고 했어요 지금 옥션에서 행사중이니 얼릉 사라구 ~",[]
21.02.26.,5,"LG노트북은 처음 사봤는데 기존에 사용하던 거랑 화질이 넘사네요. 이가격에서 11세대 i3, nvme ssd, ips led 패널까지... 완전 만족합니다. 싸게 잘샀어요. 감사합니다.",[]
21.02.23.,5,아이들 화상 수업용으로 산건데 가성비 좋고 빠릿하네요... 직접 받아 보니까 디자인도 더 이뻐서 만족 합니다!!!,[]
21.03.01.,5,"6년만에 노트북구매하네요 첫노트북은 레x버 28만원이었나? 나름 괜찮게 썼었는데 고장나버려서 큰맘 먹고 샀는데 역니 가격대로가네요 화질, 속도 만족합니다 역시 엘쥐ㅎㅎ",[]
21.02.24.,5,"세대째 울트라 노트북 구매했는데..
이번에 제일 저렴하게 구입했어요.
배송도 빠르고 제품도 좋은것 같습니다.",[]
21.02.22.,5,"저렴하게 장만했어요 ㅋ윈도우까지 깔고나니 완벽하네요
이제 1층에 왔다갔다 않하고 방에서 노트북으로 업무 볼수있네요ㅋㅋ",[]
21.02.27.,5,주문하고 하루만에도착동생선물해주려고샀는데디자인도이쁘고 흰색이라더좋아함가격도저렴하나 성능은좋아서 짱입니다최신상품이라서 너무좋아요,[]
21.02.24.,5,"우연찮게 할인 많이 받아서 저렴하게 잘 산것같아요...
업무용으로는 정말 좋을 것 같습니다.
번창하세요.",[]
21.03.12.,5,가성비도좋고 상품 배송머하나빠짐없네요 감사합니다,[]
21.02.27.,5,신상품빨리받아서 너무좋네요엘지울트라북 11세대 인텔i3cpu탑제된 노트북가격대비 성능에놀랐네요엄청빠르고 예뻐요다음에도 울트라북살꺼 같아요최고~,[]
21.02.24.,5,배송 빠르고 좋아요. 깔끔하고 이쁘네요. 무게김은 있으나 데스크탑 대용이라 상관없을것 같습니다.,[]
21.02.24.,5,"11세대 노트북이라 아주 빨라요.. 2대구입햇어요..
구매후기 사은품은 2개를 합산포장해서 발송원해요",[]
21.02.24.,5,i3이지만 11세대 cpu라서 만족할만한 속도 나옵니다. 그리고 무엇보다 디스플레이는 lg잔아요. 화면 쨍한 ips fhd화면이라 매우 좋습니다. 적극 추천합니다,[]
21.03.01.,5,"할인쿠폰 이용해서..잘 샀습니다.
스토리지용량은 128gb..
바로 ssd 256gb를 설치해서 아쉬움 없구요.
램은 8g라 충분하지만..
슬롯 1개가 더 있으니..
조만간 업글예정입니다.",[]
21.02.20.,4,"가성비좋아서 샀어요
다만 미리 업그레이드요청한부분들이
적용이 누락되는것과
부속품 옵션선택이없는것이 아쉽네요",[]
21.02.26.,5,구매 후 배송이 빠르게 와서 좋았습니다! 가격 대비 너무 좋고 크기도 적당하고 특히 색상이 흰색이라 깔끔한 느낌까지 있어 너무 만족합니다!,[]
21.02.27.,5,"초등들어간 아이 인강용으로 구입
들고 다닐꺼 아니라서 저렴한 울트라로
선택
잘 써볼께요^^",[]
21.02.25.,5,"적당한 사양에 동영상감상과 문서작성등
빠르고좋네요 용량과 램은 봐서추후에 하나씩껴주면되니
암튼맘에드네요",[]
21.03.03.,5,배송도 빠르고 제품 상태도 매우 좋아요,[]
21.02.25.,5,"LG 울트라 가성비 노트북 추천해요!!
업무용으로 손색이 없네요~~
SSD 512G, RAM 16G 업그레이드를 해도
60만원대에 사양도 괜찮아요~^^
#스마트탑정보통신 #2021LG노트북 #15UD50P-GX30K #lg노트북 #인기노트북",[]
21.02.27.,5,"디자인좋고 가성비 좋네요
OS설치 잘 구동됩니다
색상이 흰색이라 관리부분이 걱정이지만",[]
21.02.22.,5,아버님 사무용으로 구매했는데.. 성능도 괜찮고 화질도 좋아요. 근데 배터리가 0%로 왔는데.. 이상은 없는거겠죠?,[]
21.02.23.,5,자녀 온라인 수업용으로 구입 했는데 화면도 크고 속도도 빨라 무척 만족하네요~,[]
21.02.26.,5,"좋아요 . .
속도도 빠르고,와이프 인터넷쇼핑용으로 구매했는데,만족한답니다 . .",[]
21.03.02.,5,효도르로 구매했는데 부모님이 매우 좋아하시네요. 가성비가 정말 좋은 거 같습니다. 어른들은 컴퓨터를 잘 모르시니 엄청 빠르다고 좋아허시네요. 싸게 잘 구입했습니다. 배송도 빨랐습니다.,[]
21.02.20.,4,"빠르게오네요.
윈도우설치해보고 추가로 올릴게요.
배터리 충전관련 체크 잘 받았어요.
친절하시고 좋네요",[]
21.02.24.,5,"배송빠르고 포장상태좋고 노트북 아주 빨라요.
좋은가격에 2대를 구매햇어요",[]
21.02.21.,5,미설치제품인지 모르고 주문했는데 그래도 오래된 노트북교체하니 좋아요,[]
21.02.23.,5,오늘 받았는데 OS 설치해보니 좋은것 같습니다. 싸게 잘산것 같아서 강추!!,[]
21.03.12.,5,빠른배송에 감사합니다,[]
21.02.23.,5,인강용과 아이들 수업때문에 구입하려고 많이 알아보다 컴 잘아는 분이 가격대비 좋다구 소개해줘서 마침 빅스마일덕분에 저렴히 구입했어요~~^^윈도우깔고 써보니 빠르네요~~♡,[]
21.02.27.,5,가볍고 잘 동작되고 만족스럽습니다.배송이 7일정도 걸린것 가ㅌ네여,[]
21.02.28.,5,한마디로 깔끔 묵직단순 업무용으로 구입했는데 깔끔하고 묵직해서 좋아요성능은 아직 모르겠지만 단순한 용도라서 충분할 듯 합니다.,[]
21.03.03.,5,배송도 메우 빠르고 가격도 저렴해여~!! 상담 서비스도 매우 친절하세요,[]
