"629,000"
date,star_point,comment,photo
21.02.26.,5,"급하게 필요했던 건데 배송이 정말 너무 빨랐어요.
오후쯤 주문했는데 다음날 오전에 도착했습니다!
노트북이라 늦게 받을 각오로 주문한 건데 너무 감동이었습니다ㅠㅠ

마우스패드, 무선마우스, 키보드덮개까지 잘 받았습니다. 윈도우 설치 USB도 추가했더니 주셨어요! 감사합니다!

노트북 외관 디자인도 너무 예쁘고 깔끔해요. 화이트 색상은 역시 깔끔하고 고급스러워요! 만졌을 때도 보들보들, 매끈매끈한 느낌이라 좋아요! 그리고 특히 자판의 느낌이 넘넘 좋습니다! 그래서 타자 칠 때 기분 좋아요!!

노트북 많이 알아보다가 구매한 건데 너무 만족합니다!! 랜덤박스로는 노트북 가방 기대해봐요...:-) 많이 파세요 정말 짱 좋습니당~~~♡","['https://phinf.pstatic.net/image.nmv/shopnbuyer_2021_02_26_0/16b1658e-7830-11eb-9179-505dac8c35ff_03.jpg?type=f287', 'https://phinf.pstatic.net/checkout/20210226_93/1614343262369Rk2TP_JPEG/review-attachment-8c3eb441-b820-461b-9677-6e1e02d4aedb.jpeg?type=f287', 'https://phinf.pstatic.net/checkout/20210226_11/1614343307712XnnsJ_JPEG/review-attachment-ec23ff4c-8c59-46a6-8715-ceaecfe37415.jpeg?type=f287', 'https://phinf.pstatic.net/checkout/20210226_1/1614343285825CtggE_JPEG/review-attachment-1fe0754a-af79-4a0b-b4ec-66a3bba74779.jpeg?type=f287', 'https://phinf.pstatic.net/checkout/20210226_91/1614343318044KNxwO_JPEG/review-attachment-e40ba0cc-e2e7-469d-b179-8a5e4ec97abf.jpeg?type=f287', 'https://phinf.pstatic.net/checkout/20210226_192/1614343324527l9Bpe_JPEG/review-attachment-23fe3531-eedf-4456-b063-032d9cc516e7.jpeg?type=f287']"
21.03.05.,4,"처음에는 가격이 저렴해서 반신반의 했어요. 그러나 노트북으로 게임할 것도 아니고 동영상 시청만 할 것이기 때문에 기본 사양에 조금 추가하기로 했어요.
무게도 1.8이고 디자인도 무난해요. 판매점 서비스도 좋고요. 노트북 망가진 것도 전혀 없네요.
추천합니다.","['https://phinf.pstatic.net/image.nmv/shopnbuyer_2021_03_05_0/72096091-7d68-11eb-a803-a0369ff94ec8_03.jpg?type=f287', 'https://phinf.pstatic.net/checkout/20210305_250/1614917286726F5Mlx_JPEG/review-attachment-aabe0442-fc64-4ce8-8198-3ba20d6f9832.jpeg?type=f287', 'https://phinf.pstatic.net/checkout/20210305_6/1614917289433wk7Pc_JPEG/review-attachment-d5ccddf8-5527-48ed-974a-e6956e55f85d.jpeg?type=f287', 'https://phinf.pstatic.net/checkout/20210305_45/1614917290665rK98C_JPEG/review-attachment-fa366264-fa2b-4afd-a084-a5b41d5a86d1.jpeg?type=f287', 'https://phinf.pstatic.net/checkout/20210305_239/1614917290785bOJ43_JPEG/review-attachment-0fd337ca-1dd2-40ea-a3b1-91afc54b174f.jpeg?type=f287', 'https://phinf.pstatic.net/checkout/20210305_36/1614917292117J8JrF_JPEG/review-attachment-003dac49-57a7-48fb-a29d-d58e3005ee99.jpeg?type=f287']"
21.02.03.,5,"이번에 삼촌이 노트북이 필요하시다고 하셔서 이리저리 알아보다가 찾은 모델이였어요!
토요일에 주문을 했는데 화요일에 받았는데 주말이고 코로나때문에 기다려야겠지 하는 심정으로 주문을 했는데 배송이 생각보다 빨라서 놀랐어요~
사용하는 용도가 주로 사무용 및 영상정도라 가격대를 저렴하게 찾은거라 상품에 대한 기대는 안했었는데 박스를 개봉하니 외관이 되게 고급지고 이뻤어요.
성능도 원하시는 용도에 쓰기에는 부족함이 없었고 무엇보다 삼촌이 마음에 들어하셨어요!!
또한 서비스로 무선마우스와 키스킨을 주시는 센스에 너무 감사했어요.
가격대비 매우 만족합니다!","['https://phinf.pstatic.net/image.nmv/shopnbuyer_2021_02_03_0/c832a034-65e1-11eb-a4d6-48df37ae3dc4_03.jpg?type=f287', 'https://phinf.pstatic.net/checkout/20210203_102/1612330591495NiVcF_JPEG/review-attachment-d0bc4aef-6b48-44dc-847f-37be561490e0.jpeg?type=f287', 'https://phinf.pstatic.net/checkout/20210203_23/1612330591772JGgcB_JPEG/review-attachment-244b3824-48da-4b64-99a9-7cf5cdba18bd.jpeg?type=f287', 'https://phinf.pstatic.net/checkout/20210203_56/1612330591977FykoN_JPEG/review-attachment-fa85282e-15ec-4937-b87f-3c30d5f133d2.jpeg?type=f287']"
21.01.27.,5,"금요일 오후에 주문하고 그 다음 주 화요일 점심쯤 도착했어요
하자나 기스 박스 손상없이 잘 왔고 완충 스티로폼때문에 박스가 좀 커서 저는 회사에서 들고가느냐고 좀 힘들었네요
대신 이 때문에 제품이 손상없이 잘 온 거 같아요
부팅도 빠르고 마우스랑 마우스패드, 키스킨 까지 보내주셔서 굳굳
팬 돌아가는 소음이 조금 있는데 괜찮습니다~
무게도 꽤 가볍고 충전어댑터나 주변기기들이 아담해서
가지고 다니기도 좋을 거 같아요^^ 화면도 넓구 좋습니다

이벤트로 받은 쿠폰으로 가격도 줄이고 네이버 플러스 멤버쉽, 단골 멤버쉽 등등으로 네이버페이도 많이 충전받았네요 ^^

랜덤박스로 노트북 가방 오길 기대해봅니다ㅎㅎ
다른 분들도 후기 남기시고 이벤트 참여하세요~","['https://phinf.pstatic.net/image.nmv/shopnbuyer_2021_01_27_0/26ae7922-605f-11eb-97fa-a0369ff94ed0_03.jpg?type=f287', 'https://phinf.pstatic.net/checkout/20210127_112/1611724105730vCuge_JPEG/review-attachment-90c9350d-e183-49b1-9a4f-cd9407d3b12d.jpeg?type=f287', 'https://phinf.pstatic.net/checkout/20210127_55/16117241057648tHPN_JPEG/review-attachment-a2c03cce-6d61-40b2-9407-333cefccc34b.jpeg?type=f287', 'https://phinf.pstatic.net/checkout/20210127_101/1611724105788RHOgX_JPEG/review-attachment-7813d9a0-933d-4763-a71e-9773e866c562.jpeg?type=f287']"
21.01.06.,5,"원래 350 다른 노트북을 구매했는데
예약배송이라 너무 오래 걸려서
이걸로 구매했는데 너무 만족해요
물론 사양은 다르겠지만 그냥 간단한 작업만
할거라 상관없을것 같아요~
배송도 빠르고 화이트 색도 깔끔하니 예쁘고
화면은 처음엔 좀 어둡다 생각했는데
화면 밝기 조정하면 그래도 괜찮아요
마우스랑 키보드 패드도 잘 쓰겠습니다 ㅎ
가격대비 가성비가 너무 좋네요~!!","['https://phinf.pstatic.net/image.nmv/shopnbuyer_2021_01_06_0/f6b2df16-4fe3-11eb-ad22-a0369ff952f4_03.jpg?type=f287', 'https://phinf.pstatic.net/checkout/20210106_57/16099128070659NRMN_JPEG/review-attachment-b5ebcce9-3c63-424e-bf9d-cfdf216e9bf0.jpeg?type=f287', 'https://phinf.pstatic.net/checkout/20210106_289/1609912807033UOnVd_JPEG/review-attachment-29c6e3eb-2217-4042-ae3f-bfda1fd7278b.jpeg?type=f287', 'https://phinf.pstatic.net/checkout/20210106_209/1609912806837FwbMn_JPEG/review-attachment-6fcf760a-9faa-4295-8153-7bf07f956c90.jpeg?type=f287', 'https://phinf.pstatic.net/checkout/20210106_20/1609912806225UgROu_JPEG/review-attachment-e77c4897-caf0-4329-b641-859ba1f10d24.jpeg?type=f287']"
21.03.23.,5,"일요일 밤에 주문하고 이틀만에 도착했어요~
배송도 빠르고 윈도우10 설치 이벤트도 당첨되고 좋았어요^^
사은품도 마음에 들고 마우스도 흰색이라 셋트 같아 보여 더 마음에 들어요~
아들 줌수업이 길어져서 데스크탑 산지 한달도 안되서 또 구매했네요 ㅠㅠ
그래도 디자인도 이쁘고 가성비도 좋고 훌륭하네요^^","['https://phinf.pstatic.net/checkout/20210323_19/16165062828007cWo4_JPEG/review-attachment-0e6c9298-2e57-4066-8309-a873a594dae2.jpeg?type=f287', 'https://phinf.pstatic.net/checkout/20210323_176/16165066361662sy7p_JPEG/review-attachment-4216f9ec-768f-4e5a-87f4-b7286be05a4d.jpeg?type=f287', 'https://phinf.pstatic.net/checkout/20210323_66/1616506636768QrmYh_JPEG/review-attachment-3ff0baab-3b67-45cf-9f1e-6cf0e7133bf6.jpeg?type=f287', 'https://phinf.pstatic.net/checkout/20210323_73/1616506636684OB6UQ_JPEG/review-attachment-39f87796-fb67-4043-8015-e960ddd25154.jpeg?type=f287', 'https://phinf.pstatic.net/checkout/20210323_130/1616506637469tmTCh_JPEG/review-attachment-20776e4f-34a7-43f5-a0a4-8a0f9b754ce4.jpeg?type=f287']"
21.01.24.,5,"외관상으로 군더더기없이 깔끔하고 깨끗한 삼성노트북입니다. 전에 쓰던 노트북이 거의 10년이 다 된거라서 비교도 안 될정도로 여러모로 모두 만족합니다. 아이들 온라인 수업에 활용할 예정인데, 지금 노트북 앞에서 신나서 좋아하고 있습니다.
결재한지 이틀만에 빠르고 안전하게 배송받았습니다. 대만족합니다. 잘 쓸게요. 감사합니다.","['https://phinf.pstatic.net/image.nmv/shopnbuyer_2021_01_24_0/7ea7b8e1-5def-11eb-bbff-505dac8c3639_03.jpg?type=f287', 'https://phinf.pstatic.net/checkout/20210124_110/16114569237176bLaG_JPEG/review-attachment-28bba651-6695-4258-b24f-272a0a12d819.jpeg?type=f287', 'https://phinf.pstatic.net/checkout/20210124_72/1611456930152SdRY1_JPEG/review-attachment-cb96df2d-3389-4881-9b68-90b9406e05b0.jpeg?type=f287', 'https://phinf.pstatic.net/checkout/20210124_180/1611456936549lqcpF_JPEG/review-attachment-e4b9403b-01c5-4071-9925-bcb6db61c3a6.jpeg?type=f287', 'https://phinf.pstatic.net/checkout/20210124_67/1611456948613yatvS_JPEG/review-attachment-fe8cfe72-6fc1-4238-9512-121d669c8db8.jpeg?type=f287']"
21.03.05.,5,흰색 구매했는데 너무 마음에 들어요! 윈도우 이벤트 참여했는데 주셔서 너무너무 좋고 마우스도 요청사항에 흰색으로 주시면 좋을 것 같다고 했더니 흰색으로 챙겨주신 건지는 몰라도 흰색으로 주셔서 너무 좋았어요! 마우스에 배터리도 있어서 바로 사용해봤는데 사용감도 좋고 좋아요! 노트북도 느리지 않게 돌아가구요! 흰색이라 예뻐요❤️ 만족해요!!,"['https://phinf.pstatic.net/image.nmv/shopnbuyer_2021_03_05_0/ff1f751d-7d41-11eb-b3e0-505dacfbaa5c_03.jpg?type=f287', 'https://phinf.pstatic.net/checkout/20210305_91/1614900764424zIlcG_JPEG/review-attachment-691051f9-1d8f-437b-83f9-029d2cb63fbd.jpeg?type=f287', 'https://phinf.pstatic.net/checkout/20210305_107/1614900764600SqJa8_JPEG/review-attachment-a32cb2ff-69d4-488e-866c-b9c5a1ff6558.jpeg?type=f287', 'https://phinf.pstatic.net/checkout/20210305_152/1614900764589NSP6C_JPEG/review-attachment-885eae92-2477-40ee-855a-c9a211b605e4.jpeg?type=f287']"
21.02.12.,5,온라인 상점들을 둘러보다 결제조건 혜택 확인후 바로구입 다음날 딱 받았습니다 nt350xcr-ad3as 실버 색상이라 더 깔끔함을 느꼈고윈도우설치후 사용해보니 빠른속도체감뒤쪽 메모리아 디스크 확장은 나사도 필요없이 탁찰식으로 개봉이 되더군요많이 편해졌네요~~ 대체적으로 아주 만족한 노트북이였습니다,"['https://shopping-phinf.pstatic.net/20210214_1/7e9520c3-3ea5-4982-8ec4-36c0f4d0fef8.jpg?type=f287', 'https://shopping-phinf.pstatic.net/20210214_26/0b6ae14e-2ff1-4703-88a6-42f74c679618.jpg?type=f287', 'https://shopping-phinf.pstatic.net/20210214_7/b0f428e3-67d2-4105-a099-40a5c2d2a2c4.jpg?type=f287']"
20.12.27.,5,"재택근무를 하게 되어서 가성비 좋은 노트북을 찾던 와중에 노트북 사양과 디자인을 보니 이게 딱이다 해서 주문하게 되었습니다^^
상품 포장도 깔끔하게 배송되었고 빨리 왔습니다.
뜯어서 보니 내부 구성도 마음에 들었어요^^ 놀랍게도 사은품으로 무선마우스를 주셨네요...ㅎㅎ
노트북 디자인이 참 깔끔하고 키패드 배치나 느낌이 정말 좋다는 느낌이 들었어요 전원을 켜서 윈도우를 설치해보니 속도가 엄청 빨라 기분이 좋았어요
앞으로 영상이나 문서작업용으로 계속 쓸 노트북인데 요긴하게 잘 사용하겠습니다.
.","['https://phinf.pstatic.net/checkout/20201227_255/16090685619923Kels_JPEG/review-attachment-2d8c1768-8777-45d0-b6f3-1f075d5087e2.jpeg?type=f287', 'https://phinf.pstatic.net/checkout/20201227_238/16090685868192gwiw_JPEG/review-attachment-84bcc164-2134-4c09-9a1d-1473d47de045.jpeg?type=f287', 'https://phinf.pstatic.net/checkout/20201227_107/1609068614888EPV8A_JPEG/review-attachment-12d93394-b574-4127-8878-2c37ab75f3dc.jpeg?type=f287']"
21.01.28.,5,"첫 번째로 디자인이 직각 디자인의 아주 깔끔함이 묻어납니다. 메탈로 고급스럽고 전체적으로 완전 이쁩니다. (단, 겨울엔 차가워요)두 번째로 화면 밝기가 좋습니다. FHD라 요즘 나오는 QHD보다는 낮지만 솔직히 이정도면 쨍하고 좋습니다. 이 노트북은 무게 때문이라도 이동식으로 사용하는 게 아니라 집에서 쓰는 용이라 집에서 쓰기에 충분한 밝기와 선명도를 가지고 있습니다. 세 번째로 키감도 좋고 터치패드 크기도 넓어서 사용하기에 좋습니다. 요즈음 나오는 삼성 노트북(이온이나 플렉스)는 오른쪽 쉬프트 키가 작아서 개인적으로는 타자 치는 데 익숙해지기까지 시간이 걸리는데, 이건 쉽게 적응되서 좋네요. 마지막으로 확장성이 좋습니다. 기본 256gb와 8g램도 사무용으로 충분히 쓸만하지만 더 필요하다면 언제든 확장해서 쓸 수 있습니다. 이걸로 게임하실 거 아니고 간단하게 웹 서빙, 문서 작업, 유튜브 시청, 동영상 강의 등 가정에서 아이들 수업용이나 부모님 취미용으로 사용하기 아주 좋습니다. 다만 프리도스라 간단하게 설치하는 방법은 배우시면 좋습니다.(어렵지 않습니다.)",[]
21.02.27.,5,"드디어 기다리고 기다리던 삼성 노트북 NT350XCR-AD3AS를 구매하게 되었습니다. 5년 동안 썼던 70만 원대 국내 브랜드 한* 노트북에서 갈아 타려 합니다. 속도도 너무 느리고 무엇보다 화면도 작고 답답해서 매우 불편했던 것을 날려버리기 위해 이렇게 좋은 기회를 놓치기 싫어 바로 구매! 지마켓에서 신학기 행사 + 제휴 카드 할인 + 삼성 중복 쿠폰과 함께 총 15만 원 이상으로 할인을 받았습니다. 이런 좋은 기회를 공유하고자 이렇게 올려봅니다. 일단 장점으로는 너무나도 쉽게 업그레이드 할 수 있습니다. 굳이 드라이버가 필요 없이 뒷면에 램 카드와 SSD를 확장 할수 있다는 점도 칭찬합니다. 15 인치 화면 및 키보드 타이핑 느낌도 부드럽고 매끄럽습니다. Freedos 이라는 단점도 있지만, 추가로 구매해서 설치만 하면 끝! 상세페이지를 통해 설치법도 잘 알려주셔서 쉽게 설치할 수 있었습니다. 또 하나 배워갑니다. 게임이나 그래픽 사양이 불필요하시다 하는 분에게 강력추천 드립니다. 사무용으로 정말 이만한 노트북이 없습니다. 추가로 사은품도 보내주셨더라고요. (마우스 패드, 무선 마우스, 키보드 커버 )",[]
21.03.23.,5,"배송이 진짜 엄청 빠르구요
전화 설명도 친절히 잘해주셨구요 이벤트 usb당첨 되어서 원도우10제가 깔았는데 너무 쉬웠네요
그냥 꼽고 부팅순서만 지정해주니 알아서 깔리니
편하고 좋네요
속도도 엄청빠르고 기회가 되면 다음에도
재구매 하겠습니다","['https://phinf.pstatic.net/image.nmv/shopnbuyer_2021_03_23_0/a564856a-8bb2-11eb-b59a-505dac8c3721_03.jpg?type=f287', 'https://phinf.pstatic.net/checkout/20210323_69/1616488472751JzlfN_JPEG/review-attachment-2ba36852-5664-4883-8d0b-97e4e9b59e9a.jpeg?type=f287', 'https://phinf.pstatic.net/checkout/20210323_40/1616488480956ig3ej_JPEG/review-attachment-4f78d0df-cf83-46fe-baaf-bf4a1771aa14.jpeg?type=f287', 'https://phinf.pstatic.net/checkout/20210323_192/16164884879761MrT2_JPEG/review-attachment-3ea2e261-86d0-48b6-abea-d9080dd67f02.jpeg?type=f287']"
21.01.04.,5,전의 쓰던 놋북이 10년여정도 사용 하다보니 발열과 소음도 너무 심하고 너무 느려지기에 새롭게 놋북을 구매할까 하던 찰나에 발견해서 고민 끝에 구매하게 되었습니다 저녁에 구매하고 담날 1시경에 배송이 되었다고 들었습니다만 연휴가 껴서 그런지 배달이 계속 안되다가 어제 저녁 7시에 움직이더니 반나절 만인 오늘 오전에 배송이 되었어요생각처럼 맵시있게 잘 나와서 좋았어요 다만 전의 놋북은 밑의 배젤이 얇았는데 이친구는 두꺼워서 조금 어색하네요 무게는 생각보다는 무게감이 있어요전의 놋북을 들다가 이 놋북을 들면은 그래도 가볍네? 라고 생각이 들지만 이 놋북을 첨으로 들면은 조금 무겁다 라고 생각이 들었어요(조건은 20대 운동과 거리가 먼 여자가 한팔로 들었을경우) 가방이랑 함께 들 경우는 괜찮을것 같아요 특히 백팩은요 그리고 책상에 놓고 한손으로도 열리구요 딱히 디스플레이나 음질을 따지진 않아서 괜찮은것 같아요! 일단 속도가 넘 빨라서 좋으네요^^ 스피커가 하단부분에 있는지라 약간 울린다랄까 퍼지는 느낌은 들어요키보드도터치하는곳(이름이 갑자기 생각안나네요ㅜ) 큼직하고 너무 툭 안튀어나와서 좋아요그런데 한가지아쉬운점은 예전놋북은 화면 양쪽위아래끝에 고무가 있어서 액정보호해주는것 같았는데 이제품은 그게 없어서 아쉬워요그걸 대신했는지 하단에는 엄청 큼직만한 고무가 달려있긴 하더라구요 ㅎㅎ아직 이것저것 안써봐서 더 자세한 사항은 판단은 어렵지만 속도 빠르고 무게도 나름 들만하고 무난무난한것 같아요딱히 이것저것 안따지신다면 가성비는 하는것 같아요 거기다 서비스 좋은(?) 삼성제품이라서 크게 고장나도 든든하네요! 잘쓰도록 하겠습니다~~,[]
21.02.25.,4,딸아이가 이번에 중학교 입학해서 노트북 하나 장만했어요. 어떤 걸 살까 고민 많이 했는데 AS잘되는 제품을 사고 싶어서 삼성으로 선택. 합리적인 가격을 찾고 있었는데 이 제품을 딱 찾았어요. 여자아이이지만 화이트보다 실버선택,"['https://shopping-phinf.pstatic.net/20210226_12/e6a51e66-f81a-4b29-be1b-67cae93f866f.jpg?type=f287', 'https://shopping-phinf.pstatic.net/20210226_15/d48d27a8-29fd-4c39-997c-e63a92474eb2.jpg?type=f287', 'https://shopping-phinf.pstatic.net/20210226_13/3f65151d-dc45-4435-8259-0e56f40cdded.jpg?type=f287']"
21.03.06.,5,작년에 큰애 대학 입학선물로 여기에서 노트북 구매하고 만족하여 올해 작은애 노트북도 구매하였는데 이번에도 만족합니다. 윈도우설치 응모했는데 설치감사합니다. 대학에듀로 제품키인증하고 나니 완벽합니다. 사은품으로주신 무선마우스 키스킨도 마음에듭니다. 번창하시고 다음에도 여기서 구매하겠습니다. 감사합니다 ^^,"['https://phinf.pstatic.net/checkout.phinf/20210306_242/161500715590290RoU_JPEG/review-attachment-89449b6a-41ad-4ac0-b001-74e7485cbd6d.jpeg?type=f287', 'https://phinf.pstatic.net/checkout.phinf/20210306_289/1615007178441wTNbH_JPEG/review-attachment-6fb65329-bc3a-4b17-8217-844804666b01.jpeg?type=f287', 'https://phinf.pstatic.net/checkout.phinf/20210306_205/1615007193030cvNTz_JPEG/review-attachment-58f12ac0-5c62-4f22-8960-8ee0dcbfd0d6.jpeg?type=f287', 'https://phinf.pstatic.net/checkout.phinf/20210306_114/1615007207863EqfEB_JPEG/review-attachment-8cc97b5c-b9c3-4607-b038-b48084733fd6.jpeg?type=f287']"
21.03.18.,5,"블로그에 윈도우 설치 방법을 상세히 알려주셔서 수월하게 설치할 수 있었습니다. 속도도 빠르고 키보드 터치감도 참 좋네요. 가볍고 여러가지로 가볍게 사용하기는 알맞은 걸 잘 선택한 것 같아요.
배송도 빨랐고 사은품으로 주신 3종셋트 센스 있게 잘 챙겨주셔서 감사합니다.번창하세요~^^","['https://phinf.pstatic.net/checkout/20210318_229/1616075047209mvrkt_JPEG/review-attachment-6212a503-d704-4a5b-a053-0ba42bc8927c.jpeg?type=f287', 'https://phinf.pstatic.net/checkout/20210318_87/1616075057668RwTKW_JPEG/review-attachment-60ffef50-3a5f-4040-9526-3358d4a33692.jpeg?type=f287', 'https://phinf.pstatic.net/checkout/20210318_85/16160750677792UzNC_JPEG/review-attachment-3f3bbdbf-403d-411d-a76d-acf0a71793e6.jpeg?type=f287']"
21.03.04.,5,"부모님께서 노트북이 필요하신 참이라 사드리려고 여러 가지 제품들을 확인 했습니다.물론 대만산 저렴한 노트북도 있었지만 사후 A/S 부분도 염려가 되고, 부모님이 보시기에 브랜드도 상당히 생소해서 고민이 많이 되었었습니다.그런데 삼성 노트북이 매우 저렴한 가격에 나왔더군요. 무려 i3 + ram 8 + ssd 구성에 추가 확장 슬롯까지요.조금 비싸도 삼성 살까 했는데 이 가격이라면 고민할게 없다 싶어 구매 했습니다.부모님이 일상적으로 쓰시기에도 과분한 스펙인 것 같구요 디자인도 깔끔해서 크게 취향 탈거 같진 않습니다.프리도스 제품이긴 하지만 요즘 윈도우 설치는 정말 쉬우니 오히려 가격 거품 빠진 것 같아서 더욱 좋네요.강추 드립니다.",[]
21.02.17.,5,삼성 노트북 플러스NT350XCR-AD3AS 제품을 좋은 기회가 되어 구입하게 되었습니다.매우 만족합니다.최종가격이 46만원대여서 부담스럽지 않네요.성능 좋습니다.전원 OFF하고 연결어댑터 분리했는데 어댑터에 불빛이 남아있어서 이걸 어떻게 끄는 방법이 있나 한참 고민했네요.삼성 제품이라 더 믿음이 갑니다.포장도 꼼꼼하게 하셔서 아무 이상없이 배송되었구요.색상도 실버색상이라 무난하고 질리지 않을것 같습니다.같이 동봉된 마우스가 살짝 인식이 안될때가 있어서 조금 아쉽네요.다음에도 기회가 되면 다시 또 구매하도록 하겠습니다.노트북으로 하는 모든 일이 다 잘되었으면 좋겠습니다.,[]
21.03.17.,5,"아이 원격수업 대비로 주말 주문했는데 월욜 출발, 화욜 도착했어요. 오프라인 매장도 가봤지만 가격차이가 심해서 여기서 주문했는데 훨씬 저렴한 가격에 용량은 더 크게 살 수 있었네요. 윈도우10 usb보내주셔서 편하게 운영체제 세팅했구요. 주말행사로 8GB 무상 업그레이드 해주셔서 총 16GB로 왔어요. 한컴2020, 키스킨, 무선마우스, 마우스패드 사은품 감사합니다^^ 유튜브, 넷플 끊김없이 화질 괜찮아요. 가성비 노트북 찾으시는 분들 추천합니다~~",['https://phinf.pstatic.net/checkout/20210317_288/16159708673923KPs8_JPEG/review-attachment-30781048-a4cd-4ca4-b775-9fce8f4645d3.jpeg?type=f287']
21.02.17.,5,모니터가 커서 시원시원하네요. 키보드에 익숙해지려면 좀 걸리겠고 num lock을 눌러야 아래쪽 딜리트 키가 먹네요. 키스킨이랑 마우스도 좋아요. 다른 컴에서 윈도우즈10 설치usb 만든 걸로그냥 깔면 윈도우즈 업데이트나 개인설정이 안 돼서 그렇지 앱 설치도 문제없이 다 사용 다 할 수 있고.. 다른 판매자 윈10홈 FPP가 빅세일 쿠폰 적용돼서 4만원 넘게 싸서 따로 주문했네요. 늘 윈도우즈 포함된 걸로만 사다가 이렇게 사는 건 처음이라 소프트웨어값 비싼 게 참 사기 아깝지만..,[]
21.02.03.,5,"역시 삼성노트북 선택하길 잘 했어요삼성 노트북 플러스 NT350XCR-AD3AS는 설명대로 가성비 갑인 노트북이고요,전에 쓰던 삼성 울트라북이 몇 년 되니 버벅거려서 바꾸게 되었는데 이 노트북 받자마자 윈도우 깔고 사용해보니 아주 만족스럽습니다.무게 1.81kg으로 되어 있어서 사실 울트라북 보다 무거울거라 생각하고 좀 걱정을 했었습니다만 한 손으로 들어도 가볍네요. 들고 다니는데 전혀 문제가 없겠어요.삼성-Mall [한사랑씨앤씨] 에서 사길 참 잘했다는 생각이 듭니다. 모든 면에서 완벽했고 대만족입니다.판매자님 꼭 대박 나세요.",[]
21.03.17.,5,"비싼제품이 물론 좋겠지만 가성비 갑인 제품을 찾아보다,
삼성정품노트북 중 이제품이 딱인듯하여 사용중입니다.
크기와 색깔, 그리고 가장 중요한 가격이 아주 조화롭게 만족스러운 제품입니다.
순백의 화이트 아이보리색깔에 메모리와 SSD교체에 아주쉬운 설계.
펜티엄골드의 CPU등 어디하나 흠잡을때가 없지만 역시 가격에 맞추느라 요즘대세인 프리도스제품이라 운영체제는 직접 설치해야합니다.
물론 다 설치되면 윈도10은 자동업데이트되므로 더 편하네여.
아주 만족스러운 제품입니다.",[]
21.02.26.,5,아이 입학 원격수업도 듣고 두루두루 사용하려고 데스크탑쓰다 오래되어 이참에 바꾸려고 우선 눈팅하려 일반매장 갔다 사악한 가격에 놀라 다시 집으로 컴백홈. 포기하지 않으려고 인터넷 써핑을 했어요 저렴이들은 리퍼제품인걸 알고 실망하려는 찰나 지마켓 빅세일!!찬스로 구매하게 됐어요. 배송도 정확히 맞쳐서 왔구요.속도 빨라요. 흰색도 이쁠거 같아요.사은품 키스킨 무선마우스 마우스패드도 좋아요 잘받았습니다.노트북 처음 써보는데 자리도 조금 차지하고 아주 깔금덩어리 입니다🤗이번참에 제대로 공부했습니다.GB.SDD등등 추천해요! 삼성노트북NT350XCR-AD3AS 망설이지 말고 구매하세요~^^♡,[]
21.02.05.,5,"구형 노트북을 사용하다 아이 대학입학 선물로 여기저기 알아보다 구매하게 되었습니다.
삼성이라 믿음도 가고 디자인도 세련되고 예뻐서
더욱 마음에 들어요.
요즘 대세가 프리도스로 구매해서 윈도우를 직접 설치하는 경우가 많은데 윈도우를 설치하는 방법도 상세하게 알기쉽게 설명도 잘되어 있어 무리없이 설치완료 잘했고요 설치하고나서 사용해보니 역시 팽팽 잘 돌아갑니다.역시 삼성노트북을 선택한 것이 정말 후회없이 잘한 것 같아요.추천 팡팡 별 다섯개 누릅니다.",[]
21.02.21.,5,"신랑의 노트북 찬양에 데스크탑 컴퓨터가 2개 있음에도 불구하고 빅스마일데이 찬스로 구매했어요~
윈도우 설치도 해야하고해서 망설였는데 생각외로 설치가 간단했어요~
알아보고 비교해보고 신경써서 주문했는데 만족해하는 신랑을 보니 잘 산것 같아서 기분이 좋네요^^
디자인 깔끔하고 15인치라 작은거 아닌가 했는데 생각보다 사이즈가 있네요~
이 스펙에 이 가격이면 가성비 갑인듯~
잘 쓰겠습니다!!!",[]
21.02.22.,5,i3/8기가라서 문서작업이나 간단한 웹서핑 용도로는 부족함 없는 사양입니다.USB 단자 같은 포트도 넉넉해서 데스크노트로도 활용하기 좋을 거 같아 스탠드를 구매할까 고민 중입니다.윈도 미포함이라 더 저렴하게 산 거 같은데 BIOS 셋업도 어렵지 않아서 누구나 쉽게 검색을 통해 윈도 설치가 가능할 것으로 보입니다.메탈 느낌의 마감은 저렴해 보이지는 않지만 액정 하단 베젤이 조금 넓다는 느낌이 듭니다.하지만 40만 원대에 삼성 노트북이라는 메리트가 모든 단점을 상쇄해 줍니다.,[]
21.03.05.,5,프리도스상태로 사고 네이버에서 윈도우10 pro FPP 12만원에 구매해서 설치했어요 윈도우 USB삽입상태서 전원켜자마자 F10꾹 누르고 USB드라이브선택하고 엔터누르고 안내에 따라 설치..간단해요 낼모레 50되는 아줌마도 쉽게 해요터치패드 안되는거는 삼성젼자 AS센타전화하면 설정에 들어가서 삼성세팅에서 와이파이 잡는것 등 여러가지 선택해서 설치하도록 도와줘요무튼 좋은 컴터 윈도우즈까지 62만원에 겟 해서 해피합니다,[]
21.02.19.,5,"요즘 재택근무 시대라 회사 노트북을 들고 집,회사 왔다 갔다 다니다가 지쳐서 며칠 검색 후 삼성 노트북 플러스 NT350XCR-AD3AS를 사게 되었습니다.일단 가성비 있는 가격에!! i3에 8기가에 256기가라니 저는 인터넷검색과 동영상 시청그리고 문서편집 위주로 사용하기 때문에 넘치는 용량입니다 ㅋㅋㅋ일단 외관은 생각보다 가볍습니다! 그리고 색상도 고급지고요 ^^저는 윈도우 미설치로 구입했는데 윈도우 설치도 어렵지 않았어요!!며칠 사용하는데 불편함없이 아주 잘 사용하고 있씁니다. 삼성 노트북 플러스 NT350XCR-AD3AS 추천합니다. ^^",[]
21.02.21.,4,빅스마일데이 행사로 가성비 갑인 노트북을 구입했네요. 프리도스 제품이라 많이 망설였는데 판매자님의 자세한 설명으로 컴맹인 저도 쉽게 윈도우10 설치하고 인증까지 마쳤습니다. 설명대로 하니까 하나도 어렵지 않았습니다. 속도도 광장히 빨라서 금방 설치되고 업데이트도 빠릅니다. 다만 아쉬운 점이 tn패널이라 화질이 아쉽네요. 가격을 생각하면 가성비갑입니다.,[]
21.02.20.,5,"I5 두대하고 I3 이거 한대 충 3대를 구매했네요 ..
적당한것을 구하던 중
레노버가 워낙 가성비 좋게 나와서 훅 하다가
그래도 AS 를 고민하는데
이 제품에 삼성에서 이벤트까지 해서 출시되어
완전 저렴하게 구매했네요 ....
I5는 메이플까지 잘 돌아가서 이것들이 게임만 할까 걱정할정도
추가 메모리나 하드도 장착이 쉬워 하드도 별도로 장착할 예정 ....
가성비 최고인듯 .. 게다가 삼성이라 AS까지 걱정없이 ..
좋은 제춤 잘 구매했네요",[]
21.01.30.,5,"집에 있던 PC가 너무 느려서 노트북 사려 고민하다 삼성 노트북 플러스 선택했습니다. 제가 원하는 최적의 CPU,RAM 및 하드웨어 조합입니다. 문서작성 및 인터넷 검색이 주가 되기 때문에 아주 만족하는 수준이며 할인쿠폰으로 좋은 가격에 잘샀습니다~ 무게감도 나쁘지 않고 사은품도 딱 필요한것만 보내주셨네요. Window 10 같이 구매하면 설치되서 오니 사용하기 편합니다. 잘 이용하겠습니다",[]
21.01.31.,5,결제하고 하루만에 삼성 NT350XCR-AD3AS 노트북 실제로보니 디자인이 더깔끔하고윈도우 설치후 사용해보니 엄청빠른 속도를 체감할 수 있었네요..메모리 확장과 디스크 확장이 편리한점이 이 제품을 선택한 또 한가지 이유였는데역시 특별한 도구없이 튼튼한 손톱으로도 바로 호가장부분을 개봉할 수 있어서 바로 집에 남은 하드디스크를 장착했답니다~,[]
21.02.12.,5,"문서 작성용으로 구매했습니다. 아직 이것저것 많이 깔지 않아서인지 빠르게 잘 돌아가네요. 메모리를 추가할까 고민했는데 더 사용해보고 버벅대면 구매해도 되겠습니다.
문서작성과 인터넷 서핑 용도라면 이 제품으로도 충분할 것 같습니다.
보내주신 키스킨도 딱 들어맞고 마우스도 작동 잘 됩니다.
다만, 구매 후 디지털 빅세일로 십만원 정도 가격이 다운돼서 속이 쓰립니다.",[]
21.01.29.,5,구입한 지 하루만에 받았습니다!온라인으로 미팅 때마다 작은 핸드폰 화면으로 보는 게 힘들어서 처음으로 노트북을 구매했어요. 생각보다 화면이 더 크고 선명해 만족스럽습니다. 일반 컴퓨터 부럽지 않네요^^터치 패드 사용은 처음인데 다른 제품보다 넓어서 그런지 사용하는데 큰 어려움은 없었어요. 제가 들기엔 조금 무겁긴 하지만 집에서 사용할 거라 괜찮을 것 같습니다.가성비 좋은 노트북 추천합니다!!,[]
21.02.27.,5,"배송이 빨라서 좋고, 챙겨주신 마우스랑 기타 등등 만족스럽습니다.간단한 문서 작업만 할 예정이라 다른 중저가 브랜드도 살펴봤는데 마침 G마켓에서 전자 제품 행사를 해서 그동안 사고 싶었던 삼성 노트북을 중저가 브랜드 가격과 비슷한 수준으로 살 수 있어서 아주 만족스럽습니다.화면도 크고 키보드도 넓고, 색상도 잘 산 것 같아요, 원래 화이트로 구매하려 하였으나 구매 실수로 그레이를 사게 됐는데, 그레이가 훨씬 이쁩니다. 볼수록 예뻐서 마음에 드네요.",[]
21.02.04.,5,기존 노트북이 많이 오래 되어서 노트북을 구매하려고 생각하고 있었는데 여기 저기 쇼핑몰에 찾던중 G마켓에서 특가에 스마일 데이 행사에 추가 10프로 행사까지 겹쳐져서 완전 저렴하게 구매할수 있어서 아주 좋았습니다. 화이트 너무 이쁘고 많은 분들이 무겁다고 해서 걱정 되었는데 생각보다 무겁진 않더라고요. 무엇보다 메모리 및 SSD를 추가 확장이 가능한게 너무 마음 들어요.,[]
21.02.19.,5,제품명은 삼성노트북 NT350XCR-AD3AS인데요. 사무실 업무용으로 맥북에어를 살까! 삼성노트북을 살까 하다가 뭐 게임 같은 고성능이 필요하지 않다면 가성비로 가자고 판단하여 구매를 결정했습니다! 다행히 사무실에 먼저 구입하시고 만족도 높으신 분이 있어서 따라서 같은 기종으로 같은 사양으로 구매를 결정하거 샀는데 이건 정말 좋은 선택입니다! 업무용으로 사시는 분에게 강추입니다! 가장 안정적인 삼성노트북에 인텔 cpu등 좋아요!,[]
21.02.10.,5,"초딩 아들 비대면 수업용으로 노트북 구매를 위해 며칠을 고민하고, 웹서핑하다 발견한 이 제품.상품평도 좋고, 인텔 10세대에 용량도 256GB SSD, RAM 8GB.그리고, 삼성제품이라 A/s도 걱정없어서 구매했는데,배송 받고 사용해보니 속도도 빠르고, 득템한 기분!!!가성비 값인 제품이네요.포장도 꼼꼼해서 택배로 받아도 문제 없었어요.듀얼슬롯이라 언제든 쉽게 업그레이드 할 수 있는 점도 좋았습니다.다만 한가지 프리도스인게 맘에 걸려 전, 윈도우 10도 함께 구매했네요.",[]
21.03.04.,5,가성비 갑  노트북입니다 포장도 꼼꼼해서  아무이상없이  잘 도착했고 usb단자등의  포트도 많으며 엄청 빠릅니다  줌 강의용으로  구입했는데  끊김없이  훌륭히  잘됩니다  사은품으로  주신 키스킨과  마우스도 아주  유용하게  쓰고있습니다 삼성제품이니  as걱정은 노노!!,[]
21.03.04.,4,배송이 빠르게 되어서 너무 좋았어요 윈도우 설치하는데 조금 힘들었습니다ㅎㅎ 알고 산거니 어쩔 수 없었고요~~ 부팅은 빨라서 좋구요무게가 가볍습니다. 다만 아쉬운 점은 화질이 조금 떨어지는 게 아쉬워요 인터넷 할 때는 모르겠는데 워드 작업할 때 화질이 조금 떨어져요이 가격에 이정도면 가만해야죠.화이트인줄알았는데 회색이라...놀래서 다시 읽어보니 회색이였더라고요....^^;;;그래도 저렴히 사서 좋아요,[]
21.02.03.,5,"부모님 주식, 유투브, 웹서핑용으로 구매해드렸습니다. 용도에 아주 적합한 가격대와 만족스러운 가성비로 사용하는데 전혀 무리가 없습니다. 윈도우를 직접 설치해야한다는 단점이있으나 윈도우 설치는 어려운 과정이 아니어서 큰 무리 없었습니다. 디자인도 이쁘고 무게도 2kg이하로 가벼워서 마음에 듭니다. 배송도 주문 후 2일뒤에 받아볼 수 있어서 좋았습니다.",[]
21.02.08.,5,아이 온라인구매용으로 살펴보다가 셀러론 상품이랑 10만원정도밖에 차이가 안나서 당장 구매하였습니다. 완전 총알배송으로 다음날 도착했구요. i3+ssd를 이렇게 저렴하게 구입하다니 정말 너무 좋구요. 화질은 떨어지지만 그저 인터넷+인강용이니 이정도로 매우 만족합니다. 속도도 빠르고 사용에 전혀 불편 없습니다. 느린 컴퓨터로 인강듣던 아이가 엄청 기뻐하네요. 게다가 키스킨이랑 마우스도 주셔서 뭐 더 살게 없네요. 너무 좋습니다. 감사합니다. 잘 쓰겠습니다.,[]
21.02.24.,5,"딸 아이 노트북이 갑자기 망가지면서 노트북을 급하게 구입해야 했습니다.비대면 수업 때문에 zoom 화상 수업, 인터넷 강의 정도 들으면 되었기에가격대를 50만원 밑으로 찾았어요.유튜버가 추천한 모델들이 다 품절이라서 검색하던 중삼성 노트북이고 i3이면서 기본적인 사양을 다 갖추고서도 50만원 미만이었기에바로 구매했습니다.지마켓 딜 때문에 싸게 살 수 있었던 거 같아요.받기 전에 약간 걱정했는데 받고 윈도우 설치하고 사용하고 있는데속도도 생각보다 빠르고 디자인도 깔끔합니다. 두께도 많이 두껍지 않아요. 기대 이상입니다.좋은 제품 감사합니다. 잘 쓸께요.블로그 게시글 : https://blog.naver.com/lion_dan/222255472807",[]
21.02.18.,4,설연휴에 타 사이트에서 구매했다가 지마켓이 행사가 더 좋아서 지마켓에서 구매했어요실버로 너무 어둡지않을까 고민했는데 화이트 보다 나은것 같아요.두께도 얇고무게도 적당하고다만 화면이 조금 작게 보이는 현상이 있는데 원래 그런건지는 모르겠네요. 다음행사에도 하나 더 구매할 생각입니다윈도우 설치후 기타 소프트웨어 설치후. 빠른부팅과 실행이 좋아요. 다만 무선네트워크가 잡히지 않아 유선으로 잡은후 다시 설치한건 좀 불편했어요,[]
21.03.06.,5,"프리 윈도우였으나
usb설치 응모하여 받았습니다.
블로그 설명 대로 하니 금방 설치 하였구요~
물론 최저가 대란 때 보다 좀 더 주었지만 괜찮습니다~
고장 나도 대기업이니 as 괜찮을 것 같구요
다만, 키보드 백라이트는 아쉽 ㅜㅜ
많이 파세요~",['https://phinf.pstatic.net/checkout/20210306_97/1615022267962z43DW_JPEG/review-attachment-2c13aff2-6a92-4a8f-b33b-deb02196f3ab.jpeg?type=f287']
21.02.04.,5,"노트북 뒷면을 전부 뜯지 않아도 메모리와 하드디스크 장착이 가능합니다
하드는 12mm 두꺼운 기종은 장착이 불가능 하고요
9mm 짜리 이하만 가능한거 같구요
뜯을때 쉽게 뜯어지지 안고 힘이 많이 들어가기 때문에 날까로운건 뜯다가 기스가 남니다
라운딩 되어있는 걸로 뜯기를 권유 드림니다
키스킨은 딱 맞고 투명도도 괞찬은 편임니다",[]
21.02.18.,4,"삼성노트북 nt350xcr-ad3as 램8기가, 256하드, 배터리에 장점 있어서 구매합니다. 그리고 as도요. cpu와 led모니터가 좀 낮지만 가격대비 괜찮아요.
그리고 프래티늄실버 색상 탄탄한 외관과 세련되보여 좋아요. 윈도우 10 설치시 최신번전 설치해야 에러없이 잘 됩니다. 아니면 업데이트할 때 시간 좀 걸려요. 좋아요.",[]
21.03.02.,5,실버랑 화이트 고민하다 요즘 화이트가 대세라 화이트로 주문했습니다.이번 노트북의 특징이라면 메모리와 저장디스크 추가가 아주 용이하다는 것입니다.뒷면에 따로 열수 있는 덮게가 있어 편하게 확장할 수 있었네요.가격도 적당하고 10세대 i3제품이라 시퓨도 적당해 수업용으로 딱인것 같습니다.기본 추가 구성품도 맘에 드네요.,[]
21.03.20.,5,첫 노트북이어서 열심히 알아보다 인강용으로 쓸려고 이 제품을 사게 됐는데 잘 산 같네요 속도도 빠르고 디자인도 예쁘고 인강용 사무용으로 쓰기 딱 좋아요 근데 자세를 바꿔서 보면 색깔이 달라져 보여요 굳이 일부로 요리조리 보는 건 아니니까 괜찮을 거 같네요 사은품으로 무선 마우스랑 마우스패드까지 주시고 배송도 바로 다음날 받을 수 있어서 아주 좋네요 추천합니다!,[]
21.02.26.,4,"저렴하게 가성비 제품 잘 구매했습니다.윈도우 설치,드라이버 설치 상품상세설명 블로그 보면서설치완료. 잘 설명되어 있어 편했어요.적당한 성능으로 게임안하는 제가 쓰기에는 적당한 것 같아요쉽게 고장나거나 하진 않겠죠.오프라인에서 노트북 구매는 처음이네요 화이트색상 깔끔합니다.",[]
21.02.10.,5,빠르게 잘받았구요노트북은 역시 삼성이 진리인듯하네요~윈도우10 설치되어 와서 바로 사용가능해요인강용이라 속도도 빠르고 디자인도이쁘고 만족스럽습니다윗사양이라 고민했는데 일반적으로 많이 쓰는 모델이라 추천받고 샀는데 잘한거같아요쿠폰으로 싸게 살수있어 좋았어요~추천해요!!!,[]
21.01.30.,5,안녕하세요 노트북후기올립니다스마일데이 노트북 정말많은비교했는데 다른건i3도안되고 이건 무려i3인데 이가격이나오다니 너무좋은거같아요디자인도세련됐고 2키로도안되서 너무가벼워요근데 작은거같으면서 베젤이없어서 너무 얇아보이고 좋고무선마우스가 공짜로와서 추가돈쓸일이없었습니다감사합니다,[]
21.02.24.,4,"초등학생 자녀 온라인학습을 위해 서브 노트북으로 구입했어요.
나름 꼼꼼하게 따져보고 샀는데
가성비가 좋은거 같네요.
외관이 깔끔하고 무게도 가벼워서 좋지만 화질이 좀 떨어져서 화상수업시 흐릿하게 보이는 단점이 있네요.",[]
20.12.30.,5,전날3시쯤 주문했는데 다음날 배송되어 너무 빨라 깜작 놀랐어요요즘 상성 노트북 재고가 없어 난리던데 여긴 재고가 넉넉한가 보네요일단 노트북 개봉 후 꼼꼼히 검수 했는데 역시 좋은 상품으로 보내주셨고 윈도우도 수고스럽게도 설치 잘 해주셔서 감사하고요몇가지 확인작업을 해본 결과 조용하고 빠르고 가성비 짱짱인것 같습니다티탄으로 주문했는데 색상도 너무 고급스럽고 이쁘네요이 노트북 쓰는 동안은 볼 때마다 흐믓할 것 같네요굿 초이스입니다^^♡,[]
21.02.18.,4,문서작업이나 인강용 노트북 선물하려고 가성비 좋은 제품 찾고 있었는데 마침 설날 빅세일 이벤트를 통해서 저렴하게 구입했습니다. os직접 설치하고 기본 프로그램들 설치하고 사용해보니 소음도 적고 빠르고 잘 돌아가고저사양 게임 리그오브 레전드도 무난하게 돌아가네요,[]
21.02.25.,5,직장에서문서작성용으로 기존에 쓰던삼성노트북이 이제 명이 다했는지잘 안되서~~15인치 노트북쓸만한거 며칠 검색하다마침 지마켓에서 행사중이고평도 좋아서 시켰는데가격대비진짜 좋아욤~!!색깔도 세련되게 이쁘구기존에쓰던 13인치 갤럭시북이온이랑비교하니 큼직하니 시원해서직장에 두고 쓸문서작성용으로굿굿굿입니당~!!,[]
21.02.23.,5,아들녀석 졸업선물로 사줬습니다 화이트 색상으로 구매했는데 디자인도 깔끔하고 가벼워서 조으네요그리고 사용을해봤는데 코어i3라 그런지 빠르네요제가 사용하는건 아니지만 좋아보이고 가격이 일단 저렴해서맘에듭니다 많이 파세요,[]
21.02.15.,5,아이 중학교 입학선물로 노트북을 구매하려고 온라인쇼핑몰을 검색하다가 이 제품의 디자인과 성능이 가장 마음에 들어 삼성노트북 할인쿠폰을 사용하여 저렴한 가격에 구매하였는데 부팅속도가 빠르고 메모리도 8GB로 온라인강의를 듣는데 적당한 제품인 것 같습니다. 사은품도 마음에 듭니다. 매우 만족합니다.,[]
21.02.25.,5,인터넷 쇼핑이랑뉴스보고 자격증공부할려고 샀어요 비싼건 부담스러워서 중소기업알아보고있었는데 때마침 삼성노트북이 할인을 하고있어서 얼른 주문했네요 배송도 바로해주시고 포장도 꼼꼼하게 와서 상품은 아무이상이 없네요 윈도우 바로깔고 사용하는데 마지막 노트북샀을때가 10년전이라 속도도 빠르고 충전도 빠르네요 너무너무 좋아요,[]
21.02.27.,5,"전 이것저것 할인을 받아 46만원에 구매를 했는데 기본 사은품들도 괜찮고 한글office프로그램도 번들로 주는 이벤트도 있어서 좋아요!TN패널이 흠이긴 하지만 이것 빼고는 46만원가격에 삼성A/S, intel 10th i3사양, SSD 256 GB, 램 8GB 이렇게 구하기는 진짜 힘들거같아요ㅠㅠㅠㅠ 암튼 지금 받아 써봤는데 성능도 괜찮고 소리도 괜찮아요!! 무게도 생각보다 무겁지 않아서 좋아요! 자신은 무조건 IPS 패널이어야한다! 이런 류의 사람 제외하고는 거의다 호에 가까울거 같네요! 적극 추천드립니다!",[]
21.03.01.,5,"빅스마일 행사로 사서, 가성비는 참 좋은 것 같습니다. 키보드랑 터치패드도 사용하기 편해요. 서브노트북으로 용도를 정해서, 램업도 하지 않고 그냥 기본으로 샀어요. 윈도우 설치하고 다른 앱들도 설치하는데 빠릿하고 좋아요.",[]
21.02.26.,5,삼성 노트북 플러스 NT350XCR-AD3AS 구입했습니다가격이 싸서 성능이 조금 떨어질까 걱정했는데생각 이상으로 아주 괜찮네요윈도우도 써있는데로 하니 USB도 금방 만들어요설치도 금방 됩니다기대 이상으로 좋아요애들도 좋아합니다괜히 고민했나봐요,[]
21.02.08.,5,"여러군데 검색하는데 가성비 최고라고 추천해서 궁새하게 되었습니다. 이것저것 할인받아서 60만원 좀 못되는 착한가격으로 받아 설명해주신 대로 윈도우10 home깔고 삼성 업데이트까지 완료했습니다. 컴잘못인데도 싑게 따라했어요.감사감사^^네이버리뷰 올리고 사은품신청도 할 예정입니다.
강력추천
가성비최고입니다.사은품으로 주신 키보드스킨.무선마우스도 잘 쓸께요",[]
21.03.03.,5,윈도우가 포함 안돼있어 설치가 어려울까 싶었는데 다른분 설치 영상 보면서 생각보다 쉽게 잘 설치했습니다. 배송도 주문한 날 바로 출발해서 잘 받았습니다.삼성 i3사양을 이정도 가격에 사다니 운이 좋았네요.가격대비 사양 적극 추천입니다.,[]
21.02.03.,5,코로나때문에 기존에 쓰던 노트북으로는 좀 버벅이는 일이 많아서 새 노트북을 구매했습니다. 빨리도착하고 포장도 꼼꼼히 안전하게 잘 왔네요. 같이 온 마우스도 괜찮은것 같습니다. 윈도우 미설치 제품으로 구매해서 지금 하나씩 깔고 있는데 잘 되는것 같습니다. 기존 쓰던 제품보다 가볍고 얄쌍하니 좋네요.,[]
21.02.25.,5,"아이 둘이라 똑같은 것으로 2대 구입했어요.
메모리는 16G 로 올렸더니 성능이 엄청 좋네요.
세일기간에 저렴하게 좋은 컴퓨터 구매했습니다.
키보드, 마우스도 흰색으로 구입했어요.
이사온지 얼마 안돼서 책상이 없네요.
책상오면 더 간지 나겠습니다.
잘 쓸게요.",[]
21.02.10.,5,"재택근무용으로 사용하던 노트북이 망가져서 고민하다가 이 상품으로 샀어요.
화이트라 깔끔하고 무척 고급스럽네요.
외관도 예쁘고 기본 사은품도 주셔서 넘넘 좋네요.
속도도 빨라서 사용하기 넘 편하고 좋아요~
강력 추천합니다^^",[]
21.02.09.,5,50만원대에 이스펙 노트북을 갖게 되어서 너무 좋네요그전 노트북이 너무 느려서 구매 하게 되었는데 부팅속도도 빠르고 인터넷도 너무 빨라서 마음에 들어요 !!너무 비싸지도 않고 그렇다고 너무 싸지도 않고 50만원대에 i3를 완전 득템한 기분이에요 !! 다음번 구매때에도 가성비 좋은 제품들 많이 나왔으면 좋겟네요,[]
21.02.25.,5,가성비좋은 노트북을찾고있었는데 이 제품을 발견했네요. 15인치화면이라 영상볼때 너무 편하구요. 키보드 타감도 좋네요! 또 마우스 마우스패드 키보드커버까지 사은품으로줘서 더 좋아요~~ 그레이컬러를 샀는데 되게 고급지네요.,[]
21.03.24.,5,"믿음이 가는 삼성제품에 가격도 저렴해서 더욱 만족스러운 제품입니다.. 가격대비 높은 성능과 기능을 갖춘 좋은 제품인것 같아요. 11번가에 구매시 쿠폰 적용으로 더욱 저렴하게 구매도 가능하고 무선마우스,키보드키스킨,마우스패드 상품도 받을수 있고 만족스러운 제품입니다..",[]
21.02.20.,5,이번에 사무용으로 구매하기 위해서 이것저것 알아보다가 발견하였습니다. 이 성능에 이 가격이면 정말 말이 안됩니다. 너무 만족스럽습니다. 주문하고 바로 다음날에 배송이 와서 너무 만족합니다! 주위에도 적극 추천할 예정입니다.,[]
21.02.05.,5,프리도스 모델을 처음 구매해봤는데 걱정하지 마시고 이 제품 구매하시면 될 거 같습니다.화이트 컬러를 좋아해서 항상 화이트 모델을 구매했는데 색도 깨끗하게 예쁘고 마감 역시 완벽합니다.G마켓에서 구매하면 무선 마우스 키스킨까지 주니 추가 비용 들게 없어 너무 좋습니다.10세대라 그런지 처리 속도도 매우 빠르네요나중에 필요하면 하드만 추가하면 될 거 같네요너무 잘 산거 같습니다.강력추천!!!,[]
21.02.26.,4,지마켓ㅡ한사랑씨앤씨에서 46만원대에 구매했어요. 지금은 61만원 구매 가능하네요!!  뿌듯!!  블로그리뷰 남기면 한컴2020 주는 이벤트도진행중!  정말 저렴한 가격에 구매했네요 ^^ 윈도우 10  정품 별도로 구매해서 설치했는데... 조금 어려웠네요!  이 모델에 대한 윈도우 설치 안내가 있음 더 좋을듯 합니다!  제품은 만족!!,[]
21.02.21.,5,삼성노트북 nt35cr-ad3as 빅스마일데이 쿠폰받아 타사리트보다 훨씬저렴하게 구매했습니다.거기에 사은품 키스킨.마우스패드.무선마우스까지 완전짱.받아아보니 티탄실버색이 깔끔하고 좋네요.2년전 삼성노트북구매하고 만족도가 높아서 또 구매하게되었네요~,[]
21.02.14.,5,"비대면강의 대비 새학기 학습용 노트북을 찾던중 합리적인 가격과 흰색의 심플한 디자인을 가진 이 노트북을 선택하게 되었습니다.배송으로 노트북을 처음 구매하게 되어서 배송이 안전하게 될까 고민하였는데 꼼꼼하게 그리고 빠르게 배송되어서 정말 마음에 들었습니다.os설치후 사용해 보니 키감도 좋고 기본적인 사무업무에 전혀 지장이 없어 만족하고 사옹하고 있습니다.새학기 학습용,재택근무용도로 노트북을 찾으시는 분들께 이 제품을 추천드립니다.",[]
21.03.01.,5,10년 된 노트북을 뒤로 하고 드디어 새노트북을 구입했네요. 1년동안 느린 노트북으로 열심히 인강 들어준 아들에게 선물했어요. 노트북 너무 가볍고 빠르고 좋다고 너무 좋아해요. 더 일찍 사줬어야 했는데..암튼 이번에 빅세일로 좋은 노트북을 저렴하게 구매하게 되어서 너무 좋아요!,[]
21.02.28.,4,"디자인이 사진으로 볼 때보다 너무 예뻐서 놀랬습니다..웹서핑 속도도 빠르고, 화면도 부드럽게 넘어가서 만족해요너무 잘 쓰고 있습니다! 무선마우스에 키스킨, 마우스패드까지 주셔서 좋아요3시까지 주문 시 당일 배송이라고 해서 2시반까지 주문 완료했는데 배송이 다음날 시작된건 조금 당황했지만,빠르게 와서 괜찮았어요! 여기서 사길 잘했네요 ㅎㅎ",[]
21.03.05.,5,중학생아이 온라인 수업에 필요해서 삼성 노트북 NT350XCR-AD3AS을 구매했어요이거보다 위에 사양으로 사려 했으나그 상품은 빠른 배송이 안 되어서이 제품으로 구매했어요외관도 회색이라 깔끔하고키패드커버랑 마우스도 주시고배송도 빠르고아이 수업에 사용하는데 아주 좋았어요,[]
21.02.07.,4,코로나 때문에 컴퓨터 사용이 늘어나서 원래 사용하고 있던 노트북이 속도가 너무 느려서 큰 맘 먹고 노트북/랩 탑을 하나 더 새로 샀습니다. 아직 사용하기 전이라 뭐라고 평을 하기는 어렵지만 보기에 예쁘고 얇고 세련되어 보이네요.,[]
20.12.29.,5,"연휴가 겹쳐 늦었지만 평일 기준으로 배송은 매우 빠름화이트로 신청했지만 티탄으로 배송되었으나 크게 문제될 것 없었으며, 전원 켜서 윈도우 설치하고 와이파이 잡는데 비번을 분실하여 헤매다가 어찌어찌 해결하고 사용함.단순히 웹서핑, 바둑, 문서작성용으로 사용하기에는 충분할 거 같고 외관도 날씬함전반적으로 만족합니다.",[]
21.02.05.,5,2월1일 (월) 구입 / 2월 2일 (화) 도착네?? 나 지마켓에서 샀는데 로켓이었던가??정말 빠르구요동생녀석의 동일 15.6인치 노트북과 비교해봤을때 더 얇고 작고 가벼워요속도 빠르고 유튜브 쌩쌩 돌아가고사은품으로 주신 마우스랑 패드 키스킨도 너무 만족하며 잘 쓰고 있어요많이 파세요~,[]
21.02.18.,5,"배송이 생각보다 빨리 와서 노트북을 빨리 사용할 수 있어서 좋았습니다.
노트북도 기존에 쓰던 것보다 가볍고, 소리도 별로 나지 않아가지고 만족합니다.
강의를 듣고 과제를 하려는 용도로 구입하려는데, 문제 없이 사용할 수 있을 것 같아서 좋습니다.",[]
21.02.22.,3,가성비 좋은 노트북을 찿다 결정한 제품입니다 as생각해서 삼성제품으로 결정하고 다다음날 배송 받았습니다.사은품 빠짐없이 오고 문의사항 바로 답변 주시네요제품은 생각보다 무겁지만 집에서 인강용이라 무난합니다. 이것저것 추가했는데 기본만 쓰시면 필요한 것 만 구매하셔도 될듯 합니다,[]
21.02.24.,5,g마켓 빅 세일 기간에 삼성 노트북을 장만하였습니다.비교적 싸게 구입했습니다. 윈도우 설치도 설명 따라서 하니 쉽고 빠르게 완료해서 잘 사용하고 있네요. 사은품 무선 마우스는 건전지 접촉이 되다 안되다해서 별로 마음에 들지는 않지만 그런가 보다 하고 사용하고 있습니다.,[]
21.01.31.,5,기존 노트북이 너무 느려서 새로운 노트북을 찾다가 구매했습니다. 우선 배송도 너무 빠르고 안전하게 배송이 와서 매우 만족했습니다. 디자인도 너무 예쁘고 특히 터치 패드가 매우 넓습니다. 무게가 살짝 있긴 하지만 이동하지 않을 예정이라 상관이 없을 듯 합니다. 삼성 노트북을 이 가격에 살 수 있다는 것에 놀랐습니다! 가성비 최고예요.,[]
21.02.02.,5,빠른 배송과 친절한 택배 기사님의 서비스와 두 말 하면 입이 아픈 명불허전의 삼성노트북 좋아요~!! 여자친구가 사용할 물품으로 고민후에 구입을 했는데 만족감이 높기도 하고 실물 디자인이 이뻐 덕분에 점수 땃네요. 감사합니다.,[]
21.03.10.,5,"사용한지 어언 한달이 되어 갑니다.가성비 최강자 입니다..디자인 또한 너무 이쁘고, 터치감, 부팅속도, 너무 너무 좋아요..이렇게 저렴한 가격에 학생들이 부담없이 쓸수 있는 최강의 노트북입니다..큰딸의 대학입학 선물, 둘째 딸의 고등학교 입학선물로 선물 했어요..감사합니다...",[]
21.01.29.,3,다들 빠르시다고 하셔서 삿는데 윈도우 깔때랑 업데이트.하는데도 버벅 거리고 ㅠ 느린 감이 없지 안내요 ㅠ. 10년동안 사용했던 노트북 보다 조금 빠르다란 느낌ㅠㅠ HDD500G 업글도 했는데요 ㅠㅠ그리고 usb 꼽아두면 usb가 뜨거워져요 ㅠㅠ저 뽑기를 잘못한걸까요?????,[]
21.02.01.,5,"사무용으로 쓰려고 가성비 좋은 노트북을 찾았는데 딱! 좋은 노트북을 구매했습니다.ㅎㅎ삼성매장도 가보고 LG매장도 가보고, 인터넷도 뒤져봤는데 이만한 스펙에 가격대라니!받아보고 완전 만족합니다-1/27(수) 저녁에 주문했는데 1/29(금)오후에 배송완료! 배송이 좀 걸린다는 글도 봤는데 완전 쿠팡급 배송속도까지! 물론 그램에 비하면 무게감이 있지만 가격대를 생각하면 ‘NT350XCR-AD3AS’가 압승입니다.디자인, 색상, 스펙, 배송까지 다 만족합니다-!",[]
21.01.20.,4,주말에 노트북 주문하고 오늘 물건 받았습니다.로젠택배가 늦는다는 후기가 많았는데 그래도빠르게 노트북을 수령했습니다. 사은품도 꼼꼼하게누락없이 잘 왔습니다. 노트북 색상하고 깔맞춤으로마우스도 화이트 보내주셨어요~! 감사합니다 많이 파세요,[]
21.03.25.,4,"삼성이라 믿고 사용합니다.

사은품은 꼭 필요한것들로 구성되어서 좋네요.

윈도우는 잘 설치해서 사용중입니다.

앞으로 여러대 사용예정인데 포장 신경써주시면 감사하겠습니다.","['https://phinf.pstatic.net/image.nmv/shopnbuyer_2021_03_25_0/d39fa4ee-8d35-11eb-86c8-505dac8c37f3_03.jpg?type=f287', 'https://phinf.pstatic.net/checkout/20210325_163/1616654804664QHGEa_JPEG/review-attachment-d26f0294-0bfa-4b68-8da6-35609c503273.jpeg?type=f287', 'https://phinf.pstatic.net/checkout/20210325_137/1616654804708PPwux_JPEG/review-attachment-3967c930-83b3-41a3-926e-3f3ee61a8d65.jpeg?type=f287', 'https://phinf.pstatic.net/checkout/20210325_23/16166548139339m1bR_JPEG/review-attachment-5cdb957e-ced6-43e0-a3ff-7282e8ace741.jpeg?type=f287', 'https://phinf.pstatic.net/checkout/20210325_247/1616654813999bWo4N_JPEG/review-attachment-190de0a0-67ab-4f60-bd58-5872d0e7df16.jpeg?type=f287', 'https://phinf.pstatic.net/checkout/20210325_38/1616654814132IKzVs_JPEG/review-attachment-58aaabb6-a390-466a-b2d7-c08843301fb5.jpeg?type=f287']"
21.03.18.,5,"잘받았고 이벤트 usb도 챙겨주셔서 잘설치했네요 잘쓰겠습니다. 생각보다 노트북 무게감은 조금있네요 그래도 하얀색 주문했는데 너무 이뻐요
정규용/010-3178-1029/리뷰이벤트 신청","['https://phinf.pstatic.net/image.nmv/shopnbuyer_2021_03_18_0/1619d656-8744-11eb-97dd-48df37ae3fca_03.jpg?type=f287', 'https://phinf.pstatic.net/image.nmv/shopnbuyer_2021_03_18_0/25d390fc-8744-11eb-9ca7-48df379ccacc_03.jpg?type=f287', 'https://phinf.pstatic.net/checkout/20210318_216/1616001279849wsnMg_JPEG/review-attachment-5bcb2270-b6c8-4523-929e-d72694f0851b.jpeg?type=f287', 'https://phinf.pstatic.net/checkout/20210318_107/1616001279839NHlaI_JPEG/review-attachment-1222e83c-47c1-47fa-8648-e25f1d87ce8f.jpeg?type=f287', 'https://phinf.pstatic.net/checkout/20210318_110/1616001279689lwOJU_JPEG/review-attachment-82aa64a1-cdeb-483b-90e2-3e5bc94b829b.jpeg?type=f287', 'https://phinf.pstatic.net/checkout/20210318_95/1616001279850x0e4V_JPEG/review-attachment-88c9f0ac-138a-4c18-a36d-595d1b824070.jpeg?type=f287']"
21.03.17.,5,저렴하게 잘 구매했습니다. 노트북은 처음 사보는데 생각보다 편리하네요. 앞으로 고장없이 사용할수있으면 좋겠습니다.,"['https://phinf.pstatic.net/checkout/20210317_17/1615988454736zGqrr_JPEG/review-attachment-69b4ce30-33ce-4d58-8b09-05690b9f0f22.jpeg?type=f287', 'https://phinf.pstatic.net/checkout/20210317_26/1615988464212amktb_JPEG/review-attachment-849048b6-2087-4d57-bb21-6cda5e112844.jpeg?type=f287', 'https://phinf.pstatic.net/checkout/20210317_255/1615988470697VBTzu_JPEG/review-attachment-83949fdf-ab00-44fb-bc4c-fa08f7360ce1.jpeg?type=f287', 'https://phinf.pstatic.net/checkout/20210317_264/16159884773673lpuW_JPEG/review-attachment-604d45c1-68c2-4cb6-a3b1-6c1a01eb8d3d.jpeg?type=f287', 'https://phinf.pstatic.net/checkout/20210317_9/16159884831536NqWm_JPEG/review-attachment-39aa63c7-963b-4fe3-b962-48bc0ca32403.jpeg?type=f287']"
21.03.21.,5,화면도 넓찍햬...좋아요...설치 유에스비도 응모했는데 주시고...감사해요...인강과 인터넷 잘 하겠어요...부팅도 빨라요...이벤트참가후 선물까지...너무 좋아요...감사합니다,"['https://phinf.pstatic.net/image.nmv/shopnbuyer_2021_03_23_0/c7211432-8bb4-11eb-86c8-505dac8c37f3_03.jpg?type=f287', 'https://phinf.pstatic.net/checkout/20210321_149/1616292224473ek9LM_JPEG/review-attachment-a5ff8eab-80e6-433f-8fb2-fd6b03d07e41.jpeg?type=f287', 'https://phinf.pstatic.net/checkout/20210321_118/1616292234725BJNNm_JPEG/review-attachment-ce31da34-3cf9-4844-826d-a7136571902b.jpeg?type=f287', 'https://phinf.pstatic.net/checkout/20210321_235/1616292245032opXDX_JPEG/review-attachment-fb02f887-293d-4a09-b296-2d6ac1571666.jpeg?type=f287', 'https://phinf.pstatic.net/checkout/20210325_295/1616643516704J6sff_JPEG/review-attachment-1de987d1-b5a1-41f3-834d-0348fd8cee4b.jpeg?type=f287']"
21.01.08.,5,"저렴하게 잘 샀습니다.
키스킨, 마우스까지 주셔서 추가비용없이 구매했네요.
윈도우 깔아서 잘 쓰고 있어요.
감사합니다.
그리고 모델분 성함이 어떻게 되시나요?
너무 이쁘세요~~~^^","['https://phinf.pstatic.net/image.nmv/shopnbuyer_2021_01_08_0/aa266670-5187-11eb-9ca7-48df379ccacc_03.jpg?type=f287', 'https://phinf.pstatic.net/checkout/20210108_39/1610092954749N87MN_JPEG/review-attachment-cffbcafa-3610-4f3d-a59f-45dd288af20e.jpeg?type=f287', 'https://phinf.pstatic.net/checkout/20210108_185/16100929546776XvVM_JPEG/review-attachment-96afae12-2804-4d21-a22b-79b684782420.jpeg?type=f287', 'https://phinf.pstatic.net/checkout/20210108_78/1610092957774XIG22_JPEG/review-attachment-fd697bad-20f4-4898-a74e-8f3ec83f1d7f.jpeg?type=f287', 'https://phinf.pstatic.net/checkout/20210108_99/1610092958072pUCoT_JPEG/review-attachment-e9e8fb29-8bc1-44ff-90bf-5ecc96645429.jpeg?type=f287']"
21.03.17.,5,"사은품으로 마우스와 패드, 키스킨, 그리고 추가로 윈도우10 설치 USB와 한컴오피스2020까지 받아서 너무 좋았습니다.
오늘 배송이 와서 사용해보고 있는데 아직 불편한 점은 없습니다.","['https://phinf.pstatic.net/checkout/20210317_250/1615968083623MpqBo_JPEG/review-attachment-ea05d51c-1f77-42f4-ab62-ef8a3b1d7afe.jpeg?type=f287', 'https://phinf.pstatic.net/checkout/20210317_25/1615968086890KhMfn_JPEG/review-attachment-99fbb8fc-a699-4809-9a30-4c28d140f7b4.jpeg?type=f287', 'https://phinf.pstatic.net/checkout/20210317_223/1615968090235BwLi0_JPEG/review-attachment-0a8c2629-32de-4fad-991d-bb9e303df8ca.jpeg?type=f287', 'https://phinf.pstatic.net/checkout/20210317_198/1615968093242vWAM4_JPEG/review-attachment-53243975-b3b5-4631-a8fd-3a4465229fe4.jpeg?type=f287']"
21.03.05.,5,"배송이 무척 빨랐구요
제조일이 2월이더라구요
최근생산제품이라 한번더 만족해요
딸아이 인강듣기위해 선물한건데 너무좋아하구요
사양도 적당히 좋아요
만족합니다 ㅋ","['https://phinf.pstatic.net/checkout/20210305_23/16149068114153jdp9_JPEG/review-attachment-5961c1f4-e3d8-481e-976a-aedeb15b4a8b.jpeg?type=f287', 'https://phinf.pstatic.net/checkout/20210305_187/1614906812586EYSkA_JPEG/review-attachment-f66010fa-739c-434c-a626-115141dd1a8a.jpeg?type=f287', 'https://phinf.pstatic.net/checkout/20210305_18/1614906813316wQ1by_JPEG/review-attachment-b9df1e88-95d6-4641-9e89-766943cdc66e.jpeg?type=f287', 'https://phinf.pstatic.net/checkout/20210305_68/1614906815109hLn9f_JPEG/review-attachment-0d5c4018-6c39-41c1-bd9c-346e6c487f7d.jpeg?type=f287']"
21.03.23.,5,"조아요 너무 조아요
색깔도 맘에 들구요
배송도 빨라요
포장상태도 굿이구요
속도가 굉장히 빠르네요
디자인도 조아요
타이핑도 부드러워요
정말 잘 선택한것 같네요
조아조아 넘 조아 베리베리 굿","['https://phinf.pstatic.net/checkout/20210323_68/1616495143728ObAqi_JPEG/review-attachment-a93af9eb-56c6-41ef-82c1-d93edec91f04.jpeg?type=f287', 'https://phinf.pstatic.net/checkout/20210323_84/16164951438270Jinn_JPEG/review-attachment-b0d232c1-7a1d-490c-9e34-aa7142e7d01b.jpeg?type=f287', 'https://phinf.pstatic.net/checkout/20210323_229/1616495143931JSrwE_JPEG/review-attachment-c1f1a210-85d5-4828-84a8-e39e6819afbc.jpeg?type=f287', 'https://phinf.pstatic.net/checkout/20210323_231/1616495143736oW7Vw_JPEG/review-attachment-9a6d99aa-27ad-45d3-9cc8-18e5bc9949d0.jpeg?type=f287']"
21.02.09.,5,아주 빠르고 이쁘고 심플해서 사무용으로 적합해요 여러가지 중고도 알아보고했는데 이게 제일 여버모로 봐도 합리적인거 같아서 구매했습니다 대만족,"['https://phinf.pstatic.net/image.nmv/shopnbuyer_2021_02_09_0/1f0a9eb5-6a8b-11eb-8169-246e963a464c_03.jpg?type=f287', 'https://phinf.pstatic.net/checkout/20210209_237/1612843121193nMdB4_JPEG/review-attachment-1867a1da-da2e-4902-871f-fcb539bcc1ff.jpeg?type=f287', 'https://phinf.pstatic.net/checkout/20210209_224/1612843121553h7jEN_JPEG/review-attachment-6035ca01-9322-4c6d-ad04-8f02e6323a08.jpeg?type=f287', 'https://phinf.pstatic.net/checkout/20210209_53/1612843121538OUjlr_JPEG/review-attachment-f34f5a5c-b25c-42bb-99bc-988bc1b6a6db.jpeg?type=f287']"
