"1,119,080"
date,star_point,comment,photo
21.03.07.,5,아이가 쓰던 노트북을 바꿔주기 위해 구입했습니다. 여기저기 검색하고 알아본 후에 제일 적당하다 싶어서 구입했습니다. 17인치와 둘 중에 고민하다가 15인치 결정했는데 받아보니 책상 위에서 학습용으로 쓰기 사이즈 딱 적당한 것 같아요. 선택 잘 했네요. 자판 누르는 느낌도 괜찮고 터치패드도 잘 먹히네요. 디자인도 깔끔하고 애초에 들고 다닐거 아니라서 본 제품을 선택하긴 했지만 이동시에는 무게가 좀 부담스러울 수 있지만 가끔 집 안에서 이동하는거라면 생각보다 그리 무겁진 않아요. 아이가 책상에서 쓰기 딱 좋네요. 화이트 색상이라 깔끔하고 이쁘네요. 이상없이 오~래 쓰면 좋겠어요. 만족합니다~!!,[]
21.03.06.,5,평소 낮은 사양쓰다가 욕심내서 나름 업그래이드해서 구매했어요아직 잘 돌아가고 좋아요근데 한가지 단점은 내가 원하는 프로그램을 깔아주는게 아니라서 좀...필요한 모든 프로그램을 정품구입해서 직접 까는게 힘들다보니 그부분이 아쉽습니다하지만 다른 부분은 성능이나 뭐 만족합니다기존 엘지노트북 쓰던거에 비해서 키보드 치는 느낌이 훨 부드럽습니다아참 고1아들래미 온라인수업때 최저사양에 겨우 턱걸이 한걸로 봐서 좀더 놓은 사양으로 샀어야 하나..싶지만 그러려면 금액이 올라가니 참..,[]
21.02.03.,5,집에있던 탭 고장나고 핸드폰으로 하긴 넘작아 급히 주문했어요. 그램이 가벼워서 구입하고 싶었는데 이동할일이 없고 휴대하고 다닐것도 아니고 초등학생이 쓰기는 과한거같아서 검색하다가 조금저렴한 울트라로 구입하게되었네요. 데스크탑쓰다가 노트북으로 온라인강의 들으니까 딸아이가 좋아하네요. 가성비 괜찮고 흰색이라 깔끔하고 이쁘네요. 사양도 온라인수업 듣기는 무난한것같아요,['https://phinf.pstatic.net/checkout/20210203_11/1612321711872ywpzS_JPEG/review-attachment-26aaa1ed-5df7-4389-b498-f0546a351292.jpeg?type=f287']
21.03.02.,5,"다들 아시다시피, 키판 터치감은 LG가 최고죠..2021년형 i5 11세대 모델, 빠르게 변화하는 전자제품 시장에서 최신형은 기본. 윈도우 기본 탑재되어 바로 사용 가능.포장도 완전 깔끔하게 잘 되어 왔어요.배송은 주문하고 다음날 택배도착 하였고요.(직접 수령을 하고 싶었는데, 코로나로 인해 대면수령이 안된다 하여.. 하루빨리 코로나에서 해방되길..)제품 개봉되어 오는게 싫어서 기본 사양으로 구매 했어요.나중에 부족하다 싶으면 램 추가나 외장하드 사용하면 되니까요.사용용도는 우선 인터넷강의 및 사무용(일러스트/포토샵도 사용 가능)기존에 사용하는 가방에는 안들어갈 것 같아 미리 사놓은 노트북 가방과 비교 해 봤는데, 쏘~옥 들어가네요.울트라PC 15U50P-GR56K 재고확보 i5 윈도우10탑재 노트북 대박나세요.",[]
21.02.03.,5,아이 인터넷강의 및 문서작업용으로 이것저것 검색하다가 상품뜨는거보고 한치의 고민두 없이 쿠폰사용하고 저렴하게 바로 구매했습니다! 인터넷강의 한다고 하여 급하게 주문하고 언제 올까했는데 주문하고 그다음날 바로 배송이 와서 다행이었습니다 주변에서도 LG꺼인데 저렴하고 좋은거 구매했다고 부러워들하네요 배터리가 약간 아쉽긴해도 가볍고 이쁘고 대만족 입니다,['https://phinf.pstatic.net/checkout/20210203_229/1612321311900dgmwY_JPEG/review-attachment-93537b1c-e24b-4b8c-8406-0caa9ff3c7e9.jpeg?type=f287']
21.02.18.,5,"이번에 같이 산 그램 2021 보다 더 조용해서 놀랐어요물론 성능 최적화도 그램이 더 잘되었다고 느껴지고 무게와 베젤두께를 포함한 전체적인 외관 면에서는 어느 정도 성능 중심의 노트북임을 감안해야 하지만요. 그래도 사람 욕심이란 게, 충전기 부피만 좀 줄여주지 싶더라구요...운영체제도 잘 설치되어 있고 깔끔하게 포장되어 잘 왔습니다.잘 쓰겠습니다~~",[]
21.02.11.,5,부모님 드리려고 고민하던중에 크게 가지고 나갈일이 없고 해서 가성비좋은 노트북을 알아보던중에 그나마 대기업인 lg로 정하고 이 모델로 정했습니다.부모님기준에서는 차고넘치는 성능입니다.물론 제가 썼을때도 성능이 월등하네요.11세대라서 그런지 집에있는 i7보다 훨씬 빠른듯한 느낌이 듭니다.배송도 매우 빠르고 판매자분의 고객응대도 너무좋았습니다.만족하고 추천합니다!!!!,[]
21.03.10.,5,"선물용 노트북을 구매하려고 이것 저것 찾아보던 와중에 이 모델을 발견했는데요. 정말 잘 찾은 것 같아요. 성능(최신형)도 좋고 디자인도 매우 잘 나왔습니다.가장 중요한 건 윈도우가 탑재되어 있다는 건데요. 그렇기 때문에 가성비도 좋게 느껴지고, 노트북 구매 후 설치 수고를 덜 수 있었습니다.그리고 꼭 이 업체에서 구매한 이유가 있는데요. 아무래도 온라인으로 적지 않은 돈을 들여 전자제품을 구매하는 만큼 신뢰감 있는 곳에서 구매하고싶은 마음이 컸어요. 그래서 제품 성능이나 배송관련(빨리 받았어야 했음) 문의도 할 겸 전화 상담을 했는데요. 정말 친절하고 유쾌하게 답변해주시고, 배송도 빠르게 도와주셨어요(당일 출고-다음날 수령).최지호님 감사드려요 :) 덕분에 흔쾌히 구매할 수 있었습니다.",[]
21.03.04.,5,아이폰이 비활성화되어서 진짜 어쩔 수 없이 구입했는데 바로 발송해주셔서 감사해요~ 컴터는 잘 모르는데 그냥 깔려있는거 사라는 동생말에 그냥 질렀어요^^;; 그런데 색감도 좋고 키보드도 괜찮고 소리도 일부러 틀어봤는데 너무 괜찮네요^^ 다른 부석품들은 없었지만 그래도 만족합니다,[]
21.02.03.,5,"컴알못인데 윈도우가 설치되어 있어서 바로 사용할 수 있는 점이 좋았습니다. 속도도 빠르고 생각보다 무게도 가벼웠습니다. 화면이 시원하게 큰 것도 좋습니다. 가격도 적당하면서 성능도 괜찮습니다. 인터넷서핑,인강,업무 등 문제없이 잘 사용할 것 같습니다",['https://phinf.pstatic.net/checkout/20210203_52/1612321658659jVMin_JPEG/review-attachment-06f772e1-81a6-4b3a-87d3-2d668bbeb1b9.jpeg?type=f287']
21.03.03.,5,배송빨랐고 디자인도 이뻐요 생각보단 무겁긴했는데 그램이 아니니까요 처음에 배터리 충전을 했는데 0퍼라고 뜨면서 전원이 안켜져서 교환해야되나 했는데 다시 충전하니까 잘되네요 빠르고 사은품으로 받은것도 맘에 들어요 오래쓰겠습니다!,['https://phinf.pstatic.net/checkout/20210303_85/1614741570579s5Xnw_JPEG/review-attachment-c816136f-fe10-46e7-8b57-792df41f0247.jpeg?type=f287']
21.03.18.,5,가성비대비 최고의 랩탑인듯요. 진짜 오프라인의 70%수준의 가격과 os장착 및 추가 옵션이 있긴했지만 속도 화면시인성 발열소음 진짜 좋게 잘샀네요. 대학생아들용인데 너무 맘에들어하고. 사장님의 응대도 너무 감사드립니다.,[]
21.03.24.,5,집 노트북이 오래되어 게임 않는 사무&학습용으로 알아보다가 이 모델이 적당한 것 같아 구매했습니다. 한글 프로그램도 있어 학생들에게 유용합니다. 상품 공지에는 실구매가 94만이던데 조건이 부족한지 98만원대에 구입한 게 좀 아쉽습니다.,[]
21.02.03.,5,"엘지 노트북 좋은가격에 잘 구입했습니다. 그동안 열심히 검색한 결과 i5노트북 중 가성비가 제일 좋은거 같아 구입했는데, 잘 산거같아요. 다만 흰색이라 때 탈까봐 조심스러워요~ 컴알못이라 수입노트북은 a/s 때문에 부담되어 엘지 선택했는데 좋은결정였던거 같아요. 바탕화면 빠르게 열리고, 화면도 시원하고 색상도 선명하고 좋아요. 배송도 결제 후 다음날 바로 받아서 상품도 배송도 마음에 들어 기분이 좋아요.",['https://phinf.pstatic.net/checkout/20210203_134/1612322214962MpJCC_JPEG/review-attachment-9e4eb1cb-b2e1-4c04-a4b0-466766ceaea2.jpeg?type=f287']
21.02.22.,5,선마저 흰생의 깔맞춤을 한 엘지노트북여자아이 쓰기 넘나 깔끔하고 좋네요그램이랑 고민하다 이걸로 샀는데아주 잘한 선택 같습니다바깥에서는 아무래도 패드나 핸드폰 사용이 더 많겠다 싶어 저렴하게 이걸로 구입했어요선택 후회없도 제품 가볍고 넘나 좋아요,[]
21.02.03.,5,주문하고 담날 바로 받았어요 배송 진짜 빨라요!! 노트북 갖고 싶어서 할인하는날 기다리다가 제일 싼 것 같아서 바로 구매했네요!ㅎㅎ 색상도 선명하고 화이트 색깔도 이쁘고 큼직하고 맘에 들어요 무게는 좀 있어서 가지고 다니긴 힘들겠지만 전 어차피 집에서 쓸거라 상관없어요 포장도 잘되있고 사은품도 잘 받았습니다~~ 이제 퇴근하고 하루종일 노트북만 할 것 같아요ㅋㅋ,['https://phinf.pstatic.net/checkout/20210203_123/1612321426573aeNpD_JPEG/review-attachment-cac71410-3628-4dd8-95d1-ada33be401ae.jpeg?type=f287']
21.03.13.,5,칼배송.. 급하게 부랴부랴 산 건데 구입한 다음날 도착해서 겁나 감동했고요 운영체제 별도로 구매해서 설치할 재주는 없어서 포함된 놋북 찾다보니까 이거 구매하게 됐네요 화질도 선명하고 화면도 크고 디자인도 예뻐요 반응속도도 빠르구요,[]
21.02.07.,5,"아이 수업때문에 몇개월전부터 고민하다가 구입했어요.대리점 가니 그램만 있고, 같은 사양이래도 가격대도 비싸더라구요. 21년형이라 더 좋구요~쿠폰써서 조금이라도 저렴하게 사서 너무 좋고 배송도 하루만에 와서 놀랐어요^^ 별탈없이 오랫동안 썼으면 합니다.",[]
21.02.26.,5,"와~~ 이 노트북 가성비 최고입니다~ 총알배송으로 왔고요~ 정말 후회없는 선택이네요~ 삼성 노트북과 계속 비교했는데 가격대비 월등해요~ 가방,마우스,마우스패드도 잘 왔어요~ 지인들한테도 권유했더니 너무 좋다고 하네요^^ 판매자님 대박 나세요~~",[]
21.03.16.,5,안에 마크있는부분에 모가 묻어왔는데 다행이 지워지네요 마크있는부분은 자국이 남았는데 그냥쓰려고합니다 흰색인데 외부표면에는보내기전에 한번확인하고 보내주셨으면좋았을텐데 아쉽네요 포장도 약간허술하게 보내주셔서 이상없기를바랍니다 그외에는 예쁘고 만족합니다,[]
21.02.28.,5,"11세대 i5에 윈도우10이 포함된 노트북을 다른 곳 보다 아주 저렴하게 구매해서 아주 만족합니다. 새상품을 받고 한가지 불안한 점은 택배로 배송되었는데 배송과정에서 함부로 던졌을까봐 그래서 노트북에 이상이 생길까봐 걱정이되네요!! 퀵서비스로 배송받을걸 하는 후회도 됩니다!! 하지만 그렇게 하지는 않았겠지요? 믿고 싶습니다!!!
이점만 빼면 아주 좋아요, 흰색이라 예뻐서 아이도 좋아하네요^^ 입학선물로 최고입니다!!!",[]
21.02.18.,5,우선 외관이 너무 이뻐요흰색이고 윈도우 깔려있어서 받자마자 사용 가능해서 좋아오ㅡ중학교 들어가는 아들 선물해주니 너무 좋아하고 소음도 없고 화면이크고 화질도 선명하고 깨끗합니다속도도 이정도면 굿굿굿많이파세요,[]
21.02.10.,5,"우선, 구매 후 이틀만에 도착했습니다. 큰딸아이 인강 및 학습용으로 사줬는데, 우선 그래픽이나 음향에서 만족도가 높습니다. 디자인도 많이 다듬어진 느낌이라서 맘에 듭니다.또한 멀리 태스킹으로 음악이나 넷플릭스를 보는데도 전혀 문제가 없습니다. 몇년은 이대로 가도 될 것 같습니다.",[]
21.02.27.,5,원래 사려고 했던 모델인데 할인 마지막날 운좋게 싸게 구매했어요~할인율이 높아서 원래 생각했던 가격에 비해 돈 엄청 절약한것 같아서 기분이 좋습니당대학교 입학하는 남동생 노트북 구매한건데남동생도 마음에 든다고 하네요~배송 빨라서 좋았어요,[]
21.03.12.,5,일단 노트북 정말 잘받았습니다 박스는 윈도우까신다고 까져있는거죠?? 배송은 그야말로 미쳤습니다 설마설마 했는데 다음날 바로 올줄몰랐구요 심지어 오전에... 로켓배송저리가라입니다. 노트북도 켜보니 빠릿빠릿하고 화면넘김도부드럽고 정말 좋습 니다 . 써봐야알겠지만 불량은 없었으면 좋겠네요,[]
21.02.25.,5,"가격저렴하게 구매한거같네요..사용해보니 속도도 빠르네요 오피스프로그램은 구매해서 사용해야네요!! 그래도 가격이 저렴합니다. 램은 업그레이드했습니다 기본사양만으로도 문서,인터넷서핑,동영상 시청은 충분할거같아요~",[]
21.02.26.,4,"배송 빠르고 디자인 깔끔하고 예뻐요~ 초등학교 입학하는 아들의 4월의 과제하기 위해 미리 구입했는데, 2021년 1월 제품이고 가벼워서 저렴히 구입했다 생각하려 해요~ 근데 노트북만 LG제품이고 콘센트는 중국산을 보냈네요ㅡ.ㅡ;; 콘센트는 LG에서 생산 안하나요? 이윤을 더 챙기려고 중국산 콘센트를 보냈나 싶네요~ 추가구입한 마우스, 노트북파우치도 중국산이고ㅡ.ㅡ 리뷰이벤트 상품도 2개로 줄었네요~ 노트북가방 하려고 했는데ㅠㅠ",[]
21.03.15.,5,아이들 온라인수업때문에 노트북사야하나 고민하고 알아보다 가성비좋은것같아 11절 할인많이할때 구매했어요~^^ 컴퓨터 잘모르지만 속도도빠르고 좋은것같아요. 문의사항도 바로바로 피드백해주시고판매자님 친절하시고 배송도 빨랐어요~^^,[]
21.02.22.,5,아이들 온라인 수업할 때 사용할려고 고민고민하다가 결정했습니다. 화면도 크고 해상도도 선명합니다. 속도도 빠르네요. 윈도우도 깔려있어서 신경안써도 되고 저는 만족합니다. 시간여유있으면 방문해서 받아오는 건데 택배로 받았고 안전하게 도착했고요. 아이들도 만족해 합니다.,[]
21.03.15.,5,"몇가지 사소한 문제가 있긴 했지만 친절하고 빠르게 응대해 주셔서 잘 해결했습니다ㅎㅎㅎ집에두고 쓸 요량으로 가성비 제품 찾았는데,진짜 빠르고 좋네요. 켜는데1초, 끄는데1초에요.콘센트 빼고는 또 들고 다닐만도 하네요ㅎ 화면크고 시원해서 좋아요, 디자인도 예뻐서 만족합니다 ♥",[]
21.02.18.,5,"연휴동안 취소 재주문 신속하게 응대해주셨고,배송받고 ssd 설정못해서 고객센터에 전화했는데정말 친절하게 대해주셨어요. 10년된 노트북으로 작년에 온라인수업하느라 힘들었던 아이에게 신학기선물했습니다.윈도우설치되어 편리하네요",[]
21.03.23.,5,"가성비촤고
가벼워요
배송빠름","['https://phinf.pstatic.net/checkout/20210323_123/1616488697631igInY_JPEG/review-attachment-72847d02-6b53-4b75-9abe-d9cc60a50c2a.jpeg?type=f287', 'https://phinf.pstatic.net/checkout/20210323_30/1616488707155IjGnT_JPEG/review-attachment-43f1d294-b317-40bc-8d32-0f01c5d3fbc4.jpeg?type=f287']"
21.03.16.,5,배송은 빠르게 왔네요~ 엄청 검색해보고 구매했는데 싸게 잘산것같네요~,"['https://shopping-phinf.pstatic.net/20210318_4/e32312f4-1080-4e20-9e85-31f43bc2c13c.jpg?type=f287', 'https://shopping-phinf.pstatic.net/20210318_14/64e1ef42-691e-40d7-8153-fef7cda98dcc.jpg?type=f287']"
21.03.24.,5,제가 컴주린이여서 이것저것 물어보고 했는데도 아주 친절하게대답해주셔서 감사합니다 메모리도추가했는데 이것도 제대로 맞게 해서 왔더라고요~~ 감사합니다 잘쓸게요,"['https://phinf.pstatic.net/checkout/20210324_194/1616574719912uLoXz_JPEG/review-attachment-e9cb844e-8ff2-4cfd-b285-64ca7495d24c.jpeg?type=f287', 'https://phinf.pstatic.net/checkout/20210324_27/1616574788099eowSA_JPEG/review-attachment-3c154355-2b30-4efd-aa26-3283bc824999.jpeg?type=f287']"
21.03.14.,5,부모님 사용하실 노트북으로 주문했는데 하루만에 총알배송이 왔네요 부모님 사용하시기 아주 좋고 제가 쓰고 싶을 정도네요 ㅎ 키스킨 마우스 파우치 같은 사은품이 없어서 아쉽지만 저렴하게 산걸로 만족합니다!,"['https://shopping-phinf.pstatic.net/20210316_1/461142dd-fb36-46bc-ae55-8af9da95e1ed.jpg?type=f287', 'https://shopping-phinf.pstatic.net/20210316_15/d88ef82b-6742-4990-84ab-bbca6b6e4180.jpg?type=f287']"
21.03.18.,5,중학생 온라인 수업용으로 좋아요~ 아들이 고맙다고 하네요ㅎㅎ 키스킨이랑 마우스 추가하길 잘했어요 추천합니다~,['https://shopping-phinf.pstatic.net/20210320_17/1a4c34cf-876d-4e6f-88be-934b7c2827d4.jpg?type=f287']
21.03.23.,5,믿고보는 엘지 제품 아닙니까? ^^ 노트북 외관도 화이트라서 엄청 이뿌구요 무게도 가볍고 무엇보다 인터넷 속도도 빠릅니다~ 사은품도 잘쓸께요~~~~^^♡ 앞으로도 가전은 엘지로~^^,['https://phinf.pstatic.net/checkout/20210323_289/1616483135193YEphi_JPEG/review-attachment-00fbb15e-cef4-47af-81cf-f41ec938a726.jpeg?type=f287']
21.03.13.,5,깔끔한 디자인이 마음에 들어 구입한 #LG노트북 필요한 스펙으로 맞춰 #15U50P-GR56K 모델을 선택했는데 매우만족해요! 서비스로 주신 한컴오피스가 누락되어 문의남기니 바로 연락주시고 발송해주셨어요,['https://shopping-phinf.pstatic.net/20210315_2/90314b35-c270-4f33-8b42-1970ae3c67e2.jpg?type=f287']
21.03.25.,5,중학생3학년 아이 온라인 수업용으로 구매했어요. 사이즈도 좋고 아이가 쓰기엔 너무좋아요,['https://shopping-phinf.pstatic.net/20210326_12/1036d3a3-3fb1-497a-8870-cd7b6c52c516.jpg?type=f287']
21.03.16.,5,배송은 2일 걸렸고 주로 문서직업하는데 빠르고 좋아요,['https://phinf.pstatic.net/checkout/20210316_78/1615878259877sGSHR_JPEG/review-attachment-f42d46f0-7ef8-4910-a031-fb140c56896e.jpeg?type=f287']
21.03.18.,5,지금 돌리고 있는데 너무너무 행복합니다!,['https://phinf.pstatic.net/checkout/20210318_74/16160672768238FR3p_JPEG/review-attachment-0a3dfdac-1e30-4ad5-a7da-01944c146906.jpeg?type=f287']
21.03.17.,5,"램 추가 ssd 추가해서 구매했습니다. 배송은 하루걸렸구요. 박스에 잘 담겨왔네요:)

교체 ssd 는 사실 별로 기대 안했는데 삼성제품으로 온것 같습니다. 감사합니다.",['https://phinf.pstatic.net/checkout/20210317_76/1615964771446U7CEF_JPEG/review-attachment-5d1f5681-1800-4365-a44a-7ea00a073f7f.jpeg?type=f287']
21.03.22.,5,"배송 착실하게 잘오고 제품에 이상 없었습니다.
SSD도 업글 요청했는데 문제 없었습니다.",['https://phinf.pstatic.net/checkout/20210322_123/1616379794859JvLPo_JPEG/review-attachment-871094ad-8a72-47b7-aba6-3c3cee7c0ffe.jpeg?type=f287']
21.03.06.,5,배송 겁나 빠르고 노트북고 큼직빠릿해서 좋네여 무게도 생각보다 안무겁고 여러모로 그램이 부럽지 않네여,['https://phinf.pstatic.net/checkout/20210306_280/1615017575905xoa0T_JPEG/review-attachment-b1d17cf1-79aa-4fe6-92fa-9641ac63525c.jpeg?type=f287']
21.03.07.,5,동생이 대학을 가게 되어 선물했는데 너무 좋아했습니다◡̈,['https://phinf.pstatic.net/checkout/20210307_173/1615088221592UpQkJ_JPEG/review-attachment-81bbcc92-0dca-47d0-ad55-62b09193b39c.jpeg?type=f287']
21.03.06.,5,대학교 새내기용으로 하나 샀는데 좋네요 ㅎㅎ,['https://phinf.pstatic.net/checkout/20210306_15/161501003979835Sqg_JPEG/review-attachment-7c50e321-308a-4764-b6d9-78c276fc47dc.jpeg?type=f287']
21.03.12.,5,배송빠르고 업무용으로 잘사용하고있습니다.,['https://phinf.pstatic.net/checkout/20210312_154/1615533381294TeYtE_JPEG/review-attachment-585a948a-474e-4799-a6d3-5e6737ee4814.jpeg?type=f287']
21.03.05.,5,"튼튼하게 포장, 빠른 배송, 성능도 좋아요~^^",['https://phinf.pstatic.net/checkout/20210305_18/16149481068989ILra_JPEG/review-attachment-26282943-6b2f-43ed-8aba-5808319a4d10.jpeg?type=f287']
21.03.06.,5,빠룬배송감사합나다.만족합니다 ^~,['https://phinf.pstatic.net/checkout/20210306_156/1614995964772VrfuU_JPEG/review-attachment-8315c098-3c74-4c4a-9fa9-31e8f141a8cc.jpeg?type=f287']
21.03.04.,4,"누워서 유튜브 보면서 리뷰 작성합니다.
일단은 쓰는데 별 문제 없고 잘됩니다.",['https://phinf.pstatic.net/checkout/20210304_195/1614868837166ApBSH_JPEG/review-attachment-b8b12418-42a2-4b90-b366-b5aac384956a.jpeg?type=f287']
21.03.13.,5,"배송이 빨라서 좋아요..
제품도 깔끔하고 가벼워서 사용하기 좋을 것 같아요..",['https://phinf.pstatic.net/checkout/20210313_143/1615638321526gG6Lm_JPEG/review-attachment-d7609605-c230-41ff-a358-70ad7e5a50d2.jpeg?type=f287']
21.03.07.,5,가성비 좋은듯 합니다,['https://phinf.pstatic.net/checkout/20210307_22/16150892307048vvB1_JPEG/review-attachment-f24e3a95-7129-4cf5-90b6-dabe61fdb7ea.jpeg?type=f287']
21.03.11.,5,조하요 좋아요~^^,['https://phinf.pstatic.net/checkout/20210311_164/1615466740292MFoEh_JPEG/review-attachment-80ac21e4-12b5-4a56-8474-ae05f0f3c2a2.jpeg?type=f287']
21.03.23.,5,배송도 빠르고 잘받았습니다! 한컴도 잘받았어요ㅎㅎ,['https://phinf.pstatic.net/checkout/20210323_82/1616487987328UkPP4_JPEG/review-attachment-bd67571a-76ae-47ef-aa2a-16f222538b69.jpeg?type=f287']
21.03.12.,5,사무용으로 잘사용하고있습니다. 감사합니다.,['https://phinf.pstatic.net/checkout/20210312_65/1615533415817wJyl6_JPEG/review-attachment-632fb433-9f7d-4776-9ca8-88242c5530b6.jpeg?type=f287']
21.03.25.,5,"가격좋아요
배송좋아요",['https://phinf.pstatic.net/checkout/20210325_162/1616625845057P9oiO_JPEG/review-attachment-8c26834e-424c-418c-935e-6f518ca10394.jpeg?type=f287']
21.02.23.,5,"배송이 빠릅니다. 서울은 무료 퀵도되고 좋아요.
회사 업무용으로 산건데 가성비 좋은 제품받아서 좋습니다.
개인용으로도 추가 구매할까 생각중이예요.",['https://phinf.pstatic.net/checkout/20210223_221/16140386966729Qy0R_JPEG/review-attachment-3261fbe8-4888-44f1-b081-7836636624eb.jpeg?type=f287']
21.02.27.,5,LG노트북 참 좋아요 좋아. 인텔i5로 인터넷 속도 짱 입니다. 좋은상품 싸게 잘 샀어요^^,['https://phinf.pstatic.net/checkout/20210227_195/1614380129602n8nYA_JPEG/review-attachment-43c666cb-86d8-4351-b3c2-4e65841c4f1f.jpeg?type=f287']
21.02.28.,5,"흰색이라깔끔하구
윈도우포함이라 켜자마자 편하게쓸수있었어요",['https://phinf.pstatic.net/checkout/20210228_68/1614506458465Wp9vY_JPEG/review-attachment-d7bf87fa-03fc-482e-880f-60e893d17b39.jpeg?type=f287']
21.02.04.,4,좋아요좋아요 요새 배송이 좀 늦어서 바로는 아니지만 집에서 쓰기 좋은거 같아요,['https://phinf.pstatic.net/checkout/20210204_145/1612419881348RArTO_JPEG/review-attachment-4ad913dd-7c1f-4c40-9000-3a282907cb1e.jpeg?type=f287']
21.03.17.,5,비싼제품 인터넷으로 구입하기가 조심스러웠는데이중으로 포장돼서 배송오는거보고마음이 놓였네요노트북이랑 같이 보낸 옵션들도 잘 사용하고 있어요담에도 가전제품 여기서 구매해야겠어요,[]
21.03.23.,5,엄청 고민하다 구매 했는데 너무 좋으네요~ 발열도 없고 팬소리도 조용하고 학생인 저의 딸이 사용하기엔 금상첨화인듯 합니다. 잘쓰겠습니다.,[]
21.03.20.,1,구입 3일만에 전원이 안들어와서 AS센터 가니 메인보드 고장으로 교환 환불해야한다고 하네요.싼게 비지떡입니다. 구입 추천드리지 않습니다.,[]
21.03.17.,5,2주동안 고민한 끝에 구매했습니다. 2021년에 출시한 제품이고 ram 8 ssd 256인 제품 가성비 노트북이라 만족합니다. 느린 노트북 쓰다가 새제품쓰니 빠르고 좋아요! 키보드 자판도 오른쪽에 있어서 편합니다. 추천합니다.,[]
21.03.15.,5,배송 엄청 빨라요 하루만에 왔어요 노트북 금방 켜지고 소리도 생각보다 조용하네요 노트북 알아보고 있었는데 세일하길래 바로 구매했어요,[]
21.03.16.,5,배송 안전하게 잘 받았습니다. 방금 실 사용해봤는데 아무런 문제 없이 잘 됩니다. 많이파세요,[]
21.03.20.,5,빠른 배송 감사하고 사무용으로 성능 만족입니다.,[]
21.03.15.,5,"제품도 좋고, 배송이 엄청나게 빠르게 오네요",[]
21.03.22.,4,아이들 줌 수업용으로 아주 만족스럽습니다,[]
21.03.20.,5,"상품이 빠르게 배송되었습니다.
가정에서 가벼운 업무 하기엔 충분해 보입니다.",[]
21.03.18.,5,가성비 최고의 제품매우 만족합니다.,[]
21.03.18.,5,아이 원격수업용으로 구입했습니다. 배송은 좀 느렸지만 상품은 만족합니다~,[]
21.03.24.,4,빠르고 사용하기 편하고 좋아요,[]
21.03.16.,5,너무좋아요 가성비도 좋인ㅇ노,[]
21.03.18.,5,아이 온라인수업용으로 구입했어요. 11번가 가격 좋았고. 성능도 이정도면 충분하네요. 배송도 빠르고 윈도우 있어서 바로 사용할수 있어서 매우 만족입니다.,[]
21.03.10.,4,엄청 빨리 배송해주셔서 빨리 받았습니다. 윈도우포함된 노트북이라 전원키고 세팅하고 바로 사용중입니다. 화이트색상에 블랙베젤..... I5 제품에 8G램이라 되게 빠릿빠릿하네요. 성능도 좋고 디자인도 마음에 들고요..,[]
21.03.21.,5,매우만족합니다. 좋아요,[]
21.03.16.,5,좋은제품 감사합니다.,[]
21.03.21.,5,매우만족합니다. ^^,[]
21.03.16.,3,그 가격대로에요,[]
21.03.21.,5,가볍고 조용해요,[]
21.03.18.,4,만족합니다.,[]
21.03.15.,5,쓰던 노트북이 오래돼서 새로 구입하게됐는데 너무 만족스럽네요~기존 노트북이 검정색이라 이번에는 흰색으로 구입했는데 너무 예뻐요,[]
21.03.16.,5,노트북은 가성비 가성비 하는게 실감이 납니다. 사용감이 아주 편리 하고 좋네요 가격도 마음에 들구요,[]
21.03.17.,4,상자에 취급주의 표시가 있었음 해요상자를 '쿵' 내려 놓으시던데 깜짝 놀랬어요ㅠㅠ배송은 당일 출발하긴 했는데대한통운에서 넘 오래걸렸어요,[]
21.03.07.,5,대학생 딸이 필요해서 주문했어요할인받아서 착하게 잘 산거같구요성능은 좀 더 써봐야 알겠지만배송도 빠르고 현재로선 만족합니다.,[]
21.03.09.,5,"온라인 수업때문에 급하게 구매했어요.무엇보다 총알 배송이 맘에들었고, 실제로 받아보니 화이트에 너무 이쁘네요! 대만족합니다",[]
21.03.17.,5,"잘 받았습니다
디자인도 예쁘고.....
심플하고..
맘에 쏙 듭니다
감사합니다",[]
21.03.23.,5,사장님 친절하게 답변해주시고 상품도 잘 도착했어요 오래 잘 사용하겠습니다,[]
21.03.09.,5,브랜드네임에 스펙에 디자인에 다만족해요 중학생아이가 쓰기에 넘 좋네요~^^아이도 마음에 들어해요 할인할때 구매해서 더 좋은가격에 산것 같아요~,[]
21.03.19.,5,좋은 제품이네요 가방이 없네요 마우스도 없구요 제품은 잘 됩니다,[]
21.03.09.,4,엄청 빠르다 하긴 그렇지만 느리지 않고 적당히 배송오고 결점하나 없이 깔끔하네요,[]
21.03.11.,5,무난하게 업무용으로 구매했어요. 기본 구성품에 한컴오피스까지 좋네요. ^^,[]
21.03.12.,4,포장상태 양호하지만 박스겉면에파손제품스티커있었으면 합니다.성능좋구요 전체적으로 맘에 듭니다.배송도 빠름니다.,[]
21.03.15.,5,"배송 친절하게 잘 안내받았습니다.
좋은사양 저렴하게 잘 산거 같아요. 애들이 엄청 좋아합니다. 잘 쓰고있습니다. 번창하세요.",[]
21.03.13.,5,반품하고 재구매하느라 번거로웠지만 빠른 대응해주셔서 감사합니다~,[]
21.03.03.,5,그램보다는 무겁긴 해도 사양은 좋아요. 그것에 비해 가격은 저렴해서 좋아요. 가지고 다닐게 아니기 때문에 구매했어요. 빅세일때 구매해서 지인짜 저렴하게 잘 샀어요.,[]
21.03.08.,5,중학교 입학선물로 구매하였습니다.오늘 온라인 수업해봤는데 좋으네요.이쁘네요,[]
21.03.07.,5,아이 공부때문에 구매 했는데 정말 좋아요,[]
21.03.05.,4,켜보지는 않어자만 받아보니좋네요ㅔ,[]
