"984,400"
date,star_point,comment,photo
21.03.17.,5,애가 학교들어가서 이제 컴퓨터가 있어야할것 같아 일주일을 검색했어요 컴퓨터를 잘 몰라서...집에서 쓸거라 울트라가 가성비 괜찮더라구요..그중에 여기가 가격도 제일 좋고 파우치랑 같이 판매해서 주문했어요..하루만에 바로 받아서 윈도우설치하고 했는데 잘됐어요..계속 별 문제없이 잘 쓸수있음 좋겠어요~,['https://phinf.pstatic.net/checkout/20210317_253/1615988638665QdQaH_JPEG/review-attachment-1e132398-aec5-4070-a029-63f4b20bd244.jpeg?type=f287']
21.02.26.,4,대학 신입생 딸아이 사용하려고 주문했어요.집에서 동영상 강의와 온라인 수업때 사용하던 그램이 있지만 3년전에 구매한 상품이라 저렴하면서도 괜찮은 상품 찾다 득템했네요.사용전이라 성능은 잘몰겠지만 눈에 보이는 것만으로 평가하자면 배송은 이중 박스포장으로 배송해주셨지만 기사님이 노트북인지 모르셨는지 현관앞에 던지고 가셔서 놀랐는데 다행히 파손은 없었어요. 그램에 비해 화면이 커서인지 약간 무거운 감은 있지만 가격 생각함 만족이예요.카드할인 받으려고 주문 취소했는데 판매자님이 바로 처리해주시고 상품에 대한 답변도 바로 해주셔서 저렴한 가격에 구매했어요. 개학과 개강때문에 노트북 배송이 늦어져 개강전에 못받을줄알았는데 3월전 배송되어서 다행이고 빠른 배송 신경써주신 판매자님 감사합니다.,[]
21.03.13.,1,"개고생했어요ㅠㅠ 받고 담날에 바로 메인보드 불량. 토욜에 짬내서 lg서비스센터 방문했는데 구매처에서 먼저 교환환불 알아보고 혹시 안된다고하면 연락달라고함(램,cpu 업글했는데 말이 이 모델전용이지 그냥 호환만되는 엘지랑은 1도 상관없는 제품임, 이부분때메 기사가 구매처에 먼저알아보라한듯) 월요일은 삼일절휴일이라 7일이내 환불기간인데 넘을까봐 화욜에 불량의견적힌 내용이랑 같이 판매처로 반품하고 글남김→ 여기서 전화와서 서비스센터에 기록남으면 거기서만 교환환불 가능하다고 함. 근데 그러면 교환반품 안내서에 기재해줘야 하는거 아닌가? 나는 이미물품보냈고 결국 업글한 부분만 여기서 환불하고 본품은 서비스센터로 다시 택배보내서 환불받음. 짜증나서 엘지서비스센터 본사 연락해봤는데 정책자체가 원래그렇다니 이해는하는데 그러면 구매시에 그 부분을 명시해줘야하는것 아닌가요? 그리고 운이좋아 업글부분 환불받았지만 업글부분은 센터에서 환불안될수있을것같아요. 또 센터에 재고도 없어서 교환도 안된다함.",[]
21.03.08.,5,"11세대 가격 특가라 좋았습니다..그전 세대 까지 LG는 노트북 가방을 기본으로 제공 했는데.. 이번세대에는 없네요...빈 박스로 공간만 메워져 있더군요... 판매처에서 제공해주신 무선마우스외에는 대기업 제품이라 보기에 초라할정도로 구성품이 빈약하네요,,",[]
21.03.19.,5,"개인용으로 유튜브, 간단한 작업을 하려고 구입했는데 만족합니다. 비슷한 시기에 구입한 타사 60만원대 모델은 속도나 발열은 비슷하지만 본 제품은 소음도 덜하고 화면이 더 깨끗하고 선명하네요 화면이 특히 맘에듭니다. 눈도 덜 피곤한거 같고.",[]
21.02.20.,4,"상품은 만족합니다만 옵션추가한 부분에 대해서 많이 아쉽습니다ssd 용량 512로 69,000원 추가하였는데기존에 있던게 아마 삼성 PM981a M.2 NVMe 256g(다나와 최저가 48,220원) 대략 비슷한 상품(아마도 삼성벌크제품)으로 교체 삽입하실꺼라 생각했지만ESSENCORE KLEVV CRAS C710 M.2 NVMe 512g (다나와 최저가 70,890)뭐 ssd자체가 나쁘진 않은데 이해하기 힘든 가격정책이네요.역시 그냥 노트북만 사고 나머지는 직접하는게 아니면 따로 사서 맡기는게 차라리 나을 것 같습니다.",[]
21.03.01.,5,하나 사야지 하고 생각만 하다가 이것저것 알아보기도 귀찮아서 빅스마일 데이 인기상품중 저렴한 제품에서 골랐는데 생각보다 이뻐서 좋네요.여자 아이가 쓸거라서 이쁘고 이름 좀 들어본 회사면 그냥 끝이라 ㅎㅎ할인받고 빠른 배송까지... 잘 쓸게요...,[]
21.03.09.,5,"배송 완전 빠르고, 제품도 예쁘고 성능도 좋아요.집에있는 데스크탑 느려서 엄청 인내하며 쓰고 있는데,요 녀석은 속도가 눈 깜짝 할 정도로 빠르니 너무 좋아요.사은품으로 주신 마우스도 깔맞춤으로 터치감도 좋아요.원하는 제품사양 다 맞춰서 살수 있어서 좋았습니다.고맙습니다.ㅡ^^ 잘 쓰겠습니다~",[]
21.03.05.,5,"안녕하세요. 초등학교 5학년 줌수업용으로 사용하고 있는데 정말 좋습니다.LG/삼성 제품이 A/S 부분에서 강점이기는 하나 가격부담이 있어서 한성컴퓨터 제품을 알아보던중 쿠폰등으로 저렴하게 구입할 수 있어서 득템이라고 표현하면서 구매했고, 아주 잘 사용하고 있습니다.큰애가 주로 사용하는데, 만족도가 매우 높습니다. 감사합니다.",[]
21.03.13.,4,"메모리 업그레이드, 사은품, 노트북 안전포장.","['https://phinf.pstatic.net/checkout/20210313_163/1615614645655c3j3a_JPEG/review-attachment-5ef1b2e1-cbea-45f5-8e4d-e485352024f2.jpeg?type=f287', 'https://phinf.pstatic.net/checkout/20210313_207/16156146658998tstw_JPEG/review-attachment-b7119395-c341-48ff-a96d-730abb6f302c.jpeg?type=f287', 'https://phinf.pstatic.net/checkout/20210313_298/161561468051444PQg_JPEG/review-attachment-7ac67f09-f032-4ff5-9cb4-47a6e524fe54.jpeg?type=f287']"
21.03.04.,5,"빠르게 배송되고 성능도 좋아요!
이쁜건 뽀나스
자판 누르는 감도도 편합니다","['https://phinf.pstatic.net/checkout/20210304_269/1614852411150EM8m2_JPEG/review-attachment-34dcae31-4d60-4741-b14f-9017eedf05b0.jpeg?type=f287', 'https://phinf.pstatic.net/checkout/20210304_141/1614852422229EdgO7_JPEG/review-attachment-d2014033-c055-4726-8723-70cce5605689.jpeg?type=f287']"
21.02.05.,5,"집에 있는 삼X과 비교할때, 사양은 비슷하지만 화면이 역시 엘지가 마음에 듭니다. Ssd카드를 추가해서 구매했어요~~","['https://phinf.pstatic.net/checkout/20210205_47/1612522522281k8fLk_JPEG/review-attachment-7861ea77-96d1-4ac3-b077-1abdf3011c0c.jpeg?type=f287', 'https://phinf.pstatic.net/checkout/20210205_116/1612522584522mzrIO_JPEG/review-attachment-30c42f1a-00d0-4c80-a011-6e23f2ca5c4b.jpeg?type=f287']"
21.03.15.,3,다른데보다 좀 비싸지만 엘지공식판매점이라서 구매했어요.,['https://phinf.pstatic.net/checkout/20210315_159/1615767707576fCClf_JPEG/review-attachment-2f088ca7-fc9c-48c8-949d-f7d3d2c1db32.jpeg?type=f287']
21.02.24.,5,첫 OS설치시 스피커가 나오지 않아 당황했던 거 그리고 약간 무게감 있는 거 두 가지 빼고는 상당히 만족하며 사용 중입니다. 최신기종이라 윈도우10 업데이트를 전부 마친 후 PC 완전종료가 필요하더라고요.,['https://phinf.pstatic.net/checkout/20210224_177/1614129657999iRdfy_JPEG/review-attachment-dbeb47b1-e2fe-4c99-822a-11da26c8b733.jpeg?type=f287']
21.03.05.,5,가성비 갑인것 같아요 가볍고 빠릅니다,['https://phinf.pstatic.net/checkout/20210305_93/1614940909770qNOp6_JPEG/review-attachment-37595da9-057c-4484-ab60-61b45587c293.jpeg?type=f287']
21.03.04.,5,배송도 빠르고 불량도 아니네요~,['https://phinf.pstatic.net/checkout/20210304_179/1614831724755UGKRf_JPEG/review-attachment-ccb33222-64cc-4974-94b9-04f1e8f5edd1.jpeg?type=f287']
21.03.02.,5,"배송도안전하고 빠르게왔구요~제품도이상없이 좋아요~^^
이것저것 설치하느라 구매확정이늦었어요~^^;;",['https://phinf.pstatic.net/checkout/20210302_236/1614645271744nUnJk_JPEG/review-attachment-31317636-bd79-47c9-bd75-00cb5d24cc37.jpeg?type=f287']
21.02.26.,5,가볍고 가성비가 최고입니다.,['https://phinf.pstatic.net/checkout/20210226_279/1614331868358wgxRo_JPEG/review-attachment-ea1fbebb-5f7b-46a6-813e-7e9c0c1cf64f.jpeg?type=f287']
21.02.26.,5,급하게 구매하는거라 퀵으로받았는데 친절하게 응대해주셔서 감사합니다,['https://phinf.pstatic.net/checkout/20210226_57/1614308270160QWAp6_JPEG/review-attachment-067919f9-08c5-487a-9dc3-702fa1cd7067.jpeg?type=f287']
21.02.28.,5,사장님 친절하시고 사은품도 만족합니다.제품정상이고 총알배송이네요~~,['https://phinf.pstatic.net/checkout/20210228_242/1614441749532i3p9M_JPEG/review-attachment-c4883a96-2eed-4985-944c-c62e29433ddd.jpeg?type=f287']
21.03.22.,5,고등학생 아들 인강 수업용으로 구입하였습니다. 배송도 빨랐고 안전하게 받았습니다. 속도도 빠르고 좋아고 하네요. 무게는 좀 묵직한.........솔직히 아주 가볍지는 않습니다. 1.8kg이니까요^^,[]
21.03.20.,4,다좋지만 사은품으로 주는 마우스는 정말 최악의 그차체 입니다. 이거 받으신분들 쓰시는 분 거의 없을듯.. 마우스 움직일때 마다 속터집니다 진짜,[]
21.03.24.,5,배송이 빠르고 저렴하고 디자인이 이쁩니다,[]
21.03.19.,5,잘 받아 사용하고 있어요~~ 좋아요~,[]
21.03.20.,4,가성비 좋게 할인 잘 삿어요,[]
21.03.19.,4,믿고 사용하는 제품이에요,[]
21.03.18.,5,좋습니다 배송도 빨러요,[]
21.03.16.,5,가성비 짱 좋습니다 ~~~,[]
21.03.22.,5,만족합니다. 잘쓸께요,[]
21.03.18.,5,빠른 배송 좋아요!,[]
21.03.21.,5,빠르고 좋습니다.,[]
21.03.19.,5,가성비 최고!배송도 최고!아이가 너무 좋아합니다.,[]
21.03.08.,5,아주 오래된 14년된 노트북 쓰다가 아이 온라인수업 때문에 새로 구입했는데 성능이 빠르고 만족합니다~,[]
21.03.20.,5,사은품으로 보내준 마우스가 불랴이었는데바로 보내주었습니다.노트북은 업그레이드하여 아주 빠르고 좋았습니다.감사합니다.,[]
21.03.05.,5,빅스마일데이를 이용해서 저렴하게 잘산거 같아요.성능도 만족하고 잘쓰고 있습니다.,[]
21.03.19.,5,"배송도 빠르고 제품 성능 좋습니다. 하드도 업그레이드 되었고요.
감사합니다.",[]
21.03.07.,5,intel i5 11세대 업그레이드된 제품을 받았습니다. 화면도 깨끗하고 최고네요.,[]
21.03.08.,4,일단 조용하고 작동이 빠릅니다. 주문하고 퀵으로 배송 요청드렸는데 생각했던 것 보다 빠르게 받았어요.,[]
21.03.12.,5,쿠폰으로 싸게 잘샀어요!가볍고 좋아요!흰색이 고급지고 이쁩니다!,[]
21.03.08.,5,가성비 진짜 최곱니다 레알 굳 빠르게 받아볼수있어서 완전 만족!,[]
21.03.07.,5,고등학생 온라인수업용으로구입했는데그럭저럭 만족입니다,[]
21.03.08.,5,노트북 좋아요! 성능도 괜찮고 발열도 소음도 크게 없네요,[]
21.03.08.,5,업무용으로 최고입니다 생각보다 무게도 발열도 괜찮군요!,[]
21.03.14.,4,고민백만번하다가샀어요노트북..잘.알.못이라힘들었네요,[]
21.03.04.,5,아침 주문 다음날 배송받았어요. 문의도 바로 답변해주시고...윈도우포함. 램업글로 했네요. 아직 실사용전 켜보기만.... 좀 무겁지만 가성비 좋은듯,[]
21.03.08.,5,"배송도 빠르고, 자녀한테 주니 좋아하네요. 번창하세요",[]
21.03.14.,4,화이트라 이쁘고 무게도 적당하고 잘 사용하겠습니다,[]
21.03.08.,5,빠르게 노트북 받을수 있었어요 굳! 가성비 괜찮네요,[]
21.03.05.,5,가전행사 지마컷 세일 넘 조았어요 799천에 샀으니까,[]
21.03.08.,5,생각보다 가볍고 성능도 좋네요! 훌륭합니다,[]
21.03.12.,5,행사때 저렴하게 구입해서 잘 사용하고 있습니다 다만 노트북 스피커 소리가 핸드폰 보다 작네요 이게 정상인지 비정상인지 모르겠네요,[]
21.03.06.,5,가성비최고 노트북입니다~ 이가격에 이옵션은 다시나오기 힘들다 생각됩니다,[]
21.03.13.,4,타사대비 저렴하게 구매해서 좋았어요,[]
21.03.08.,5,좋은상품 착한가격에 구매했네요,[]
21.03.06.,4,배송도 빠르고 사용하기 좋아요,[]
21.03.08.,5,며칠 사용해봤는데 발열도 괜찮고 빠릿빠릿하게 잘 돌아가네요 좋습니다,[]
21.03.03.,5,"디자인, 성능 모두 좋아요",[]
21.03.03.,5,가격굿~ 성능굿~입니다,[]
21.03.04.,4,배송도 빠르고 좋아요,[]
21.03.10.,5,좋은 제품 좋습니다.,[]
21.03.07.,5,상품배송만족합니다,[]
21.03.06.,5,배송빠르고 좋음!!,[]
21.03.04.,5,정말 좋습니다,[]
21.03.03.,5,좋아요,[]
21.03.02.,2,노트북은 잘 받았습니다 그런데 옵션 추가해서 구매한 키스킨이 오지도 않았는데 배송완료로 되어있네요 ~ 판매자 문의해도 연락이 안되구요,[]
21.02.26.,5,인강용으로 구매했는데 프로그램 깔아주는 업체에서 그래픽카드 좋은걸로 끼우면 게임도 다 구동 될거라고 ~노트북의 노 자도 모르는 저이지만 무튼 좋은 노트북이라 하니 기분이 좋네요~~,[]
21.02.22.,5,"이제품 저제품 둘러보다 구매하게 되었습니다!!

막상 배송받고보니 넘 만족이네요!

속도도빠르고 버벅거리지도 않고

회사에서 쓰기에는 넘 좋네요

판매자님 번창하시길~~",[]
21.03.08.,5,생각보다 가볍고 좋습니다 감사합니다 울트라북짱,[]
21.03.06.,5,"울트라 pc 노트북
노트북 구매했어요
속도도 빠르고 깔끔하고 너무",[]
21.03.08.,5,은근 가볍고 성능도 적당합니다 잘샀습니다,[]
21.02.23.,4,상품은 매우 만족도가 높은 편이고 다만 최대한 혜택을 이용하고 다 활용해도(스마일페이 카드/스마일클럽 가입 등) 광고한 가격만큼 나오지 않네요,[]
21.03.13.,5,배송이 빠르네요. 가성비가 좋습니다. 조금 무거운 감은 있지만 성능이 좋아 만족합니다.,[]
21.02.22.,5,급하게 필요해서 점심때쯤 신청했는데 다음날 받았습니다원래 생각하던 모델보다 낮은 성능이지만 가성비 괜찮은 제품이라고 생각합니다,[]
21.02.22.,5,"깨끗하고 산뜻한 외관 , 휴대가 편한 가벼움，그리고 오래가는 배터리, 모든걸 만족합니다.",[]
21.03.01.,5,아주 가성비좋아요 무난하게 사용가능합니다 단 램 16기가 업글 바랍니다 하드는 본인 쓸용량 계산하시고~~잘 쓸게요,[]
21.03.06.,4,배송이 빨리 왔어요. 안전하게~사은품으로 주신 마우스 패드는 냄새가 심하고 구입한 파우치또한 냄새가 심해요...ㅡㅡ냄새때문에 별하나 빼요...,[]
21.02.28.,5,중학교입학선물로 샀는데 역시 엘지 깔끔한 디자인 빠른성능 좋네요,[]
21.02.28.,5,좋은 노트북을쿠폰할인으로 저렴하게 구입했네요.고맙습니다.,[]
21.02.21.,5,직접수령이긴 했으나 사은품도 주시고 좋았어요!! 잘쓸게요~~~,[]
21.02.25.,5,가방이 없어서 구입해야하는 번거로움이 있는데 좋습니다,[]
21.03.08.,5,전화상담도 친절하게 응대해주시고 제품도 아주 맘에 듭니당,[]
21.02.20.,5,대만족 너무 좋다 오랜만에 새 노트북을 장만했네요 :),[]
21.02.27.,4,회사에서 필요해서 구입했는데요 잘쓰고 있습니다,[]
21.02.22.,5,생각보다 저렴하게 잘 산 것 같아요~ 맘에 들어요,[]
21.02.26.,4,배송도 빠르고 깔끔하니 포장도 잘해주셨어요~,[]
21.02.20.,5,"배송이 엄청 빨라서 놀랬습니다, 최고네요!",[]
21.02.23.,5,퀵으로 배송 받았습니다. 노트북은 역시 LG,[]
21.03.08.,5,질문많아서 귀찮을수도있었을텐데 하나하나 친절하게 상담해주셔서 바로 구매했습니다 감사합니다,[]
21.02.24.,5,배송 빨리 받고 잘 구매한것 같습니다~,[]
21.02.20.,5,좋은 노트북 저렴하게 잘 구입 했어요,[]
21.03.01.,5,일반업무용으로 쓰기에 가볍고 잘 돌아가는것 같습니다. 화면도 깨끗합니다,[]
21.02.27.,5,배송도 빠르고 제품도 만족합니다,[]
21.02.22.,5,빠른 배송 제품 모두 만족합니다,[]
21.03.01.,5,중학생 딸이 사용합니다 좋아요,[]
21.02.28.,5,싸게 잘 샀습니다 성능은 좋네요,[]
21.02.24.,5,빠른 배송...집에서 쓰기에는 짱,[]
21.02.25.,5,"전날 4시이전에 주문했는데 오늘 아침에 도착했어요..와우!!
교육때문에 급했는데 감사합니다.^^",[]
21.02.24.,4,역시 lg의 베스트셀러네요~,[]
21.02.23.,4,가볍고 깔끔해서 좋아요,[]
21.02.26.,4,행사때 저렴하게 샀어요,[]
