"699,000"
date,star_point,comment,photo
20.12.26.,5,"전에 있던 노트북이 오래되어,이것 저것 알아보던 중에, 이번에 인텔 11세대 CPU 적용된 노트북이 나온것을 확인하고 ASUS이외에도 다른 회사 제품들 포함해서 다양하게 비교하였습니다. 가성비를 핵심으로 잡고, 첫번째로 가격이 저렴할 것, 두번째로 i5이상(i5보다 낮으면 일이년 지나면 느려서 못쓰겠더라고요.), 세번째로 해상도가 최소 FHD이상일 것, 네번째로 램은 최소 8G이상일 것. 종도를 핵심으로 여러 모델들을 비교하였네요. 사실 이것보다 가성비가 조금 더 나은 모델은 있었으나 그것도 ASUS로 유사모델이긴 하나, 무게가 조금 더 무거워 그것을 포기하고 이 모델로 선택했습니다. 좀 아쉬운 점이 램이 8G이긴하다 그래픽쪽하고 공유로 쓴다는게 좀 아쉽기는한데, 그것 감안하더라도 이정도면 훌륭하다는 생각이 듭니다. ASUS것을 굳이 고집하지는 않지만, 현재 회사에서 사용하던 노트북도 ASUS것이였네요. (옆에 구석에 놓고 콘솔로 접속해서 빌드할때 쓰기때문에 어제 윈도우 설치하다가 이제서 알았네요.) 아마 회사에서 잘모르는 사람이면 삼성것이나 LG것으로 구입해줬을 것 같은데, 그 담당자도 저처럼 가성비따져가며 그 모델로 사준것같네요. 좀 불편한 점이 있다면, PC다루는 것이 좀 서툰 사람이면 이 모델을 선택해서 윈도우등을 설치할때 한번에 설치되는게 아니라, 기존 Intel CPU 10세대까지의 호환이 되지않아 드라이버를 중간에 한번 잡아줘야한다는 점때문에 삽질을 좀 할수도 있겠다는 생각이 듭니다만, 그것은 홈페이지등에 바로 링크되어 나와있기때문에 컴맹만 아니면 설치할 수 있을것 같네요. 그것은 이 노트북에만 있는 사항이 아니라, 인텔 11세대 CPU를 사용하는 PC모두에서 동일할테니, 어쩔수없는 것 같긴합니다. (조만간 MS에서 한번에 설치되도록 내놓겠지요.. 아마도.. ) 배송빠르고, . 그럼 번창하세요.",[]
20.12.11.,5,"정말 빠른 배송에 일단 감탄했습니다.
구매 결재후 24시간도 안되서 신속히 받아보니 기분이 좋네요.
우선 처음 개봉해보니 디자인은 단순하면서 깔끔하고 아주 고급져 보이진 않지만 나름 은은한 가치를 느낄수 있었습니다.
생각보다 넓은 자판과 키가 맘에 드네요.
화면을 켜고 판매자님이 알려주신 방법으로 미리 준비한 윈도우 설치 USB를 꽂고 부팅을 시작했습니다. 와우 여기서 대박인게 윈도우10 설치 시간이 정말 짧네요. 실감했어요.
드디어 윈도우가 켜지고 기본 설정을 거쳐 첫 바탕화면으로 넘어가니 감격이 올라오네요.
알려주신 방법으로 드라이버들을 설치하고 오피스를 깔고 인터넷도 사용해보니 .
S사나 L사 제품을 이정도 사양으로 구매하려면 몇십만원은 더 줘야할거 같은데 가격이 정말 착하다는 생각이 드네요.
Free DOS로 비용도 더 세이브되서 여러모로 가격 대비 경쟁력 있는 모델이라 생각됩니다.
아수스 처음 써보지만 첫 인상이 맘에 드네요.
앞으로도 아수스 제품 계속 이용할거 같아요.",[]
20.12.17.,5,"예전에 사용하던 노트북이 너무 오래되어 새 노트북 구매를 알아보던중 아수스 비보북 s14 433 모델과 이 모델을 비교하다가 x413모델을 구매하게 되었습니다. 인텔 11세대 모델, 14인치 제품이 저렴하게 잘 나왔고, 433제품중에 인텔11세대모델이 있었으면 433모델을 구매하였을거 같은데.. 새로 사는거라 11세대 모델을 사고 싶어서 이모델을 선택하였습니다. 699,000원도 저렴하거 같은데 할인을 많이 해주어서 더 저렴하게 구매하였습니다. 윈도설치시 하드디스크가 인식이 안되어서 순간 당황했습니다. 고장난 것을 받았을지 모른다는 생각이 순간났지만.. 제품설명화면에 윈도 설치방법을 잘 안내해주는 부분이 있어서 어렵지 않게 윈도우를 설치하였습니다. 하드는 256 g이자만 추가 설치가능한 게 마음에 들었습니다. 추가하드의 종류가 안대되어 있지 않았지만, 노프북 하판을 탈착한 사진이 제품설명에 안내되어 있어서 바로 알수 있었습니다. 이후에 하드부족하면 하드 추가하면 될거 같습니다. 단, 가격이 저렴한 만틈 외부재질이 프라스틱인것은 좀 아쉽습니다. 메탈소재면 좋은데.. 조금 아쉬운 부분이었습니다. 인텔11세대로 성능상 아쉬울 것은 없을거 같고, 개인적으로 소음에 민감한 편인데.. 윈도우 및 프로그램설치시 냉각팬 돌아가는 소리가 좀 들렸습니다. 조용한 곳에서 작업을 해서인지 냉각팬소리가 좀 의식되었습니다. 전반적으로 가성비 최고의 노트북인거 같습니다.",[]
21.01.09.,5,"지방인데도 불구하고 목요일에 주문하고 금요일에 받았어요. 처음 박스 여느라 조금 끙끙 됐는데, 박스 오픈해보니 참 고급스럽네요. 일단 무게는 그동안 그램만 쓰다가 무겁지 않을까 걱정했는데, 기우였네요. 엄~처 예민한 분이 아니시라면 무게는 그램과 크게 차이가 없구요. 저도 그램이랑 고민하다가 금액적인 부분에서 2배 차이라, 비보북 구입하고, 닌텐도 스위치 하나 샀네요. 사용해보니 굳이 100만원이 넘는 메이저 브랜드 노트북을 살 필요가 없다는걸 다시 한번 느꼈어요. 전에 사용하던 그램도 2019 그램 i5에 8기가 였는데 그당시 130정도 주고 샀는데,, 성능면에서는 전혀 차이를 느끼지 못하겠네요. 이 가격에 이정도 성능, 그리고 백라이트 키보드와 지문인식까지 이만한 가성비는 없을것 같습니다. 레노버 아이디어패드 슬림5하고도 고민 많이 했는데, 같은 금액 혹은 조금 더 저렴한 금액인데 옵션은 비보북이 더 많네요. 배터리 용량도 조금 더 크구요. 구입하셔서 후회는 없으실 꺼라 생각됩니다. 강력크 하게 추천합니다 ^^",[]
21.01.09.,5,"가격 대비 너무 좋네요! 디자인 깔끔하고 무게도 적당해요. 스펙 괜찮아서 속도 빠르고 음향도 빵빵합니다~! 무엇보다 키보드 백라이트 너무 예뻐요,,★(동영상에 깜빡이는건 카메라에 담긴 것만 그렇고 실제론 안 그래요! 멈춘 빛입니다~)프리도스로 구매해서 유튜브랑 상품 공지사항 보고 윈도우10 설치했어요. 잘 따라만 하면 크게 어렵지 않답니다. 고등학교 가는 동생이 사용할 건데 인강 시청, 문서 작업 등은 너무나 문제 없을 것 같고 게임은 안 돌려봤지만 가벼운 게임도 무리 없을 것 같아요. 상품 안내 사진에 터치패드로 숫자키패드 되길래 되는 줄 알았는데 아니여서 그 점은 아쉬웠지만 크게 불편할 것 같진 않아요! 마스크랑 손소독제도 챙겨주시고 가격도 공홈보다 저렴하게 제공해 주셔서 정말 기분 좋은 소비했습니다! 열심히 알아보고 구매한 보람이 있네요~^_^",[]
21.01.09.,5,"제가 노트북을 살 때 가장 중요시 봤던건 무게가 1.5 키로 이하일 것, 램8기가, ssd 250 기가 이상 이었습니다. 그 중 대기업 노트북들은 너무 가격이 비쌌고, 가격에 비해 성능이 좋지 않아 고민을 하던 중 비보북을 알게 되었습니다. 가격도 1.5키로 이하로 만족을 했고, 성능도 나쁘지 않은데 비해 가격이 60만원 중반대였기 때문에 가성비를 생각해 비보북으로 결정하였습니다. 배송은 빠른 편이었습니다. 구매후 이틀만에 왔습니다. 윈도우 설치함에 있어서 드라이버를 찾을 수 없다고 나올 때 배송에 동봉되어 있던 블로그 링크를 꼭 참고하세요. 상품페이지 상단에도 찾을 수 있습니다. 컴맹인 저한테도 윈도우 설치는 어렵지 않았습니다. 어려울땐 유투브 윈도우 설치 영상을 참고해가면서 하세요! 펜 소음은 조금 심하다고 생각은 했는데, 계속 펜이 돌아가는건 아니니까 이정도면 괜찮다고 생각합니다. 또한 이 리뷰를 노트북으로 작성하고 있는데, 키보드 타격감은 나쁘지 않습니다. 발열은 아직은 느껴보지 못했습니다. 제가 게임은 안하고 웹서핑이나 문서작업만 하는데, 발열이 생길만한 작업을 하지 않아서 그런것도 같습니다. 저처럼 재택근무를 하거나 인강용이라면 이 제품 진짜진짜 추천합니다. 60만원대에 이런 성능 나오기가 쉽지 않은것 같습니다. 다만 영상편집을 하거나 고성능 게임을 돌리신다면 다른 제품을 추천드리나 간단한 작업만 하시는 분들에게는 이 노트북이 짱인것 같습니다. 앞으로 고장없이 잘 쓸수 있었으면 좋겠습니다!!",[]
21.03.14.,5,노트북을 사고싶어서 둘러보던차 아수스 비보북을 발견했어요. 프리도스?? 운영체제를 사용자가 직접 깔아야하는 식의 노트북이 싸고 가성비가 좋다는 얘긴 건너건너 들어 알고있었고 그중 아수스 비보북은 귀에 익을 정도로 들어봤던터라 자연히 이쪽으로 검색한것도 있고요. (컴알못은 결국 돈을 더주고 윈도우 설치 옵션을 골랐지만.. ㅋ) 사실 최종확정으로 마음먹게된 요인은 몇몇 분들이 남긴 리뷰 때문인데요.. 남편이 좋다고 블라블라 남동생이 좋다고 블라블라 네 전 여기서 넘어간겁니다! 전자기기에 있어서 남편과 남동생 오빠 이 단어들은 뭔가 엄청난 신뢰감을 주는 단어가 아니던가요ㅋㅋ 그래서 샀습니다! 내 돈으로! 써보니 제품력은 뭐 좋네요. 컴알못인지라 막 전문가처럼 ㅅ슈슉팍팍 설명은 못하지만 그냥 좋습니다. 하기사 10년된 넷북과 비교해보면 그게 뭐라든 아주 좋아 죽지 않겠어요? 비보북 선녀가 따로없어요~! 예~!,[]
20.12.29.,5,"주변에서 추천 해 준 모델이라 구매하기까지 긴 시간이 걸리지 않았습니다. 게다가 쿠폰 등 행사가 있어서 추가로 할인까지 받다보니 아주 만족스런 가격에 구매했습니다. 60만원대 가격에 이런 성능과 외관을 가진 노트북이 얼마나 있을까 싶네요. 배송 : 금요일 낮에 주문하고 토요일에 바로 받았습니다. 빠름! 성능 : 뭐 기존에 가진게 오래된거다보니 비교하는 건 맞지 않지만 정말 빠름 디자인 : 가장 맘에 드는 것 중 하나! 열자마자 입꼬리가 올라감. 이 부분은 개인취향이 있겠지만, 저는 아주 만족함 무게 : 깃털처럼 가볍진 않지만 휴대하고 다니기에 전혀 부담스럽지 않음. 키감 : 가볍게 터치되고 누르는 느낌이 부드럽고 좋음. 소음 : 작아서 조용히 작업하거나 영상 감상하시기에 전혀 거슬러짐 없음.",[]
21.01.10.,4,"막내가 이번에 고등학교 올라가는데 요즘 펜데믹으로 원격수업, 인강 등등 조용히 공부하는데 피씨 쓸일이 많아 구매하게 되었습니다. 여러가지 고민하다 최종적으로 아이에게 물어보고 비스포크블랙을 선택하게 되었네요, 구매하고도 여러가지 정보를 접하고 이거 잘못산거 아닌가, 취소해버릴까 하는 생각을 했었습니다. 특히, 발열이 심하고 소음이 크다 등등 너튜브 등에도 여러 게시물이 있더군요. 하지만 배송받고 보니 배송도 튼튼하게 ？s？s이 엄청 두르고 안전하게 배송되었고, 언박싱해서 보니 푸른빛이도는 블랙색깔이 고급 스럽습니다. CPU가 11세대 최신이라 OS설치하는데 애를 좀 먹었지만 다 설치후 돌려본 결과 발열이 심하고 소음이 크다 등등은 역시 기우였습니다. 그다지 발열이 나지 않고 소음도 별로입니다.제가 현재 사용중인 샘송아티브보다 훨씬 조용합니다, 하여튼 잘 산거 같습니다. 더불어 손소독제와 94마스크도 같이 왔는데 요긴하게 쓸께요~ 참, 마지막으로 윈10설치시 배송과 함께 설치설명 블로그 주소 보내주셨는데, 그 내용대로 하면 많이들 설치하는데 고생하실거같습니다. 추가적으로 NVME SSD를 인식하는 방법으로 드라이버 인식하는 설명을 좀 수정하거나 하나더 추가하셔야 할 거 같습니다. 드라이버를 받아 폴더채로 윈도 설치USB에 옮겨 설치하면 설치중 찾을 수 없고 인증되지 않았다는 에러가 계속 떠 설치가 어렵습니다. 방법은 폴더가 아니라 파일들만 윈도 설치USB 셋업 파일이 있는 루트로 복사해 놓고 드라이버 로드하면 인식됩니다. 참고하세요",[]
21.01.28.,5,"대학생인데, 조금 오래 쓸 노트북 찾다가 이 vivobook을 알게 되었습니다. 국내 브랜드에 비교했을 때 이 가격에 이 스펙이면 정말 건진 것 같습니다. 프리도스로 신청해서 윈도우는 제가 직접 깔았어요. 속도는 완전 빠르고, 크기, 무게도 맘에 듭니다. 저는 512 GB로 업그레이드해서 82만원에 받았습니다. 배송은 주문하고 3일만에 와서 부품 업그레이더 한 것 치고는 정말 빨리 왔어요! 가성비 따지시는 분들 이것 꼭 사시고 성공하는 구매되세요!~",['https://shopping-phinf.pstatic.net/20210130_14/b74a3b10-97e2-4348-a685-4722f847fd18.jpg?type=f287']
20.12.16.,5,"이번에 동생 온라인클래스때문에 급하게 사게 되었는데 진짜 이가격대 가성비 완전 짱짱 최고입니다! 혹시 배송 지연될까봐 문의드렸는데 답도 엄청 빨리 해 주시고 답변해주신것처럼 4시 전에 결제했더니 바로 발송해주시고 하루만에 왔어요... 진짜 완전 총알배송이에요 배송 걱정은 안 하셔도 될 것 같습니다 첨에 윈도우 깔때 인식 못하는 문제는 아수스 홈페이지에 나와있는거 보고 따라했더니 바로바로 쉽게 됐고요! 부팅속도도 완전 빠르고 디자인도 예쁜데 가벼워서 진짜 좋아요 가족들 다 완전 만족하고 있습니당 ㅎㅎ 진짜 60만원대 노트북 알아보시면 이 가격대에 14인치 모델은 이게 최고인것같아요 인텔 11세대 i5에 지문인식도 되고 백라이트 키보드도 있고 용량도 온클용으로는 차고 넘쳐요 모난것 없이 완전 예쁘고 괜찮은 모델이에요! 팬소음도 적당하고 키보드 키감도 나름 괜찮았어요 아무튼 가성비 짱짱 노트북인것 같습니당 한 삼일을 고민했는데 괜히 고민한거 같아요 다들 이모델 사세요 완전 만족합니다,,, 사장님 꼭 번창하세요 오자마자 넘 좋아서 횡설수설 쓴점 죄송합니당... 아수스 사랑해 굿",[]
20.12.23.,5,"아들이 대학생인데 코로나땜에 비대면 온라인 수업을 자주합니다. 그런데 노트북이 오래되고 SSD 용량도 128기가라서 불편해서 새로 장만하려고 고민을 하다, 이 노트북 사양이 가격 대비 우수하여 선택하게 되었습니다. 인텔 11세대에 SSD 용량을 1테라로 업그레이드 해서 너무 좋습니다. 윈도우 설치시 하드가 검색되지 않은 것도 설명대로 하니 바로 인식되어 아무 문제없이 설치를 완료하였습니다. 크기와 무게도 맘에 들고 키보드도 터치감이 좋고 엔터키가 노란색이라 아주 좋습니다. 무엇보다도 배송이 정말 총알이었습니다. 구매 후 다음날 오전에 도착하였습니다. 내 것도 하나 장만하고 싶을 정도로 정말 좋습니다. 번창하시길 바랍니다.",[]
20.12.31.,5,"기존에 사용하던 노트북을 거의 8년 가까이 쓰면서 새로 바꿀 녀석을 찾던 중 이녀석을 찾았습니다!! 요즘 워낙 AMD의 르누아르 프로세서를 탑재한 노트북들이 가성비가 매우 좋다고 유명해서 찾아보니 거의 다 예약판매로 제품을 받기까지 너무 오랜 시간이 걸리더라구요ㅠㅠㅠ 이런 상황에서 가장 합리적인 대체재가 있다면 바로 이 ASUS 비보북 X413EA모델인것 같아요! 이 모델은 인텔 모바일 최신 프로세서인 타이거레이크 i5 CPU를 탑재하고, 내장 그래픽으로 Iris Xe 그래픽스를 탑재해서, 기존 인텔 10세대 프로세서들의 성능을 씹어먹는 스펙을 가지고 있더라구요! 램은 DDR4 8GB 3200MHz가 온보드로 탑재되어있고, 이 외에도 무게, 힌지, 배터리, 디스플레이 등등 전체적으로 사무용으로는 충분한 스펙을 가지고 있어서 사용하는데 너무 만족스럽습니다ㅎㅎㅎ 좋은 제품 잘쓰겠습니다!! 많이 파시고 새해 복 많이 받으세요!!👍👍 아! 추가로 제품 포장하실 때 이번 인텔 타이거레이크 CPU를 탑제한 모델들은 윈도우 설치하실 때 추가적으로 윈도우 설치용 USB에 드라이버를 넣어둬야 하는데 그 문제 관련해서 해결방법을 프린트물로 같이 동봉해주셨더라구요! 이런 소소한 섬세함이 너무 좋았습니다ㅎㅎㅎ",[]
20.12.18.,5,"아이들 온라인 수업을 위해 부담스럽지 않은 가격의 노트북을 찾다가 구매하게 되었습니다. 아이들이 둘인데 노트북이 한 대 밖에 없어서 꼭 필요했습니다. 온라인 수업을 핸드폰으로 할 수도 있지만 원활하게 수업을 할 수가 없네요. 아이들이 들기에도 무겁지 않은 무게이고, 온라인 수업하는데 전혀 지장없습니다. 아직 게임은 깔지 않았는데 왠만한 게임은 얼마든지 소화할 수 있을 것 같아요. 색상은 희색으로 샀는데 사진으로 찍은 것보다 더 고급스러워 보입니다. 아이들이 비싼 거냐고 물어 봤어요...ㅋ ㅋ 아답터는 마우스정도의 크기로 작습니다. 제가 약 2시간 사용해 보았을 때 발열감을 거의 없습니다. 소리도 조용합니다. 윈도우 설치하는 것도 안내가 잘 되어 있어서 어렵지 않게 잘 설치했습니다. 몇 년 잘 사용했으면 좋겠네요.",[]
21.01.12.,5,저는 2019년도부터 ASUS 젠북을 사용해왔던 대학생입니다! 이번에 아버지께서 노트북이 필요하다고 하셔서 단순 사무작업용으로 가성비 좋은 노트북을 알아보다가 구매하게 되었어요. 기존 젠북을 사용하면서 만족하였기 때문에 비보북도 괜찮을거라고 생각해서 구매했습니다. 배송도 빨랐고 같이 동봉해주신 손 소독제와 마스크도 잘 받았습니다. 먼저 받자마자 노트북 마감부터 확인했는데 이상없이 디자인도 잘 나오고 디스플레이 또한 훌륭했습니다 ! 아버지도 상당히 만족하시면서 사용하고 계십니다. 15인치가 품절이라서 그냥 14인치로 구매를 했는데 베젤이 작아서 화면도 넉넉하게 잘 보이고 선택을 잘한것같습니다 소음도 없고 키보드 백 라이트도 있어서 밤에 작업하기도 좋은 것 같아요. 키스킨만 따로 구매해서 잘 관리한다면 큰 문제 없이 잘 사용할 것 같습니다. 덕분에 저렴하게 좋은 노트북 샀네요 감사합니다~,[]
21.01.13.,5,Asus 노트북을 처음 접합니다.첫느낌은 깔금한 디자인. 블랙을 원했으나. 화이트밖에 없어 어쩔수없이 화이트로 했는데 나름 괜찮습니다. 약간 실버가 섞인 느낌이네요. 또 넓은 화면 적당한 무게감(삼성 노트북ATIV 9에비해 무게감 있음. 약900G ASUS는 1.4KG)생각보다 조용한 팬소음. 윈도우 설치할때 SSD드라이브 인식때문에 약간버벅 거리는빼곤 훌륭합니다. SSD드라이버 자체도 깔아서 제공했으면 더 좋았으리라 생각합니다. 윈도스10은 설치하니 ASUS 드라이버 까지 자동으로 셋업되었네요. 화면밝기는 50%로 초기세팅되어있는데 싱당히 밝은 편입니다. SSD는 추가로 장착할수 있어서 상당히 맘에듭니다.다만 흠이라면 키패드에 야간 조명이 들어왔으면합니다. 전반적으로 매우 놓은 품질이네요번창하십시요,[]
20.12.17.,5,우선 배송이 엄청 빨라서 구매다음날 도착해서 좋았어요. 재택근무하면서 컴퓨터가 너무 오래돼서 새로 사게된거라 급하게 필요했거든요. 받고 윈도우 깔고 드라이버가 검색안되서 쪼오금 애먹었지만 처음에 아예 드라이버 다운받아놓고 시작하면 금방할 것 같아요. 속도도 빠르고 백라이트도 그렇고 전체적으로 만족해요. 작은화면으로 느린 환경에서 작업하다가 빠른 반응으로 업무하니까 훨씬 편하고 재택의 질이 확 올랏어요. 무게는 전에 작은걸 사용해서 엄청 가볍진않지만 이정도면 충분한 것 같고 지문 반응도 빠르고 발열도 없어서 너뮤 좋네요 아껴쓸게요 ㅎ,[]
20.12.22.,5,"와이프의 재택근무가 길어지면서 쓰던 노트북의 성능에 점점 짜증을 내더군요 세상에서 가장 지루한 중학교가 뭔줄 아냐? 로딩중이다 하며 어찌 군시렁거리는지요 급하게 주변에 물어보고 찾아봤는데 가장 반응이 좋았던 제품이라 길게 고민하지 않고 질렀습니다 물론 제취향은 비스포크블랙이지만 와이프님은 화이트! 당연히 화이트로 사야죠 와이프결재받고 제카드로 결제하고ㅜ 택배사에서 딜레이! 주말에 못받게되어 노트북상납에 차질이 생겼지만 드뎌 아내님이 asus를 상견하던날 너무나 행복해했습니다 그걸로 된거죠^^;; 인텔코어, 그래픽, 스펙 등등 저혼자 떠들고 아내님은 쓰던 삼*노트북을 던져버리고 asus만 보고 있네요",[]
20.12.31.,5,집에 노트북이 한대 있는데 온라인 수업으로 전환되면서 아이가 둘인 상황에 한대로는 부족해 여러 노트북을 비교 분석하다가 이 제품을 찾게 되었습니다배송은 이틀만에 도착했고역시 가성비 대비 대만족입니다~일단 디자인과 색상이 예쁩니다키보드도 간격이 알맞게 떨어져 있어서 타이핑하기에도 좋습니다키보드 그립감도 좋구 백라이트도 단계별로 켜졌다가 꺼집니다화면도 14인치라 원격 줌수업시 크기도 적당합니다가장 마음에 드는건 사운드입니다집에 있는 노트북은 수업시 소리가 작아 블루투스 스피커 연결을 해야 하는데이 제품은 사운드가 아주 커서 대만족입니다좋은 제품 저렴한 가격에 판매해 주셔서 감사합니다주변 지인들에게도 강추 하겠습니다대박나세요^^,[]
21.01.12.,5,주변 지인분이추천해주셔서 구매하게？營윱求？. 예상했던거보다 훨씬 외관상 너무 깔끔하고 마음에 드는 디자인과 포인트있는 엔터키 무게감 타 브랜드에 비해서 스펙 가격면에서 떨어지는 것도 전혀 없는 것 같습니다!!처음 윈도우를 설치해봐서 시간은 좀 걸렸지만 첫 노트북 구매로 아수스 비보북 너무 선택 잘한것 같습니다!! 속도감도 빠르고 너무 좋네요! 주변에서도 노트북구매하려하는데 사용을 많이 해보진않았지만 스펙 속도 디자인면에서는 충분히 추천해주고 싶은 상품이네요!! 여러군데 찾아보니 as도 굉장히 잘되있다고하니 믿고 사용 잘하겠습니다!! 다들 코로나 조심하시고 번창하세요~~,[]
21.01.01.,5,가격에 비해 성능도 좋고 디자인도 예쁘고 무엇보다 무게가 가벼워서 마음에 들어요. 대부분 5-60 만원대 노트북이 1.8kg던데 이건 1.4라 여자가 쓰기에도 가벼워서 좋아요. 전원버튼 누르면 거의 1초만에 켜져서 사용하기에도 편리해요 ㅎ 단점은 팬 돌아가는 소리가 조금 나네요! 거슬릴 정도로 계속 나는건 아닙니다. 화면이 14인치인데 베젤이 얇아서 몰입감도 좋아서 인강 볼 때 아주 만족하면서 사용하고 있습니다. 좋은 가격에 잘 구매한 것 같아서 리뷰 남겼습니다.,[]
21.02.20.,5,아이들 학원수업이 온라인으로 진행되다보니 노트북을 각자쓰다보니 제가 준비하는데 필요한 쓸 컴터가 부족해서 동생의 도움을 받아서 비보북을 구매하게되었어요 배송이 시간이 좀걸리긴했지만 사이즈가 작아서 더 맘에 들구요 제 개인적으론 배터리크기가 작은편이라 좋아요 가성비가 넘 좋은 제품이라 동생이 설치해주면서도 계속 탐내네요 ^^ 화이트말구 첨에 블랙으로 구매하고싶었는데 받아보니 화이트 넘 예쁘네요 고장나지않고 오래 잘썼음 좋겠네요~번창하세요,[]
21.01.05.,5,아주 저렴한 가격에 11세대 인텔 i5를 구매했다는것에 자부심을 느낍니다.비슷한 성능의 L★이나 삼★은 150만원정도 하더라구여.. 이건 2개 3개살 가격이니..동영상 렌더링 돌리니 집에서 쓰는 i7 3700이랑 비슷한 수준입니다.아수스 노트북은 처음인데 생각보다 이쁘네요.화면 배젤도 얇아 싼티(?)나지 않아요.단지 드라이버 잡기가 불편한데..(처음에 터치패드가 작동안해 마누라 한테 식겁함)서비스 센터에 연락하니 드라이버를 다 설치 안해서 그렇다더라구요.. 그리고 무게는 1.4kg이라고 해서 마누라가 처음에는 싫어했는데 사용해보니 그렇게 무겁게 느껴지지 않아요.11세대 인텔 제품은 ssd읽믄 방법이 약간다르더라구요. 판매자님께서 상세한 설명서도 넣어 주셔서 쉽게 윈도우 설치했습니다.감사합니다.윈도우 설치시 왠만하면 기본적으로 할당된 드러이버용 할당 안지우시는게 좋겠습니다.,[]
21.01.03.,5,작은아이 대학입학 선물로 구입했는데 가격대비 성능이 넘넘 좋네요 ^^ 로젠택배가 코로나 이슈로 배송이 좀 늦어지긴 했지만 노트북 열어보면서 불만이 싹~~사라졌네요 ㅎ 윈도우즈 설치도 구입한 사이트 올라온 안내대로 하니 별 문제 없이 쉽게 설치됐습니다.프로그램 돌아가는 속도도 빠르고 팬소리도 거의 안들리네요 ㅎㅎ 작은애 입학선물인데 큰 아이가 자꾸 맘에 든다고 자기 노트북도 바꾸고 싶다고 하네요^^ 게임을 잘 안해서 고사양의 노트북보다는 인강 및 서류작업 등 간단한 용도의 노트북으로는 최고인것 같습니다. 신제품이라 더 맘에 들기도 하구요 ㅋ아무튼 좋은 노트북 저렴하게 잘 구입했습니다. 잘 사용할께요~~사업 번창하세요,[]
20.12.19.,4,"노트북 후기 배송 빠릅니다_만족 . 프로그램 설치가 편리 합니다.(단 홈페이지에 충분한 설명이 있으니, 확인후 설치하시면 됩니다.) 윈도우 미설치 노트북 을 구매하신분은 반드시 드라이브가 보이지 않아 당황 하실수 있는데, 홈페이지에 충분한 설명이 있습니다. 홈페이지 다운받아 설치하시면 문제 없이 설치 하실수 있습니다. 컴퓨터 초보를 위한 설치매뉴얼이 첨부 되면 보다 편리 할것 같습니다. 노트북은 예상했던것 보다 조용하며, 외관 및 성능에 만족 합니다. 노특북 구매시 쿨러를 함께 구매 했는데 , 팬의 소음은 조금 있으나, 가성비 대비 만족 합니다. 노트북의 단점은 방향키가 조금 작다는 느낌입니다. 구매한 노트북은 ASUS 비보북 X413EA-EB087 이며, 대체로 만족입니다.",[]
20.12.12.,4,"재택근무에 사용하려고 노트북을 알아보다가 사양 디자인 가격 다 괜찮은 것 같아서 주문했는데, 하루만에 정말 빠르게 받았어요. 윈도우 설치 옵션으로 해서 편하게 바로 사용 가능했구요~ 흰색인데 움직이면 오로라빛 같이 살짝살짝 변하는데 너무 이뻐요! 무광에 사각사각 하는 느낌도 좋아요.전원켜고 부팅되는 속도가 빨라요. 고화질 영상 재생도 버벅거림 없이 잘되구요. 인터넷 하는데도 속도 빠르고 좋은 것 같아요.좀더 써봐야겠지만, 지금까진 정말 만족스럽습니다.",[]
20.12.06.,5,"저는 인강들을용으로 쓸꺼라 비싸지 않은 가격대에서 디자인 예쁜거 사려 했었는데 컴잘알 형부가 같은 가격대에서 이거 추천해 주셨어요@@ 성능도 더 좋다고@@ 제가 사려고 했던거보다 렘도 두배고 CPU도 i5로 한등급 높은거라 쓰기 좋을꺼라 하더라구요@@ 자세히는 모르겠지만요@@ 무튼 받으니까 디자인도 깔끔하고,,(신경많이쓴게 느껴지더라구욘,, )킬때 지문인식도 완전빨리 되고@@ 그렇게 안무겁고@@( 1.3키론가 된다하더라구요) 이렇게 좋은게 가격도 너무 착하고,,@@ 많이 파세요~🍒",[]
21.01.01.,5,딸아이 고등학교 입학선물로 구매했습니다. 용도는 인강과 학교 수업시 사용할 워드나 파워포인트 등 간단한 작업에 사용할 용도로 구매했습니다. 프리도스로 구매해서 윈도우 10 설치하고 2시간 이상 사용해봤는데 아주 만족합니다. 발열은 아주 뜨겁지는 않지만 사용시 하판이 살짝 뜨뜻해지는게 느껴지고 팬소음은 도서관 같이 조용한 곳에서는 조금 들릴 듯 합니다.장점● 제가 가지고 있는 기존 15인치 ASUS 노트북과 비교했을 때 작은 크기와 가벼운 무게로 휴대성이 좋음● 사실 제일 중요한 장점은 가성비. 이 노트북의 성능으로 대기업 제품을 구매하면 최소 30만원 정도의 가격 상승이 있음단점● SSD는 추가 가능하지만 RAM은 온보드 형태라 추가가 안된다는 단점이 제품 자체로 유일한 듯● 배송이 좀 느렸는데 판매자의 문제가 아니고 택배사가 코로나19 감염으로 늦었는데 지연공지가 빠른지 않았음의 아쉬움,[]
21.02.01.,4,2월 중순 배송이라더니 생각보다 빨리 받았습니다. 받자마자 NVme 추가하려고 뒷판에 나사 다 풀고보니.. 열리지가 않네요. 어디를 열어야 하는 건가요~~ 결국 그냥 윈도우 설치 했습니다. 1. 윈도우 설치 usb 만들어요2. asus 홈피 들어가서 11세대 타이거레이크 최신 드라이버(IRST) 다운 받아요(→윈도우설치용 usb에 다운 받아서 압축 품)2-1. asus 홈피에 드라이버 다운 페이지에 보면 드라이버 설정 방법이 나와 있어요.3. usb 꽂고 전원 켜면 설치 시작 돼요4. 설치하다 드라이버 선택하라는 창이 나오면 2-1 참고하면 끝~하지만 나의 문제는 도대체 뒷판을 어떻게 여느냐!!! ㅠ,[]
20.12.11.,5,오래 사용하던 노트북이 충전쪽에 문제가 생기는 바람에 이것저것 비교해보다가 기존에 사용하던 노트북과 같은 제품을 구매하기로 마음먹고 살펴보았습니다~^^ 노트북 가격은 부담스러운데~~ 마침 할인도 하고 있고 카드행사로 저렴하게 잘~! 산것 같아 좋아요~ 가격대비 성능과 색상! 크기. 무게 등 모든면이 다 마음에 듭니다^^ 박스 포장안에 뽁뽁이고 잘 포장되어 안전하게 왔고~ 배송도 빨랐습니다. 아이들 온라인수업과 인터넷 강의 잘 볼수있을 것 같아요. 아직 충전중이지만 기대됩니다. 많이 파세요~,[]
21.01.04.,5,아수스 비보북 11세대 cpu라서 처음에 ssd 인식이 안되서 당황했는데 상품페이지에 윈도우 설치방법 자세히 나와있어서 손쉽게 설치했습니다.일단부팅속도 빠르고 펑션키들이 편리하게 작동되고 잠글수도 있게 되어 있네요.무게는 생각보다 무겁고 사이즈는 작아서 가방수납이 편리합니다. 화질 ips패널이라 시야각 좋고 선명합니다.가성비 훌륭합니다. 속도 빠르고 스피커 음량이 14인치치고 크고 선명해서 맘에드네여.동영상감상이나 문서작업에 최적화되어 있는 노트북입니다.,[]
20.12.24.,5,엄~~~청 마음에 듭니다 12월22일 구매 24일도착했어요 손소독제와 마스크도 주시고 판매자님 넘 정성스러운 포장과 배송 사은품 넘 감사하게도 잘받았습니다 기쁘고 행복한 크리스마스가 될것 같아요 이브날 온가족이 다모여 들여다보고있어요 대학수능시험을 친 큰 딸 선물이거든요 대학생활하면서 들고 다니기 가볍고 화질은 참으로 선명하며 속도도 엄청 빠르네요 수업용으로 활용도가 참 좋을것 같아서 딸이 참 좋아합니다 가방속에 딸아이가 쏙 들어갈 작은 사이즈 정말 맘에 들어합니다 가격도 완전 만족60중반입니다 사장님 !!사업대박나세요!!,[]
21.01.02.,5,"14인치 사무용으로 구입했는데 가성비 최고입니다. 윈도우 설치에 시간이 조금 걸렸습니다. 프리도스 설치과정에서 윈10이 드라이버를 못잡더라구요. 구글에 아수스 타이거 레이크 드라이버 문제 해결방법 있습니다.인터넷 잘찾아보심 방법나와요. 참고하세요. 백라이트도 이쁘고요, 사양, 속도, 터치감 등 나름 최고라 생각합니다. 코로나로 인해 배송 조금 늦었는데, 안전하게 포장까지 잘해주셔서 감사드립니다. 암튼, 가성비 좋은 노트북으로 적극 추천합니다.",[]
20.12.10.,5,"현재 르누와르 노트북 재고가 2월까지 바닥난 상태에서는 60만원대 가성비 노트북에서는 최선의 선택인듯 합니다.벤치마크상으로는 i5 타이거레이크가 르누와르를 상회한다니 발열 스로틀링 따윈 없을거라고 믿고 써봅니다.기백만원짜리와 비교할순 없지만, 디자인, 무게, 키감등에서는 상대적으로 높은 점수를 줄만 합니다. 와이파이6나 블투 5.0등 보조 하드웨어 성능도 최신의 그것들을 적용했습니다. 다만 PD충전은 미지원인데 아답터로 간단히 해결 가능하니 평가에서 제외하겠습니다.종합적으로 만족스러운 노트북입니다.",[]
20.12.14.,5,아이 온라인 수업용으로 구매하였습니다. 배송은 제가 직접 받아온 관계로 보통으로 적었습니다. 우선 색상이 아이가 좋아하네요. 기존에 구형 아수스 노트북에 SSD 만 변경하여 쓰고 있어서 그런지 부팅 속도 및 반응 속도 만족스럽습니다. 무게는 집에서 사용할 용도이기 때문에 크게 관계는 없지만 들고 다니기 괜찮은 수준입니다. 윈도우 설치 시에 하드 파티션이 안보여서 잠시 당황했었지만 알려주신 대로 상품페이지 설치 방법 따라서 설치하니 쉽게 진행되었습니다.,[]
20.12.12.,5,급하게 재택근무때문에 사게됐는데 상상이상으로 좋아요!! 옆에는 삼성 넷북인데 윈도우 usb까느라고 같이 찍었는데 크기차이는 엄청나는데 무게는 둘이 비슷해서 그것도 너무 놀랐고 작은 넷북쓰다가 에이수스거 쓰니 시야가 탁트인거같네요ㅎㅎ진짜 가성비 갑인거같아요..인생 세번째 놋북이고 국내거만 쓰다가 해외거 쓰려니 살짝 겁나기도 했는데 너무 좋고 예뻐서 다음에 더 고사양 사게되도 에이수스 사게될거 같아요~! 앞으로 혹시 고장이 나서 AS만 원활히 이루어진다면 완벽할거같네요?,[]
21.01.07.,5,"아주 만족합니다.............
친구아들 선물로 보냈는데 좋다고하는것 같아요............
250자이상 상품평을 써야 사은품 보내준다고 하기에 이리 길게 써보네요.............
디자인도 그렇고 가성비로 좋은것 같아서 구매했구요,......
특히나 예전쓰던 노트북도 아수스인데 잔고장 하나 없어서 다시 구매하게 되었네요.....
사업자님 번창하시고여.........................................",[]
21.01.15.,5,"요즘 노트북대란이라고 하던데 운좋게 비보북 시리즈를 딱 주문했지 뭐에요~! 한 이틀만에 배송 받았고, 윈도우 설치는 남동생 찬스로 했어요! 타이거브레이커인가 타이거레이크인가 뭐시긴가 그거라서 드라이브가 안보인다고 해서 그거도 다운로드 받고 설치하니까 금방 했어요!! 영상시청, 온라인 회의 용도로 산거라 제가 노트북 살 때 딱 봤던게 CPU랑 SSD랑 RAM인데 그거 다 제기준 만족스럽습니다! 동생도 잘샀다고 칭찬해줬어여ㅋㅋㅋㅋ그리고 디자인도... 화이트 원했는데 깔끔해서 너무 이쁘구여, 생각보다 더 가벼워서 좋아요!! 2012년도에 노트북샀다가 올해 다시 사는거라.. 지문인식으로 로그인하는것도 혁명수준으로 좋네여ㅋㅋㅋ ㅋㅋ 이상 시대에 도태되지 않기 위해 오늘도 부단히 노력하는 어른이였습니다!!",[]
21.01.05.,5,"방문수령했습니다.처음 받았을 땐 생각보다 깔끔한 디자인에 놀랐습니다. 크기는 생각보다 작았지만 또한 생각보다 얇은 베젤로 생각보다 큰 디스플레이 크기에 놀랐습니다. 부팅속도가 생각보다 빠르며 이어폰연결이 안 될 줄 알았으나 생각보다 여러 블루투스 기기에 연결이 됩니다. 생각보다 지문인식기능이 편리하게 작용을 하며 생각보다 많은양의 프로세스를 동시에 처리 할 수 있는 성능을 가지고 있습니다. 생각보다 타건감이 우수하며 키보드 백라이트가 생각보다 예쁩니다. 이 노트북을 사용한지 어언 22분, 생각보다 학습용으로는 좋은 노트북이란 걸 깨달았습니다.",[]
20.12.16.,5,14인치 노트북을 계속 사용했기 때문에 이번에도 14인치를 선택했는데~ 15인치 선택해도 괜찮았을것 같아요~ 너무 가벼워서 15인치도 휴대하기 편했을것 같아요~. 아직 윈도우를 안깔았는데 오늘 저녁에 설치해보려고 합니다. 계속 검정색 노트북만 쓰다가 이번에 화이트로 선택했는데 매우 만족합니다. 소리도 거의 안들릴정도로 조용하고 전원 어댑터도 작아서 좋아요~. MSI 라이젠5랑 레노버 동급 모델과 고민하다가 Asus11세대 타이커브레이크로 최종 선택했는데 만족스럽네요~.,[]
21.01.11.,5,"와이프에게 10년만에 노트북 선물을 했네요~~어떤 제품을 살까 엄청 고민하다 가성비 좋은 비보북으로 구입했네요 이 가격에 이 정도급의 노트북을 사서 정말 만족합니다!일단 디자인이랑 스펙은 말할 필요도 없이 알차고 심플해서 너무 좋습니다~~아내가 너무 좋아합니다^^배송도 주말이 낀걸 치면 빨리 받았고 안전하게 택배로 잘 받았습니다!!다만 11세대라서 윈도우와 사운드카드 설치할 때 애를 좀 먹었는데 덕분에 공부도 잘했네요^^i5-11세대라서 거의 i7급의 성능을 느꼈고 화상어플인 줌을 할 때도 49개 화면이 지원되서 좋네요!가격, 디자인, 배송 모든 면에서 만족합니다 완전 강추합니다!!",[]
21.01.09.,5,배송은 로젠택배를 통해서 와서 한 일주일 정도 걸린 것 같아요! 좀 오래는 걸렸지만 현재 로젠택배상황이 좀 안 좋기도 했고 바로 사용할 필요는 없어서 괜찮았어요~~외관은 이렇게 생겼구 다른 화이트노트북과 비교해봤을 때 빛받으면 오묘한 색이 보여서 더 이뻐요 ㅎㅎㅎㅎ 프리도스로 주문했는데 윈도우 설치는 유튜브 검색해보면 자세하게 나와서 어렵지 않게 했습니다. 좀만 찾아보면 되니까 프리도스로 주문하는게 더 경제적일 것 같아용. 지문인식도 되고 어두운 곳에서 노트북을 사용할 때 백라이트 키보드라서 더 편리할 것 같아요. 또 스크린을 뒤로 젖혀도 반사가 적어서 모든 각도에서 스크린이 잘 보여요~~ 이 성능에 이 가격이라 너무 만족스러요 ㅎㅎ,[]
20.12.30.,5,"파손을 방지하기 위해 뽁뽁이 엄청 둘러주셨고 배송문의 했을 때도 친절하고 빠르게 연락 받았습니다!노트북에 대해 잘 몰라서 친구에게 추천 받은건데 가격도 만족스럽고 가볍습니다.디자인도 예쁘고,, 겉모습은 저에게는 합격! 컴퓨터 킬 때 빠르고 지문인식도 좋습니다.키보드가 괜찮아서 타자칠 때 만족하고! 엔터키가 노란색인게 포인트 같아서 귀엽습니다. ㅋㅋㅋㅋ화면도 잘 보이고 다운 속도도 빨라서 기능도 합격!입니다.충전기도 깔끔하게 정리되어 온 것도 좋았습니다.배경화면 바꾼건데 화면도 잘 보인다는 것을 확인할 수 있습니다!",[]
21.01.30.,5,비보북 잘 받았습니다!! 대학 때만 쓰려고 외국 브랜드 샀는데 그 이후에도 잘 쓸 것 같네용 가격도 싸고 가성비 굿굿입니다테런 잘 돌아가요!!! 화이트 깔끔하니 이쁘고 타자도 치기 좋은 간격이더라고요 이거 진짜 맘에 들어요 타브랜드 노트북 타자 치기 힘들더라고요 예정보다 일찍 받아서 더 좋네요!! 다음에도 에이수스 써야할 것 같네요 ㅠㅠ!! ?,[]
20.12.31.,4,지인 추천으로 구입했습니다. 눈이 내려서 그런지 배송은 조금 걸려서 보통이라구 적었습니다..하지만 포장도 꼼꼼하고 상자두 찌그러진곳도 없어서 그런지 기분이 왕창 좋더라구용. 사은품으로 넣어주신 마스크와 손소독제도 감사히 잘 사용하겠습니다. 오늘 받아서 많이 사용은 안해봤자만 윈도우 설치가 잘 되지 않아서 당황 ;;했던거 말곤 좋아용..부팅속도도 완전 빠르고 모두모두 만족해요. 이 정도면 가성비 최고의 노트북인것 같아요..,[]
21.01.12.,4,"컴퓨터가 갑자기 고장나서 급하게 좋은 노트북 알아보다가 알게 되었는데요. 가성비가 엄청 좋은 노트북이라고 해서 샀어요. 윈도우 설치가 안되있어서 많이 걱정했었는데, 구매하니 윈도우 설치할 수 있게 설명도 자세히 알려줘서 돈 더 안들이고 윈도우도 쉽게 설치할 수 있게 되었어요. 무게도 다른 일반 노트북들에 비해서 가벼워서 휴대하기에도 좋네요. 좋고 최신식인 노트북을 저렴한 가격으로 살 수 있어서 특히 좋은거 같네요.ㅎㅎㅎ 서비스센터도 생각이 많이 들었는데 주변 곳곳에 많이 있어서 더욱 안심해서 쓸 수도 있네요. 최신식인 지문인식도 있네요.",[]
20.12.10.,5,"가볍게 문서 작업도 하고, 영화도 보고, 인터넷 서칭도 할 용도로 노트북을 찾다가 발견했습니다. 배송도 빠르고 포장상태도 꼼꼼하게 왔더라구요. 유명한 브랜드라서 좋아요. 요새 코로나 때문에 힘들잖아요. 밖에도 못나가고, 연말/크리스마스 맞이 아들녀석 위해 샀어요. 무게 들어보니까 가볍고 좋네요. 상품평 이벤트로 들고다닐 때 유용한 노트북 파우치도 있었으면 좋았을 거같아요^^(아이디어) 사장님 번창하시고 힘든 시기에 다 같이 조금 더 힘을 내봅시다. 언젠가 지나가겠죠.",[]
21.01.12.,5,"배송은 생각보다는 칼배송은 아니었습니다. 3일정도 소요된것 같아요. 윈도우 설치는 컴퓨터의 ㅋ자도 모르는 저도 했으니 누구나 다 할수있을듯 합니다. 애초에 게임 등 고사양은 필요가없었는데, 지금 스펙도 재택근무 영상시청등에는 차고 넘칠것 같구요. 디자인 깔끔하니 이뻐서 너무 맘에들어요! 같이온 스티커는 안붙일듯!ㅋㅋ 다른 노트북 예약판매 때문에 구매 못하다가 급 이 제품으로 구매했는데 후회 없습니다. 너무좋아요! 잘쓰겠습니다~",[]
20.12.18.,5,배송은 바로 하루만에 왔어요- 문서작성 가끔 동영상보고 웹서핑용으로 다른 브랜드와 엄청 비교해보고 주문한건데 만족해요~ 들고다니기도 좋을꺼같아요 윈도우 까는데 좀 애먹었지만 아수스홈에서 타이거레이크 검색해서 보면서했더니 잘 깔렸어요~ 가성비로 쓰기 좋은 노트북같아요.,[]
20.12.12.,5,진짜 컴알못에다가 친구 선물로 노트북 사무용으로 쓸게 필요햇는데 너무너무 좋다고해서 열심히 찾아본 보람이 있네요 안전하게 포장되어서 온것부터해서 배송까지 빠르고 성능도 좋고 가격까지 완벽하니 이보다 더 좋은 상품이 없네요 안에 들어있는 스티커들도 너무너무 귀엽습니다!! 좋은 노트북으로 앞으로 하는일이 다 잘되었으면 좋겠습니다!!,[]
21.01.03.,5,"배송이 진짜 빨라요!!! 하루만에 도착했어요...
제가 다른 지역에 출장갔다 오느라 이제 개봉하고 이제 후기를 남기네요ㅠㅠ
일단 가장먼저 디자인이 너무 예뻐요ㅠㅠㅠ 컬러 자체가 너무 블랙이 아니고 약간 남색?? 같은 느낌이네요.. 고급스러워요.... 그리고 프로그램까느라 쪼금 고생하긴 했는데 그래도 너무 만족합니다! 부팅속도는 물론 전반적인 노트북 속도도 빠르고 무게도 가볍네요! 저는 무게 때문에 14인치 선택했는데 이정도 무게면 15인치도 괜찮았을꺼 같아요!!
비보북이 왜 가성비 노트북인지 알겠습니다ㅠㅠㅠ 너무 만족합니다! 할인도 많이해주시고 판매해주셔서 감사합니다😄",[]
21.01.30.,5,오늘 받자마자 계속 노트북만하다가 이제 후기를 작성해보아요노트북이 너무 이쁘고 사이즈도 딱 적당해서 너무 좋고 들고다니기도 편할거 같아요 처음에는 종이를 발견하기 전에는 윈도우 까는데 어려웠는데 뒤늦게 종이를 발경한 후 윈도우 까는 방법의 블로그가 있어서 어려？m던 윈도우도 쉽게 깔 수 있었던것 같아요 너무 만족합니다!! 고민중이시라면 고민하지말고 사셔도 될것같아요!! 앞으로도 잘 사용하겠습니다 감사합니다,[]
20.12.18.,5,온라인강의 수강을 위해 여러 노트북을 보던 중 처음엔 다른 노트북을 선택했지만 배송이 너무 느려 취소하고 아수스노트북으로 갈아탔습니다. 배송은 예상보다 1일 늦긴했지만 상당히 좋습니다.바꾸지않았다면 두고두고 후회할뻔했네요. 저는 화이트색상으로 주문했는데 빛이 반사되면 마치진주같아요!!반해버렸습니다.사진으로 담아 보여드리고싶은데 제가 똥손이라 잘안나오네요ㅠㅠ인텔11세대라 윈도우 설치할때 드라이브따로 잡아주는 것도 어렵지 않게 잘 마무리했습니다 ㅎㅎ 바로 사용해봤는데 만족합니다. 소음도 잘 들리지않네요.앞으로 가 더욱 기대됩니다 ㅎㅎ,[]
20.12.23.,5,지금 바로 구매가능한 노트북 중에 제일 가성비 좋은 제품이라고 생각합니다! 전부 예판이라서 조금 기다리려고했는데 아수스 비보북이 떠있어서 바로 구매했어요. 윈도우 미포함이라서 더 저렴하게 구매할 수 있어 좋습니다 :) 문서작업도 잘 되고 롤 해봤는데 끊김도 없이 잘 돌아가요! 좋은 제품 싸게 판매해 주셔서 감사합니다. 잘 쓸게요~,[]
21.01.08.,5,좋은 물건이라 너무 만족합니다!!정말 켜고 끄는데 드는 시간이 정말 빠르고요 다운로드와 업로드 하는데도 정말 빠릅니다 !!남편이 추천해줘서 구매한 제품인데 앞으로 공부하구 과제하는데 정말 유용하게 쓸 수 잇을것 같아서 너무 조아요 ~~!!ㅎㅎ고민하시는 분이 잇으시다면 고민안하시구 사셔도 될 것 같아요 ^^!! 아 그리구 배송도 너무 빨리 잘 해주시구 궁금한 부분도 바로 대답해주셔서 너무 좋앗어요^^!!정말로 강추합니다!! 앞으로도 번창하세요 ^^!!,[]
21.01.02.,5,ASUS노트북 처음 사봤는데 디자인 깔끔하고 포장도 잘 해서 보내주셔서 만족도가 높습니다. 인텔 CPU는 11세대 되서 그런지 자체 그래픽 성능도 많이 올라간 것 같고... 처음에 드라이브 잡는데 고생했지만 가이드도 잘 해주셔서 어떻게든 잘 따라간 것 같습니다. 자택근무하면서 잘 사용할 수 있을 것 같습니다. :),[]
20.12.09.,5,"인강용, 문서 작업용으로 가성비 노트북 이것저것 많이 찾아보다가 Asus vivobook 구매했습니다. 첫 노트북으로 산건데 대만족이에요 ㅎㅎ 컴퓨터를 잘 알지 못하지만 제 기준 디자인, 무게, 성능 모두 마음에 듭니다. 배송은 하루 정도만에? 엄청 빠르게 왔고 노트북이 다치지 않게 꼼꼼하게 포장돼서 왔어요 ㅎㅎ 친구랑 똑같은걸로 흰색 검은색 같이 구매했습니다. 두가지 색 중에 고민이신 분 참고하세요~~(두가지 색 모두 이뻐요!!)",[]
21.01.06.,5,"화이트랑 검정중에 고민 엄청 했는데, 검정 넘 이뻐요~ 숫자키 없어서 그것도 고민했는데, 마우스패드에서 그 기능을 해준다고 해서 또 반가웠구요~ 지문인식하는것도 짱 좋아요!!성능대비 이런제품 이가격에 구입하게 되어 넘 감사합니당~아참 배송도 엄청 빨리 왔습니다!! 매우매우 만족합니다~",[]
21.01.08.,5,이번에 대학입학하는 딸 노트북 구입하려고 거의 한달을 알아본거같아요 넘 힘드네요ㅠㅠlg부터 삼성까지 온라인몰에서 오프매장까지ㆍㆍ처음에는 아무것도 몰라 외관만보다가 cpu나 램용량등 챙겨봐야 할게 많다는걸 알았어요cpu종류는 인텔일것ㆍ램은 최소 8기가 / 256gb이상그리고 무게까지이제품 보고먼저 샀던 삼*갤북 왕복 택배비 물고 취소하고 이제품 사게되었고 하루만에 받아서 빠른 배송도 마음에 드네요딸아이 넘 이쁘다고 좋아하는거보니 뿌듯하네요이사양에 가성비좋은 아이수스 노트북 강추합니다^^,[]
21.01.30.,5,비보북 잘 받았습니다.예상 시간보다 삼주가까이 더 빨리 도착해서 좋았어요생일 선물할거 였는데 재때 도착해서 다행입니다.발열은 조금 있을거 같고 소음은 보통인거같습니다.제 노트북보다 좋은데 제꺼랑 바꾸고싶네요 ㅋㅋ가격도 제일 싸고 성능도 훌륭해서 미리알았으면 저도 비보북 샀을듯 합니다 ㅎㅎ사업많이 번창하세요!!!,[]
20.12.12.,5,일단 목요일에시켜서 토요일일에 받았구요가볍고 예쁩니다엔터키는 노란색인줄알았는데 형광색에 더 가깝구요윈도우 설치하는데 좀 애 먹었어요ㅠㅠ 11세대에서 나타나는 문젠가 보더라구요아직 설치중이지만 잘되겠죠? 안되면 고객센터 문의해야겠어요,[]
20.12.26.,5,우선 주문과정중에 친절히 대해주시고 제품 수령 후 문의에도 적극적이고 너무 친절하게 응대해주셔서 이 부분에서 대만족이에요. 일단 팔고 개봉하고 나면 태도 변하는 분들도 있을법한데 이 곳은 처음부터 끝까지 친절하셔서 노트북 잘 모르는 저에게는 진짜 너무 감사하네요^^ 배송 빨랐고 제품도 하자없는 새상품이고 윈도우 설치까지 다 잘 되어서 감사히 잘 사용하겠습니다^^ 인터넷 구매가 불안했는데 그런 마음 싹 사라졌네요 ㅎㅎ 복 많이 받으시고 번창하세요!!,[]
21.01.09.,5,배송 정말발라요!! 토요일 도착예정이라 나왔는데 금요일날 도착？L습니다ㅎㅎㅎ 깔끔한거 좋아하는데 너무 만족합니다 친구도 너무 잘샀다고 하네요ㅋㅋㅋㅋ 매번 완제품만 사다가 처음으로 프리도스 샀는데 요즘 설명이 엄청 잘되어있어 손쉽게 윈도우 설치까지 완료했습니다. 이제 한글이랑 엑셀 등만 설치하면 완벽하네요ㅎㅎ 키감도 너무 좋고 생각보다 더 가볍습니다 무거울까봐 14인치샀는데 15인치 샀어도 됐을듯근데 별거 하지도 않았는데 팬이 생각보다 자주 돌아가네요ㅠㅠ그거말고는 전부 다 만족입니다!!,[]
21.01.16.,5,배송은 빨리보내주셨는데 요즘 택배대란이라 좀기다렸어요ㅠ 제품은 진짜마음에들어요!! 가격대비 성능 모양 뭐하나 빠지는것 없습니다. 속도아주빠르고 그간 성능떨어지는거 붙잡고 스트레스받은거 생각하면 진즉살걸그랬어요. 추천합니다!!,[]
20.12.16.,4,아이 온라인수업을위해 주문했는데 재고확인하고 주문했는데 배송예정일에 아무런 연락도 없이 배송되지 않고 배송상태도 조회되지않아 불안했는데 다음날 배송상태도 좋게 도착해서 다행이였지만 그래도 별하나 차감~제품 가볍고 사이즈도 적당합니다속도빠르고 사운드도 좋습니다타자감도 좋고 산뜻한 노란 엔터키를 아이가 참 좋아합니다지문인식 로그인도 잘 인식되고저처럼 아이 온라인수업을 위해 구매를 고려하고 계신분들에게 추천하고 싶은~여러가지로 좋은제품 잘 구매한것 같습니다~^^,[]
20.12.04.,5,일단 무엇보다 배송이 정말 빨랐어요! 가격대비 속도도 엄청빠르고 지금 이틀 쓰고있는데 사기 전에 다양한 업체들 많이 고민했었어요 근데 선택하길 잘한것 같아요! 화면사이즈도 넉넉하고 무엇보다 이 가격에 가장 최신 CPU라는 점이 젤 좋았어요,[]
21.01.11.,5,가격대비 괜찮고 배송도 빠르다고 해서 주문했어요.무게도 생각보다 가볍고 색상도 다 맘에 듭니다.중학생 아들이 첫노트북으로 이걸 추천해서 사길 잘한것같네요. 그런데 AC충전짹 3구가 배송되어 당황했네요.3구 보내고 2구 받기로했는데 배송이 늦어 그부분이 조금 아쉽네요.상담원 친절하게 잘 응대해주셨어 감사드립니다.~^^,[]
20.12.14.,5,"일단 아주 신속한 택배 배송에 감동 받았습니다. 코로나19
시기에 하루만에 도착했습니다... 감사합니다..
애들 영상강의, 교욕용, 및 개인적으로 사용하기 위해서 구입했습니다.. 최신최고의 사항으로 무장한 성능에 적당한 크기의 아담하고 세련된 디자인 정말 잘 만들 노트북 입니다..
지문인식 기능도 있고 참으로 좋은세상입니다.
노트북을 구매하기에 많은 고민을 했습니다. 가격 / 성능 / 활용성 / 휴대성 / 앞으로의 가치 등등 고민을 2주 동안 했습니다. 결과적으로 합리적으로 잘구매 했다 생각하고 만족합니다.",[]
21.01.14.,5,가지러 갈걸 후회했어요ㅠㅠ 서울에서 서울택배인데 대전까지 거쳐오는 로젠택배 그는 도대체...색 진짜 예쁘구요 개빨라요ㅠㅠ 그램이제 던져버림팬돌아가는 소리가 쫌 중간중간 있긴한데 뭐 노상관입니다잉일단 n년동안 잘 버텨보자 비보야,[]
21.01.06.,5,우선 빠른 배송이 너무나 마음에 듭니다. 12/30에 주문하서 12/31 에 안오면 1/1 껴서 늦게 올텐데.. 하면서 걱정했는데 비로 다음날 딱 도착했습니다. 우선 빠른 배송 너무나 만족스럽습니다. 그리고 노트북 가볍고 성능도 제가 게임이나 이런걸 잘 하지 않아서 가성비 좋게 구매한거 같습니다. 너무나 만족스럽습니다. 추천 !,[]
21.01.02.,4,가격대비 좋은 것 같아요!! 아직 사용은 안해봤지만 디자인은 넘 예뻐용~~ 무게는 알고 샀지만 그래도 좀 무거운거같긴하네요ㅜㅜ,['https://phinf.pstatic.net/checkout/20210102_50/1609576542049wD8Hs_JPEG/review-attachment-0c7c2cda-2a35-42ed-a2d2-6ff6f828ca62.jpeg?type=f287']
20.12.24.,5,노트북 사양도 좋고 가볍고 크기도 작아 매우 만족합니다,['https://phinf.pstatic.net/checkout/20201224_38/1608737384730WqQ0I_JPEG/review-attachment-16c45d8c-4d92-45ff-b306-a08f557acf18.jpeg?type=f287']
20.12.23.,5,오래된 노트북 교체를 위해 구매하였습니다. 배송도 빠르고 처음 윈도우 설치하는데 다소 헤매기는 했지만 금방 해결했습니다. 속도도 빠르고 좋네요~ ^^ 만족합니다!,['https://shopping-phinf.pstatic.net/20201225_24/bce8057a-fdab-47a2-aa3b-4bbb25f87019.jpg?type=f287']
20.12.24.,3,그래픽 드라이버는 다시 설치해야하는건가요?,['https://phinf.pstatic.net/checkout/20201224_281/1608811105267SrF1G_JPEG/review-attachment-28dc1f3b-c8c2-4ecf-b1e7-fbe41e4151c6.jpeg?type=f287']
20.12.07.,5,"깔끔하구 좋아요.
인텔 11세대 cpu라서 윈도우 설치시 고생을 좀 했지만요.",['https://phinf.pstatic.net/checkout/20201207_218/1607303012693pxISX_JPEG/review-attachment-7c175072-ed52-44b3-b0b4-a6e096807dde.jpeg?type=f287']
20.12.16.,5,배송 빠르고 만족합니다.,['https://phinf.pstatic.net/checkout/20201216_50/16080937535492LQED_JPEG/review-attachment-57fe5f01-c376-41d3-a216-4c9b4cdd075a.jpg?type=f287']
20.12.18.,5,가격 제품 배송 좋아요 ^^,['https://phinf.pstatic.net/checkout/20201218_224/1608269527457daRgx_JPEG/review-attachment-7b931d5f-eb2f-43cb-a59e-e06abeb52219.jpeg?type=f287']
21.03.23.,5,가성비 최고네요..가볍고 얇고 빠릅니다..,[]
21.03.17.,4,노트북잘받았습니다. 물량때문에 배송이 느린거 빼고는 만족이네요. 잘쓰겠습니다.,[]
21.03.03.,5,배송이 좀 늦긴했지만 상품은 가볍고 성능도 괜찮아요,[]
21.03.08.,5,빠른 배송으로 물건을 잘 받았습니다.,[]
21.03.11.,4,잘 받았습니다. 깔끔하고 좋네요,[]
21.03.12.,5,빠른배송맘에듭니다,[]
21.02.25.,5,디자인 이쁘고 생각보다 작고 가볍네요인강용으로구매했는데 큰아들이 좋아합니다자판 터치감도 좋고 색도맘에들어요번창하세요,[]
21.02.25.,5,생각보다 빨리받았어요 드리미 화이트도 색깔 예쁘네요 잘쓰겠습니다,[]
21.02.14.,4,남편이 이것저것 찾아보고 가성비갑이라고 해서 샀는데 기대가 컸어서 였을까요.. 가끔 깝박 거립니다. 처음 열면 인터넷 연결이 좀 느려요.그 두가지빼고 쓸만합니다!,[]
21.02.18.,5,사용하던 노트북이 고장으로 급하게 주문했는 빠른 배송으로 안전하게 잘 받았습니다. 사이트 참고해서 윈도우 잘 깔았고요 디자인도 성능도 깔끔하니 마음에 듭니다^^,[]
21.02.19.,5,"개봉하니 화이트 색상이라 이쁘고 만족스러웠어요. 윈도우 설치할때 꽤 힘들었지만, 동봉된 안내지의 블로그 글을 따라하니 그리 어렵지는 않았어요. 만족스럽네요.",[]
21.02.18.,5,사양 좋습니다. 노트북 가성비 최고구요 아쉬운건 램이 추가 불가한것 하나 빼면 갑이라 생각됩니다.,[]
21.02.27.,5,예상보다 빠른 배송.친절한 상담.기대보다 좋은 성능.로젠은 글쎄...,[]
21.02.02.,5,"예상 기일보다 엄청 빨리 왔네요. 윈도 설치 시 좀 까다롭기는 했지만, 동봉된 설명서 링크대로 블로그 찾아가 시키는 대로 하니 그리 어렵지 않게 윈도 설치할 수 있었습니다.",[]
21.02.04.,4,가성비는 좋은데 메모리 업그레이드 부분이 아쉽네요.,[]
21.01.16.,4,"가지고 있던 노트북이 오래되어 구매했는데, 성능은 대단히 만족스러워요. 윈도우 설치하는 것은 판매자님이 알려주신대로 차근차근했더니 문제없이 잘 됩니다. 다만, 택배사 문제로 배송이 느려서 많이 아쉬웠어요.",[]
21.01.19.,4,정말 이쁘고 만족합니다,[]
21.02.01.,5,잘 받았습니다 감사합니다 좋아요 ㅎㅎ,[]
21.01.07.,4,발열 관리라고 해야하나....프로그램 두어개 돌리니까...팬소리가 살짝 거슬리네요...그래도 가성비는 짱인듯...합니다,[]
21.01.01.,5,일단 이정도 가격에 이런 스펙에 노트북은 찾기 힘들듯합니다. 지금 이것 저것 설치하고 사용해봤는데 빠르네요디자인도 마음에 듭니다,[]
21.01.11.,5,장점 가격이 저렴하고 되게 성능도 좋아서 만족단점 생각보다 무게중심이 그래서그런지 무겁게 느껴짐,[]
21.01.02.,4,주문한지 5일만에 받았어요. 윈도우10 까는데 아주 고생고생 생고생을 했네요. 이후 구매자들이 고생 않도록 설명서를 첨부해주면 도움이 될듯합니다. 노트북은 좋습니다.,[]
20.12.31.,5,로젠택배라 늦게오긴했지만 제품도 이쁘고 좋은거같아요잘쓸게요,[]
