"798,050"
date,star_point,comment,photo
21.03.21.,5,부팅 엄청 빠르고 좋네요.처음 윈도우10 설치 안될때 하드드라이브가 안잡혀서 약간 당황했지만 검색찬스로 해결하고 이후 셋업 끝나고 속도 엄청 빠르고 좋네요. 제가 업무할때 쓰고 싶을정도로 빠르고 좋네요. 하... 가성비 최강입니다. 굿굿,[]
20.12.26.,4,"프리도스로 구매할 경우,
1.Intel Rapid Storage Technology(IRST) 드라이버 다운 및 압축해제 (Intel11에서 Driver 인식 시켜줌)
2.윈도우10 설치 USB 제작
3.윈도우10 설치 USB에 IRST 파일(압축해제) 복사
4.IRST 파일 설치 > 윈도우10 설치 진행
5.ASUS 홈피에서 HDMI Graphic Driver 설치
(추가 모니터 연결시 인식 시켜줌)
*설치 하실때 마우스 연결 후 진행하시는게 좋습니다.",['https://phinf.pstatic.net/checkout/20201226_119/1608991415735DFERh_JPEG/review-attachment-6c67d8b8-0a9c-40e8-bbdf-5c1d3b6edf8a.jpeg?type=f287']
20.11.26.,5,가격 검색했을때 여기가 제일 싸서 구매했어요.프리도스로 구매하고 윈도우 따로 구매하여 설치할까 생각했는데 윈도우 설치하고 기타 드라이버 설치하기 귀찮아서 윈도우 설치로 구매하였어요.파티션도 요청하대로 해 주셨고 추가로 구매한 램도 제가 잘못 주문했는데 전화로 친절하게 알려주셔서 잘 구매할 수 있었어요.,[]
21.01.17.,5,가볍고 좋아요~ 초등생이 하기에도 편하네요,['https://phinf.pstatic.net/checkout/20210117_166/1610852109979wKb9q_JPEG/review-attachment-085605bd-bb5f-4773-8023-21a4abd03dbc.jpeg?type=f287']
20.12.24.,5,와 굉장히 괜찮네 드라이버 미리 아수스 홈페이지에서 다운받으세여,['https://phinf.pstatic.net/checkout/20201224_270/1608802145064u5x6I_JPEG/review-attachment-71723324-77e9-4054-8e29-d948a34c2fee.jpeg?type=f287']
20.12.25.,5,설치완료 잘 돌아갑니다,['https://phinf.pstatic.net/checkout/20201225_49/1608893451641NUNeG_JPEG/review-attachment-19c9173f-8876-4ddb-ab27-98431a4c6165.jpeg?type=f287']
20.12.24.,5,좋아요. 만족합니다.,['https://phinf.pstatic.net/checkout/20201224_125/1608793805420gsUYg_JPEG/review-attachment-52de3c9d-e790-475c-8700-0557433b697a.jpeg?type=f287']
20.12.20.,5,아주 좋습니다 ㅎㅎ,['https://phinf.pstatic.net/checkout/20201220_205/1608409586122nRphJ_JPEG/review-attachment-a0f555e5-abd6-4c7d-aa99-66c82aba6769.jpeg?type=f287']
21.01.02.,5,"운영체제 까는업체어 부탁해서 깔았어요
업체에서 힘들게 깔았어요
리뷰 참고해서 잘설치했어요
리뷰남겨주신분 너무 감사해요^^",['https://phinf.pstatic.net/checkout/20210102_174/1609565302134hectp_JPEG/review-attachment-4c02c952-f5d9-4038-b3e7-3cd276f86e0c.jpeg?type=f287']
20.12.01.,5,빠른배송 좋은 상품 안전하게 배달왔네요,['https://phinf.pstatic.net/checkout/20201201_75/1606815400001SoRH5_JPEG/review-attachment-96073a7c-1480-427a-a601-b74bbb926bc1.jpeg?type=f287']
20.11.24.,5,디자인이 블링블링한게 이뻐여 성능도 괜춘,['https://phinf.pstatic.net/checkout/20201124_225/1606206288156WDr9p_JPEG/review-attachment-15b8affb-7344-4bdc-91cd-bf1a46c1534a.jpeg?type=f287']
21.02.27.,4,블랙색상(실제로 진한 네이비색)을 받았는데아쉬웠지만 예쁜색이고 성능은 참 좋습니다,[]
21.03.02.,5,배송도 빠르고 제품도 너무 좋네요 잘쓸게요~,[]
21.03.01.,5,"좋아요. 빠른 배송, 깨끗한 화면, 심플하고 세련된 디자인, 빠른 속도감, 싼 가격에 구입.",[]
21.02.12.,5,저렴한 가격에 잘샀네요. 배송도 예약 판매보다 빠르고맛족합니다.,[]
21.01.27.,5,배송도 빠르고 본체상태도 좋네요,[]
21.01.27.,3,os설치하고 프로그램도 설치하고.. 조용하니 좋네요,[]
21.01.14.,5,빨라서 좋습니다요!,[]
20.12.28.,4,가성비 좋습니다~!!,[]
20.12.16.,4,"인텔11이라서 그런가 처음 세팅할 때 설명안내도 없고 힘들었지만,
전체적인 성능은 좋습니다.",[]
21.01.19.,5,배송도 빠르고 직원분이 상담도 친절히 잘 해주셔서 빠르게 잘 받아 보았습니다 감사합니다 ~^^,[]
20.12.27.,4,처음에 어떻게해야할지몰라서 좀많이당황스러웠습니다 이쁘긴이뻐요,[]
21.01.04.,5,"노트북 짱짱 좋으네요...
집에서 사용하기에는 너무 딱 좋은듯.....",[]
21.01.04.,4,"가격대비 가성비 좋아요
디자인도 만족입니다",[]
20.12.31.,5,가성비로 샀는데 넘 좋고 잘쓰고 있어요,[]
20.12.14.,5,"가성비굿! 굿굿
후회안합니다",[]
20.12.29.,5,정말 잘 구매했습니다.,[]
20.12.29.,5,가성비 제품은 비보북,[]
21.01.01.,5,좋아요,[]
20.12.18.,4,괜찮. 프리도스 제품구매자는 윈도설치시 11세대 씨피유의 드라이브 미인식 이슈가 있으니 검색해서 관련파일 받길바람,[]
20.12.30.,4,감사합니다 잘 받앗습니다 윈도우는 개인적으로 깔앗고전반적으로 잘 사용하고잇습니다,[]
20.12.12.,5,배송은 엄청 느렸지만 제품이 좋아요,[]
20.12.02.,5,노트북이 가격 대비 너무 좋은 성능과 디자인을 가지고 있습니다. 배송도 하루 만에 도착하였습니다. 강력 추천합니다.,[]
20.12.09.,5,제품 성능좋구요 만족합니다,[]
20.12.03.,5,가성비 좋은것 같습니다. 배송도 빠르네요,[]
20.12.19.,5,빠른배송 감사합니다,[]
20.12.04.,5,빠르게 잘 받았습니다,[]
