"979,000"
date,star_point,comment,photo
21.02.18.,5,"10년된 노트북이 이제 삐걱거려 새로운 노트북을 드디어 새로운 노트북을 구매하려고 여기 저기 이 브랜드 저 브랜드 비교해 보다가 이 노트북으로 선택해 오늘 받았습니다~
역시 새 노트북이라 엄청 빠르구요. 화면 크기도 시원시원 합니다.
디자인도 촌스럽지 않구요. 펜은 요래조래 굴리다 보면 찰싹 달라 붙어서 편해요.
태블릿 모드도 되서 활용도가 아주 높을 것 같아요.
잘 쓰겠습니다~!!","['https://phinf.pstatic.net/checkout/20210218_166/16135765117799uvmb_JPEG/review-attachment-2df4822d-7610-4511-9b55-5415e8f271e9.jpeg?type=f287', 'https://phinf.pstatic.net/checkout/20210218_176/1613576512951gXYV0_JPEG/review-attachment-d33cce83-77d3-42c5-b127-f4cabf67a5a4.jpeg?type=f287', 'https://phinf.pstatic.net/checkout/20210218_233/1613576513448oxc76_JPEG/review-attachment-227a91cc-74f6-4823-8865-0763660a1d30.jpeg?type=f287', 'https://phinf.pstatic.net/checkout/20210218_149/1613576513320gDG8d_JPEG/review-attachment-c7333eb6-c254-4891-b98e-ce4352a5788a.jpeg?type=f287', 'https://phinf.pstatic.net/checkout/20210218_277/16135765129132RWSF_JPEG/review-attachment-bb6926bf-a660-4dc7-89f5-87f3d693d3b8.jpeg?type=f287']"
21.03.03.,5,"HP 파빌리온 x360 14 - DW1050TU
저희 막내딸 초등학생이라 핸드폰으로 수업하다 태블릿을 사달라고 졸라돼서 고민고민하다 무엇을 사줄가 생각하다보니 , 태블릿 가격도 생각보다 비싸고 효율성도 떨어진다는 생각에 노트북이 괞찮겠다 생각했습니다. 그러나 아이들 생각이란 죽어도 태블릿 사야한다고 어찌나 떼쓰는지 아빠입장에서 태블릿으로 가야겠다 생각한 찰라 2in1 엘지그램 티비광고가 나오는데 저거다 라는 생각이 들었습니다. 이리저리 알아보니 가격 대가 만만치 않게 비싸고 삼성역시 비싸고, 포기하다 hp파빌리온 x360보고 이거구나 애한테 물어보니 태블릿기능도 좋아하고 색상도 마음에 들어하고, 좋아해서 주문하고 배송와보니 애 뿐아니라, 제 맘에도 쏘옥 들더라고요. 이만한 가격에 성능좋고 태블릿기능 동시에 노트북 태블릿이 한꺼번에 생겼네요. 무엇보다 우리 딸이 좋아해서 무척 기쁘네요 많이 파세요",['https://shopping-phinf.pstatic.net/20210304_23/7c08be59-55c4-4c2e-ba3a-6eb29baa1e10.jpg?type=f287']
21.03.01.,4,"인강용으로 구입/최신11세대i5 램8gb SSD512gb 텃치스크린 텃치펜(자석기능) 태블릿 기능/화면이 일반IPS 보다 더 선명하네요/베젤이 적어 크기도 작음/백라이트 키보드/AS도 잘돼요 기존 노트북 2대도 HP 내장 밧데리 교체/
국내 S사L사 대기업 제품 대비 성능 가격 최고입니다.
조금 부족한 점은 내장그래픽으로 게임용 아님, 14인치로 숫자키가 없슴
학생용 사무용으로 적합해 보이며 영화,문서,인터넷,파워포인트,엑셀,한컴등 일반적인 업무에 적합하며 펜기능 활용하면 그래픽,기록면에서도 탁월할 것으로 생각됩니다.HP노트북 2대 6년간 현재도 사용중으로 수명도 길은 것 같아요.","['https://shopping-phinf.pstatic.net/20210302_26/b7e4074b-2300-4ff8-8b24-5e93df2930c8.jpg?type=f287', 'https://shopping-phinf.pstatic.net/20210302_17/1e4b18c7-c21b-49dd-93c6-1e39487f63f6.jpg?type=f287', 'https://shopping-phinf.pstatic.net/20210302_21/8f44d3de-eca5-4ff5-a428-3776fdaf5b1a.jpg?type=f287']"
21.02.21.,5,"신비로운색상 합리적가격에 소음적고 가벼운 hp파빌리온 노트북을 만나게되어서 너무기쁩니다.
일단 가성비 좋은제품인거 같고요^^
코로나 19로인한 언택트 시기에 아주적절한 구매타임인거 같고요...
아이들 교육, 어학공부와 여행계획짜기에 유용하거 같고용 원래 구매목적은 주식투자용, e신문 보기였는데 더 활용도가 높은거같네요^^
어서 노트북들고 도서관이나 스타벅스가서 펼처놓고 멋드러지게 두들기고 싶네용^^","['https://shopping-phinf.pstatic.net/20210222_14/37720cb9-8b76-42c2-92fa-8f5a2240efbd.jpg?type=f287', 'https://shopping-phinf.pstatic.net/20210222_20/45feda0d-69e0-4c79-bc01-4464ad24090a.jpg?type=f287']"
21.03.18.,5,타사 제품에 비해서 가성비가 정말 좋아서 대만족이었습니다!! 특히 360도 회전하는 기능 덕분에 동영상 볼 때 편하게 시청할 수 있어서 제일 좋았습니다. 이 기능을 기대하고 구매했던 건데 최고였어요~ 디자인도 깔끔하고 색깔도 예쁘고 여러모로 만족스러웠습니다. 노트북+태블릿 모든 기능 완벽합니다^^ 배송도 빨랐어요 최고최고!!,"['https://shopping-phinf.pstatic.net/20210319_18/51fba430-636c-4d56-90dd-2c75c0d0ab9b.jpg?type=f287', 'https://shopping-phinf.pstatic.net/20210319_10/5c855192-3a5c-4f57-bfe2-ea6ff60dcc6c.jpg?type=f287']"
21.03.11.,5,"태블릿 모드가 지원되는 노트북을 기본 개념으로 생각하고 예산은 100만원 남짓. 그 중에서 가장 성능이 뛰어난 제품을 찾았네요. dw1050tu 입니다. 역시 가성비는 HP를 못따라가는 듯. 이 제품도 색상이 여러개 있어 보였는데, 저는 과감하게 블루를 선택했습니다. 생각보다 실물을 영접하니 더 마음에 드네요. 뭐랄까.. 비비드한 느낌인데 암튼 은은하게 매력있습니다. 씨피유는 11세대 최신이고 무엇보다 터치가 되는게 좋습니다. 그리고 요즘은 정품 윈도를 써야한다는 소리에 윈10 포함제품이라 다행이네요. 받자 마자 별 수고 없이 바로 사용할 수 있었어요. 주변에 추천하고 싶은 노트북입니다.",[]
21.03.14.,5,"딸 아이 ZOOM 수업을 위해 구매함. 일단 삼성과 엘지를 고민했으나, 가성비와 윈도우가 포함된 점을 감안해서 HP를 구매함. 삼성과 엘지는 업그레이드가 편하게 되어 있는데 HP는 그렇지 못한 점 때문에 향후를 고려하여 메모리를 16기가로 업그레이드해서 구매함. 주변에 2020년 모델을 사용하신 분이 가성비로 추천해 줘서 구매함. 액정보호필름 2장을 구매했으나, 2장 다 실패함. 파우치도 같이 구매했으나, 아마 사용은 하지는 않을 것 같음. 사은품으로 주는 마우스도 음.... 일단은 사용하겠지만 아마 조만간 구매해야할 것 같음. 결론은 노트북은 화면, 터치스크린, 윈도우 포함해서 이 가격이라면 가성비는 매우 높음 주변에서 물어보면 추천할 의향 있음. 악세사리는 추천하긴 어려울 것 같음.",[]
21.02.16.,5,스크린 터치가 되는 제품을 알아보다가 샘송 엘지는 가격이 좀 넘사벽이었죠. 할부의 노예가 되기 시러서 알아보던 중 눈에 띈 아이. 파빌리온 X360 입니다. 몇가지 시리즈가 있던데 저는 SSD 용량이 256은 부족해서 512인 이모델을 선택했어요. 제품 알아볼 때는 갈등을 했지만 주문은 바로 신속히 고고씽. 노트북 구매하고 당분간 쫄쫄이 타야하는 상황에 후회와 미련이 살짝 있었지만 이런.. 제품을 받아보니 생각이 싹 바뀌었어요. 얇고 이쁩니다. 스크린 터치 조아요. 무엇보다 터치펜 요거 물건이네요. 필압도 좋고요. 노트북도되고 태블릿도 되니 정말 마음에 듭니다. 잘쓰겠습니다.,[]
21.02.16.,5,약 5년 동안 함께 했던 노트북이 사망했습니다. ㅠㅠ 가방에서 땅바닥으로 떨어졌는데 수리비가 어마어마하더군요. 그리 고치느니 새 노트북을 알아볼 수 밖에 없었어요. 가격비교사이트를 검색해보니 2in1 제품들이 많이 눈에 들어오덥디다. 여러 제품 고민하다가 가성비면에서 HP 가 제일 좋아보였어요. 이 정도 가격이면 타 브랜드는 좀 부담스럽더라구요. 터치도 되고 360도 회전이되어 태블릿 기능이 무엇보다 좋습니다. 그리고 빠른 충전 요거 쓸만합니다.ㅣ 외부에서도 쉽게 충전할 수 있어 어답타가 필요없네요. 휴대성에서 최고인듯. SSD라 부팅도 빠르고 인텔 11세대 탑재라하니 매우 만족합니다. 배송도 빠르고 박스 포장도 굿,[]
21.03.15.,4,"노트북은 잘되네요
그런데 터치펜은 충전이 잘안되는건지
문의전화 해본다는게 자꾸 깜박하네요 ㅜㅜ
3시간 충전하고 터치펜 사용해봐도 터치가 안되네요
밤새 충전한 다음날 아침에 사용해보니 터치가 되긴하네요
계속이런식일지 교환신청 해봐야겠네요","['https://phinf.pstatic.net/checkout/20210315_94/1615805481134SQcYo_JPEG/review-attachment-ac24d14a-1894-4ff0-9c07-83dc890aedda.jpeg?type=f287', 'https://phinf.pstatic.net/checkout/20210315_300/1615805481623fnoQP_JPEG/review-attachment-4012edc7-e3d3-4152-85ec-c1b8228281de.jpeg?type=f287', 'https://phinf.pstatic.net/checkout/20210315_47/1615805482022Bx6Mp_JPEG/review-attachment-8b466626-c426-435d-a570-a71306ff20b4.jpeg?type=f287']"
21.02.20.,5,"학원에서 강의를 하고 있는 나에게 코로나19는 변화를 만들었다.비대면 강의를 하기 위해 처음에는 펜타블렛을 썼는데 무언가 조금 만족스럽지 못하여 알아본게 2in1노트북이다.강의용이기 때문에 가성비갑 노트북을 알아보던 중 hp x360 14-1050tu가 눈에 들어왔다.고가의 삼o, Lo과 동급사양인데 가격은 절반보다 더 싸다니!!노트북을 받자마자 성능테스트, 무엇보다 중요한 펜 터치 테스트~ 대 만족이다!!저렴한 가격으로 2in1노트북을 알아보고 계신다면 적극 추천이다.4096필압의 터치펜도 정말 잘 써진다.서비스센터도 많고 또 방문서비스를 해준다니 더 좋은것 같다.",[]
21.03.23.,4,"파빌리온 x360 14-dw1050TU 태블릿 노트북/인텔 11세대 i5/8GB/512GB/win10/14inch(forest teal)
인강용 노트북을 구매하려고 찾아보다 가성비 좋은 모델 몇개를 놓고 고민중에 hp파빌리온 X360 14dw1050TU를 선택하게 되었다. 합리적인 가격에 나에게 맞는 사양이었고 무엇보다도 많은 사람들의 추천이 결심을 굳히게 하였다. 색상도 너무 예쁘고 생각보다 무거웠지만 가격대비 그다지 큰 단점은 아니라고 생각되었다.
윈도우가 설치되어있어 너무 편했다. 더 사용해봐야 알겠지만...지금 상황에서는 대만족이다^^","['https://shopping-phinf.pstatic.net/20210324_19/ce25272a-c4ff-4a28-a15a-c40a5d3d4c5b.jpg?type=f287', 'https://shopping-phinf.pstatic.net/20210324_16/c64ef82f-7ad1-459c-bdc2-388e37150f4d.jpg?type=f287']"
21.03.24.,5,"일단 가성비가 너무 좋은 제품입니다.
중학생 학교 수업용으로 구매하였습니다. 색깔도 이쁘고 특히 360도 회전기능 때문에 이걸 선택했지만 대만족 입니다.
아직 수업은 못해봤지만 동영상 시청해보더니 너무 맘에 들어합니다.
특히 배송도 빨랐고 사은품도 감사합니다. 또 사장님 친절히 상담도 해주셔서 감사합니다.","['https://shopping-phinf.pstatic.net/20210324_3/9d1dd78f-b404-4cc0-afe5-c843b9b856ef.jpg?type=f287', 'https://shopping-phinf.pstatic.net/20210324_29/10613f8d-7f49-4bfa-baec-a68c102f95dc.jpg?type=f287', 'https://shopping-phinf.pstatic.net/20210324_27/380f8197-8065-4ebe-b3a7-a0198ac12faf.jpg?type=f287']"
21.03.04.,4,아이들 온라인 수업이 양방향 실시간 수업으로 변동되어 기존 탭으로만은 한계가 잇어서 구입하게 되었습니다.배송은 하루만에 왔고 포장도 꼼곰하고 안전하게 포장되어 왔습니다.윈도우가 포함되어 처음 설치시 간단한 설정 후 바로 사용할수 있어서 좋았습니다.속도도 개상품이라 그런지 상당히 만족 스럽습니다.화면은 14인치여서 기존 제가 사용하던 15.6인치에 비해서는 작아보이지만 온라인 수업용으로 사용하기에는 충분할듯 합니다.태블릿 모드 사용시에도 사용감 만족 스럽습니다.가격대비 만족할 만한 상품입니다.,[]
21.02.19.,5,올해 대학 새내기 아들에게 선물한 HP 파빌리온x 360 을 받은 우리 아들 왈! 아빠 이 노트북 너무 맘에 든다며 가볍고 디자인 색상도 마음에 들고 성능 도 마음에 든다네요. 사준 사람 기분 좋게스리~~~ 3일 정도 오프라인 과 온라인 서핑 후에 결정한 제품입니다. 고심 좀 했죠. 가성비는 끝판왕이예요. 또한 노트북에 테블릿 기능까지 스마트 팬은 덤... 아주 아주 조아 조아 아! 나도 갖고 싶다. 아들아 ~ 구매하시면 후회는 없을 듯.... 확신합니다.,[]
21.02.18.,5,"적당한 무게에 성능도 이만하면 아주 준수하죠. 노트북을 휴대하고 다니면서 고객에게 설명을 자주해야하는 직종인데, 나에게 딱 맞는 업무 파트너를 만났습니다. 태블릿처럼 놓고 터치도되고 펜도 되니까 이중으로 편합니다. 고객들에게 설명할 때는 주로 펜을 사용하는 편인데 집중도 높더라구요. 배송은 다음날 받았으며, 실물보면 진짜 이쁩니다. 색상이 특이한데 참 매력이 있어요",[]
21.02.18.,5,"대학 온라인 강의 듣기 위해서 테블릿을 살지, 노트북을 살지 엄청 고민하였어요. 인터넷으로 여러 제품을 알아보던 중 HP회사의 파빌리온 제품을 발견하게 되었는데 테블릿처럼 화면을 터치할 수 있는 노트북이라 좋아서 구매하게 되었네요. 360도로 화면이 회전하여 여러 형태로 화면을 볼 수 있다는게 큰 장점인 것 같네요",['https://shopping-phinf.pstatic.net/20210219_11/62913fdb-30b3-46cd-a58f-94874d615d2c.jpg?type=f287']
21.03.12.,5,"급하게 필요해서 주문했는데.. 판매자분의 배려로 빨리 받아볼수 있어 고맙습니다. 상품정보에 보이는 것보다 얇고 가볍네요. (개인적인 소견입니다.) 360도 회전되는 힌지? 부분은 힘이 있어 내구서 괜찮을 것 같습니다. 회전시키면 키보드 입력이 제한되고 터치입력이 되어 태블릿 용도로 사용할수 있네요. 노트북모드, 태블릿모드, 스탠드모드로 활용가능하여 여러면에서 유용할듯 합니다.",[]
21.02.16.,4,"엔비x360시리즈의 문제라고 힌지 이격과 터치패드 유격.이 제품은 터치패드의 문제는 없습니다.하지만, 힌지 한 쪽이 약간 유격이 있거나 화면 아랫부분이 한쪽은 벌어져있을 수 있습니다. 저는 힌지와 화면 문제가 있었는데 사용에는 크게 지장이 없고 불량확인할 때 보이는 정도일 뿐입니다. 속도 빠릿하고 윈도우 정품깔려있고(오피스는 별개입니다.) 2in1의 입문 노트북인데도 터치인식 좋고 빠릿하고 좋습니다. 렘은 추가 8g업글 추천합니다.",[]
21.02.18.,5,아이 학습용으로 구매했는데 너무 좋습니다. 터치 기능이 정말 짱짱짱 온라인 수업도 듣지만 아이가 펜으로 그림도 그리고 음악도 듣고 노트북 사용하는데 푹 빠져버렸어요. 노트북 모드보다는 태블릿처럼 사용을 더하게 되는 것 같습니다. 펜은 충전해서 사용하는 것인데 핸드폰 충전기로 하면 된다고 합니다. 배터리 교환할 필요없어서 좋은 듯. 가격도 적당하고 쓸만한 노트북으로 추천합니다.,[]
21.03.06.,5,"배송이 빠르게 와서 좋았어요 ~메모리 업그레이드하여 구매했는데, 성능은 아주 만족이예요보호 필름을 잘 붙인다고 붙였는데 미세한 불순물이 들어갔나봐요. 하지만 그냥 쓸거고요 ㅎ윈도우도 깔려있고 속도도 빠르고 펜도 잘 써집니다 ~",[]
21.03.12.,5,"손녀가 초등학교 6학년으로 올라 가면서 신형 노트북으로 선물하려고 구입하였는데,배송이 빨라 벌써 도착했네요.기본 사은품인 마우스와 한컴오피스는 별도 송부인지 함께 받지 못해 아쉽네요.일단 가볍고 컴팩트한 사이즈라 애들이 휴대하기가 편해서 좋을 것 같습니다.그리고 터치팬이 있어 손녀의 그림 솜씨가 무척 기대됩니다.",[]
21.03.21.,5,디자인도 꽤 이쁘게 나왔고 배송도 빠르고 성능도 괜찮은 것 같네요터치되는 디스플레이에 펜도 함께 배송해주시니 참 유용하게 사용할 것 같습니다생각보다 유틸성이나 활용도 측면에서 다양하게 사용할 수 있을 것 같고측면에도 여러가지 포트가 있다보니까 그런 부분도 유용하게 사용할 수 있겠네요터치패드 사용 느낌도 꽤 괜찮고요 발열이나 소음이 조금 있지만 이정도면 사용하는데 큰 무리는 없을 것 같습니다,[]
21.02.18.,4,큰 애가 중학생이 되어서 알아보게 된 노트북. 여러 메이커 제품을 찾던중 펜터치도 되고 가격적으로 메리트가 있는 hp 컴퓨터로 결정하게 되었습니다. 스크린 보호 필름 하나 날리긴 했으나 ㅜㅜ 어치되었든 아들이 좋아라 하네요. 자기 컴이 처음 인지라... 아무튼 잘 쓰도록 하겠슴다. 배송도 빠르고 참 좋네요. 터치감도 좋아요,[]
21.02.23.,5,"안전하게 배송되어 도착했습니다.
기대했던 제품이라 사용해보니 완전 신세계네요~ 이런 기능이 있다는걸 이제야 알았습니다~ 가격대비 가성비 좋구요~ 브랜드있는 다른 제품을 사려다 이 제품을 먼저 구입했습니다, 만족하구요~ 편리하게 잘 쓰고 있습니다~ 다른분께도 추천할만합니다
보호필름 붙이기는 너무 어렵네요
2장 버리고 다시 주문
일주일 사용한 후기입니다",[]
21.03.12.,5,"이것을 구매하기 전까지 며칠동안 비슷한 스펙을 가진 제품들을 많이 찾아봤지만 가성비 쪽으로는 압도적으로 좋은거 같습니다.터치스크린, 용량 512gb, 11세대 i5 cpu, 윈도우 설치, 그리고 터치펜과 그 외 기타 사은품진짜 만족하고 있어요 ㅋㅋ 잘 쓰겠습니다.",[]
21.02.24.,5,딸아이 중학교 입학 선물로 구매했는데 i5cpu 11t세대를 이가격에 구매하니 아주좋아요ssd 장착이라 부팅 속도 빠르고 조용 해요 516GB라 저장공간 적당해요또 램도 8GB라 적당해서 빠르고 터치스크린 되서 사용하기 좋고터치펜이 있어서 딸아이가 사용 하기 편해요또 정품 윈도우10 설치 되어있어서 좋아요,[]
21.02.19.,5,"배송이 4일 걸렸네요..포장은 꼼꼼하게 잘 되어 있었어요.다른 구성품도 빠짐없이 도착 했네요.
켜보니 잘 됩니다.부팅속도도 빠르고 윈도우도 설치되어 있어 바로 사용 가능하니 좋네요.프로그램 구동속도도 빨라요. 화면도 선명하니 좋네요.",[]
21.02.18.,5,요즘 전체적으로 배송이 늦는거 같습니다 제품은 원하던거 지마켔에서 싸게 산거 같습니다포장이 사진과 같이 좀 파손 됏지만 제품에는 이상이 없어서 천만 다행입니다 포장 겉에 취급주의 경고문을 표시해 줘야 될거 같습니다,[]
21.02.18.,5,선물할거라 개봉 전이지만 가성비 좋은 노트북 구매하게되업 기쁩니다. RAM이나STORAGE확장 가능하다니 더욱 맘에 듭니다. i5CPU에 이정도 가격에 노트북 구매하기 사실 쉽지 않다 생각합니다. 받는 사람 맘에 들어 좋아할 것 생각하니 ... 좋네요 ^^ 제것도 곧 구매 예정입니다. 배송도 빨라 좋았습니다.,[]
21.03.24.,5,배송 빠르고 터치 펜과 터치 스크린도 진짜 좋네요.오랜만에 노트북 샀는데 전에 쓰던걸 생각했다가 세월 변한걸 새삼 느꼈습니다 ㅋㅋ신세계 경험중입니다화면도 넓고 부팅도 적당하고 무튼 너무 좋아요.이것저것 열고 다운받는 중입니다잘쓸게요,[]
21.02.18.,5,신학기가 되어 교육용 노트북 구매하였습니다.기대 없이 노트북을 구매하였는데.. 가성비 좋네요렘 8G 추가 구입했습니다.하루 사용해보니 만족합니다.정품 윈도우가 증정되어 아주 좋습니다.스피커도 B&O 사운드가 좋고 터치도 잘되고 화면도 대만족합니다.무게도 적당해서 휴대성도 나쁘지 않은것 같습니다.지인에게 노트북 추천을 한다면 hp x360 14-dw1050TU /11세대 i5/512GB/윈10/터치 이제품 추천하겠습니다.할인받아 잘 구매하였습니다.,[]
21.03.19.,1,3월9일 배송받아 3월12일 사용중 전원이 꺼진뒤 켜지지않아 한시간후 켜져서 13일 서비스센터 맡긴후 15일 찾아 사용중 19일 블루스크린 계속 뜨네요 내일 또 써비스 센터 가야 되네요.2주도 안되서 서비스센터를 2번이나 가고 ㅠ 교환 이나 환불 받고 싶네요.,[]
21.02.18.,5,"온라인 수업 때문에 께속 고민하다가 인텔11세대 cpu 들어간 2in1 노트북이
마침 hp에서 나와서 구매하게 되었습니다.
색깔고 예쁘고 2in1인데도 카드할인 까지 받으니 삼성이나 lg 보다 훨씬 저렴한 가격에 살 수 있었습니다.","['https://shopping-phinf.pstatic.net/20210219_28/6839e643-f803-450f-9bf5-061d296b28cb.jpg?type=f287', 'https://shopping-phinf.pstatic.net/20210219_11/f501f697-5c27-4afe-a1be-c0bb44e6b729.jpg?type=f287', 'https://shopping-phinf.pstatic.net/20210219_28/74a6dc56-e838-4eda-80ed-7a26bd5969ba.jpg?type=f287']"
21.03.05.,5,100만원미만에 가성비 좋은 노트북,"['https://phinf.pstatic.net/checkout/20210305_86/1614910847172n0hv1_JPEG/review-attachment-57476adf-1c0e-4c30-b7e4-c8f0e61c7abd.jpeg?type=f287', 'https://phinf.pstatic.net/checkout/20210305_213/1614910847157KuDDG_JPEG/review-attachment-4b5b121e-4c95-439f-9c9e-c3a1cf519e63.jpeg?type=f287']"
21.03.16.,5,생각보다 무거워요~~~근데 이뿌고 사용감은 너무 좋습니다^^,['https://shopping-phinf.pstatic.net/20210317_7/ed78ed20-f68a-4528-af4c-ca8e2fed55dd.jpg?type=f287']
21.03.23.,5,이쁘고 잘받았습니다!!ㅎㅎㅎ,['https://phinf.pstatic.net/checkout/20210323_233/16164880325098mdM8_JPEG/review-attachment-50182281-27cd-4c1c-9027-5de2896c7f76.jpeg?type=f287']
21.03.11.,4,대학신입생 딸이 강의 들을 때 편하대요 다만 발열이 심해요,['https://phinf.pstatic.net/checkout/20210311_58/1615459299809K9V8B_JPEG/review-attachment-3b0a6dee-ad6f-4104-87f6-bd9df189e14d.jpeg?type=f287']
21.03.06.,5,"깔끔한 디자인, 속도도 빠르네요.",['https://phinf.pstatic.net/checkout/20210306_177/161502783163725sqh_JPEG/review-attachment-6c9c386f-b223-4042-987b-de74ac99ce03.jpeg?type=f287']
21.03.07.,5,깔끔하게 잘 도착했습니다.,['https://phinf.pstatic.net/checkout/20210307_228/16151094886527MP36_JPEG/review-attachment-c6419866-f003-472a-a990-d54406e230bc.jpeg?type=f287']
21.03.05.,5,가성비 갑입니다 굿,['https://phinf.pstatic.net/checkout/20210305_133/1614944032519QmvPl_JPEG/review-attachment-b667e4a8-726a-4ce9-ae6c-406e22c499ad.jpeg?type=f287']
21.02.18.,5,아이 대학입학선물로 마련했다가 마음에 들어서 추가로 구매한 제품입니다. 핸드터치가 되고 360도 접히니 태블릿pc가 필요없겠네요. 노트북과 태블릿을 따로 구입예정이라면 이제품 적극 추천합니다.,['https://shopping-phinf.pstatic.net/20210219_15/1add2818-364b-42a5-a294-20b75f8afb81.jpg?type=f287']
21.02.17.,5,"빠르고 조용하고 좋네요
터치랑 테블릿 기능까지 있어서 좋은데",['https://shopping-phinf.pstatic.net/20210218_0/6c0b02e0-ce9f-4dd8-a2b5-ea2a2ce433ec.jpg?type=f287']
21.03.21.,5,"이전 사용하던 노트북보다 가볍고 싸이즈가 작아서 딸이 무척 좋아하네요.
이번 입학 선물로 장만하였는데, 다른 컴퓨터 나두고 이것만 하루종일 만지고 있네요. 특히 터치가 되서 편한거 같아요.",[]
21.03.16.,5,"배송이 빨라소 좋았습니다. 윈도우가 18년도라서, 업데이트 하느라 시간이좀 걸렸네요. 생각보다 무게가 좀 있습니다. 메모리16기가로 업해서 받았는데, 사용할때 메모리부족은 걱정안해도 될거 같아요. 잘 사용하겠습니다.",[]
21.03.18.,5,"저렴한가격에 360도 테블릿피씨를 구매할수 있어 좋았고, 선물받은 아들도 디자인 색상 좋아했습니다.",[]
21.03.06.,5,고등학생인데 과제발표가 많아 구매하게 되었어요 터치와360도 회전도 되는데 다른 노트북보다 가격도 좋고 펜을 이용해 줌수업 하면서 메모작성을 동시에 하드라구요 애가 아주 맘에 든다고 해요 아주 잘 산것 같아요.,[]
21.03.24.,5,배송 엄청빠르고.7년된 노트북이 너무느려 구매했습니다.이건 뭐 슈퍼컴퓨터 같네요.조용하고 빨 작동되고 무엇보다 테블릿처럼 터치가 되니 사용하기 너무편하네요.무게는 정말가볍네요.정말 가성비 최고입ㄴ다,[]
21.03.15.,4,제품 빠르게 잘 받았어요,[]
21.03.17.,5,빠른배송 이쁜디자인,[]
21.03.08.,4,"휴대가 용이하고, 깔끔하니 좋네요.
잘 쓰고 있고 문의에도 잘 응대해 줘서 좋습니다.",[]
21.03.13.,5,배송도 빠르고 색상도 예쁘고 동영상도 재생해봤는데화질도 매우 만족합니다터치도 생각보다 잘되서 좋아요,[]
21.03.06.,5,"펜을 사용할수있는 노트북이 필요해서 여러가지 제품을 물색하고 있는데, 펜을 사용할수 있는 노트북들은 고가라 구매를 망설이고 있던중 눈에 들어온 한제품 .. HP 파빌리온 X36014-dw1050TU 맘에쏙 들어요~",[]
21.03.04.,5,부팅속도도 빠릅니다 (체감상 5~10초) 정도 걸렸습니다. 무게는 좀 있는 편입니다. 하지만 성능은 무게 무거운것을 뛰어 넘는 군요. 펜 활용도 되고 앞으로 잘 활용 해보겠습니다.,[]
21.03.14.,5,B & O 음질 좋아요..화면이 터치라서... 펜으로 여러 가지 활용도 높아요..좀 무거운 패드로 누워 사용해도 좋아요..가서비 굿입니다..,[]
21.03.03.,5,배송은 시간이 걸렸지만 매우 만족해요,[]
21.03.08.,5,"가성비 좋고, 좋습니다",[]
21.03.11.,5,좋아여,[]
21.03.12.,3,노트북자체 상품은 좋습니다. 배송은 느리고요. 배송시 충격완충할수 있는 뽁뽁이등이 너무 부실해서 작동하는 상품이 온것에 그저 감사합니다.,[]
21.02.23.,5,"완전 만족스러운 제품입니다.베젤이 얇고, 키감이 매우 좋으며, 디자인과 터치패트도 좋습니다. 전체적으로 매우 만족스러운 다기능 노트북으로 활용할 수 있는 범위가 매우 넓습니다. 가격 대비 대단히 좋은 기기네요~",[]
21.03.09.,5,배송겁나 빨고 포장 겁나 좋아요`,[]
21.03.08.,5,좋아요 배송도빠루고 사용감도좋구 키보드 터치감도 좋아요,[]
21.03.05.,5,배송 빠름5년된 느트북을 이제나 저제나 고민하다가성비 갑인듯 하여 구매하였습니다 오늘 이른시가 물건을 받고역시나~~가성비 갑인듯 싶습니다감사합니다 잘 쓰겠습니다,[]
21.02.27.,5,빅세일로 저렴하게 잘 샀어요. 딸아이가 좋아합니다.,[]
21.02.22.,5,사용이 편리하고 업스레이드가 잘되어 좋네요.,[]
21.02.25.,4,배송은 예정일보다 1일 늦어지만 제품음 만족합니다.. 사용후 리뷰 올리겠습니다,[]
21.02.26.,5,잠깐 사용해 봤지만 좋은거 같습니다.,[]
21.02.22.,5,친절한 응대와 피드백!,[]
21.02.20.,5,만족합니다,[]
21.02.24.,4,크기도 적당하고 사양도 적당해요 사용하기 넘 좋아요!,[]
21.02.17.,5,터치도 잘되고섬능도 좋고디자인도 좋고그리 무갑지도 않고오래도록 고장 없이 사용하면 짱입니다마니파세요,[]
