"1,769,000"
date,star_point,comment,photo
21.03.24.,5,"사전 예약 제품으로 1TB SSD 추가 장착 되어 배송 되었습니다.

03.06 구매 건 임에도 불구하고 03.22 출시 당일 출고, 03.24 택배 수령 하였습니다.

구성품 모두 정상이고, 동작 상태 모두 문제 없음 확인 하였습니다.

-. 배송 : **** (한진택배 용선 to 송파 2일 소요)
-. 가격 : ***** (매우 만족)
-. 신뢰 : ***** (빠른 출고, 정확한 업그레이드)
-. 품질 : ***** (노트북은 그램, 가전은 LG)

덕분에 좋은 물건 잘 쓰겠습니다. 번창하세요.","['https://phinf.pstatic.net/checkout/20210324_274/1616578363580Df3Ez_JPEG/review-attachment-4502b64d-8de9-48a6-a4f3-55a548c19c39.jpeg?type=f287', 'https://phinf.pstatic.net/checkout/20210324_125/1616578363969Ujg4I_JPEG/review-attachment-63370248-fd8c-4545-8a63-bdb601712242.jpeg?type=f287', 'https://phinf.pstatic.net/checkout/20210324_49/1616578365082jwwCh_JPEG/review-attachment-5173633c-a3d4-4df7-8500-e1959e51f8ff.jpeg?type=f287', 'https://phinf.pstatic.net/checkout/20210324_54/1616578364627w9xFT_JPEG/review-attachment-10a37e7f-4244-47a7-a860-b6eb54b585d7.jpeg?type=f287', 'https://phinf.pstatic.net/checkout/20210324_189/1616578364541h4MVP_JPEG/review-attachment-a662c6fb-bd86-4e37-ad90-027e83f4e876.jpeg?type=f287']"
21.03.24.,5,"S사 플**2 13인치 프리도스 모델과, S사 갤**북S 13인치 윈10 설치 모델, 그램17 2020 노트북을 가지고 있었습니다. S사 플**2 13인치 모델을 구매 후, 화면 크기가 너무 작고 키감이 좋지 못하며, S PEN활용도가 상당히 떨어져서 개인적으로 별로 사용하지 않게 되어 2주 이내로 중고 처분하였습니다. 플** 모델은 프리도스 설치 후 네트워크 연결을 위해 다른 컴퓨터에서 프로그램을 받아서 다시 본래의 노트북에 USB로 옮겨와서 네트워크를 설치해야 해서 설정에 좀 애를 먹었습니다. 그에 비하면 그램360 설치는 훨씬 수월하였습니다. (LG DNA의 '다시 시작'이 좀 너무 많은 듯하기는 했지만...) 일단, 13인치에 비해 16인치... 화면이 시원시원합니다. 그램17(2020)을 쓰다가 13인치 노트북을 쓰면 쓰는 것 같지가 않았는데, 그렇다고 17인치는 휴대가 조금 부담되었지만... 그렇다고 15.6인치는 16:9비율이 좀 걸렸습니다. 그런데 16인치로.. 즉 16:9비율의 15.6인치 가로에서 세로 높아져서 16인치 16:10이 되니까... 15.6인치 같은데 화면이 훨씬 커보입니다. 와! 좋습니다. 키감은... 물론 데스크탑 기계식 키보드처럼 할 수는 없지만... 일단 저는 플** 모델보다 훨씬 좋았습니다. 둘 다 우리나라의 귀중한 기업들이니까 응원하지만... 일단 노트북은 .... (다른 나라 제품들 포함하여) 그램이 참 좋은 듯합니다. S-PEN으로 노트북을 쓸 수 있다는 점에서 매력을 느꼈으나, 생각보다 크게 활용이 되지 않아서, SPEN 정도의 기능은 없어도 일단 펜이 되는 그램 360을 구매했습니다. SPEN이 태블릿에서는 막강하고 부드럽게 잘 되는데, 아직 노트북에서는 버벅거리는 게 있지요. 그럴 거면 그냥 와콤 스타일러스 펜 정도로도 필기와 PDF 표기 정도는 될 거 같아서 이걸로 했습니다. 그런데 2 IN 1은 태블릿보다는 노트북이라는 점이 아직은 더 큰 것 같습니다. 노트북인데 펜도 되고, 때로 필요할 때 넓은 PDF 문서 작업도 되니까 이걸로 했는데,,, 그램이 만족도가 확실히 높았습니다. 16인치가 신의 한 수였던 것 같네요. 물론, 배터리가 빨리 방전되는 문제가 그램2020 17인치에서 있어서 지금 한번 손을 봐야 하는데.... 그램 360 16인치는 그런 게 없으면 좋겠네요. 벌써 그램 2022가 기대됩니다.",[]
21.03.23.,5,"사전예약으로 11번가에서 구매한 그램360이 도착했습니다. 사실 이 돈이면 괜찮은 게이밍 노트북 살 수 있는데.... 와이프의 재가를 받기에는 명분이 부족 하던차에, 그램360이 새롭게 나왔고, 유튜버 리뷰 몇 개 자연스럽게 틀어놓고 구입을 유도했습니다. 고사양의 게임을 돌리긴 힘들겠지만, 태블릿 모드를 십분활용하여 모바일 게임도 할 수 있고, 스타벅스 들려서 문서작업도 했다가, 와콤펜 들어서 그림도 그렸다가 자랑도 할 수 있고, 캠핑장에 들고가서 영화도 한 편 볼 수 있고.. 다양하게 쓸 수 있을 것 같습니다. LG가 역시 폰 빼고는 다 잘만들어서 이번 그램은 상품성이 꽤 좋은것 같습니다. 단점으로는 충전기가 더럽게 무겁고, 그램치고는 360회전 힌지 때문인지 조금 무겁긴합니다. 회사에서 기본 세팅 다 했으니까 이제 퇴근해서 와이프 한테 검사 맡으러 가야겠습니다. 여러분도 그램 잘 쓰시고 결혼 같은 건 하지마ㅅ....",[]
21.03.24.,5,"처음으로 노트북샀어요~ 디자인과 로그가 심플하면서 이쁘고 무게도 완전 가볍네요. 약간은 무겁겠지 했는데.. 노트북을 터치사용한다는게 완전 신세계 터치감도 좋고 조카오면 그림작업하진 않아서 아쉽지만 글쓸일이있다면 써보고싶네요
사진은 회사라서 대충찍었지만 진짜 만족스럽네요","['https://phinf.pstatic.net/checkout/20210324_262/1616569843258uTdyA_JPEG/review-attachment-47f48728-73eb-4214-af1b-490bfbcd6ea6.jpeg?type=f287', 'https://phinf.pstatic.net/checkout/20210324_69/1616569843202cIdMG_JPEG/review-attachment-5c569977-48a4-4abc-bc9b-0065a830d8cf.jpeg?type=f287']"
21.03.24.,5,거의 10년 만에 새 노트북 장만지금 쓰는 것도 작업하는데는 문제가 없지만발열과 팬돌아가는 소음이 거슬려서.. ㅠㅠ 새 제품 배송 받자마자 개봉해서 윈도우 설치하고lg프로그램으로 드라이버도 원클릭 설치되고 학교에 있어서 ms오피스도 무료로 다운 받고몇 시간 만져보니 가볍고 상당히 빠르고 좋음lg베스트샵에서 실물 보고 상담 받았을 때는 키스킨이 동봉되어 있다고 들었는데 실제로는들어있지 않음. 이건 베스트샵에서 파는 거랑 모델이 다를 수도 있으니 그럴 수 있다고 생각함무광블랙이라서 그런지 키패드쪽에 지문이 묻는 건어쩔 수 없나 봄. 전체적으로 만족!!,[]
21.03.25.,5,"LG인데도 화이트가 아니라 블랙인게 맘에 들어요
생각보다 화면이 크다는 점이랑 인터넷 서핑만 하긴 했는데 소리도 안나는 것 같네요
게임 같은건 안돌려봐서 모르겠지만 잘 돌아갈 것 같네요

근데 usb포트가 하나밖에 없다는 점이 단점인데 요즘은 썬더볼트가 대세라고 하네요
그리고 화살표가 바보라는 점이 좀 많이 흠이네요 차라리 키패드를 줄이고 화살표를 늘렸으면 어땟나 싶습니다

화질구진점 양해좀요 공간에 빛을 반사하는게 넘 많네요",[]
21.03.24.,5,주문하고 기다리느라 목빠지는줄 알았지만 역시나 받고나니 구입 잘했다 생각이 듭니다. 화면이 확실히 16인치라고 느껴지는것보다 더 크게 느껴집니다. 테블릿처럼도 사용할수 있는 노트북은 처음이라 적응이 필요하겠지만 다양하게 사용가능할것 같아서 기대됩니다. 소음도 조용한편이고 하드도 생각보다 단단합니다. 화이트 색상도 있으면 좋겠다는 생각도 드네요. 더 써보고 리뷰 다시 써야겠지만 첫인상은 이렇습니다.,[]
21.03.25.,5,"터치패드도 넓고 크기가 넉넉하게 큰데도 얇고 가벼워서 좋네요ㅎㅎ 열흘 전에 제껀 에이수스 샀고 이번에 남자친구 선물로 산건데 저도 진작 발견했으면 이거 샀을텐데ㅠㅜ 펜 인식도 더 잘되고.. 몰래 바꿔갈까 생각도 했네요..ㅜㅜㅋㅋㅋ 배송은 당일발송이라 써있어서 새벽에 주문했지만 다음날 출고됐더라구요.. 그 부분만 미리 언급되어 있었으면 더 좋았을거 같아요ㅠ 암튼 파우치부터 펜, 놋북까지 생각보다 올 블랙이라 간지나네요 부럽네 남자친구",[]
21.03.24.,5,오래간 만에 산 노트북인데 너무 좋습니다. 일단 화질이 좋아서 4k 영상 유툽으로 보는데 사길 잘했다는 생각이 듭니다. 원노트에서 필기도 좋구요...다만 윈도우 까실때 최근 것으로 부팅usb 만드셔서 하셔야 lg센터에서 드라이버 깔때 문제가 안생깁니다.,[]
21.03.25.,5,"예상보다 배송은 빨리 왔구요 투인원 모델이라 좀 무거울줄 알았는데 생각보다 가벼워서 깜짝 놀랐어요
모니터도 큰데 정말 얇고 가볍구요 키 터치감도 좋고 사운드도 괜찮고.. 다 맘에드네요^^
저렴하게 잘 구입한것 같아서 기분이 좋아요 감사합니다~",[]
21.03.24.,4,"일단 잘 받았어요
얇고 크고 예쁘고
좋은애기네요
외관이 고급집니다
노트북 케이스도 블랙으로 고급스럽고
칼라가 정말 잘 나온것같아요
윈도우를 새로 깔아봐야 성능평가를 할 수 있겠어요","['https://phinf.pstatic.net/checkout/20210324_40/1616556581615RqFwg_JPEG/review-attachment-48d5d3b3-f278-4240-a109-dc7574767140.jpeg?type=f287', 'https://phinf.pstatic.net/checkout/20210324_248/1616556591050d9NhR_JPEG/review-attachment-ca88e8dc-adc5-423a-b56c-a815f40cbda6.jpeg?type=f287', 'https://phinf.pstatic.net/checkout/20210324_55/16165566037735rjfS_JPEG/review-attachment-b9fe88ac-c7df-424f-a80f-5d39c9083a79.jpeg?type=f287']"
21.03.23.,5,사전예약으로 오늘 받았네요 제품완전 만족합니다 터치감 좋구요 속도도 매우빠릿하네요 무게는 한손으로 들긴 조금 부담스럽고 두손으로 여유있게 들수있네요 삼성플렉스2 광고많이하던데 꿀리지 않네요 잘 쓸게요,"['https://phinf.pstatic.net/image.nmv/shopnbuyer_2021_03_23_0/ad7ff25c-8bca-11eb-b3e0-505dacfbaa5c_03.jpg?type=f287', 'https://phinf.pstatic.net/checkout/20210323_255/1616498789810aNSqQ_JPEG/review-attachment-e50d7654-227f-481e-905e-b718cb4c4543.jpeg?type=f287', 'https://phinf.pstatic.net/checkout/20210323_148/1616498807771Nj4Vx_JPEG/review-attachment-859cb8e2-0765-496f-affa-a831ec9e3856.jpeg?type=f287']"
21.03.25.,4,"생각보다 빠르게 왔으나 박스가 찌그러져 왔어요
역시 한진택배라는 생각이 드네요 그거빼곤 다 만족해요","['https://phinf.pstatic.net/checkout/20210325_47/16166840446894YwS9_JPEG/review-attachment-5f02aab1-eeb6-4782-8ccf-62024cd45ddc.jpeg?type=f287', 'https://phinf.pstatic.net/checkout/20210325_221/1616684058003qWDfK_JPEG/review-attachment-bac6ac5e-412a-42df-ac2f-74446315a910.jpeg?type=f287', 'https://phinf.pstatic.net/checkout/20210325_151/1616684065063kLVHA_JPEG/review-attachment-98797c52-7756-442b-b661-3f65770f748a.jpeg?type=f287']"
21.03.23.,5,"만족합니다.
기다린 보람이 있네요~","['https://phinf.pstatic.net/checkout/20210323_64/1616506175650p7Ioe_JPEG/review-attachment-0a14dd7c-d995-4240-83cb-8a8353e58db7.jpeg?type=f287', 'https://phinf.pstatic.net/checkout/20210323_104/1616506176588UDRer_JPEG/review-attachment-f4cff91f-1624-42bf-bb78-d15fd8d5cad3.jpeg?type=f287', 'https://phinf.pstatic.net/checkout/20210323_210/1616506186861wpJps_JPEG/review-attachment-7670a506-b874-4af2-a2b2-ef81d4a5a511.jpeg?type=f287']"
21.03.25.,5,월요일 주문했는데 배송도 무척 빨랐습니다. 살까 말까 엄청 생각 많았는데 사길 잘한 것 같아요!!😊감사합니다,"['https://phinf.pstatic.net/checkout/20210325_222/1616669035944FQeU1_JPEG/review-attachment-20ae98dd-df9f-4703-a7e3-0abdeb913489.jpeg?type=f287', 'https://phinf.pstatic.net/checkout/20210325_64/16166690363555oROb_JPEG/review-attachment-734e794c-e841-415a-971d-e1c6cbe87889.jpeg?type=f287', 'https://phinf.pstatic.net/checkout/20210325_138/16166690365164CiWS_JPEG/review-attachment-93a7cc4b-8da8-406a-9889-54f9cc1e049c.jpeg?type=f287']"
21.03.24.,4,"너무 심플하고 가볍고 쓰기편하네요
처음에 오류가뜨긴 했지만 새로 재설치하니 다시정상으로됬어요.
화면도 크고 터치도되고 아주좋습니다.","['https://phinf.pstatic.net/checkout/20210324_114/1616584909969ArcLH_JPEG/review-attachment-8d0f9c72-8230-4176-9d30-fbdbce3e8f52.jpeg?type=f287', 'https://phinf.pstatic.net/checkout/20210324_54/1616584911360AL2Yn_JPEG/review-attachment-1cd19080-2ad3-4b37-84e0-a43506e12d34.jpeg?type=f287']"
21.03.23.,5,"기다림이 길었지만 노트북을 보니 좋네요.
포인트받을수 있도록 배려해주신부분도 감사합니다.
성능이야 다른곳 리뷰보고 좋다고하니 기대됩니다.
다시한번 감사드려요.","['https://phinf.pstatic.net/checkout/20210323_171/16165079596298YWCJ_JPEG/review-attachment-da8acba1-dcb6-4202-b01a-ec760a127b05.jpeg?type=f287', 'https://phinf.pstatic.net/checkout/20210323_16/1616507959838NYqzM_JPEG/review-attachment-412cf622-6820-4a6c-b357-b7b77cfeef0b.jpeg?type=f287']"
21.03.25.,5,"좋아요 ㅋㅋ 느리지도 않고 쓰기도 편해요!!
단 dna 설치가 너무 오래걸려요","['https://phinf.pstatic.net/checkout/20210325_46/16166131567612psxb_JPEG/review-attachment-2a44a22a-9899-44e5-8167-617d292efdef.jpeg?type=f287', 'https://phinf.pstatic.net/checkout/20210325_185/1616613156916rcs2N_JPEG/review-attachment-666fd669-94d4-4cea-aa5d-155acc399fad.jpeg?type=f287']"
21.03.25.,5,"많이 기다렸지만 받아보니 좋네요
집에 그램16이 있어 비교해보니까
좀 더 튼튼하고 좋아 보여요","['https://shopping-phinf.pstatic.net/20210326_1/58ebca2e-9e07-420e-8bd7-6813042e9956.jpg?type=f287', 'https://shopping-phinf.pstatic.net/20210326_27/854b6881-39eb-4ed9-9141-02ac304fef0f.jpg?type=f287']"
21.03.23.,5,"사전예약해서 오늘 받았어요!
오래 기다린만큼 기대감이 엄청 컸는데 실제로보니까 너무 이뻐요ㅠㅠ 역시 노트북은 LG..",['https://phinf.pstatic.net/checkout/20210323_293/1616503085544HsBRr_JPEG/review-attachment-925d9d5a-4771-48e8-9e14-5476d56c5d62.jpeg?type=f287']
21.03.25.,5,"사전예약해서 받았는데, 생각했던 것보다 빠르고, 키감도 좋아요. 16기가 기다려서 살까했는데, 이정도면 만족합니다.",['https://phinf.pstatic.net/checkout/20210325_235/1616601052593U6ULv_JPEG/review-attachment-b86446b1-34c6-476c-8c3a-010a4c98e3b3.jpeg?type=f287']
21.03.25.,5,역시 엘지가 예쁘긴 하네요ㅜㅜ ssd추가 했는데 인식 잘되고 좋아용!!,['https://phinf.pstatic.net/checkout/20210325_209/1616653799971FPvnF_JPEG/review-attachment-b4a9ba1b-a03b-4ce7-93f9-1bc5a3db0fbc.jpeg?type=f287']
21.03.25.,5,제품잘받았어요 화면도 크고 할인해서 싸게 사고 좋아요,['https://shopping-phinf.pstatic.net/20210326_28/3a26c8f6-ab6d-4ccf-ad16-584ea37a196b.jpg?type=f287']
21.03.24.,5,사전예약 기다린 보람이있네요 너무 맘에들어요,['https://phinf.pstatic.net/checkout/20210324_213/1616587775876WldgP_JPEG/review-attachment-f6aeff5a-0689-4988-a529-2f6d13fd03b6.jpeg?type=f287']
21.03.24.,5,드디어 기다린 노트북 크고 가볍고 성능 굿,['https://phinf.pstatic.net/checkout/20210324_241/1616518754241TnSAG_JPEG/review-attachment-7d2a07d2-c84b-4991-aaec-d676c09b800a.jpeg?type=f287']
21.03.25.,5,고급스러운 느낌. 화면도 크고 빠릿하네요,['https://phinf.pstatic.net/checkout/20210325_48/1616680735920smwls_JPEG/review-attachment-bb6f7c1c-74fe-46e5-897d-d28a0381a5e9.jpeg?type=f287']
21.03.24.,5,"많이 기다렸는데 제품 보는순간 너무 기분 좋았습니다!!!
아주 만족합니다!!!👍",['https://phinf.pstatic.net/checkout/20210324_253/1616581387589yGE6U_JPEG/review-attachment-1d047f88-904a-410c-b911-09ada1bf1e54.jpeg?type=f287']
21.03.25.,5,노트북 성능이 너무 좋아요,['https://phinf.pstatic.net/checkout/20210325_185/1616653421508SlTW6_JPEG/review-attachment-ebe10755-90e9-4a3e-9549-f78ae0254479.jpeg?type=f287']
21.03.23.,5,잘 받았습니다 예뻐요,['https://phinf.pstatic.net/checkout/20210323_103/16164925171393pVm9_JPEG/review-attachment-fb535a0a-9a6b-446f-8b06-04fe7bc11253.jpeg?type=f287']
21.03.24.,5,오래기다렸는데 감사합니다 사은품도 감사합니다,['https://phinf.pstatic.net/checkout/20210324_131/1616567689621q3CsM_JPEG/review-attachment-a8ccb5d0-d90f-45af-aac4-9a8019aa7635.jpeg?type=f287']
21.03.25.,4,"드디오 오늘 받았네요
디자인 깔끔하고 2in 1 이라 사용하기도 편하고
정말 마음에 들어요
화면도 정말 넓고 시원시원하네요
360도로 접을 수 있는 것도 정말 편하고 좋네요
가격도 위메프 이곳에서 제일 저렴하게 사서 기분 좋아요",[]
21.03.24.,5,그램 360 16TD90P-GX50K 오래 기다리지 않고 바로 받았어요 블랙색상 그램도 너무 예쁘네요 금액은 비싸지만 너무 만족합니다..11번가 카드할인해서 저렴하게 구매했어요 \,[]
21.03.23.,5,노트북 대화면으로 고급스러움과 성능은 매우 만족합니다. 단점으로는 무거움을 느껴서 아쉽습니다.태블릿 와콤 스타일러스 펜으로 편안함과 360° 회전이 사용하기에 넘 좋은것 같아서 만족합니다.,[]
21.03.24.,5,배송도 빨리오고 화면이 커서 특히 펜필기할때 만족스럽네요발열도 생각보다 없어요,[]
21.03.24.,5,"오늘 그램360을 받았습니다. 딸 아이가 그림 그리기를 좋아해서 2 in 1 으로 선택했습니다. 초고해상도 선명한 화면, 디자인 모두 마음에 듭니다~",[]
21.03.24.,5,딱 제가 원하던 제품이 출시되서 바로 샀습니다 . 화면 불량 없고 좋네요,[]
21.03.24.,5,배터리 성능 회전360 터치펜완전이 좋고 아주 만족합니다많이 파세요,[]
21.03.24.,5,잘 받았습니다. 윈도우를 설치하는 동안 살펴보니 매우 조용하네요. 본격 사용해 보렵니다.,[]
21.03.23.,5,딸 대학 입학 선물로 구입했어요 드디어 도착이네요^^윈도우 설치도 쉽고 조용하고 좋네요,[]
21.03.24.,4,생각보다 무겁고 남성적이지만 맘에 들어요,[]
21.03.24.,5,360도 돌아가서 어디서든 사용가능할거 같고 와콤 펜을 사용해 편리하게 사용할수 있어서 좋습니다.,[]
21.03.25.,5,화면도 크고 터치패드도 넓고 좋아요.,[]
21.03.24.,5,포장도 잘되어왔고 아주 예뻐요,[]
21.03.24.,5,좋아요 추천합니다 ?,[]
21.03.24.,5,예약판매건으로 좀 기다리다 받아서 애타게 기다렸는데 기다린 보람이 있네요. 너무 마음에 드네요!! 너무 잘빠졌네요^^ 완전 만족합니다.,[]
21.03.24.,5,고민하다 결정했는데 받아보니 잘산것 같아요~좋아요~,[]
21.03.25.,5,빠른배송 너무감사합니다,[]
