"1,048,990"
date,star_point,comment,photo
21.02.28.,5,"일단 윈도10 설치된후에 발송되어서 편했구요. 저는 메모리+ssd 업그레이드 추가했습니다. 노트북 특성상 발열,팬소음은 인강이나 동영상시청 문서작업시엔 전혀 못느끼고요.
솔직히 가격비교하자면 비슷한대역에 한성제품 게이밍노트북에 눈이 갔지만, 프리도스가 많았고, 게이밍노트북상 발열,팬소음도 무시할순없는터이고, 게다가 다른 대기업 노트북의 게이밍 노트북은 가격대가 미친 정도로 상승되죠.

근데 이 엘지 노트북 15U40N-GR56K은
라이젠5을 탑제하여 가격도 나름저렴하고 , 인강 .동영상시청 .인터넷검색.문서작업시에 아무런 불편함이없습니다.
그리고 근처에 엘지AS센터가 있다는거때문에 더 선택한거 같습니다.
노트북에 잘아시는 분들이 많으시겠지만 ,
이러이러한점 참고하시면 될거같습니다.
고맙습니다.","['https://phinf.pstatic.net/image.nmv/shopnbuyer_2021_02_28_0/90d9fe57-7967-11eb-bbff-505dac8c3639_03.jpg?type=f287', 'https://phinf.pstatic.net/checkout/20210228_14/1614477090411BhTX8_JPEG/review-attachment-68eca95d-7586-4148-a03b-71b40dd450d9.jpeg?type=f287', 'https://phinf.pstatic.net/checkout/20210228_272/1614477099482g503x_JPEG/review-attachment-fcd6a1d3-74cb-492a-90fd-597591cdda0e.jpeg?type=f287', 'https://phinf.pstatic.net/checkout/20210228_232/1614477106884IFVuc_JPEG/review-attachment-d64f90f0-1b10-41dc-9d14-02fc726d8fbf.jpeg?type=f287', 'https://phinf.pstatic.net/checkout/20210228_210/1614477118731HR1aH_JPEG/review-attachment-4245e5ba-c48e-4449-bffa-b271868cdaf2.jpeg?type=f287']"
20.12.29.,5,"가성비 최고 입니다. 그램보다는 조금 무겁지만 동일가격대비 성능은 그램을 훨씬 앞서네요. 초5가 아용할 노트북인데 인강, 온라인 학습, 게임도 잘 되네요.
무었보다 부팅속도 빠른것도 만족하며, 디자인도 깔끔하고, 화면도 아이들쓰기엔 적당합니다.!
감사히 잘 쓰겠습니다.","['https://phinf.pstatic.net/checkout/20201229_286/1609222046649lr2lt_JPEG/review-attachment-60848a37-cf6e-42c9-96cf-6f50f73b02da.jpeg?type=f287', 'https://phinf.pstatic.net/checkout/20201229_75/1609222114715USNve_JPEG/review-attachment-7900df72-b968-4e6a-8402-31d5838d59c1.jpeg?type=f287', 'https://phinf.pstatic.net/checkout/20201229_242/1609222161933MVTce_JPEG/review-attachment-b08029cf-1ae7-4794-aed2-9467a48c6642.jpeg?type=f287', 'https://phinf.pstatic.net/checkout/20201229_36/1609222179854M4wHN_JPEG/review-attachment-93e7c937-01bf-4b9b-b554-eb2d0b3f314e.jpeg?type=f287', 'https://phinf.pstatic.net/checkout/20201229_192/16092221864224Dqh5_JPEG/review-attachment-a80dafea-8bd7-498d-b3c2-d766f53bb76f.jpeg?type=f287']"
21.02.03.,5,"간단한 웹검색과 동영상 시청이 목적이기 때문에 아무것도 추가하지 않고 기본형으로 샀어요 이틀동안 사용해본 결과 인터넷 검색은 창을 많이 열어두지 않는 이상 크게 무리없이 돌아가요 창 5개 열어 놓고 6개째 검색 하니 심하게 버벅 거리네요 그래도 나쁘지 않아요
유튜브로 동영상 틀어보니 화질이 그렇게 좋지는 않지만 괜찮습니다
그냥 가성비 노트북으로 생각하시고 구매하시면 될 거 같아요
다만 세트로 산 구성품 중 에서 화면보호 필름은 그냥 붙이다가 포기하고 떼서 버렸습니다 아무리 잘 붙여도 기포가 너무 생겨서 쓸 수가 없네요..그것만 아쉽고 다른건 다 좋아요 이걸로 또 10년 써야죠 ㅎㅎ
다들 잘 알아보시고 좋은 노트북 구매하세요~~","['https://phinf.pstatic.net/checkout/20210203_95/1612346168983P82UA_JPEG/review-attachment-23ab1bd2-3abb-43db-98d9-60d2f891f715.jpeg?type=f287', 'https://phinf.pstatic.net/checkout/20210203_299/1612346169070wUO7r_JPEG/review-attachment-ac55aa4b-7f3b-4874-aecc-8b464453c271.jpeg?type=f287']"
20.12.25.,5,"이전에 노트북이 가족에게 물려받아... 골동품 같은 아이라 워낙 무겁고 발열이 심했습니다. 그래서 그램이 아니라 울트라지만 이정도 무게는 저에게 그램 같이 느껴지네요^^12월 11일 십일절 행사때 주문해서 조금 더 저렴하게 구입했구요~ 주문할때 24일 이후에 발송 된다고 했는데 23일에 받았습니다. 워낙 기존 노트북이 무거워서 테블릿 pc나 그램과 엄청 고민하다가 휴대성보다는 문서작성이나 확장성 등에 더 큰 초점을 두고 오래 오래 쓰려고 윈도우 설치 된 제품에 램 16기가로 업그레이드, ssd도 512기가로 업그레이드해서 주문했어요.반응 속도나 뭐~ 그런건 너무 만족합니다^^저렴하다보니 사은품이 없어서 좀 아쉬웠어요~ 그래서 무선마우스와 패드는 솔직히 필요없지만 액정 보호필름과 파우치는 필요해서 패키지 2번을 추가로 선택하고, 키스킨도 추가주문 했습니다.참고로 키스킨 추가로 시키시는분, 숫자키 부분이 접혀져서 포장지 부분에 가려져서 들어 있거든요~ 그래서 포장을 뜯지 않으면 숫자 키패드부분 없는 제품으로 잘못 온 줄 착각할수 있어요^^ 반품신청하려다 혹시나 포장지 조심히 뜯어보니 접혀져서 들어 있었는데~ 접혀져 있어도 펴서 덮어보니 성능에는 아무런 문제 없었습니다.잘 사용하겠습니다^^",[]
20.12.06.,5,"16년에 울트라북 처음 사서 써보고 몇년동안 만족스럽게 썼습니다. 힘든 프로그램을 돌리지 않았기도 했구요. 이번에도 많이 들고 다니진 않을 거 같아서 무게 생각 안하고 가성비로 울트라pc 샀는데 만족스럽네요ㅎ 쓰던거랑 모양이나 무게가 거의 변하지 않아서 계속 똑같은거 쓰는 기분이지만; 무게는 그램보다 당연히 무겁고 15인치라 더 묵직합니다. 그래도 백팩에 들고 다니면 괜찮습니다. 이번에는 노트북에 대해서 좀 알아보고 산건데 i5,i7 보다가 결국 또 알지도 못하는 라이젠으로 샀네요. 램이랑 저장공간 추가했으니 5년 이상 말썽없이 잘 돌아가줬으면 좋겠어요. 감사합니다^^","['https://shopping-phinf.pstatic.net/20201208_4/749466bb-8104-43c2-92e9-cb108d8df153.jpg?type=f287', 'https://shopping-phinf.pstatic.net/20201208_2/0f646997-0d34-424a-9940-02e757663188.jpg?type=f287']"
21.01.25.,5,"아주 만족스럽게 사용하고 있습니다
두대 구매 하였습니다 가격만 좀 더 빠진다면
이런 제품 다시없을텐데.. 속도도 빠릿하고 좋아요 SSD 추가하였고 메모리도 8기가 더 넣어서 16기가 맞췄네요 한 몇 년 고장 없이 잘 썼으면 좋겠습니다","['https://phinf.pstatic.net/checkout/20210125_103/1611581743891UCfbv_JPEG/review-attachment-4a2d97d7-af00-406c-bbc7-d924226a936e.jpeg?type=f287', 'https://phinf.pstatic.net/checkout/20210125_292/1611582080954fF67q_JPEG/review-attachment-9f3ad136-a6d4-4577-9302-d373f84b11f8.jpeg?type=f287', 'https://phinf.pstatic.net/checkout/20210125_133/1611582095403w3pQO_JPEG/review-attachment-72f46ce3-1ae8-43ee-8ea7-a8ffaf8e54f5.jpeg?type=f287', 'https://phinf.pstatic.net/checkout/20210125_50/1611582102689aObpm_JPEG/review-attachment-9f4a7ce9-2e70-4778-87e8-1e40dbb35f56.jpeg?type=f287']"
21.01.21.,5,18일날 주문했는데 주문하자마자 지연배송될 수 있다고 29일 발송 예정으로 안내 받았습니다. 급하게 사용할 일 있어서 주문한 거였지만 주문과 동시에 배송예정일 안내 받아서 일정 조정하고 여유있게 기다리자 했습니다. 그런데 21일날 배송 받았습니다! 빠른배송 정말 감사합니다!! 메모리와 하드 추가 신청한 것도 잘 설치해서 보내주셔서 제가 원하던 사양으로 작동 잘 되는 거 확인했습니다. 택배박스 열자마자 노트북 박스가 들어가 있고 노트북 박스 안에 스티로폼 말고는 별도로 뽁뽁이 포장이 안 되어 있어서 택배 박스 개봉하면서 살짝 걱정을 했는데 노트북 기스 하나 없이 깨끗하게 잘 배송 받았습니다. 택배박스에 취급주의 표시도 잘 되어 있어서 안전하게 배송 잘 해 주신 거 같습니다.,"['https://phinf.pstatic.net/checkout/20210121_43/1611229050017N7Ueb_JPEG/review-attachment-f3df0ea6-39ba-4c8d-9620-43b18c129513.jpeg?type=f287', 'https://phinf.pstatic.net/checkout/20210121_150/1611229050037O7Mto_JPEG/review-attachment-616a2996-f02f-4e7c-a255-9c1b6ec92580.jpeg?type=f287', 'https://phinf.pstatic.net/checkout/20210121_126/1611229049916SmUX0_JPEG/review-attachment-bafa9643-ad49-415c-8157-3f57d07e5968.jpeg?type=f287', 'https://phinf.pstatic.net/checkout/20210121_74/1611229785054jrUa1_JPEG/review-attachment-6b6ff115-aca6-4569-b568-a20f5d44c876.jpeg?type=f287']"
21.03.05.,5,"급하게 초등 온라인 학습용으로 구매했는데 하루 반나절만에 초스피드로 도착했어요.
구성도 알차서 딱 필요한 사은품인 키스킨, 마우스패드, 무선마우스가 와서 10분만에 세팅하고 사용했습니다.
가성비 좋은것 같아서 아주 만족한 구매였습니다.","['https://phinf.pstatic.net/checkout/20210305_294/1614930322394kOFhk_JPEG/review-attachment-83c26609-5aff-4f94-b634-bfe3c4f95c4b.jpeg?type=f287', 'https://phinf.pstatic.net/checkout/20210305_97/1614930334441zfQUT_JPEG/review-attachment-e6dcf554-007d-4d87-a681-8839cd58d3fc.jpeg?type=f287', 'https://phinf.pstatic.net/checkout/20210305_256/1614930342425k40Gx_JPEG/review-attachment-c87ebdb2-2915-4b45-bb3e-7fb6652ed400.jpeg?type=f287']"
21.03.12.,5,"아 역시 lg다운 튼튼함과 가벼움이었습니다
오자마자 포토샵이며 프리미어를 다운받는다고 이래저래 만져가며 꽤 오랜시간을 복잡한 작업을 했는데요
그럼에도 불구하고 키보드위로 발열이 나지않고
휀 돌아가는 소리도 상당히 조용했습니다..

비록 부속품 배송에 착오가있어 수량이 적게오기는 했지만
그 문제도 빠르게 처리해주시리라 생각됩니다.

어쨌든 제품자체는 너무너무 만족하고있습니다
프로그램 돌아가는 속도도 상당히 만족하며
가성비면에서 아주 좋다고 생각합니다!","['https://phinf.pstatic.net/checkout/20210312_279/1615494394049YFPPY_JPEG/review-attachment-07331f70-aace-4dd2-bfaf-f50ab6e2689c.jpeg?type=f287', 'https://phinf.pstatic.net/checkout/20210312_238/1615494466191QN9cY_JPEG/review-attachment-cd19b2cc-fd21-407f-b670-97b7b740b358.jpeg?type=f287']"
20.12.12.,5,요즘은 인텔에 비해 성능이 더 우수하면서도 가격이 저렴한 amd cpu가 답인것 같네요~ 좋은 상능의 노트북을 저렴하게 구입해서 만족합니다~ 거기다 추가 램과 hdd 슬롯은 노트북을 더욱 업그레이드 시켜줄 수 있는 큰 장점인 것 같습니다.,"['https://shopping-phinf.pstatic.net/20201214_13/716a19d6-4e5d-4cff-8acb-831ac56f61d4.jpg?type=f287', 'https://shopping-phinf.pstatic.net/20201214_2/b721311f-1954-4913-ad48-c39c34ce6668.jpg?type=f287', 'https://shopping-phinf.pstatic.net/20201214_5/be2ec93d-9097-491b-b6e6-8aeefc5e7585.jpg?type=f287']"
21.02.19.,5,"배송 빠르고 파손없이 저렴한가격에 잘 사서 매우만족!!연휴 시작하고 11절 특가로 구매했어요. 요즘엔 인텔보다는 라이젠 성능이 좋다좋다 해서 샀는데 아직 실 사용기간이 짧다보니 느껴지지 않습니다. 우선 노트북 자체는 굉장히 마음에 들어요 아직은 새거라는 콩깍지가 씌어있는듯 합니다. 상품은 설 지나고 화요일날 오전에 받았고요 외부박스 안에 노트북박스 포장된 상태로 왔습니다. 구성은 노트북, 충전기, 설명서 끝이고요 몇년전에 삼성꺼 살때는 노트북가방도 들어있고 하드만 요새 각박해진 세상이 새삼 서럽네요. 더 사용해보고 체감을 해야 알겠지만 딱 적당히 영화보고 문서 좀 작성하고 그러기에 안성맞춤인듯 해서 제 목적 부분에는 만족입니다.",[]
20.08.28.,5,"외산 노트북의 AS 에 한번이라도 데여 보신분은 아실겁니다.AS 기간내에도 부품이 없어 수리가 오래걸리고 AS 기간 종료되면 비용문제로 AS 포기하죠.결국 국산제품을 구입할수밖에 없습니다.국산이 비슷한 급의 레노버 제품보다 20~30만원 더 비싸지만 이런 문제로 국산을 선택했습니다.이번에 나온 LG 울트라북 15U40N-GR56K 은 AMD 르누아르 4500U 를 탑재한 15.6 인치 노트북입니다.타 모델 대비 장점은 메모리슬롯 1개, SSD 슬롯 1개가 더 있어서 확장이 용이합니다.또한 UTP 포트에 직결할 수 있어 별도의 컨버터 케이블이 필요 없습니다.뒤쪽 방열판도 큼직하게 나와있고 스피커도 동사의 그램에 비해 훨씬 좋습니다.LCD 는 15.6 인치 글레어 타입인데 장단점이 있죠.글자의 선명도나 화면의 쨍함은 좋습니다. 눈이 덜 피곤합니다.하지만 등뒤에 광원이 있을시 불편할 수 있습니다.무게도 적당한데 15.6 인치라는 크기에 비하면 1.8kg 은 약간 무거운 수준이네요(제기준에)여성분이라면 애매하고 일반적인 남성은 휴대에 무리가 없습니다.다만 LG 의 .",[]
20.12.28.,5,엘지에서 가성비로 좋은 노트북이라 생각해서 만족해요디자인도 깔끔하네요.며칠 써본 느낌으로 단점을 말하면1. 소음 약간 있어요. 이전 노트북은 무소음 팬이었어서 지금 노트북과 비교가 어려운데 다른 노트북은 어느정도의 소음이 일반적인지 잘 모르겠네요.근데 사실 게임이나 프로그램 돌리면 나는 소음은 어떤 놋북이든 있을것같긴합니다.. (무소음 팬이 아닌 이상)2. 화면이 반사되요.이 노트북의 하나의 단점을 꼽으면 패널일것같네요.좀 어둡고 잘 반사되서..밖에서는 쓸때 불편하실것같습니다.화면밝기도 좀더 밝게되야할것같은데..이부분은 좀 아쉬워요.전 집에서 쓰는데도 낮에 햇빛이 많이 들어서 노트북에 닿으면약간ㅠㅠ 유튜브에 후기 올라온게 있더라고요 찾아보시길 추천!며칠 써보니까 적응되긴하는데 첫날엔 좀 당황했습니다...길게 안좋은 것만 쓴것같은데 대체적으로 만족합니다.다시 골라도 지금 시점엔 이 노트북을 살것 같네요.전 다른 브랜드썼다가 as로 고생해서 그냥 한국 대기업 노트북이맘편해요. 잘쓰겠습니다. 배송은 생각한것보다 빨랐어요.,[]
21.02.17.,5,"그램과 몇번 고민했는데요
집에서 온라인수업 때문에 필요한거라서 가성비를 더 생각했어요
노트북 받았는데 완전 맘에들구요
그리고 전혀~~ 무겁지 않아요
노트북은 엘지꺼만 썼어서 품질은 믿고 씁니다
윈10깔려있는거 구매해서 아주 편하네요
색깔도 화이트라 예쁘구요","['https://phinf.pstatic.net/checkout/20210217_74/1613524010017Q4E4b_JPEG/review-attachment-d2fcf38c-fb13-4a5c-98a3-cf3ab5398c73.jpeg?type=f287', 'https://phinf.pstatic.net/checkout/20210217_250/1613525221268Qj2Lc_JPEG/review-attachment-7c391722-9a6e-4b0d-85a6-64149d89384b.jpeg?type=f287']"
21.02.22.,5,"오랜 시간 고민하다가 고르고 구입한 노트북이었어요. 회의를 열어 수업도 진행하고 수업도 참여하려고 구입했어요. 프로그램 관련 일을 하는 지인분의 추천을 받아 CPU 종류와 메모리, 저장용량등을 정한 뒤 빅스마일데이라 할인을 받아서 기본옵션을 구매하고 메모리와 저장용량은 업그레이드 했어요.
노트북은 빠르게 배송되어 잘 도착했고, 안전하게 물건을 받았어요. 윈도우가 설치되어 있어 사용과 다른 프로그램 설치가 편리했어요.
패드를 사용하다가 프로그램 사용에 한계가 있어 노트북을 구매했는데 휴대해보니 들고 다닐만하지만 다른 책과 같이 들으니 무게감 살짝 느껴집니다.
오래도록 유용하게 잘 사용하길 기대해봅니다. 아직까진 만족스럽네요~",[]
20.09.01.,5,"첫 영상편집용 노트북으로 한성 보스몬스터 x78k를 1년반 정도 썼는데 망가졌어요.어댑터부터 메인보드까지 싹 다 사망해서 수리 맡겨놓은 기간만 3주에 결국 수리비가 100만원이 넘게 나온다는 말을 듣고출장수리비 88000원만 날리고 이놈을 구매했습니다.와이프가 싼거 찾다가 이꼴났다고 무적권 삼성엘지로 사라고 했지만그래도 천성이 가성비충인지라 열심히 이곳저곳 뒤지다가 발견한 울트라북.뭐 당연히 같은 사양 저가브랜드들에 비하면 몇십만원 비싸긴 해도윈도우 포함에 램8기가 추가, 하드 1테라 추가까지 해도 90만원이 조금 넘는 가격, 매력적이었습니다.역시 르누아르 만세입니다.저같이 게임 안하는 컴알못, 영상쟁이들이 쓰기 좋을 것 같구요4K편집은 힘들겠지만 원래 4k로 찍지도 않으니까 상관없습니다.암튼 잘 산 것 같습니다. 엘지 만세.",[]
21.02.25.,5,"바로 쓸거라 윈도우 깔린 것으로 구매했습니다. 좋은 가격대에 가성비 노트북이라는 말이 많아서 이걸로 골랐어요 그래도 ssd 교체는 해야할 것 같아 1테라로 했고요 교체하는데 시간이 많이 걸릴 줄 알았는데, 주문한 날 바로 발송이 되더라고요 빠른 배송에 감탄하였습니다. 구동도 빠르고요. 만족입니다. 마우스랑 파우치 키스킨 보호필름 다 따로 구매한거에요. 없는 것보단 있는게 좋을 것 같아서 구매하였습니다. 역시 인텔보다는 라이젠인거 같아요 구동이 빠릅니다. 라이젠이짱입니다!!! 앞으로 또 컴퓨터 구매할 때 판매자님 스토어 찾겠습니다 좋아요! 만족만족",[]
21.03.19.,5,노트북이 흰색이라 조금 부담스럽긴한데 깔끔하고 이쁘긴해요. 다만 키보드가 좀 익숙하지가않네요. 자연스러운 타이핑이 좀 힘들어요. 화면크기도 좋고 주식용 hts 돌리기에좋네요. ㅎㅎ 잘돌아갑니다. 창 여러가 띄워도 버벅거리지않고~역시 ram추가하길 잘한듯.. 화면 필름은 붙이기 힘들더라구요...저 기포들 어쩔... 그리고 생각보다 좀 무거워요. 뭐...이 가격대에 만족합니다.,[]
21.03.07.,5,정말 고민 많이하고 샀어요.결론은 s사가 아닌 엘지 거기서도 그램과 가성비 울트라 사이에서 고민을 했는데이거 사길 잘 한것 같아요.용량추가해서 느리거나 용량이 부족하지 않게 업그레이드를 해도 120정도에 사서 정말 만족해요깔끔하게 쓰고싶어서 방지필름도 구매했어요사자마자 바로 화상회의해봤는데확실히 화질도 좋고 실행도 잘되고 넘 유용하게 잘 썼어요사은품은 네오플렌파우치로 보내주세요^^,[]
21.03.16.,4,"생각보다 일찍왔고, 흰색인걸 생각못하고 기능만보고 샀네요. 문의에 빠르게 회신해주시는것 같습니다. 사은품으로 받은 한글은 제품번호입력후 다운로드할때 시리얼 넘버쓰라고 뜨는데 컴퓨터 아래에 s/n에 써있는거 쓰면되요. 몰라서 콜센터 물어봤네요. 지금 사용하던 노트북은hp껀데 비교시 약간 더 발열이 있는거 같아요. 윈도우 업댓하느라 그랬을수도 있고..무릎에놓고 작업했는데 약한 손난로 정도 느낌인데 더 써봐야 알듯해요. 속도도 빠르고 대체로 만족해요.",[]
21.02.23.,5,인터넷 강의 수강용으로 구매 했는데 가격도 타사 인 *i5에 비해서 동급 사양 라이젠5이 가격도 저렴하고 가성비도 짱인거 같습니다. 램도 16GB로 업그레이드 해서 사용하니 반응속도도 빠르고 무엇보다 ssd가 탑재되어 부팅속도도 빨라서 만족합니다. 기본그래픽카드도 장착되어 있어서 사양이 높지않은 게임도 잘돌아 갈거 같아요. 고민하지 말고 LG울트라PC 가격대비 강추합니다. 잘 사용할게요. 사은품 네오프렌 파우치 보내 주세요~,[]
20.12.23.,5,"배송이 느리긴 했지만 바로 받아서 이것저것 확인해 보니 기존에 사용했던 삼성 노트9 보다 가성비가 좋은것 같습니다. 2년전에 구매한 모델과 비교하긴 좀 그렇지만 메모리 기반 노트북이라 그런지 부팅속도도 엄청 빠르고 인강 및 문서작업 등에 쓰기에는 아까울 정도의 성능을 보여주는것 같습니다. 단점이라면 화면이 15인치 보다 좀 커서인지 디자인은 투박한 감이 들긴합니다. 그래도 Win10 Home 64bit 기본 탑재에 메모리, HDD 확장성이란 좋은 옵션이 있다보니 아주 매력적인 모델로 추천 드리고 싶습니다.",[]
20.12.17.,5,처음에는 가성비 좋은 AMD 4500U계열만 보고 몇일을 고르고 골라서 결정하려했으나 마지막에 나타난 LG제품 가격 디자인에 끌려 집에서 와이프하고 애들한테 물어봤는데 만장일치로 이제품 선택했네요..ㅎ 역시 LG인가봐요..나중 서비스도.그렇고.ㅎ 개봉해보니..역시 디자인 갑..조금 무거운게 흠이지만 가성비로 샀으니..무게는 패스..화질도 깨끗하고..속도도 나름 괜찮게 빠르고..처음 AMD계열 쓰는거라 많이 걱정했는데 요즘 대세답게 성능은 꽤 괜찮은거 같아요 솔직 이 가격에 LG샀으니 너무 기분 좋네요..오래오래 쓸께요,[]
21.02.02.,5,"조카의 고딩등극 기념 아이템으로 LG 노트북 새것으로 장만~ 울트라PC 노트북을 15U40N-GR56K 모델로 실용적 성능에 충실해서 공략~ 중복할인 쿠폰이 있어서 무난한 에누리까지 받은셈. 기본기 충실하고 확장성도 적절하다고 해서 추후 업그레이드에도 좋을듯. 무게는 이전 울트라 노트북보다 가벼워진듯해서 그램까지는 아니지만 무난한 휴대성 가능. 집에서 주로쓸듯해 큰문제 없을듯. 배송 잘 되어 왔고, 바로 아답터로 연결해서 부팅해서 사용가능. 더 자세한 후기는 SNS리뷰로 쓸테얏!",[]
21.01.27.,5,"딸아이 중학생 입학선물로 고민 끝에 선탁한 제품이고, 요즘 코로나 원격수업을 많이 하는데 매번 스마트폰으로 하고 있기엔 무리가 있어 보여 수업용, 학습용으로 검색하던차에 노트북 사양으로만 봤을땐 타사 제품으로 거의 200만원 상당의 금액짜리로 가성비는 최고 인거 같습니다 아주 맘에 들어요",['https://shopping-phinf.pstatic.net/20210128_2/0bba82aa-2b3a-485d-8a05-740fc8fc1bde.jpg?type=f287']
21.03.19.,5,제품은 가성비가 나쁜데 좋습니다. 비슷한 사양의 더 저렴한 제품은 많지만 삼성/엘지에서 고르려면 대안이 없습니다. 제품 구매하자마자 문제가 생겨서 엘지 서비스센터를 가게 됐는데(알고보니 사용하는 소프트웨어 문제) 거기서도 확실히 비싼 값 했고요. 다만 글레어 패널인 거는 알았는데 생각보다 빛반사가 꽤 신경 쓰이긴 하네요. 업체는 발송 빨라서 좋았는데 한컴 오피스를 빼먹고 발송해서 문의했더니 바로 다시 보내줬고요. 기본 키스킨이나 무선마우스 등의 사은품이 없는 건 아쉬울 수 있으나 저렴한 가격이 충분히 상쇄하고도 남습니다. 그리고 추가구성품으로 판매하는 마우스(cosy m1097wl)가 인터넷 최저가 2만원대로 생각보다 가격이 있는 제품이더라고요.,[]
20.12.16.,5,"장모님 선물드리려 또 가성비 노트북으로 구매했습니다. 기존 노트북과 15.6인치의 화면크기는 같은데, 액정의 배젤이 줄어서 사이즈가 줄어서 노트북 백팩에도 쏙들어가고, 가볍네요 amd cpu처음쓰는데,요즘 대세니 일단 만족입니다. 아직 프로그램을 많이 안깔았지만 온오프시 빠르네요. 제가 사용할게 아니고 연세있으신 장모님이 사용하실거라 AS생각하고 대기업걸로 구매하였습니다. 자체수리가능하시지않다면 참고하세요. 노트북 전원스위치가 키패드위에 있어 누르기 편하네요",[]
20.11.16.,3,노트북을 뽁뽁이 없이 배송하는건 처음 봤어요. 환경을 위해서는 뽁뽁이를 쓰지 않는게 맞지만 그래도 전자제품은 최소한의 완충장치는 있어야하는 것 같은데 좀 찜찜하네요. 그리고 키보드 있는 판이 수평으로 바닥에 고정되지 않고 육안으로 봐도 유선형으로 휘어져 양쪽 바닥이 붕 뜹니다. 불량인줄 알았는데 엘지에 물어보니 원래 그렇다네요ㅡ.ㅡ자판 칠 때마다 덜컹거리는데 설계를 왜 이렇게 한건지 모르겠어요. 비싼 그램은 안그런지 궁금합니다. 돈 많이 벌어서 담엔 제대로된 제품 구매하고싶어요. 삼성이든 엘지든 애플이든..,[]
21.03.13.,4,드디어 첨으로 노트북을 하나 장만했네요. 매장에 가서 그램16이랑 울트라PC가 있어서 들어봤더니만 역쉬나 무게차이가 강하게(?) 느껴지더라구요. ㅠㅠ 지문인식버튼이 있을줄 알았는데 아쉽게도 그건 없는가 보군요.. 모 나머지는 주문한데로 도착했습니다. 새로 장착한 하드는 따로 인식을 안시켜도 인식이 되네요.,[]
21.02.22.,5,노트북 뭐사야 하나 고민하던찰나에 지마켓 행사가 있어서 뒤도 안돌아보고 결제 했네요결제 후 매장가서 실물 봤는데 사이즈 딱 좋고!매장가는 너무 비싸서 미리 결제 하길 잘했다 생각했어요배송일 미정이라 요즘 노트북 수급 어려워서 한참후에 받을려나 생각했는데 무슨 이틀?삼일 만에 칼배송!실제로 받아서 사용해보니 화면 크기도 넉넉하고 디자인도 깔끔하고 좋네요! 빠릿빠릿하니 좋아요 굿굿여유 슬롯도 있어서 사용하다 부족하면 램이나 하드 추가해서 쓰면 몇년은 끄떡없이 사용할수 있을것 같아요오랜만에 전자기계 구매 했는데 아주 만족합니다,[]
21.03.18.,5,가성비 좋습니다속도 빠르고 전 게임을 롤정도 밖에 안하는데끊김없이 잘 되네요.처음에 밝기를 올려도 너무 어두운거 아닌가?했는데radeon setting 으로 들어가면 색온도를 조정할수 있네요 간혹 어둡다는 글이 있어 남깁니다.(색온도를 올리면 좀 밝은듯 하지만 눈에 안좋을듯요)한컴오피스 정품으로 받아 사용가능해 아주 유용합니다,[]
20.10.20.,4,"특별히 뭐가 좋아서 고른 건 아니고, 원하는 사양으로 검색한 중에 써 보지 않은 브랜드로 골랐습니다.요새는 다들 그 흔한 노트북 가방이나 마우스도 끼워주지 않는 모양입니다. 노트북 본체만 달랑 왔는데, 포장 박스 쓰레기가 장난 아니군요.일단 디스크가 ssd라서 소음이 아예 없는 것은 장점이네요. 무게는 보통입니다. 들고 다니며 쓰기에는 무겁지만 집에서 쓰는데는 너무 무겁지 않고 화면 크기도 적당해 보입니다. 불량 키보드나 lcd 화면 불량같은 잔고장없이 잘 쓸 수 있으면 좋겠습니다.",[]
20.11.08.,5,사실 가격 생각해보면 레노버 아스파이어 msi 한성 등을 선택하면 동급내지 이상 및 더 저렴하게 살수 있었지만 as생각하니 삼엘중에 그나마 르누아르4500u달린것중에 이게 났겠다 싶어서 구매했습니다.포장은 박스안에 박스형식으로 주시고 배송은 한 2~3일정도 걸렸고(구매날짜는 빅스마일데이 11.1일에 구매)지금 현재 간단한게임(원랜디 대항온)과 영상시청 웹서핑 등 해보는대 발열도 딱히 없는것 같고 해서 만족하내요.,[]
21.02.08.,5,"배송도 빨라서 좋았구요.
제품 속도에 와~
신세계네요.
가성비 갑 인정입니다

고등학교 딸 인강용이나 파워포인트
작성용으로 구매한건데..
아주 좋을거 같네요.

제가 시험삼아
엑셀 돌려봤는데
회사컴으로는 워낙 함수가 많이 걸려있어서
로그인부터 버벅됐는데
막힘이 없네요.
좋습니다",['https://phinf.pstatic.net/image.nmv/shopnbuyer_2021_02_08_0/19d48a66-69d2-11eb-ad22-a0369ff952f4_03.jpg?type=f287']
20.12.16.,5,먼저 디자인이 매우 깔끔하고 보기 좋았어요 흰색으로 구매했는데 화면을 제외하고는 거의 올 화이트라 단순하면서도 세련된 느낌이 있어요 딸 인강용으로 샀는데 속도도 빠르고 마우스 없이도 조작하기 편해서 너무 맘에 든다고 하네요 가볍기도 가벼워서 한 손으로 편하게 들고 있을수도 있고 무릎 위에 놓고 앉아서 사용하기에도 부담이 없어요 앞으로도 잘 사용할 것 같네요^^,[]
20.12.22.,4,예정일보다 일찍오고 카드랑 ssd 교체 주문해서 판매자님이 박스 열어보셨을텐데 티안나게 새것처럼 왔어요 ㅎ 아주 조용하고 발열은 무릎에서 사용할때 따뜻한 정도에요. 자판에 숫자패드 따로있는거 맘에 드네요 안쪽에 RYZEN 그래픽 스티커가 삐뚤게 붙혀져 있어서 신경쓰이지만 타사이트에 비해 저렴해서 좋네요,[]
20.09.12.,5,"LG 울트라 pc 15U40N?GR56K 노트북


전에 쓰던게 자꾸 고장나고 너무 무거워서
새로하나 샀당

노트북은 LG라던데~ 너무 가볍고 깨끗해서 좋당

색상도 화이트라 어디다 둬도 이쁨이쁨

내장메모리가 8G라 업그레이드로 8G가 추가하여
사용하기로했다

업그레이드랑 전용 키스킨은 따로 결제해야해서
잘모르는분들은 문의해보시는게 좋다.

업그레이드를 해서 보내달라해야지 공임비가 무료

무선 마우스랑 마우스패드도 준당

사이즈는 15.6인지이다

노트북가방은 같이안오기때문에 미리 알아두자!

39.6cm 대화면이다!

쓰고있다

배송도 짱짱 빠름!",[]
20.12.27.,5,"11절 행사로 잘 구매했습니다. 배송이 24일부터라고 해서 크리스마스 연휴, 주말 지나서 받으려나 걱정하고 있었는데 연휴 전에 발송문자받고 하루만에 받아서 좋았습니다.이 상품 전에는 그램을 사용했어서, 그램에 비해 많이 무거울까봐 그 점도 걱정됐는데 생각보다 가볍고, 튼튼해보이고, 화면도 커서 만족스러워요. 아직 본격적으로 사용 전이라 그 점은 리뷰쓰기가 어렵지만, 일단 가격, 배송, 상품 자체는 마음에 듭니다. 잘 이용해보겠습니다.",[]
20.12.16.,5,간단한 업무용으로 이것저것알아보다가 구입한Lg노트북이네요 코로나때문에방문수령은하지못했네요~ 포장잘해서 안전하게배송받았네요 생각보다 많이 무겁지도않고색상도 화이트라 깨끗하고 크기고 적당하고 맘에드네요 신랑이 테스트로간단한게임도 해보았는데 발열도심하지않고 잘돌아가네요~사은품으로 주신 마우스 패드도잘쓰고있어요 전컴퓨터사항은잘모르는데~이정도가격때에 괜찮다고 신랑도 만족스러워하네요~잘사용할께요~,[]
21.02.24.,5,"76k와 56k른 놓고 많이 고민했어요.곧 개학인데 76k는 예약 배송인지라 그냥 빨리 받고싶어서 56으로 했습니다.전에 컴이 사양 뿐 아니라 용량도 딸려서 줌 할 때 렉이 심했거든요.메모리 16추가하고 용량도 1T이상 했더니 빨고 좋습니다.LG울트라만 세번째 구입인데, 들고 자닐거 아니고 게임할것도 아니면서 as편하게 받기엔 딱인것 같아요",[]
20.12.10.,5,"빠른배송 굿상품^^인텔칩과 비교우위에 있는 라이젠으로구매 후 체크해 본 결과역시나 구동속도는 빠름빠름 ^^다만.... 화면밝기를 최상으로 놓고 써야한다는..구동시간은 아직 체크하진 않았지만암턴, 좋은 선택입니다.코로나로 비대면이어도 HDMI 케이블은 쏴주심 ^^오픈마켓 쿠폰할인으로 여러대를 구매하려해도1대씩 사야한다는 번거로움만.. 없다면 완전 궀이요!!",[]
21.01.27.,5,5년전에 구매한 삼성 노트북 사용 중이였는데 노트북을 오래 사용하면 눈이 너무 침침?해져서 새로 구매하게 되었습니다. 컴알못이라 지인이 추천해주는대로 사이트 들어와서 결제만 했는데 배송도 생각?했던것보단 빠르고 무엇보다 전에 쓰던 노트북에 비해 너무 가볍고 좋아요...문서 작업용으로 구매했지만 신랑이 게임도 몹시 잘된다구 하네요.가성비가 몹시 좋은것 같습니다.,[]
21.03.15.,5,"설연휴에 구매했는데도 배송이 엄청 빨랐습니다.램8기가추가하고 ssd128추가장착하니 더 좋아요화면크기도 크고 타자감도 마음에 듭니다하얀색이라서 때가 탈 우려가 있지만, 하얀색이라서 예쁘고 좋아요. 조금 무겁긴하지만 그건 알고 구매한거라 괜찮아요.한가지 아쉬운점은 충전기제거하면 화면밝기가 좀 어둡습니다.그것빼고는 다좋아요",[]
21.02.20.,5,"생애 첫 노트북인데 너무너무 좋아요!구매전 이리저리 검색해보니 가성비 노트북이라고 소문이 나있던데 이건 가성비가 아니던데요..성능이 너무좋아요. 일상적인 용도로 웹서핑, 유튜브, 영화감상은 물론이도 고사양 게임도 구동이 잘될정도 성능이 좋아요.. 대표적으로 검은사막이 구동 잘되네요.마우스나 키보드 덮개 같은 기본 사은품이 없는게 다소 아쉬웠어요..ㅎ그치만 생애 첫 노트북치고 너무 첫인상이 좋은 노트북이었습니다. 너무 만족하고 기분 좋습니다ㅎㅎ",[]
20.09.24.,1,"배송 빨랐습니다.
노트북 자체의 빠릿빠릿함도 기대했던 수준이네요.
다만, 다른 후기들처럼 마우스는 잠시 테스트용으로 쓸 정도 수준입니다.
뿐만 아니라, 개봉하자마자 눈에 확 들어오는 노트북 상판의 스크레치...;;

전화상으로 개봉품 혹은 반품건은 아니라고 하시는데..
매의 눈이 아닌 대충 봐도 슥 보이는 .

어차피 애지중지 하는 타입은 아닌데다가,
재질 상 사용 중 기스가 날 것이라 생각해서,
그냥 수령하지만..
별점은 빼겠습니다.",['https://phinf.pstatic.net/checkout/20200924_199/1600942392718Jnhi5_JPEG/review-attachment-11c34993-7912-4472-a49b-1a3b8175b64e.jpeg?type=f287']
21.02.28.,5,처음에는 그램 화이트에 빠져서 허우적거리다가 정신차리고 가격대비 성능 좋은 노트북을 찾다 알게된 울트라북! 프리도스 제품이 아니라 부모님이 쓰시기 딱 좋은것 같아요! 초기 세팅도 간단하게 끝나고 바로 사용하기 좋네요!색이 화이트라 더 만족스럽습니다👍,[]
21.03.04.,5,기존 노트북을 10년 정도 사용하다보니 너무 느리고 불편해서 새 노트북을 알아보던 중 가성비 좋은 이 제품을 선택하게 됐습니다. 행사가로 저렴한 가격에 카드할인까지 로딩시간이 10초도 안걸려서 만족합니다.발열도 소음도 거의 없어서 너무 좋아요! 단점이라면 빛반사가 조금 있는데 사용하는데 큰 불편함은 없네요 잘 사용하겠습니다 감사합니다!,[]
20.11.05.,5,빅스 특가로 저렴하게 구매해서 좋아요~가격대비 저렴하고 윈도 기본탑재라 손댈 것 없이 바로 사용 가능해요~기존에도 울트라북 쓰던 중이라 패널이 안좋은지는 모르겠는데..글레어라 빛반사가 심하긴하네요..쓰다보면 적응되긴해요흰색이라 때가 잘탈거 같은 재질이고어댑터와 코드는 검은색이었음 좋았겠는데 아쉽네요그래도 저렴한 가격에 성능은 좋은거 같아요~중국발과 고민하다 안정성을 택했습니다,[]
21.02.25.,5,"고민많이했어요얼마전 타사 노트북도 샀지만레이젠은 제가 처음 접해보는거라서엄청나게고민하다가세일마지막날밤에구매했는데.,바로발송하셨네요하얀색이라 깔끔하고 예쁘고 속도도빠르고as도가능하다고 하나넘좋아요적극추천해요",[]
20.09.23.,4,라이젠을 처음 써보는데 생각보다 빠르고 깔끔하니 좋네요 하지만 사은품으로 주시는 마우스의 조악함은 한숨이나오고 가방 같은 게 없는 점도 정말 아쉽네요 당연히 들어있을줄 알았던 가방이 없어서 좀 놀라기도하고 배신감도 들고....노트북 박스가 들어있는 박스가 하도커서 기대를 만히 했나봅니다,['https://phinf.pstatic.net/checkout/20200923_225/1600810017254yLzSp_JPEG/review-attachment-c9d1b85c-3248-4182-95ad-058323ed8035.jpeg?type=f287']
21.03.06.,4,애들화상수업용인데 좋은거 같아요 속도가빨라좋네요 다만악세사리나 아무것도 없어 좀 아쉬워요 그것만따로사야겠어요 ssd추가했는데 추가된거 맞는거죠? 택배박스에도 추가한게 안적혀있어 추가된건지 잘 모르겠네요 그래도 성능은 가격대비만족,[]
21.02.17.,5,인강들으려고 구매했는데 15.6인치라서 생각했던거보다 커서 업무용으로도 손색이없네요 빠른배송에 만족했구요 명절기간이었는데도 친절한 답변에 만족했습니다 제품도 너무 이쁘네요 해외브랜드 같은스펙이 더 저렴하지만 예약배송 2달에 ... AS도 별로라는데 가격이 너무 올라서 그돈주고 살바는 엘지가 낫지 싶어서 구매했습니다 . AS센터를 몇번이나 가겠나 싶지만 혹시 모르니까요 ^^ 윈도우 설치된 상품으로 주문했는데 그래서 전원버튼 누르니 윈도우 계정설정으로 바로 넘어가서 5분만에 노트북을 사용 할수있었습니다 .,[]
21.02.19.,5,아이 줌수업과 인강 과제작업등을 용도로 검색하다가 윈도우도 깔려있고 디자인도 마음에 들고 후기도 좋아서 선택하게 되었는데아주 마음에 들어요 키보드 감이 좋았고 화면도 적당한 사이즈여서 인강듣기에도 괜찮네요박스포장 걱정되었는데 안전하게 포장되어왔고무엇보다 아이가 너무 좋아합니다^^,[]
21.01.27.,5,"일단 배송빠릅니다. 포장도 꼼꼼하게 해주신거 같고요.성능도 좋은거 같아요. 일체형 pc구입한지 1년이 조금지났는데 아이들 원격수업이 잦아지다 보니 세 아이 감당이 힘들기도 하고, 큰 아이 패드도 교체시기가 된 듯 하여 고민하다 구입했는데 잘 한 거 같아요.원래 LG제품을 선호하기도 하는데 화이트라 더 마음에 듭니다.",[]
20.09.03.,4,"첫번째로 구매후기를 다 올리네요? 집에서 사용하던 노트북을 대신하려고 가성비 노트북을 찾던중에 2020년형 르느와르R5 제품을 선택하게 되었네요,주위에 알아보니 가성비 뛰어나고 잘 구매했다고 하네요~~어차피 고사양은 필요치 않았고 가정용으로 사용 하기에는 아무 문제 없을듯 합니다. 주문후 하루만에 배송 받아서 윈도우도 탑재된 제품이라서 바로 사용하고 있습니다.이정도 가성비에 이정도 성능 좋은 제품 어디가서도 아무리 찾아봐도 못 찾을겁니다. 판매자님 코로나 조심하시고 번창 하십시요.",[]
20.12.27.,5,"재고부족으로 배송은 늦게 받았지만 성능은 만족합니다. 윈도우도 탑재되어있고 가정용 사무용으로는 부족함 없는거 같아요. 박스 개봉하면 노트북본체, 어댑터, 설명서 외에 다른건없어요. ㅎ 필요한 악세서리는 별로 구매 해야겠네요.. 오래오래 고장나지 않고 사용했으면 좋겠어요^^",[]
21.02.16.,4,설연휴에 주문해서 화욜 오전에 받았어요.일부러 11절 할인 기다려 조금 더 저렴한 가격에 구입했습니다. 모두 1단계씩 업그레이드했으니.. 오래 잘 써야겠어요. 컴알못이지만 전원 누르고시키는대로 해서 잘 사용하고있어요. 속도도 빠르고 좋네요,[]
20.12.31.,5,노트북은 처음 써 보는데.역시 여기 저기서 정보 알아보고 사길 잘 한듯 합니다.생각보다 성능이 참 좋네요 ㅎㅎㅎ오래 쓰실 분들이면 나중을 위해 램은 8기가 추가 해서 16으로 사용하는것이 좋지 않을까 예상 해 봅니다.참고로 전 16기가 입니다.충분히 만족하며. 좋은 가격에 잘 구매 했습니다^^,[]
21.02.26.,5,"상상한 그대로 가성비 높은 제품이네요
첫째 이후 둘째 학습용으로 구매 했고 아이들도 너무 좋아 합니다. 요즘같이 집에서 보내는 시간이 많고 인강 활용도로는 최고의 선택이라 생각합니다
되군다나 행사기건에 구매하게되어 더욱 만족합니다",[]
21.03.18.,5,아이들이 세명이여서 온라인 수업을 데스크탑도 사용하고 다른 노트북도 사용하고 했었는데 1대가 더 필요해서 또 lg 노트북을 구매하게 되었어요.. 타사 노트북은 안써봐서 모르겠지만 고사양 게임하는거 아니면 이정도 사양에 쓰기 좋은거 같아요,[]
20.12.29.,5,예약PC로 1월에 올거라고 했는데 더 빨리왔네요디자인도 잘빠졌고 잘돌아가요엘지그램 알아보다가 너무비싸서 고민중이었는데우연히 알게되서 사게됬네요적당한 가격에 잘산거 같아요 엘지꺼라서 고장났을때 수리하기도 좋고 요로모로좋은거 같네요 잘쓰겠습니다,[]
20.12.23.,5,예상보다 배송이 빨리와서 얘들이 너무 좋아합니다~^^크리스마스 선물로 딱 맞추어서 와서 저도 기분이 좋네요!!역시 lg 울트라.. 이름값하네요 성능도 절대 뒤쳐지지않고 라이젠이라 확실히 안정적이긴하네요!! 자판터치감도 역시 부드럽고 글자도 큰편이라 보기도 편합니다~!! 속력도 잘나오고 유튜브시청중인데 버퍼없이 잘나오고 라메라 성능도 빠지지않고 잘나와서 너무 맘에 들어요!! 감사합니다! 어려운시기에 고생하십니다. 번창하세요!,[]
21.02.26.,5,오늘 받아서 잠시 사용해보고 후기 작성합니다.일단 처음에 느낀점이 이쁘다 였어요.가성비 노트북이라고 광고하지만 디자인도 이정도면 충분히 만족합니다.가성비도 좋구요.업그레이드도 여러종류로골라서 하게끔 되어서 좋아요.충분히 만족하고 잘 사용하겠습니다.,[]
20.09.01.,4,"제가 노트북은 처음 구매하기도 하고 컴알못이라 정말 많이 고민했습니다. 거의 2달은 알아봤어요..ㅎㅎ컴알못이기 때문에 국내제품으로 A/S가 가장 중요했어요. 두번째로는 가격이 중요했어요. 제가 노트북 사용이 처음인데 얼마나 사용할 수 있을런지를 모르니 조금 저렴한게 좋겠다고 생각했습니다. 세번째론 발열과 소음이 적은 제품이면 좋겠다 했는데 이번년도 노트북 대부분이 발열문제가 있다고해서 고민하고 있었는데 lg에서 르누아르 노트북이 나왔길래 “이거다! “하고 바로 구매했습니다.결론적으로 더 써봐야겠지만 받아서 1시간 사용한 결과 너무 만족입니다!! 디자인과 가격 발열 소음면에서 모두 좋아요! 문의했을때 귀찮으실법도 한데 30분 이내로 답변해주셨어요, 컴알못이고 물어볼 곳도 없었는데 친절한 답변 감사합니다~ㅎㅎ그리고 배송 정말빨라요! 저는 금요일 저녁에 주문했기 때문에 화요일날 받았지만 다른분들은 1일정도면 받아보실 수 있을 것 같아요~",[]
21.01.05.,4,예상배송일이 한참 뒤에 있어서 걱정했는데 생각보다 빨리왔습니다. 노트북은 본격적으로 사용하기 전이라 자세한 사용후기는 어렵지만 일단 키보드 터치감은 맘에드네요. 그리고 화면도 선명하고 무엇보다 as를 생각하지않을 수 없으니 좋은 선택이었다 생각합니다^^,[]
21.03.15.,4,램이랑 ssd교체 장착해서 배송 오래 걸릴 줄 알았는데 새벽에 주문해서 그런가 당일 바로 발송됐습니다.라이젠이 가성비 좋다고 해서 구매했는데 현재까지는 매우 만족스럽네요.그런데 11일이 제일 쌀 줄 알았는데 지금이 더 싸네요ㅠ이건 좀 아쉽습니다.,[]
21.03.18.,5,노트북이 갑자기 고장나는 바람에 급하게 구매하게 된건데 배송 진짜 빠르고 노트북이 흰색이라 깔끔하고 윈도우가 깔려있어서 복잡할것없이 바로사용하기 편하고 아직까지는 성능도 빠르고 조용하고 좋네요. LG노트북을 잔고장없이 10년썼었는데 이것도 잔고장없이 오래쓰길바래봅니다.,[]
20.11.30.,5,궁금했던 추가 질문과 요청사항에 대해 친절하게 응대해주신 부분과 빠른 발송 처리에 감사드립니다. 요청드린 시간에 맞춰 무사히 잘받았습니다. 담당 퀵 기사님도 친절하셨어요 ^^배송된 박스도 꼼꼼했고 오픈해서 실제로 보니 실물이 뽀얀 무광의 화이트가 넘 이쁘네요 .윈도우10 탑재모델이라 바로 쓸수있고 램 추가로 속도도 더 빠른듯하고 좋네요.계속 써봐야 진가를 더 느낄듯합니다! 건강주의하시고 감기조심하세요.,[]
20.12.10.,5,"빠른배송 굿상품^^
인텔칩과 비교우위에 있는 라이젠으로
구매 후 체크해 본 결과
역시나 구동속도는 빠름빠름 ^^
다만.... 화면밝기를 최상으로 놓고 써야한다는..
구동시간은 아직 체크하진 않았지만
암턴, 좋은 선택입니다.
코로나로 비대면이어도 HDMI 케이블은 쏴주심 ^^",[]
20.12.24.,4,예약발송 상품이라 기다림은 있었으나 가성비가 매우 좋은 상품으로 생각됩니다둘째 인강용으로 주문해서 사용중인데 속도도 빠르고 LG라서 AS걱정은 없을거 같구요국내 대기업 제품으로 원도우 탑재하고 이정도 가격이면 선택에 별다른 고민은 없을듯 합니다,[]
21.02.17.,5,일단 이 제품은 가성비가 좋아요. 다른 스펙의 노트북을 사려면 돈을 더 줘야하는데 반해 이 제품은 저렴한 가격에 높은 성능을 지녔고 예상보다 더 좋은 것 같아요. 단점은 확실히 무거워서 들고다니기는 힘들 것 같아요. 무게가 무거워도 성능이 좋아서 추천합니다,[]
20.09.26.,5,인강용으로 노트북이 필요해서 여기저기 한 스무개정도 비교해보다가 요걸로 픽! 맘에 쏙 듭니다^^ 디자인은 그램이니까 말할것도 없죠ㅎ 저는 가지고있던 제가좋아하는 캐릭터 스티커를 붙붙~ㅎㅎ 노트북 소음은 거의 없는것 같구요. 사용 시간도 인강만 들어서 그런지 넉넉하더라구요~ 윈도우 깔려있어서 좋았구요 저는 가정용MS도 구매했는데요 설치도 어렵지않아서 바로 한것같아요. 인강 잘듣고 열공할게요~ㅎㅎ,[]
20.11.08.,5,윈도우도 깔려있고엘지제품이라 애프터서비스 받기도 편하고컴퓨터나 노트북 같은 기기를 잘 다룰줄 모르는 지인에게 선물하기 정말 좋은 노트북 같네요.역시 엘지제품 답게 마감처리도 깔끔하네요.쓰다가 조금 느려진다고 이야기하면 램이나 추가로 달아주면 될 것 같습니다.좋은 가격에 좋은 노트북 잘 구매했네요.많이파세요!,[]
21.02.19.,5,사실 대학생 이후 처음 노트북 쓰는데 생각보다 무겁지도 않고 이정도라면 구지 그램으로 안가고 성능이 좋은 에엠디 율트라북으로 온게 잘 됫다고 생각합니다. 윈도우도 당얀히 포함이구요. 노트북 사실거면 사실 추천드립니다,[]
20.11.04.,5,원래 그 유명한 레노버사려다가 비슷한 스펙에 이 제품 세일해서 싸게 샀어요.디스플레이는 레노보에 비해 좀 떨어지지만 엘지이름 닏고 as와 윈도우 깔린거에 메리트를 느껴서 구매했어요.큰 작업 없이 서핑이랑 기본 문서 작업정도만 할거라 적당한 사양필요했눈데 좋네요.,[]
21.01.14.,5,"주문하고 배송이 좀 늦다는 리뷰를 보고 일주일 넘어 오겠구나 했는데 이틀 뒤에 받아 깜짝 놀랐네요쓰고 있는 유물 삼성 노트북을 쓰다 엘쥐로 구매했는데 깔끔하고 좋습니다.조금 가벼울 줄 알았는데 살짝 무겁지만 쓰고 있는 삼성보다 가벼우니 만족 합니다.포토 리뷰 사은품은 여기에 적어 두면 되나요?""타입C랜 젠더""로 보내 주심 감사하겠어요~ ~ ~",[]
21.02.17.,4,2/15일 밤에 주문해서 오늘 3시정도에 배송 받았어요 배송은 빠르고 노트북도 이쁘고 성능도 좋고 가성비로는 최고예요근데 마우스는 사은품으로 주시는 것도 아니고 따로 사야되는건데 색상이 랜덤발송이라 검은색이 온 게 좀 많이 아쉽네요..하얀색이 왔으면 노트북하고 색도 잘 맞고 좋았을텐데 돈 주고 산건데 색상 고르지 못한 게 아쉽습니다 참고하세요,[]
21.02.04.,4,무겁진않지만 가볍지도 않은것 같아요.보통이예요. 처음엔 전원이 안켜져서 당황했지만 계속 누르니 지금은 잘 켜집니다.아들 화상수업 때문에 급히 주문했어요.배송은 일요일 주문하고 화요일 받았어요.만족합니다.잘 쓸께요~사은품은 네오프렌 파우치 보내주세요~^^,[]
21.02.18.,5,배송 정말 빠르네요. 화요일 오후에 주문하고 수요일에 받았어요. 디자인이야 군더더기 없이 깔끔하고무게는 조금 무겁지만 예상 했던 부분이고 거의 집에서 사용할 거라 괜찮고요.속도가 정말 빨라서 놀랐어요.아직까지 단점은 모르겠어요. 마음에 듭니다.,[]
21.02.08.,5,"LG 15U40N-GR56K 라이젠 4500 CPU 노트북 - 가성비 최고입니다. 라이젠 CPU 사용으로 일단 가격경쟁력있고 거기다 성능도 준수한 수준입니다, 다만 메모리는 듀얼 설정 하시길 바랍니다. 약간의 화면 어두움는 가격으로 상쇄하고 ㅎㅎ 대기업 LG 제품으로 이가격에 이정도 성능이면 만족합니다. 적극 추천합니다. 세팅값이 윈도으 최신입니다, ㅎㅎ",[]
20.12.28.,5,배송은 예약판매였기에 괜찮았고 예정일보다 빨리 왔어요인텔살까 amd 살까 엄청 고민했는데이번에 나온 르누아르 성능 괜찮네요 조용하고 발열？？고 디자인도 깔끔합니다어머님 드릴려고 산거라서 윈도우도 탑재된거 샀는데 저도 편하네요ㅋㅋㅋ 다시 나오면 저도 사야겠습니다,[]
20.11.04.,5,엘지 노트북 중 가성비 좋네요 비슷한 가격대 타사 노트북보다 좀더 튼튼한 느낌이에요 단점은 기본으로 깔린 이런저런 프로그램이 많네요 이런거 싫으시면 프리도스로 구매하시는것이 나을지도요 또 하나 아답터가 여전히 타사보다 불편한 디자인이에요 배송은 매우빨랐고 강추에요,[]
21.01.07.,4,연말이라 배송은 늦었지만 가격도 좋고 디자인도 깔끔하고 좋아요문의드렸을때도 친절하시고 설명 잘해주셔서 믿음이 갔네요남편 선물이라 아직 제대로 실행해보진 못했지만 기본 화면에서 인터넷 접속 속도도 빠르고 좋아요잘쓰겠습니다~,[]
21.02.22.,5,중학생 인강용으로 구매하였는데 성능이 뛰어나네요화면도 15인치라 엄청크고 원도우 기본장착이라서 제품 받아서 바로 사용가능합니다노트북 택배상태도 걱정이였지만 안전하게 포장되어 도착했네요화면 필름 부착이 쉽지 않네요ㅜㅜ사용하다가 다시 시도해봐야겠어요Q&A 답변 엄청빠릅니다~~ㅎㅎ,[]
20.08.28.,5,가전 가격호러쇼와 LG 중복 할인 그리고 삼카 추가 할인을 통해 74만원 정도에 구입했습니다.그램 라인이 아니기에 키보드를 비롯한 외관에서 싼 느낌이 나긴 하지만 무선랜을 AX200을 넣어줄 정도로 스펙에는 신경을 쓴 느낌이 듭니다. 반기가 사용 중인데 정확하게 뽑아주네요.추천합니다.,[]
20.09.18.,5,1.8kg이 무거울줄 알았지만 생각보다 가볍고 들만합니다.전공책 2개에 노트북까지넣으면 어깨는 약간아프지만 그래도 봐줄만한 무게입니다. 성능은 4500U폼을 잘보여줍니다. 배터리면도 외부에서 가벼운 문서작업을 할정도는 있으니 만족합니다.,[]
21.02.06.,5,"라이젠 5 4500u 탑재된 LG 15U40N-GR56K 최신 라이젠 CPU 사용 으로 제품 성능 좋고 정품 윈도우 설치 제품이라 에러시 복구 옵션사용가능합니다. 믿을수 있는 LG 이기에 서비스나 제품 완성도가 좋습니다, 적극 추천합니다. 좋은 제품 좋은 가격..ㅎㅎ",[]
20.08.28.,5,"레노보같은 제품에 비하면 가성비 떨어지지만LG브랜드에 as걱정없고, 윈도우 포함이라충분히 매리트있는 가격에 샀습니다. 만족합니다.액정이 250니트에 ntcs45% 여서 아쉽지만 그래도 중국브랜드 액정이랑 비교불가네요램 8기가 추가로 장착해주니 날라다닙니다.강추!",[]
21.01.16.,5,딸아이 온라인 수업때문에 샀는데 엄청 만족스럽습니다. 저희 아파트 택배가 가끔 분실돼서 회사로 택배 요청 했는데 이틀만에 받았구요. 기존에 삼성 노트북 쓰다가 새로 샀는데 사양이 좋아서 그런지 인터넷 속도도 엄청 빠르네요.,[]
20.09.16.,5,"좋아요 램도 정상적으로 장착 되었고, 소음 전혀없고 빠릅니다. 라이젠 제품 탑재한 대기업 제품이라 마음놓고 구매했어요. 단점 하나 말씀드리면 사은품으로 주시는 마우스 너무안좋아요.. ㅠㅠ 하지만 노트북이 좋으니 그냥 패스",[]
20.09.10.,5,첫 노트북도 엘지 울트라였습니다 그 당시에 뭘 몰라 저한테 잘 맞지않는 성능였습니다 그래서 이번엔 더 공부하고 저한테 맞는 울트라 노트북을 구매하게 되서 기분 좋습니다 저는 확실히 너무 쨍한 화면보단 눈이 편안한 엘지께 좋더라고요,[]
21.01.20.,5,"가성비 가장 좋은 노트북인것 같아요
굿굿굿","['https://phinf.pstatic.net/checkout/20210120_90/1611130444947aIwpf_JPEG/review-attachment-7cbb07ec-076d-40e2-af83-fcc6887c98f7.jpeg?type=f287', 'https://phinf.pstatic.net/checkout/20210120_237/16111304626564Jgjk_JPEG/review-attachment-afe0368a-08b3-4c4e-9a10-748fa86b8dd0.jpeg?type=f287', 'https://phinf.pstatic.net/checkout/20210120_248/16111304702247amfB_JPEG/review-attachment-cbce8302-a239-4404-8983-a69a4d0f407e.jpeg?type=f287', 'https://phinf.pstatic.net/checkout/20210120_191/1611130479900vUgvj_JPEG/review-attachment-20c95f84-071b-409b-835d-b36729405516.jpeg?type=f287']"
21.01.13.,5,"가정용으로 쓰기에는 최고요
재고가 없어서 한달넘게 기다린건 비밀","['https://phinf.pstatic.net/checkout/20210113_251/1610500208272dBMMW_JPEG/review-attachment-840e2397-1ab5-4e73-8d25-69b976ec507d.jpeg?type=f287', 'https://phinf.pstatic.net/checkout/20210116_172/1610767785184nN7Tz_JPEG/review-attachment-da8ccaf6-17e0-4f46-ae9f-33b60dbcddcc.jpeg?type=f287', 'https://phinf.pstatic.net/checkout/20210116_68/1610767799105reEds_JPEG/review-attachment-0a9758ba-7611-41e5-9e93-8d874678a58b.jpeg?type=f287', 'https://phinf.pstatic.net/checkout/20210116_135/1610767824268jl1KA_JPEG/review-attachment-5c0d6c14-13ac-462b-8c9b-c1d13da6c753.jpeg?type=f287']"
21.03.18.,5,"그램과 울트라 고민하다 울트라 선택 잘 한것 같아요.
화질 해상도 좋고 터치감도 좋은데,스피커 음질은 큰 기대 안하는게 .. 들은만은 합니다.","['https://phinf.pstatic.net/checkout/20210315_261/1615811737897sBoWI_JPEG/review-attachment-b2e49324-f125-4605-8479-6853059a1cee.jpeg?type=f287', 'https://phinf.pstatic.net/checkout/20210315_26/1615811738111Nxdmd_JPEG/review-attachment-1da3ab80-e2ba-4838-a581-14fd0f6de1c4.jpeg?type=f287', 'https://phinf.pstatic.net/checkout/20210318_262/1616061104284zWq7H_JPEG/review-attachment-9b393bc1-6a0a-44ff-ae58-b09c2a104f32.jpeg?type=f287']"
21.03.20.,5,"기존 사용하던 노트북의 속도가 느려서 새로 구입했는데, 역시 렉도 없고 매우 빠르고 그래픽도 매우 만족합니다. 배송도 기대한 시간에 도착하였습니다. 많이 파세요.","['https://phinf.pstatic.net/checkout/20210320_128/1616218084655Ca5Nx_JPEG/review-attachment-04e22484-74c1-4034-85a3-632094f2e75e.jpeg?type=f287', 'https://phinf.pstatic.net/checkout/20210320_75/1616218097270pHWw2_JPEG/review-attachment-58a733ea-c743-462d-815b-367b788d4a96.jpeg?type=f287']"
21.03.13.,5,정말 많이 따져보고 고민했는데 가성비 최고의 노트북이에요. 흰색이 너무 깔끔하고 예뻐요 게임할게 아니라서 이정도면 최고인듯. 키감도 좋고 속도도 빠르고 흠잡을데가 없습니다,"['https://phinf.pstatic.net/checkout/20210313_129/16155934115492PBA9_JPEG/review-attachment-85d857f3-db47-4dff-a3bd-c0286b92e370.jpeg?type=f287', 'https://phinf.pstatic.net/checkout/20210313_5/1615593417999xIEti_JPEG/review-attachment-5a5d8039-ec03-4a67-87a7-1895db30a58a.jpeg?type=f287']"
21.03.03.,4,LG그램만 사용해서 그런지 생각보다 무거운 감은 있어요 그래도 화면도 크고 빨라서 좋아요 아직 사용을 별로 안해봐서 지금은 대체적으로 만족합니다.,"['https://phinf.pstatic.net/checkout/20210303_28/1614770114168An3I7_JPEG/review-attachment-d04d33a1-cd3e-4c9a-ae17-3aa263b4f7f0.jpeg?type=f287', 'https://phinf.pstatic.net/checkout/20210303_155/1614770119261Ob8ii_JPEG/review-attachment-cc95b542-2469-489b-9527-adca3a5cd36d.jpeg?type=f287']"
21.03.10.,5,가성비 좋은 노트북 같습니다.ㅎㅎ 무게가 조금 있지만 화면도 크고 좋아요만족합니다~~,"['https://shopping-phinf.pstatic.net/20210312_1/7dd3bc7f-a029-485a-bf3c-7bc482f0f84c.jpg?type=f287', 'https://shopping-phinf.pstatic.net/20210312_10/28adc979-7897-48b4-bffe-1665d67dbaa0.jpg?type=f287']"
21.02.25.,4,이번에 노트북을 처음 구매했는데 하얀색이라 너무 예쁘고 크기도 생각보다 커서 좋아요 무게는 중간정도?배송은 2틀후에 왔구요 아주 만족합니다,"['https://phinf.pstatic.net/checkout/20210225_93/1614231599875TKXHC_JPEG/review-attachment-8c693da1-18fe-4579-aa8f-0a2ad903d133.jpeg?type=f287', 'https://phinf.pstatic.net/checkout/20210225_269/1614231640524RPDSN_JPEG/review-attachment-be4f9ed2-b499-4860-b4f0-b1a14a061a6c.jpeg?type=f287']"
21.02.16.,5,가볍고 성능도 좋고 화이트가 색상도 깔끔하니 좋습니다,"['https://phinf.pstatic.net/checkout/20210216_152/1613483498899deROS_JPEG/review-attachment-3fb0aa51-598c-4a66-b4f4-d6ef1e41583f.jpeg?type=f287', 'https://phinf.pstatic.net/checkout/20210216_179/1613483499873x2Gr6_JPEG/review-attachment-5b59d3a3-b889-466f-8cab-a13ee926e974.jpeg?type=f287']"
