"898,990"
date,star_point,comment,photo
20.06.03.,1,노트북은 이상없이 왔는데 동봉된 무선 마우스가 무슨 중고제품이 왔네요 사진 보시면 아시겠지만 각종 스크레치는 물론이고 더 심한건 왼쪽 버튼 부분이 사용감 있는듯이 손가락 눌림 자국이 선명하게 있네요 이게 새상품이 맞는건가요? 휠도 왼쪽으로 휘어있고;; 그냥 하나 사서 써야겠네요 아무리 공짜로 주는 사은품이라고 해도 소비자는 구매가격에 포함된거라고 생각하고 쓸만한게 왔으면 하는 생각이 있는데 판매자분은 아쉽게도 제 생각과는 다른가 보네요 기분좋게 와이프 선물로 산 노트북인데 괜히 제가 미안하고 언짢은 기분은 감출 수가 없네요,"['https://shopping-phinf.pstatic.net/20200615_22/cf4298f5-7f66-4170-8762-52c8c286818d.jpg?type=f287', 'https://shopping-phinf.pstatic.net/20200615_4/3c922fec-f9f8-49ed-94a4-47c52a66764c.jpg?type=f287', 'https://shopping-phinf.pstatic.net/20200615_29/c5a036ac-ce9c-4de7-8448-3b04da17291a.jpg?type=f287', 'https://shopping-phinf.pstatic.net/20200615_0/ff1623c4-38b3-4dbb-a425-5d7049cc6619.jpg?type=f287']"
21.02.04.,4,"제품에 만족합니다~
사은품도 너무 맘에 들어요^^
특히 노트북 파우치가 노트북과 찰떡이네요~
1월 초에 결제해서 한달이 넘게 오랫동안 기다린 보람이 있네요~ ㅠ
ms랑 오피스 한글을 따로 구매해서 깔았더니 가성비 좋은 노트북입니다.
코로나 시대에 아이들이 집에서 수업받을 일이 많아서 구매하게 되었는데요 용도에 맞게 사용기 딱 좋은 컴퓨터 같습니다
색도 맘에 들고 무게도 생각보다 많이 안나가서 만족스러워요~ 추천합니다~~
오랫동안 기다렸지만 2021년 신제품을 받게 되서 기쁘네요^^
너무 오래 기다리게 되어서 별하나는 뺏어요~
번창하세요^^","['https://phinf.pstatic.net/checkout/20210204_109/1612437822720oKneI_JPEG/review-attachment-4dec04f6-a303-4bd4-81c1-2d309e7d476f.jpeg?type=f287', 'https://phinf.pstatic.net/checkout/20210204_42/1612437822759aiGgv_JPEG/review-attachment-e67c7b82-bb04-406e-871f-2d0245f0ea38.jpeg?type=f287']"
20.09.13.,4,주말에 필요해서 금요일 주문했는데 판매자분은 당일 발송 했지만 토요일 우리동네 택배가 배송을 쉬어버리네요 언제보니까 주말 배송 하던데 기준을 모르겠네요 모두 업그레이드해서 비싸지만 그냥 구매했는데 늦게 받을줄 알았으면 그냥 부품따로 주문해서 제가 조립할껄 그랬나봐요 업그레이드 부품은 제 기준으로는 좋은부품은 아닌거라 판단되네요 그래도 사전에 질의해서 부품은 알고 있었어요 시간땜에 시켰다가 후회막심하네요 제품은 업그레이드후 하판 조립시 덜 닫힌상태로 왔네요 추가 상품으로 구매한 액정보호필름은 붙였는데 기포가 생겨서 없어지질 않네요 기포안이 구겨진 느낌이 드는게 핸드폰 액정필름 하고는 다르더라구요 판매자분께 문의해드렸더니 주문 누락된 키스킨하고 같이 한매 더 동봉해서 보내주셨네요 하지만 액정필름은 못쓰는걸로 판단되어지네요 전자제품은 조금 신중하고 천천히 구매하는게 정신건강에 좋은듯 하네요 몇일사이 할인행사도 많이하고 심적으로 쉽지않은 시간들이었네요 그렇지만 전체적으로 판매자분은 친절하고 빠르게 응답해주셨네요,"['https://shopping-phinf.pstatic.net/20200915_16/82220e94-720f-413b-9766-fcd46173c03b.jpg?type=f287', 'https://shopping-phinf.pstatic.net/20200915_20/6de6025a-7cb7-44cb-b097-19f28cf2d1ff.jpg?type=f287', 'https://shopping-phinf.pstatic.net/20200915_6/24c927a1-9ad6-4712-91d3-e41c93d7da27.jpg?type=f287']"
20.12.26.,5,컴퓨터를 구매할때가 되었는데 잘 몰라서 유투브에서 이것저것 알아보다가 가성비 좋은 노트북이라고 추천받고 구매하게 됬어요. 일단 엘지니까 as걱정없다는 부분때문에 선택하게 됬지만 받아보고 더 마음에 들었어요. 일단 디자인부터가 그냥 심플하고 깔끔하면서도 세련된 느낌이었어요. 램8 추가해서 구매해서 사양도 인터넷 강의듣고 그냥 일반적인 문서 작업하기엔 전혀 모자람 없이 좋구요. 윈도우 설치되어있는것과 가격차이가 좀 있어서 직접설치했는데 어렵지않게 했네요. 배송도 12월 중순 순차발송이라서 한참 걸릴것 같아서 맘을 비우고 있었는데 18일쯤 도착해서 배송도 만족했어요.,"['https://phinf.pstatic.net/checkout/20201226_298/1608961974768JBVzU_JPEG/review-attachment-f47393d4-374e-4cbb-ba9d-222be0b067d4.jpeg?type=f287', 'https://phinf.pstatic.net/checkout/20201226_21/1608962000927RqDOp_JPEG/review-attachment-ab9b3ba5-0057-418d-af70-c235204fcc89.jpeg?type=f287']"
21.02.05.,5,"예약구매했는데 생각보다 빨리 왔네요. 명절전엔 받을 수 있으려나 걱정했는데 2월 4일 어제 받았어요. 원하는 사양대로 잘 받았습니다.
이전에 그램을 썼어서 많이 무거울까 걱정도 조금 했는데 생각보단 많이 무겁진 않네요.
당연히 더 무겁긴 하지만 겉으로 보기엔 그램과 거의 흡사합니다.
가방에 넣어서 들어봤는데 그리 많이 차이나지는 않는 것 같습니다.
키보드패드와 파우치, 마우스, 마우스패드는 사은품으로 왔네요.
마우스패드는 조금 퀄리티를 올리는게 좋을것 같아요. 많이 얇고 작아서 다시 하나 사야 할것 같습니다.

좋은 상품 감사합니다.","['https://phinf.pstatic.net/checkout/20210205_257/161248693178273aNb_JPEG/review-attachment-8ff2b913-1d17-4276-a23a-50e62feb402d.jpeg?type=f287', 'https://phinf.pstatic.net/checkout/20210205_45/161248693514966oEh_JPEG/review-attachment-773075ce-7344-463f-a548-8bfa044a316f.jpeg?type=f287', 'https://phinf.pstatic.net/checkout/20210205_188/16124869356135Aj3e_JPEG/review-attachment-d7b2f417-5220-4b3a-932a-be3fdcd13a51.jpeg?type=f287']"
20.08.31.,5,본인 습성상 모든 물건 구매시 가성비를 중요시 하다보니 노특북을 선택할 때는 더욱 따져야 할게 많았다. 첫째는 가격이요 두째는 사양이고 셋째는 브랜드였다. 여러 가격 비교사이트에서 많은 사람들이 대중적으로 사용하는 인기기종(CPU 인텔 i5 10세대)을 확인후 마지막 선택은 삼성이냐 LG 냐로 최종선택을 남겨두고 있었다. 결국 LG로 구매. 이유는 조금 더 싸고 이쁘고 브랜드 인지도는 삼성이나 LG나 비슷하고 ㅎㅎ 구매중 가장 고민한 부분은 OS를 포함하느냐 마느냐였다. 10년전 구매했던 정품 윈도우7(CD) 이 집에 있었는데 이것이 사용 가능한지 여러사이트를 수소문 했지만 확실한 답을 구할수 없었다. 일단 노트북 구매를 하고 OS를 깔아보기로 했다. 마이크로소프트 사이트에 접속한 후 윈도우10으로 전환가능한지 뒤적이다가 어떨결에 USB메모리로 윈도우10을 저장할 수 있었다 . 물론 KEY번호를 입력해야 한다. 도착한 노트북에 곧바로 윈도우10을 깔아보았다. 처음 노트북을 켜는 순간 윈도우10의 바탕화면이 화려하게 날 맞이해주었다. 그리고 부팅속도에 놀란다. SSD 사용이 처음이다 보니 더욱 그러하다. 종료 속도는 더 가관이다. 3초 끝. 너무 좋다. 화면전환 빠르고 멀티태스킹에 무리 없고 기타등등. 단지 아쉬운 점 2가지가 있다. . 구매시 고민했던 부분이었는데 실질적으로 사무실에서 사용하는 제품보다 소모가 빨랐다. . 그래도 2개의 단점은 크게 느껴지지 않는다. 주용도가 거실이다 보니 어댑터 사용해서 쓰고 블루투스 스피커 연결하면 단점이 커버되니깐 ㅋㅋ 아 그리고 무게는 지인의 LG그램을 들어봐서 그런지 1.75KG이 가볍지는 않게 느껴진다. 이건 개인차가 있으니깐 뭐 괜찮다. 결론은 이가격대에 OS 정품이 있다면 이만한 제품은 더 이상 찾기 힘들게다.,[]
20.12.19.,5,컴퓨터이상없이 잘 작동되어 좋습니다.렘도 추가업그레이드 했는데 같은제품이 아닌게 조금아쉽긴 하지만 sk 하이닉스 렘이 쓰였네요. 잔고장 없이 오래 쓸 수 있었으면 좋겠습니다.디스플레이는 lg니 믿고 써볼게요.같은사양인 삼성은 1.8g lg는 1.75g 체감은 잘 안나겠지만 조금이라도 더가볍다는 사실이 이 제품을 구매하게된 매력입니다. 잘 써보고 1달뒤 후기를 남겨볼게요. 좋은제품 감사합니다~,"['https://phinf.pstatic.net/checkout/20201219_121/1608365804393DpbBB_JPEG/review-attachment-8849a25e-cb5a-4a5b-bf5b-36f3a075dd68.jpeg?type=f287', 'https://phinf.pstatic.net/checkout/20201219_86/1608365858977Xv7wi_JPEG/review-attachment-8b00fe55-01fc-4542-9a11-6ad760644481.jpeg?type=f287']"
20.09.29.,5,줌 회의용으로 구입했는데 아직 사용해보진 않음. 윈도우 까는 시간이 20여분 정도~와우 엄청 빠름~ 마우스는 온오프가 없네요..;;; 가방까지 주셔서 감사해요~ 그램에 비하면 무겁긴 해요~ 하지만 아무리 노트북이라도 휴대하는 시간이 뭐 얼마나 될까 싶어서 가성비 좋은 듯 해요~ 키보드치는 입체감? 도 그램보담 좋고 글자간 간격도 넓어서 오타가능성도 적은 듯 해서 좋아요~~ 잘 쓰겠습니다~^^,"['https://shopping-phinf.pstatic.net/20201001_17/28f1c59e-6765-48d7-9701-08e375beb49b.jpg?type=f287', 'https://shopping-phinf.pstatic.net/20201001_6/dffd3a87-e5da-4932-bce1-e347643e4650.jpg?type=f287']"
20.09.27.,5,"윈도우 설치하려고 USB연결 했더니 제조사 안내문이 나오길래 봤는데 부팅 디스크 드라이브 변경하라고 설명이 있더군요.
도움이 되었어요.
디자인 깔끔하고 무게는 무겁지 않았고 베젤 디자인이 너무 마음에 들었습니다.
화면은 15인치라서 크지만 슬림해서 여기저기 들고 다니기도 부담 없을 거 같이 생각됩니다.
음향은 기대하지 않았는데 생각보다 괜찮았어요.
상판 꾸미기 좋아하시는 분은 화이트 좋을 거 같네요.
유선랜 포트가 있어서 집 이나 사무실에 두고 사용하기도 용이하고 패널이 ISP패널이라 시야각도 괜찮아요!!
게임 많이 하지 않으면 내장 그래픽만 해도 충분해 보입니다.",[]
20.07.06.,5,"이번에 대학 들어간 동생 노트북 사줬어요!
스펙도 괜찮고 디자인도 깔끔하고 부팅속도도 엄청빠르네요. 대학교 개강하고 학교도 못가고 온라인으로 강의듣는데 집에서 말고 도서관가서 하고 싶어해서 사줬는데 엄청 좋아하네요.
무게는 엄청 가볍진않지만 그래도 이정도면 들고다니기 좋을 것 같아요.
크기도 기존에 제가 쓰던 엘지 울트라북에 비해 훨씬 큰데 들고다닐만 한 무게에요.
Os설치하고 이것저것 해보니 .
윈10깔아서 사용중인데, 회사에서 사용하는 데스크탑보다도 빠른 것 같네요 ㅎㅎㅎ
동생이 이 노트북으로 열공하고 자격증도 많이 따면 좋겠어요^^","['https://phinf.pstatic.net/checkout/20200706_97/1593997511360XQCVP_JPEG/review-attachment-6bbc96fc-d302-4654-8e2d-e7d847b44934.jpeg?type=f287', 'https://phinf.pstatic.net/checkout/20200706_60/1593997531575eirhU_JPEG/review-attachment-792264f7-670d-4a9c-bd45-63a52fa2b684.jpeg?type=f287']"
20.08.14.,3,가성비보고 구매했는데 가성비는 아닌 것 같고 아주 어정쩡해요. 배터리35wh라 사용시간 짧고 usb 부팅 ntfs 안되서 불편하고 그렇다고 성능이 좋은것 같지도 않고 살짝 후회 되는 제품이여요. 레노버 l340 구매할껄 그랬어요. 레노보보다 좋은 점은 10세대 인텔이라는 정도? 인것같고 이동성이나 사용시간은 같은 것 같고 (레노버 배터리는 45wh)인데 gpu따로 있으니 전력소모 조금 더 있을거라 예상도고요. 아 무게가 4~500g 정도 가벼운데 둘다 어차피 배터리가 못버티니 (3시간정도?) 이동성은 꽝이고 데스크에서 성능이 레노버가 월등할 것 같네요. 디자인은 개인차가 있을거고 lg로고 때문에 좀 더 비싼것 처럼 보일 수도 있다 (실제 기본에 메모리 사양 맞췄을때 10만원 정도 비쌈) 메모리 업그레이드에 대한 확장성 정도가 장점이겠네요. 다른 가성비 제품에 비해 가성비는 많이 별로인것 같아요. 오히려 배터리시간 짧은 비싼 넷북 느낌이네요. 그래도 쓸민은 해요.,[]
20.07.20.,5,회사에서 업무용 노트북으로 검색에 검색을 거듭하다 결정하였는데...엘지 울트라북은 과연 그 기대를 저버리지 않더군요. 깔끔한 마감과 가격대비 파워풀한 성능까지~ 신규직원 4명 모두 민족해 하고 있습니다. 많이 파시고 번창하십시요!!,"['https://shopping-phinf.pstatic.net/20200722_4/5d2395b5-176e-4bb2-b5fe-dfbb257b5530.jpg?type=f287', 'https://shopping-phinf.pstatic.net/20200722_10/3fe885ef-af0e-4a42-903a-4cf99d97a440.jpg?type=f287', 'https://shopping-phinf.pstatic.net/20200722_16/af045ef3-7dc4-4adb-a7f6-a1d9c0e30cd5.jpg?type=f287']"
20.09.16.,5,"좋은 제품 적절한 가격에 잘 구입했습니다. 여러 일을 고민하고, 이곳 저곳 비교하다 이곳 LG한국종판매점이 가장 적당하다는 판단하에 드디어 구매를 결정하고서 최대한 빠르고, 안전하게 받아보고자 직접 방문하여 잘 수령하였습니다. 그런데 별거 아니지만, 방문 당일 판매점 주차장이 상당히 혼잡도 하여 서둘러 노트북과 사은품이 들어있는 쇼핑백을 받아 설레는 마음으로 돌아오는데 쇼핑백 안에는 내방시의 사은품 중 액정보호필름은 없고, 무선마우스와 마우스패드만 들어있길래 되돌아가 액정보호필름이 없다라고 말씀드리니 흔쾌히 넣어주셔서 감사인사 드리고 얼른 주차장을 빠져 나왔습니다. 나중에 알고보니 사은품중에 마스크도 포함되어 있는데 이것도 누락되었네요. 아마 선착순이라 마감됐을걸로 판단되고, 또한, 점심시간 전 많이 바쁘신 상황이었으므로 충분히 이해하는 바이며 아울러 귀 사의 무궁한 발전과 건강을 기원합니다! 윈도우도 처음으로 설치해 보았으나 생각보다 어렵지 않았고, 앞으로 좋은 제품 잘 사용할 일만 남았습니다.",[]
20.06.02.,4,고딩 딸램 탭이랑 노트북이 3개나 되는데 최신형 노트북이 갖고 싶다고 해서 구매했습니다.윈도우깔고 한글 깔아줬더니 너무 빠르고 좋다네요.너무 좋습니다.크지도 않고 가볍고 가격도 잘 산거 같아요.무선마우스나 가방까지 포함되어 있어서 만족해요.공부 열심히 해서 좋은 대학가겠다는데 엘지 노트북으로 인강듣고 좋은 결과 있길 바라네요.코로나 때문에 계속 집에서 수업해야 하는데 중딩 딸림꺼도 한대 더 사야 하나 고민 중이예요.빅스마일 데이 쿠폰 뜰때까지 기다려야 하나...흰색이고 깔끔하고 가볍고 속도 빠르고가격대비 완전 만족 합니다.엘지 삼성 마지막까지 고민하다가 막판에 엘지로 선택했어요.고장 안나고 잘 되길 바라면서...3년 된 노트북도 늦다고 안쓰는 따림 얼마나 갈지...암튼 가격대비 좋아요.70만원대에 구매햇는데...67만원은 어떻게 해야 하는건지... 잘 모르겠네요.그래도 스마일 쿠폰 적용해서 .곧 한대더 구매하겠습니다.,[]
20.10.13.,5,"집에 있는 컴퓨터가 많이 오래되어서 버티고 버티다 구매 했습니다. 현재 아주 만족스럽구요, 윈도우 설치할때도 매뉴얼에 상세하게 나와있어서 초보자라도 설치할 수 있겠더라구요. 덕분에 십분도 안되서 설치완료했네요.
성능도 마음에 드는게 인텔 코어 10세대 i5, 램 8기가에다가 (NVMe)SSD가 256기가 정도되니 속도도 엄청 빠른느낌입니다. 무게도 1.75kg이라 가벼운 느낌이라 휴대용으로 좋은것 같네요! 솔직히 별 고민없이 선택한 제품이지만 결과적으로 성공한것 같네요. 역시 LG사 제품이 가장 무난무난한 느낌입니다ㅎ 혹시 이 제품을 구매하려고 고민중이신 분들이 있다면 절대 후회하지 않을거라고 말씀드립니다!!",[]
20.07.10.,5,10년째 사용하던 노트북이 이제 힘이 없어지고 너무 느려서 이것저것 찾다가 이 노트북을 사게 되었어요.이 제품 사기 전에 다른 브랜드에 조금 더 저렴한 제품을 샀다가 제품에 문제가 있어 불량판정을 받고시간이 많이 지체가 되었는데 더 좋은 제품을 살 수 있어서 다행이다 싶어요.포토샵과 일러스트 작업을 해야하기에 램 8GB를 추가했어요.아직 두 개 다 돌려보진 못했지만 잘 돌아가겠죠~~늘 신랑 쓰던 노트북 물려받다가 이번에 처음으로 제 노트북을 가져서 너무 좋네요.작은 것보다 이 정도 사이즈가 딱 괜찮은 듯 싶어요.블랙색상만 쓰다가 화이트라 조금 더 조심스럽긴 한데 깔끔하고 예쁩니다그리고 선명하고 정말 빠르네요.사은품도 가방이며 무선마우스며 실용적인 것들로 주셔서 더 좋구요.가방이 군더더기없이 깔끔하고 좋으네요.따로 구매한 파우치도 고급스러운데 가방을 주셔서 크게 필요가 없겠어요.그래서 신랑이 사지 말랬는데 그래도 사고 싶어서 샀어요~더 좋은 시스템이라 이제 작업도 더 잘 될 것 같아요^^,[]
20.09.03.,4,"배송은 생각보다 느렸네요. 저번에 노트북살때는 주문 다음날 받은것같은데, 요즘은 택배량이 많아서 그런지 4~5일정도 걸린것같네요. 급한건 없어서 큰 불만은 없습니다. 노트북은 깔끔하고 속도도 빠르고 동영상 창을 여러개열어도 전혀 버벅거리지않네요. 윈도우는 직접깔았는데 처음 노트북 열면 나오는 안내를 보고 하나씩 준비해서 하면 크게 어렵지않고 (유에스비에 윈도우10을 받아서 설치) 시간도 별로 오래걸리지않았어요. 드라이버도 안내문에서 하라는데로 엘쥐머식이를 실행하니 알아서 깔아주어 번거로울것이 없었습니다. 업그레이드없이 샀는데 당장 불편한건없으니 나중에 모자라면 하드랑 램을 하나씩 사서 업그레이드하면되니 크게 문제될 것이 없네요.아빠생신선물로 주문했는데 만족스럽습니다. 또한 엘쥐라 에이에스문제도 걱정할 필요가 없어서 좋네요.",[]
21.02.06.,5,"20년제품 회사 노트북으로 써보고 좋아서 구매했어요~^^ 역시나 너무 좋네요. 21년 신제품이라 음량,마이크 성능이 더 좋네요. 화상수업과 학습에 더 도움이 되겠어요. 램추가 안하면 어떨지 궁금하네요~ 윈도우 설치도 키만 등록할수있게 잘되어왔습니다.",['https://phinf.pstatic.net/checkout/20210206_213/16125769176332gRFm_JPEG/review-attachment-c879e77f-1211-4960-afbf-eee4b67bf292.jpeg?type=f287']
20.06.01.,5,레노버나 기타 저렴한 노트북을 검색하다 그래도 향후 AS등을 염두에 두고 국내 Maker를 고려했는데삼성노트북과 비교하다 LG로 결정한 이유는 사양은 동일하지만 디자인이 더 깔끔해서였는데 받아보고 나서 만족합니다. 이왕이면 디지인도 중요한 요소이니까요.메모리나 HDD 별도 추가하지 않고 기본 사양으로 주문했는데 문서작업이나 인강 듣는데 전혀 문제가 없습니다.향후 데이터가 늘어나거나 필요시 별도 구매하여 뒷판만 열고 직접 교체도 쉽게 가능한것 같습니다.윈도우10을 직접 구매하여 깔았는데 컴퓨터 처음 사용하시는 분들은 OS까지 옵션으로 구매하시는것도 괜찮을것 같습니다.초등학생 원격강의에 바로 써 봤는데 디스플레이도 적당한 크기에 깔끔합니다.회사에서는 15인치 그램을 사용하는데 비교할때 무게가 살짝 더 나가지만 약 50만원 가까운 가격차이를 생각해 보면 훌륭한가성비인것 같습니다.빅스마일 기간에 추가 할인을 받아서 광고대로 70만원대에 구매했는데 배송도 빠르고 최저가로 좋은 제품을 구매한것 같아다른분들께도 해당 제품과 판매처를 추천드립니다.,[]
20.09.21.,5,울트라피씨를 주문하고 6일만에 받았습니다주문하고 이틀은 hdd 장착으로 그리고 주말 끼이고 cj택배 파업으로 늦은듯 합니다기존 쓰던 노트북도 울트라pc인데 아이 학교 수업에 필요해서 구매했습니다 기존 쓰던 울트라도 성능이 가격대비 괜찮아 두번째 구매도 고민없이 같은 종류로 샀습니다대학생이나 노트북을 들고다녀야하는 사람은 그램이 나을거지만 집에서 가만 두고 쓰는 사람은 굳이 비싼돈 주고 그램 살 필요가 없을듯 해서요화이트라 넘 이쁘네요hdd 1tb로 업그레이드해서 구매했고 윈도우는 ssd에 설치하고 나머지는 hdd에 저장하려고 합니다빠르고 조용합니다 눈도 편안하고 너무 좋으네요 속도가 날아갑니다윈도우10 설치하고 이것저것 까는데 잘 되네요강추합니다,[]
20.07.21.,5,"장점. 1) 일단 가볍습니다. 15인치 노트북임에도 한 손으로 거뜬히 들 수 있을 만큼 가벼워요. 2) 윈도우 설치가 편리합니다. LG제품의 장점이지요. 그리고 LG컨트롤 매니저도 아주 훌륭합니다. 배터리 잔량도 조절 가능하고 리더모드도 설정 가능합니다. 다만 알캡처와는 충돌이 일어나니 이점 유의바랍니다. 3) 화질이 선명합니다. 비록 sRGB100%는 아니지만, 그래도 눈이 편안합니다. 사실 무반사코팅이 안 된 제품이라 걱정했는데, 눈부심이 아직까진 없습니다. 4) 체감상 노트북 키보드 치고 키압이 많이 높지 않았습니다.단점. 1) 택배 포장이 ㅡ.ㅡ^ 사진 보시면 알겠지만 내부에 충격완화제(뽁뽁이)가 없어요. 그래서 어지간히도 흔들리면서 왔을 거라 생각이 됩니다. 그리고 택배 상자도 사진처럼 구겨져서 왔습니다. 사실 이 부분은 아직도 화가 납니다. 뽁뽁이 얼마나 한다고 그걸 안 넣었는지.... 2) 키보드 방향키가 어색합니다. 그래서 자꾸 시프트키를 누르게 돼요. 3) 사은품으로 온 마우스!! 이거 영 못 쓸 물건입니다. usb 단자가 하자인지 제대로 들어가지고 않고 들어가면 잘 나오지도 않습니다. 지금 다른 노트북에 끼워놨는데, 노트북 고장날까봐 빼지도 못 하고 있습니다. 물론 이걸 끼운 노트북은 수년 동안 사용하며 usb에 어떠한 문제도 없던 노트북입니다. 4) 패션 마스크... 이거 넣을 돈으로 뽁뽁이를 넣었으면 어떨까요?총평. 사은품과 택배를 제외하고, LG울트라pc라는 제품만 봤을 땐 매우 훌륭합니다. #사랑행복씨앤씨/#LG한국총판매점",[]
21.02.09.,5,"배송은 조금 늦었지만 구매 전에 미리 안내받아서괜찮았습니다.
삼성 노트북과 비교했는데 우선 패널이 깨끗하고와이파이도 최신 모델이고 해서 이 제품으로 구매했고, 받아보니 깔끔하고 예뻐요!
또한, 신형 모델로 보내주시고 기타 사은품도 전체적으로 다 좋았습니다
여러가지 비교해보고 산거라 만족도가 높아요!!",['https://phinf.pstatic.net/checkout/20210209_234/1612840266358tWmOA_JPEG/review-attachment-ec32d108-fdd8-4fb7-90bd-b89e405a286b.jpeg?type=f287']
21.02.03.,5,"1.06 구매하고 오늘 받았네요
당일 배송이란 말 보고 주문했다가 신청제품이 단종되고 신제품으로 교체되는 과정이라며 한달이나 더 걸리다니
너무 오래 걸리고 배송 지연도 묻기전엔 먼저 얘기해주시지 않고 답답하긴 했지만
제품은 좋네요 포장도 깔끔하고 마우스 패드, 마우스, 키보드 커버, 파우치 등등 감사해요",['https://phinf.pstatic.net/checkout/20210203_89/1612335252215JkRBy_JPEG/review-attachment-0cf45964-b481-464f-8372-508a941ff90f.jpeg?type=f287']
20.10.21.,5,"노트북을 각기 다른 기종으로 두 개 구매했는데, 한 제품은 3주를 기다려야하는 반면이 제품은 주문한 당일 용산에 가서 직접 수령 해 왔습니다. 무게가 아주 가볍다 할 수는 없지만, 기능면에서는 가성비 최고입니다. i5 10세대 최신 버전에 메모리 용량도 적당해서 잘 돌아갑니다. 화질도 괜찮고 스피커 음량도 부드럽고 좋습니다. 노트북 가방도 같이 받아서 안전하게 들고다니고 있어요. 잘 쓰겠습니다.",[]
20.07.21.,5,처음엔 운영체제미설치로 망설여지기도 했지만 그래도 7년째 사용하던 노트북이 이제 힘이 없어지고 너무 느려서 이것저것 찾다가 이 노트북을 사게 되었어요.유튜브 작업을 해야하기에다 돌려보진 못했지만 잘 돌아가겠죠~~늘 노트북 물려받다가 이번에 처음으로 제 노트북을 가져서 너무 좋네요.작은 것보다 이 정도 사이즈가 딱 괜찮은 듯 싶어요.블랙색상만 쓰다가 화이트라 조금 더 조심스럽긴 한데 깔끔하고 예쁩니다그리고 선명하고 정말 빠르네요.사은품도 가방이며 무선마우스며 실용적인 것들로 주셔서 더 좋구요.가방이 군더더기없이 깔끔하고 좋으네요.따로 구매한 파우치도 고급스러운데 가방을 주셔서 크게 필요가 없겠어요.더 좋은 시스템이라 이제 작업도 더 잘 될 것 같아요^^,[]
20.06.28.,5,"작년에 울트라PC 구입해서 잘쓰고 있습니다. 이번에와 같은 사랑행복씨앤씨를 통해 구매했었구요. 느린 노트북 대신해서 구매했었습니다. 올해 코로나19로 온라인강의를 딸애가 듣는바람에 거의 노트북을 독점해서, 다시 기존 노트북 대신해서 추가 구매하게 되었습니다. 이번에는 지난번과 달리 윈도우 미설치된 제품을 구해하여 직접 설치해보려고 합니다. 다행히 무사히 설치 끝냈습니다. 어려울줄 알았는데, 생각보다 어렵지는 않았습니다. 미설치 제품 구매 망설이는 분은 너무 고민하시지 말고 구매해도 됩니다. 동봉된 설명서나 인터넷검색해서 설치하면 충분히 가능해요,, 다만 시간은 투자해야 겠지요..ㅎㅎ,,, 10세대라서 그런지 8세대와 속도가 차이 나는거 같아요,,기분이 그런지 모르겠지만요.. 노트북 크기도 같은 15인치인데도 작고, 얇고, 무게도 가볍도 정말 맘에 듭니다. 색상도 화이트라 딸애가 찜해서 조만간 ㅠㅠ... 잘 쓰겠습니다.",[]
20.09.05.,5,금요일 아침에 주문하고 중간에 이런저런 문의를 4-5번 하였는데 매번 정말 친절하게 답변해주셔서 방문하기전부터 믿음이 생겼습니다. 다른 사이트에서 일주일기다리다가 입고예정이라는 답변에 지쳐서 취소하고 당일 받고싶어서 방문수령했는데 가서보니 많은 주문들 배송준비하느라 바쁘시더라구요. 노트북은 윈도우 설치하니 이상없이 잘 돌아갑니다. 가성비는 진짜 좋지만 역시 가볍지는 않습니다.,"['https://shopping-phinf.pstatic.net/20200907_26/e2f90bbc-a1f1-4ad6-9722-f92ffb6929cb.jpg?type=f287', 'https://shopping-phinf.pstatic.net/20200907_12/6a344f39-d7b8-4e49-a36f-020ff6c77fc9.jpg?type=f287']"
20.12.03.,1,"11월 10일에 주문 하고 12월 2일에 받았습니다.물량확보도 안된상태에서 판매했으며, 11월 중순 입고된다, 갑자기 11월 20에 입고된다.. 또 11월 말에 입고된다.. 하다 결국 12월 초에 입고되어 드디어 어제 받았습니다.너무 급해서 전화했더니만, 직원분은 시큰둥하시고죄송하단소리보다 물량 입고가 늦어져서 어쩔수 없다는 식, 그럼 미리 고지를 해줬어야 되는거 아니냐고 물었더니 아니 입고가 늦어지는데 어쩌라는거냐.. 언제들어오냐.. 했더니 나도모른다는 식 좀 더 물었다가 짜증들을까봐 끊었습니다.미리고지를 안해줬으니...최소한 언제쯤 입고되니, 조금만 더 기다려주세요. 이래야 하는거 아닌가요...? 너무 많은걸 바라나...싸게 사긴 해서 뭐.. 입다물고 기다리긴 했습니다만 선물해준다 해놓고..이건뭐 3주뒤에 주게 생겼으니 급하게 노트북 빌려서 사용하고 그랬네요..여튼 여러모로 아쉽습니다.제품은 잘 왔네요. 가격도 지마켓 행사로 저렴하게 샀구요..근데 그냥 여기서는 더이상 안살랍니다.",[]
20.08.28.,5,"두번째 구매하는 노트북입니다
가성비 노트북이라 만족하는 제품으로 재구매합니다
i5 10세대 가성비에 만족하는 가격이고 저번에 구매할시
80만원대였는데 인기있는 제품이다보니 가격이 오른 것 같네요
SSD하드라 또한 속도는 최고급이니다
윈도우 10설치하는데 십분도 안걸린 것 같아요
프리도스 사용하시는 분은 F10눌러서 BIOS화면에서 설정화면에서 USB외 다른 걸로 부팅하시고 설치하면됩니다
윈도우 설치되있는 노트북은 그냥 사용하시면되구요
가방이나 무선 마우스 그리고 패드주시는게 은근 편하네요
사실 이것도 따로 구매하는게 귀찮은데 한꺼번에 주시니 좋아요~~
옆사람이 추천해달라는데 이 제품 추천합니다~
감사합니다",[]
20.07.15.,5,아이 학습을 위해 구매했습니다 너무 맘에드네요 아이도 좋아합니다~~기존 노트북이나 태블릿으로 학습을 하다가 Lg울트라 pc로 수업하니 깨끗한 화면에 아이들이 눈의 피로도 덜하고 속도가 빠르니 바로바로 수업이 진행되서 너무 편하네요 서로 새 노트북으로 하겠다고 하네요~ 아직 어리다 보니 고사양이 필요한 게임을 하지 않아 아이들이 조아하는 마크라던지 그런 게임위주로 하니 너무 빠르구요~ 미뤄？B던 사진 정리하려고 장시간 껴놔도 소음없이 발열 또한 없이 잘 사용하고 있습니다~ 지난 11절에 딜로 구매해서 가격 또한 저렴하게 구매했으니 이보다 좋은 구매가 또 없네요~~ 잘 사용하겠습니다~~^^,[]
20.08.29.,5,"행사로 잘 샀어요~
윈도우 설치하는데 좀 애먹었지만 ^^;;
컴맹이지만 어차피 배워두면 좋으니 경험이죠머 ㅎㅎ
울트라 다른 버젼 회사에서 쓰고 있어서 선택했어요.
다른 회사꺼는 찾아보지도않았어요~
그램보다 건 이미 써봐서 잘 알고, 사실 집에서 쓰는데 가벼운거 별로 의미없어요~
어차피 휴대폰이 있으니 굳이 놋북을 가지고 다니지않아요. 집에서도 스마트Tv니 놋북으로 영화를 보는것도 아니고, 해외여행갈때 비행기에서나 쓸까싶어요~
다만, 충전기가 ㅋㅋ ~
그래도 기존에 오래됀 삼@꺼 쓰다가 바꾸니 넘 좋아요~
좋은 가격에 잘 쓸게요!",[]
20.08.29.,5,코로난데 출고 하고 다음날 왔어요 부팅 진짜 과장 살짝보태서1초만에 되고 윈도우도 깔려있고 너무 잘산것같아요 포장도 넘 튼튼해서 전국돌고와도 멀쩡할듯해요 ㅎㅎ 엄마가 인강으로 자격증공부한다고해서 비싼건 부단스럽고 더싼건 또 걱정되서 가격을딱 이정도에서 알아봤었는데 딱 군더더기없이 좋아요깔끔! 키패드도 큼직하니좋더라구요 ! 그리고 예쁜 마우스까지 감사해요 ㅠㅜ 너무 만족합니다,[]
20.09.05.,5,"급하게 주문했는데 하루만에 배송이 되었어요^^ 가격대비 좋아용 ㅋㅋㅋ윈도우 설치하고 사용해 보니 빠르구 하면도 큼직하니 맘에 드네요가방, 마우르, 패드 모두 새걸로 보내주셨구요예전에 사용하던 그램보다는 살짝 무게감이 있는데 가격이 저렴하니 만족입니다 ㅋㅋㅋ","['https://shopping-phinf.pstatic.net/20200907_28/f1fd6999-18ec-47b9-aa85-2fc703713ac3.jpg?type=f287', 'https://shopping-phinf.pstatic.net/20200907_3/ea6468b4-3440-4464-b320-7ff9fed5c00a.jpg?type=f287']"
20.05.31.,5,배송도 빠르고 좋네요 노트북은 역시 LG예요~ 저는 업무용으로 주로 사무실에 두고 사용하려고 주문했어요 아주 가끔 이동을 해야돼서 무게도 무겁지는 않아야 했고요 게임을 할일이 없어서 따로 그래픽카드가 달린 제품이 필요없었고요 노트북은 데스크탑처럼 직접 수리가 힘드므로 AS도 중요하다가 생각했어요 그렇게 생각하니 딱 이제품이 저한테 맞았어요 받아보니 성능도 좋고 소음도 없어서 좋고 다 만족스럽네요 빅스마일데이에 구매해서 싸게 산거 같아서 기분좋네요 다음번에도 노특북을 사게 된다면 LG제품으로 선택할거 같아요,[]
20.05.28.,5,배송도 빠르고 좋네요 노트북은 역시 LG예요~ 저는 업무용으로 주로 사무실에 두고 사용하려고 주문했어요 아주 가끔 이동을 해야돼서 무게도 무겁지는 않아야 했고요 게임을 할일이 없어서 따로 그래픽카드가 달린 제품이 필요없었고요 노트북은 데스크탑처럼 직접 수리가 힘드므로 AS도 중요하다가 생각했어요 그렇게 생각하니 딱 이제품이 저한테 맞았어요 받아보니 성능도 좋고 소음도 없어서 좋고 다 만족스럽네요 빅스마일데이에 구매해서 싸게 산거 같아서 기분좋네요 다음번에도 노특북을 사게 된다면 LG제품으로 선택할거 같아요,[]
21.02.06.,5,삼성 노트북과 고민하다가 LG로선택했는데 좋네요.화면에서 차이가 납니다.예약판매로 인해서 배송은 많이 늦습니다.참고하세요.2월 신제품 출시로 LG에서 신제품으로교체후 보내주셨네요.무선마우스 귀엽습니다. 색깔도 깔맞춤.아들 입학 선물로 샀는데 만족하네요.가성비 좋은 노트북인 듯 합니다.,[]
20.05.29.,5,울트라 PC를 2년전 부터 사용하고 있는데 너무 만족하고 있어 특가로 이 상품이 나왔을 때 크게 고민하진 않았어요. 요즘 코로나19로 학교에서 비대면 수업을 진행하면서 1인 1PC 상황이라 막내의 PC를 바꿔주려고 구입했어요. 최신 프로세스에 usb C타입까지 탐나요^^ 울트라 PC라 역시 가성비 최고네요. 불량 화소 없고 배송은 완전 총알이네요. 제가 사용하는 것 보다 베젤이 좁아지면서 전체 크기도 약간 줄고 무게도 줄었네요. 여기저기 들고 다닐 거 아니라서 굳이 그램이 아니어도 괜찮을 것 같아요. 가격 차이가 크니까.,[]
20.09.04.,5,첨에 그램 알아봤는데 가격대가 너무 높아서 고민하다가 찾다보니 울트라PC가 있더라구요. 어차피 움직여봤자 집안에서가 대부분일거라서 가성비 생각하고 질렀습니다. 그리고 램도 더꽂을수 있고 하드디스크도 넣을수 있다고 해서 더 맘에 들었구요. 배송도 당일 발송가능시간 살짝 넘어서 채팅으로 문의드렸더니 바로해결해주셨어요.,[]
20.05.30.,5,택배사 물량으로 배송이 좀 늦긴했지만 그런 것 치고는 늦지 않게 온 것 같습니다. 사무용으로 쓰려고 샀는데 역시 빠르네요. 컴퓨터 열자 설정하는 것이 떠서 기분이 매우 좋았습니다. 타사 노트북샀을때는 고가임에 불구하고 설정이 다되어서 왔더라구요. 하지만 이노트북은 설정을 제가 해야되니 정말 새제품을 보내주신다는 것이 보장이 되네요 일단 노트북은 가볍고 좋습니다. 생각한것 보다 너무 가볍네요 깜짝 놀랐어요. 그럼에도 너무 빠른 속도를 보여주네요. 하얀노트북이 더할나위 좋습니다. CPU로 고민을 많이 했는데 그래도 역시 인텔로 사길 잘한것 같다라고 생각이 드네요. 용량도 HDD 1테라 추가한것도 잘한것 같습니다. 발열도 많이 없고 좋은 것 같아요 생각보다 좀 얇아서 휴대도 용이합니다. 가성비 갑인것 같아요 잘 산것 같습니다. 사실 분들 추천 드립니다.,[]
20.05.26.,5,배송도 빠르고 좋네요 노트북은 역시 LG예요~ 저는 업무용으로 주로 사무실에 두고 사용하려고 주문했어요 아주 가끔 이동을 해야돼서 무게도 무겁지는 않아야 했고요 게임을 할일이 없어서 따로 그래픽카드가 달린 제품이 필요없었고요 노트북은 데스크탑처럼 직접 수리가 힘드므로 AS도 중요하다가 생각했어요 그렇게 생각하니 딱 이제품이 저한테 맞았어요 받아보니 성능도 좋고 소음도 없어서 좋고 다 만족스럽네요 11절에 구매해서 싸게 산거 같아서 기분좋네요 다음번에도 노특북을 사게 된다면 LG제품으로 선택할거 같아요,[]
20.06.24.,5,얼마만에 노트북을 샀는지 모르겠습니다. 여기저기 엄청 둘러보다 제가원하는 사양이 딱 울트라pc로 나왓더라구요.가성비 이게 비싼건지 아닌지 너무 오랜만에 노트북을 살펴보느라 잘모르지만 그래도 집에서 인터넷. 간단한 엑셀 작업등하기엔 좋은거같아요. 기본사양으로 샀지만 그래도 더없이좋을것 같습니다.일요일 새벽에 주문했는데 월요일에 바로출발해서 화요일에 받았습니다.살짝아쉬운건 엘지노트북 박스가 더 큰박스에담겨왓는데 그안에 완충제로 좀 공간을 메꿔주셨더라면 좋았을거같아여. 배송중에 괜찮았은지 괜한 걱정이^^;; 기분좋은 저녁입니다,[]
20.05.28.,5,그램 이온 엄청고민했는데 사실 들고다닐일도 없고 기존에도 울트라피시사용중인데 만족도가 높아서 다시 재구매했어요.코어 i5에 10세대이고 외장그래픽이없지만 고사양 게임외엔 다 잘돌아가요. 하드디스크아 램을좀 업그레이드해서인지 속도도 빠르고 너무좋네요!! 자판이하얀색이여서 좀신경쓰이지만 전체적으로 깔끔하니예뻐요. 다만 휀소리인지 소음이 약느껴지는데 컴알못이라 휀소리인지는잘못모르겠어요. 너무만족하며 매일사용중입니다. 가격대비 최고인거같아요,[]
20.05.26.,5,"일단 배송이 엄청 빨라서 만족스러웠어요^^ 토요일 밤에 주문했는데 월요일에 배송 시작해서 화요일 아침에 받았습니다. 무게도 1.75 라고 되어있는데 충전기 포함한 무게인 것 같더라구요. 실제로는 더 가벼운 느낌이에요! 색도 너무 깔끔한게 예쁩니다.
노트북 가방, 마우스 패드, 무선마우스가 사은품으로 왔는데 무선마우스도 하얀색이라 노트북이랑 너무 잘 어울려요.
프리도스 제품이라 윈도우10을 직접 설치했는데 설명서에 설치 방법이 아주 자세히 나와있어서 역시 LG구나 했습니다. 또, LG DNA센터라고 기본 드라이버를 한번에 설치해 주는 프로그램이 기본적으로 깔려있어서 이것도 설명서 보고 하니까 몇분도 안되서 설치가 끝났더라구요. 가끔 다른 노트북들 보면 소음이나 발열이 심하다는 평이있는데, 이건 정말 고요할만큼 조용하네요.
이정도 스펙의 노트북을 빅스마일데이에 .",[]
20.09.15.,5,"2015년 2월 엘지 그램 구매 후 처음 사는 노트북입니다. 그램사자니 너무 비싸고, 브랜드 없는걸 사자니 찝찝해서 엘지 울트라로 선택했는데 너무 맘에 들어요!! 곧 재택근무를 할지몰라 쓰던거 아버지 드리고, 구매한건데 너무 만족합니다. 역시 디자인은 엘지. 그리고 랜덤이라한 마우스는 화이트라서 너무 좋아요 ㅎㅎ 받자마자 윈도우부터 이것저것 깔았더니 시간이 금방 가네요! 고민말고 바로 주문할걸 후회했어요.",[]
20.08.13.,5,"나의 첫 노트북은 lg 15u560 모델이엇고 두번째 노트북도 lg를 선택하는데 별고민을 하지 않앗었 습니다 그만큼 lg 제품이 무난햇다는걸 의미하겟죠.. 그래서 한달전 두번째 모델로 15u70n 을 선택하여 제품을 받아 보앗었는데 그램 바로 밑으로 가장최고 성능을 내려햇는지 저의 노트북 선택 첫번째 기준에 미치지 못하엿습니다.. 그래서 바로 반품처리를 하고 대안모델로 선택에 집중한 결과 최종 15u50n을 선택하게 되엇고 역시 결과는 성공적 이엇습니다 아마 3번째 노트북도 별 고민 lg일거 같네요
지금 노트북 선택에 고민하고 계신 분들이 계신다면 이모델을 선택하시면 후회하지 않으실겁니다. 빠른배송은 덤이엇습니다..더욱 번창하십시요",[]
20.08.07.,5,5년전에 LG노트북을 샀었는데 그거보다 작고 가볍네요ㅎㅎ 들고다니기 좋을거 같아요 기본으로 제공되는 노트북가방도 이뻐요 잘들고 다닐거같아요 그리고 여기가 지방인데 배송이 금방 왔어요 요새 비가 너무 많이 오는데 걱정할 필요없이 박스랑 비닐 뽁뽁이 이렇게 잘 포장해 주셨어요 이리저리 찾아 보다가 구매평도 좋고 여기서 샀는데 아주 만족스럽네요 그래픽카드가 기본이라 게임화질이 좋진 않지만 나름 잘돌아가요ㅋㅋ 배틀그라운드는 힘들거 같구요 제가 마비노기를 하는데 그건 아주 잘돌아가네요 포토샵도 잘돌아가는거 같고 인터넷창은 금방 열리구요 제일좋은건 역시 SSD라서 노트북 로그인할때 아주 빨라요 ㅎㅎㅎ 윈도우10은 검색해서 USB로 쉽게 설치했고 드라이버는 DNA파티션에 있는 걸로 쉽게 설치했어요(LG DnA Center) 번창하세요ㅎㅎ,[]
20.09.14.,5,배송정말 빠르네요^^ 아이들 인강용으로 두대가 필요해서 비슷한 사양으로 20~30정도 싼 레노*와 LG울트라 각각 한대씩 들였어요. 속도야 둘다 빠르지만 마감이나 재질 디스플레이는 엘지가 압압압승~~~입니다. 둘다 프리도스 제품 구매해서 엄마인 제가 윈도우 직접 깔았는데 전혀 어렵지 않아요 요즘은 블로그 유투브 넘 잘되있어서 컴맹도 가능함. 레노*는 윈도우 말고도 드라이브? 등등 추가로 설치해야할것들이 있어 애좀 먹었는데 엘지는 윈도우만 까니까 바로 사용가능 하네요~ 저렴이 외산제품도 가성비 좋지만 A/S나 재질 디스플레이 생각하면 20~30 더주더라도 이제품이 훨 나은거 같아요.,[]
20.06.08.,5,예전에 비슷한 사양의 노트북을 몇대 구매한적이 있는데 아주 잘쓰고 있어서 이번에 추가로 구매하게 되었습니다. 제가 찾는 노트북은 15인치 SSD256 CPU는 I5- 7세대이상 메모리8GB 인데 이 노트북이 거의 딱 맞는거 같습니다 게임외에는 사무용으로는 최적화된 노트북이라고 생각합니다. 가격대비 성능은 이만한게 없지않나 싶네요 배송도 안전하게 잘 왔습니다 감사합니다,"['https://shopping-phinf.pstatic.net/20200615_10/7c69065b-1b9b-48ae-a0f8-8173791eaecc.jpg?type=f287', 'https://shopping-phinf.pstatic.net/20200615_17/7e68c2a9-c902-4408-820a-f88d284a2199.jpg?type=f287']"
20.06.25.,4,요즘 코로나 때문에 학교 등교가 줄어들고 동영상 강의를 주로 하다보니 아이가 사용하기위해서 가성비 좋은 노트북을 찾다가 본상품 구매하였습니다. ssd 업해서 구매 하였으며 정상 업그레이드 된 부분 확인 하였습니다. 윈도우 설치시 조금 해매긴 했지만 설치 장소 선택할때요 어떻게 해야 하는지 몰라서 검색을 무진장 한거 같네요 팬소리 거의 없고 초기 라서 그런지 없습니다. 성능은 좀더 써봐야 알거 같구요 현재는 빠르고 좋습니다. 배송도 아주 빠른건 아니지만 빠른편 입니다. ram업그레이드를 하지 않았는데 좀더 사용해보고 부족함이 보이면 업할려고 합니다. 슬롯이 있어 나름 업그레이드 하는데 어려움은 없을거 같구요 저렴하게 구매하게 되어 아주 만족 합니다. 감사합니다.,[]
20.05.05.,5,"4월말에 노트북 사려고 LG 베스트샵에 갔다가 비싸기도 하고 신제품이 안나와서 망설이다가 조금 기다렸다가 2020년 신상으로 구매하게 되어 좋아요. 깔끔한 외관과 예쁜 디자인으로 우리 딸이 마음에 들어하네요. 노트북랜드21에 직접 가서 받았는데, 물건 확실하고 직접 방문해보니 더 믿음이 가는 회사였어요. 5월에는 중복쿠폰들도 많으니 더 저렴하게 구매할 수 있겠더라구요. 잘 사용하겠습니다.",['https://shopping-phinf.pstatic.net/20200507_4/917f6e17-5145-4f01-a44c-d603fa4cd3c7.jpg?type=f287']
20.06.08.,5,키감도 괜찮고 빠르고 좋습니다. 액정은 논글레어가 아닌건 좀 아쉽네요 하지만 장단점이 있는 부분이라 뭐 괜찮습니다. 나중에 불편하면 보호필름을 붙여도 됩니다. 가방이 기본으로 들어있는게 좋습니다.본체는 플라스틱입니다.,"['https://shopping-phinf.pstatic.net/20200615_14/1a53150d-7ec4-400a-aa20-379a5cd44993.jpg?type=f287', 'https://shopping-phinf.pstatic.net/20200615_29/55b02767-c185-4a13-b945-c565aa1d1f44.jpg?type=f287']"
20.06.08.,5,"사진은 이따가 찍어서 올릴께요
키보드에 백라이트 안되는거 빼곤
괜찮아요.
그리고 반응속도 좋아요.
저는 할인할땨 84만원몇천원에 구매 했는데요
그타이밍에 잘 산것같네요
조금 아쉬운것은 사은품에 화면보호필름이 없는거
그게 쪼메 아쉬워요 ㅎㅎ
충천도 빠르게
완충했을때 배터리 타임은 6시간정도 입니다.
눈 아프시면 블우라이트기능있으니
그걸로 화면 밝기 조절하시거나
보호필름을 부착하는걸 추천 드려요
기본적으로 노트북가방
.키스킨이나.마우스 .충전케이블은 주니까.
다른것은 추가구매 안하셔도될듯요
걱정은 안하셔도 됩니다.",[]
20.05.19.,5,외관상으로도 너무 이쁘고 내부도 너무 이쁘네요~ ^^ 결제 후 다음날 배송와서 로켓배송인줄 알았어요 ㅋㅋ 진짜 빨리 왔어요!! 프리도스라 윈도우 깔고 이것저것 만져보니 확실히 가성비 최고예요 다만 ㅠㅠ 같이 보내주신 마우스는 왜인지 고장이예요 ㅠㅠ,"['https://shopping-phinf.pstatic.net/20200521_10/b4bb1efc-e016-4653-b827-1c6081e2dcfd.jpg?type=f287', 'https://shopping-phinf.pstatic.net/20200521_10/a00be912-08c3-4bd9-be94-67182e94aca1.jpg?type=f287', 'https://shopping-phinf.pstatic.net/20200521_7/c5309629-a81f-421c-b20c-bfe8c6326ca6.jpg?type=f287']"
20.06.05.,5,첫 노트북인데 제 생각보다 무겁네요ㅜㅜ 그램살껄 후회가 되요.. 디자인은 하얗고 예뻐요. 4시전에 주문해서 다음날 도착할 줄 알았는데 발송은 바로 해주셨는데 배송이 하루 더걸려서 왔어요. 음청 기다렸어서 하루가 길었다는...ㅋㅋ 아직 윈도우를 깔기 전이라 아무것도 못하고 바라보고만 있어요^^ 앞으로 큰일들을 저와 함께할 노트북이라 무게도 익숙해지고 친해지려고 노력할거에요! 아 그리고 마우스가 진짜 중고더라구요. 누가썼을지 모르는 중고 마우스라 기분은 그닥이에요. 안내문에 중고 마우스라고 적혀있는지 못 봤는데 그렇게 안 써있다면 써놓으시는게 좋을 듯 해요. 할인 못받아서 82만원에 샀었다가 다음날 할인쿠폰있길래 쿠폰쓰고 78만원으로 앞전에 샀던건 환불받았어요. 친절히 응대해 주셔서 기분 좋았어요! 많이 파세요^^!,[]
20.05.30.,5,빅스마일데이 때 득템 했네요60만원대 노트북 찾고 있었는데가격대 성능비 본다면 당연히레노버 아수스 살수밖에 없죠당연히 엘지 노트북 좋은거알고 있지만가격때문에 망설이던찰나에 레노버 아수스 같은스펙에가격도 착한 가격으로 나와서lg노트북을 안살수가 없네요노트북은 자가 수리가 안되니as 안보고 살수가 없죠주변에서 레노버 아수스ㅈ샀다가as때문에 고생 한거 좀 봐서무조건 lg로 선택ㅈ했습니다어차피 주목이 인터넷 검색동영상 시청이라이정도 스펙이면 넘쳐나네요용량 추가ㅈ하고싶으면소켓이 있으니따로 사서 꽂아 주기만 하면 되구요오늘 배송 와서 윈도우 설치 해주고 업데이트좀 해주니노트북 날아 다니네요 ㅎㅎ5년만의 노트북 업글인데정말 좋아졌네요너무너무 만족합니다향후 10년간은 고장만 안나면쓸듯 합니다~~판매자의 빠른 배송도매우 칭찬 합니다~~아 그리고 드라이버도 설치도ssd에 깔려있어드라이버잡는것도 쉬워요,[]
20.05.31.,5,빅스마일데이 때 득템 했네요60만원대 노트북 찾고 있었는데가격대 성능비 본다면 당연히레노버 아수스 살수밖에 없죠당연히 엘지 노트북 좋은거알고 있지만가격때문에 망설이던찰나에 레노버 아수스 같은스펙에가격도 착한 가격으로 나와서lg노트북을 안살수가 없네요노트북은 자가 수리가 안되니as 안보고 살수가 없죠주변에서 레노버 아수스ㅈ샀다가as때문에 고생 한거 좀 봐서무조건 lg로 선택ㅈ했습니다어차피 주목이 인터넷 검색동영상 시청이라이정도 스펙이면 넘쳐나네요용량 추가ㅈ하고싶으면소켓이 있으니따로 사서 꽂아 주기만 하면 되구요오늘 배송 와서 윈도우 설치 해주고 업데이트좀 해주니노트북 날아 다니네요 ㅎㅎ5년만의 노트북 업글인데정말 좋아졌네요너무너무 만족합니다향후 10년간은 고장만 안나면쓸듯 합니다~~판매자의 빠른 배송도매우 칭찬 합니다~~아 그리고 드라이버도 설치도ssd에 깔려있어드라이버잡는것도 쉬워요,[]
20.12.02.,5,너무 만족해요❤ 이쁘고 크고 전원도 빨리켜지고 속도도 빨라요😊윈도우설치후 배송했는데 설치도 잘되어서 도착했어요! 빅스마일데이 여파로 물량이 많이 부족했나봐요포장도 꼼꼼히 잘 되어서 왔어욤❤아직 한시간가량 사용했지만 만족합니다❤후기사은품도 기대되요😎,[]
20.05.28.,5,"특가할인 행사하는중이라서 오호랏~! 하고 바로 주문한 LG 울트라 노트북입니다. 아주 예쁘고 맘에 쏙 드네요
특가행사중이라 아주착한 가격으로 구매하여 아주 만족합니다.
컴팩트한 사이즈에 I5 10세대 CPU를 장착하고 8GB 메모리 256GB SSD 장착하여 성능이 아주좋고 빠르네요.
LG그램이 댕기긴 한데 너무 단가가 비싸 ㅜㅜ 검색하던차에 딱 이건다 하고 선택하게된 노트북입니다.
우측에는 마이크로SD단자, USB단자, 유선랜 그리고 도난방지홀이 있습니다. 개인적으로 마이크로SD보다 USB단자가 더 있었음 하는 아쉬움이 있네요.
좌측으로는 전원부, HDMI 영상출력단자, USB 단자 , C타입 USB, 오디오단자로 알차게 구성되어있네요~!
강력 추천할수있는 LG 울트라 노트북입니다.",[]
20.07.17.,5,가장 만족스러운 점은 뭐니뭐니해도 가성비인거 같습니다!!!그동안 네이버 최저가가 진정한 최저가인줄 알고 네이버에서 대충 최저가다 싶어 사곤했는데이번에도 그렇게 사려는데 와이프가 11번가 베스트라면서 링크 보내줬는데 네이버 최저가보다 8만원이상 저렴해서 완전 득템이라 생각하고 구입했습니다~i5 2세대 8년전에 사서 아주가끔씩만 쓰고있었는데 뭔가 고장났는지 부팅만 10분씩 걸리고 너무 느리고 그러다 i5 10세대쓰니 날라다니네요 ㅋㅋ 캐드연습용으로 쓸려고 샀는데 잘 돌아 가겠죠~~ 기대됩니다 ㅋㅋ컴퓨터사양이 앞으로 획기적으로 향상이 안되니 이번에 10년 목표로하고 써보려구요 10세대라서 뭔가 가능할듯 ㅋㅋ그때쯤이면 20세대쯤 나오겠네요종합적으로 다 만족했는데 한가지 아쉬운점은 사은품으로 주는 마우스 usb연결포트에 꼽는 부분이 불량이라 잘 꼽히지가 않네요 ㅠ 억지로 꼽았다가 안빠져서 새노트북 사자마자 고장낼뻔.. 사은품이라 교환하기도 그렇고 ㅠ ㅠ후기 사은품 보내실때 마우스 하나 더 보내주시는거 안되겠죠? ㅠ ㅠ 아무튼 전체적으로 너무 만족스럽습니다 잘쓸게요 ㅋㅋ,[]
20.12.02.,4,거의 한달을 기다려 드디어받았습니다램과 하드 업그레이드 했는데하드는 추가장착인줄 알았지만 교체 업그레이드 였어요잘못 안내했다는 전화를 받았는데너무 친절하고 죄송해하셔서 기분 나쁘지 않게 이해했어요추운데 있다와서 그런지 습기같은게 있어서좀 기다렸다가 전원 키려고요 주신다던 마우스랑 패드도 잘 왔고요잘 쓰겠습니다,[]
20.09.10.,5,올 화이트 디자인으로 깔끔하고 15.6인치 치고는 가벼운 편입니다. 사은품으로 오는 마우스도 깔끔한 디자인에 그립감도 좋네요.로딩 속도 빠른 편이고 따로 램 확장 없이도 포토샵 2020버전도 잘 돌아가요. 입고 지연으로 주문 후 바로 받지는 못했지만 입고 되자마자 보내주신 건지 일주일 안 걸려 받았습니다. 아주 큰 전문 프로그램 사용하시는 분 아니라면 기본 문서 작업 및 포토샵 작업은 충분히 빠르게 작업 가능하니 사용하시면 만족할 것 같아요. 오래 잘 쓸 것 같네요~!,[]
20.07.18.,5,이렇게 좋은제품을 좋은기회로 구매할 수 있어 너무 좋아요~이정도면 앞으로도 계속 만족하며 사용할 것 같아요^^디자인 깔끔하고 성능도 좋아요!!들고다닐일 많으면 그램으로 사면 좋겠지만 저는 그냥 집에서 두고 쓰는 용도라서 울트라로 선택했는데 잘한것 같아요 ㅋㅋ윈도우10 설치로 구매해서 정품인증키만 입력하니 바로 사용가능하고요. 엘지라서 a/s도 똑같이 가능하니 믿고 구매했어요. 업그레이드하지않아도 충분히 좋은 스펙이라 사용하는데 문제없을 것 같아요! 다른데 가격비교해봐도 여기만큼 싼데는 없었어요 ㅋㅋ 배송도 빠르고 완전만족합니다!!!,[]
20.09.07.,5,생각보다 조용하고 진짜 빠름이에요~ 강의듣거나 문서작성하려고 구매했는게 정말 좋네요~~ 화질도 좋고~소음이랑 없어서 제일 좋고요 전에 사용하던 거랑 비교해서는 안될만큼 좋아요~ 만족이에요~모니터 보호필름지 붙이는게 넘 어렵네요 공기잔뜩 품고있고 ㅠ,[]
20.10.15.,5,"온라인학습을 하루종일 실시간으로 줌, 패들릿 등등 사용해서 하느라 낮은 사양 컴퓨터로 수업하느라 고생이 많았습니다. 윈도우 10설치하고 오피스, 한글, 청소년 보호 프로그램 깔았는데 완전 빨라서 아이도 좋아하고 친구들도 감탄합니다. 메모리/ 하드 추가 없이 기본사양으로 구매했습니다. 노트북 가방이 패키지에 포함되어있고 무선 마우스와 마우스패드를 사은품으로 받았습니다.",[]
20.07.28.,5,그램이랑 비교하다가 대부분 집에서 사용할 목적이라 울트라로 선택했어요. 부팅 빠르고 화질 좋고 화각도 넓어 좋은데 한 가지 아쉬운 점이 사운드입니다. 스피커가 아랫쪽 뒷편을 향해 있고 음질이 떨어져 블루투스 스피커에 연결해서 사용 중입니다. 그 외에는 기대 이상으로 마음에 듭니다.,[]
20.08.11.,4,하드디스크나 메모리 교체하기에는 상단히 불편한 구조로 되어 있네요 뒤 쪽 판 전체를 다 열어야 합니다 그나마 스마트폰 수리 해 본 경험으로 기타 피크 같은 걸로 차근차근 벌여서 안전하게 열었네요 그리고 혹시 모를 안전사고를 위해서 배터리랑 보드 연결선을 먼저 제거해 주고 작업했네요,[]
20.07.15.,5,d 11일절 할인쿠폰등 이용해서 저렴하게 잘 구매했어요 그램이랑 고민하다가 울트라로 결정했는데 가지고 다니며 쓰는 용도는 아니라 울트라도 충분하더라구요 그리고 무게도 생각보다 가볍습니다. 워낙 제가 쓰던게 무거운거라 그런지 이 정도는 걍 막 들고 다녀도 전혀 무리가 없어요 울트라 강추 합니다. !!,[]
20.07.09.,5,"부모님이 인터넷검색 및 사진작업, 간단한 문서 및 게임 정도 하시는 용도로 쓰실거라 그램은 너무 비싸고 이것저것 알아보던 중 우연히 알게 됐는데 후기들이 좋아서 정하게 됐어요. 기존의 두꺼운 오래된 노트북 쓰시던터라 울트라pc도 충분히 얇고 가벼운 느낌이네요. 새 노트북 생기셔서 좋아하세요~ 잘쓸게요~",[]
20.09.04.,5,"울트라PC 좋아요.
가격도 저렴하고 성능도 좋습니다.
저렴한 HP나 레노버랑 가격차도 별로 안나서 A/S 좋은 LG가 훨씬 더 이득인것 같아요.
윈도우 설치도 금방되고 만족합니다.
잘 안쓰던 노트북 인강용으로 썼는데 망가져서 새로 샀는데 대만족이네요.",[]
20.09.11.,5,"집 컴퓨터가 고장나서 중학교인강 때문에 급하게 노트북을 구매했습니다.노트북 처음 구매 그것도 온라인 구매라 걱정 되었지만, 이사이트 저사이트 이제품 저제품 가성비 따져보니 이 제품이 가장 적합했습니다.LG노트북. LG한국총판매점. 사랑행복씨앤씨에서 구매 결정했습니다.배송일은 딱 일주일 걸렸습니다.화이트. 15인치. i5ㅡ10세대. 8GB. 256GB. IPS LED디스플레이. 웹캠. 운영체제(미탑재)모델이라 정품윈도우10HOME 추가 설치 구매했습니다. 사은품노트북가방무선마우스마우스패드 감사합니다",[]
20.10.18.,5,"마침 기획전 찬스가 있어서 다나와 최저가보다도 10만원 더 싸게 구입했습니다. 동일한 성능으로 그램을 사기엔 다소 비싼 감이 있어서 이 제품을 선택했습니다만, 이것도 생각보다 훨씬 얇고 가볍네요. 윈도 설치며 세팅도 빠르게 잘 넘어가고요. 심지어 총알같은 배송까지, 여러 가지로 대만족입니다.",[]
20.10.21.,3,hdd 추가했는데 보니까 마샬1T네요.. 주문전에 확인해볼라구 전화했는데 안받아서 믿고 걍 주문했더만 마샬 hdd ;;;;(마샬 브랜드 사실처음들어봅니다) 하드디스크 브랜드 명시를 해놓으시던가... 그리고 메모리도 8G추가했는데 어떤게 들어가있을지 불안합니다. 당연히 삼성으로 생각하고 있는데... 노트북말고는 배송 서비스 전부 비추네요.. 사실 바라지도 않았지만 사은품 하나 없어요~ 구매자 분들 참고하세요.,[]
20.09.14.,5,코로나로인한 가정학습이 길어지면서 초등 인강용으로 구매했습니다오프라인으로 발품팔고 쇼핑몰 이곳저곳 검색해서11절에 저렴한 가격에 잘 산것같아요배송은 하루만에 바로 받았구요일단 기존컴이 똥컴이라 속도가 확실히 빨라졌고디자인이나 무게도 그램이랑 비교해서 별로 쳐지지 않는것 같아요^^사은품으로 주신 노트북 가방과 무선마우스 패드도 잘 쓰고 있습니다♥,[]
20.09.02.,5,"생애 처음으로 노트북을 구매 했어요~~~~!!!박스 열자마자 흰둥이가 블링블링 두께도 적당하고, 무게도 적당하고, 윈도우 설치 후 속도도 빠르고 매우 만족합니다. 제 딸이 쓸꺼라서 적당한 가격에 구매 했네요. 애가 완전 좋아해요~~~~!!",[]
20.10.19.,5,"컴 알못이라 스펙 고르는것 부터가 고난이였지만!
여기저기 검색하고 최저가 찾다가 위메프가 제일 싸길래 구매했어요.
이정도 고가의 제품을 인터넷상으로 구매하는게 처음이라 벽돌이 오진 않을까,,
별별 걱정을 다했는데 노트북 넘 예쁘고,,행복하네요ㅠㅠ
감사합니다 . 잘쓸게용!",[]
20.07.30.,5,"집에서 아이 온라인 수업용으로 쓰려고 구매했어요.가성비 따져보니 이제품이 가장 적합했어요.추가없이 기본사양으로 구매했어도, 온라인수업과 기타 인터넷 쓰는데 빠르고 좋아요.생전 처음으로 윈도우 설치도 직접 해봤는데 어려움없이 쉽게 할 수 있었어요.사은품으로 온 무선마우스도 잘 쓰고 있어요.다만 키스킨이 따로 없어서 구매해야하네요.",[]
20.07.05.,5,신랑이 오래쓰던 노트북을 바꿀때가 되어 알아보던중 지인의 추천으로 울트라 pc를 구매하게 되었는데 우선 생각보다 가벼워서 좋았고 깔끔한 디자인에 성능도 괜찮아 구입잘했단 생각이 듭니다 배송도 빠르고 가성비 좋은것 같아 아주 맘에 듭니다,[]
20.09.16.,5,"작년 7월 LG 15UD-590-GX50K 제품 6대 구매 후 1년 동안 사용해보니 고장 없이 현재도 잘 사용 중 입니다. 올해도 추가 구매하게 되어 비슷한 기종의 제품인 15UD50N-GX50K 제품을 구매 하였고, 아직 사용은 해보진 않았지만 성능에는 문제가 없다고 생각 합니다. 2중 포장으로 박스 뜯김 없이, 어제 배송 오늘 도착 이라는 빠른 업무 처리에 다시 한번 감탄 합니다. 사은품으로 주신 마스크 잘 쓰도록 하겠습니다.",[]
20.09.17.,5,"최근 동일한 옵션과 메이커 모델 노트북을 네이버쇼핑몰 통해서 2대을 구매 해서 사용 했는데 아무런 업데이트을 하지 않아서 고생을 했다
이번 업체는 완벽하게 업데이트을 해주었다
업데이트 원도우 구동 할수 있는 기본 드라이버 이야기 하는 겁니다",[]
20.08.20.,5,내일부터 당장 재택근무라 급하게 구매해야했는데 현장수령해서 바로 쓸수 있겠네요 사은품도 챙겨주시고 감사합니다 :-) 이전에 사용하던것보다 화면도 크고 너무 좋네요! 키패드감도 좋고 디자인이 깔끔해서 맘에 듭니다 사양도 뭐 당근 좋겠죠~~,[]
20.08.20.,4,"배송은 하루만에 돼서 좋았고, 제품의 성능 또한 아주 만족합니다.다만 배터리 아답터의 발열이 좀 심한데.. 뭐 이건 제품의 하자라고 보기에는 좀 어렵기 때문에 이 부분은 어느정도 감안해야 할 것 같습니다.암턴 4종의 사은품까지 받고, 좋은 제품을 쿠폰 적용하여 잘 구매한 것 같네요.",[]
20.09.12.,5,"일단 택배박스에 뽁뽁이가 있어으면 좋겠어요 사진에보다시피 마우스 상장가 찌그러져 왔네요 사은품으로 무선마우스,마스크 들어있어요 노트북상자에 기본으로 가방이 포함되어 있습니다 노트북은 사진에 보다시피 안전하게 되어서 충격은 안먹은듯 합니다노트북사양 자체는 아주 좋아요 가볍고 예뻐요타임딜떠서 싸게 구매한거 같아요 80초반..싸게 잘 구매한거 같아요",[]
20.07.15.,5,안전하게 빠른 배송 최고최고!인강용노트북을 찾다 지인 추천으로 구매했어요.기존 데스크탑이나 노트북은 삼성꺼로 썼는데lg는 처음이라 고민좀 했네요.괜히 고민했다 싶을만큼 너무 만족합니다.소음도 크지 않고.발열도 심하지 않네요.,[]
20.06.21.,5,"오전에 주문했더니 다음 날에 안전하게 배송되었습니다.
아이 인터넷 수업용으로 구매했구요~ 사이즈, 사양 등등 모두 만족합니다.
윈도우10도 같이 구매했는데 다른데보다 저렴하게 구매했습니다.
하루만에 가격이 몇 천원 싸져서 그건 좀 속상했네요.;;;
잔고장만 없으면 100프로 만족입니다^^
번창하세요~~~",[]
20.05.26.,4,"디스플레이 초기불량이었는데 빨리 교환해주셔서 만족합니다.
빅스마일 행사 덕분에 좀 더 저렴하게 구매했구요.
512G로 SSD 업해서 저장공간도 걱정안해도 될것 같아요
상품 포장도 뽁뽁이로 감싸서 안전하게 잘 왔고, 사은품인 마우스와 패드도 잘 받았습니다.",[]
20.07.17.,5,배송빠르고 업그레이드 한것도 잘해서 보내주셨어요!~ 윈도우 깔고 사용중인데 컴퓨터 빠르고 좋네요^^발열도 잘 모르겠네요 그닥 크게 심하지 않은것같습니다가엽기도 하고 순백의 화이트 참 깔끔해서 이뿌내요~^^부팅 엄청 빠르네요^^혹시나 파손될까봐 가서 받을려고 하다가 포장 잘해주신다고 해서 믿고 맡겼는데 엄청 큰박스에 내장제 해주고 그속에 또 박스포장으로 왔어요배송시키실 분들은 믿고 배송시켜도 문제 없을것 같습니다8기가 더 업그레이드 해서 그런지 엄청 빠른것 같아요 ㅋㅋ업그레이드 하길 잘한듯요 ㅋ구매 하시는분들 참고하세요^^담에 또 구매할께요 ㅋㅋ 번창하세요,[]
20.10.07.,5,"너무 너무 맘에 듭니다.
기존 노트북 소음도 심하고 성능도 떨어져서 버티다, 버티다 구매 했습니다
슬림한 디자인이 보기 좋습니다.
소음도 없고 성능도 좋습니다.
한20년은 사용했으면 하는 바램입니다. 상품, 배송 모두 만족합니다.",[]
20.06.03.,5,그램을 할까 이걸할까 고민했는데 울트라도 많이 무겁지않고 잘 구매한거 같아요. 완전만족합니다. 추가상품 구매 요청을 했는데 미확인하고 그냥 보내주신게 아쉽지만 전화주셔서 설명해주시고 후기작성후에 같이보내주신다 해서 괜찮아요. 다시전화드릴께요~ 처음 오픈했을때 박스가 저리되어있고 앞에 보호종이가 접혔던 자국이 있어서 오픈했던거 같은 찜찜함이 있었는데 컴퓨터는 잘되는거 같아서 그냥 사용합니다.많이 파세요~,[]
20.06.07.,5,CPU i5-10세대 탑재됐는데 싼 가격에 잘 구매했습니다.속도는 물론 빠르고 디자인도 전체적으로 깔끔하게 예쁘고요.RAM 8GB를 기본으로 가지고있어서 굉장히 만족스럽습니다.성능대비 가성비 노트북을 구매하신다면 LG울트라북 사시는 거 추천드립니다.,[]
20.05.21.,5,가성비 좋습니다.그램이랑 비교많이했는데 뽀대보다는 가성비로 택했습니다.ㅎ딱히 많이 들고다닐꺼 같지도 않은데 비슷한사양이 40~50만원정도 차이가 나네요.그래서 이제품 선택했는데 잘한거 같습니다.요즘에는 시디롬이 없어서 홈페이지에서 매번드라이버 다순받았는데 드라이버 파티션이 따로있어서 설치시 아주편합니다.,[]
20.06.25.,5,8년 된 노트북 쓰다가 너무 느리고 가지고 다니기 무거워서 알아보는 중에 LG노트북이 좋다고 해서 구매했어요. 사은품도 추가고 가격도 할일해서 너무 괜찮네요. 배송도 당일 출발해서 다음날 도착했어요. 너무 가볍고 속도도 빠르고 가벼워져서 가지고 다니기 너무 편하고 좋아요. 하얀색이라 너무 예쁘고 ㅎㅎ 게임은 거의 할일 없고 대학원 과제용으로 구매했는데 성능은 너무 만족합니다. OS 없는 노트북이라고 해서 걱정했는데 한번도 윈도우 깔아보지 않은 저도 금방 깔았습니다. 비싸게 OS깔려잇는 노트북 살 필요가 없네요ㅎㅎㅎ 완전 추천입니다.!!!! 너무너무너무나 추천해요!! ㅎㅎㅎ,[]
20.11.14.,5,제품 무게 1.75 남자들이 사용하기 딱 좋은듯 합니다. 가벼우면 당연히 좋긴하겠지만 그램은 동일사양 대비 가격도 만만치 않아 울트라로 결정하였습니다. 빠른배송 감사합니다. 별도 박스에 배송되어 안전하게 받았습니다. 번창하세요,[]
20.09.24.,5,"배송도 빠르고 상품도 너무 좋아요
사은품으로 주신 마우스랑 가방도 너무 좋네요
조금 저렴한곳에서 사려고 이곳저곳알아보니 여기가 제일 저렴하고 좋았어요!!
가성비 너무너무 좋고 노트북도 넘 예쁘네요
한달째 쓰고있는데 정말 너무 좋아요 가성비 노트북으로는 최고!!",[]
20.05.04.,5,노트북은 처음 인터넷으로 구매해보는데 정말 만족스럽습니다. Hdd 추가구매하는것을 까먹었지만 그래도 확실히 이전에쓰던 노트북(5년전)보다 훨씬 만족스럽고 좋네요 화면이 넓어서 좋아요! 생각보다 그렇게 무겁지도 않습니다,['https://phinf.pstatic.net/checkout/20200504_96/1588593529439X1SSY_JPEG/20200501_224222.jpg?type=f287']
20.06.05.,5,배송이 빨리왔으며디자인도 깔끔해서 만족합니다. 생각했던 것 보다 무겁지 않았으며 대학생이 쓰기에 가성비 좋은 노트북을 산 것 같아 좋네요. 그리고 키배치와 키감이 좋아 만족스럽습니다.,[]
20.07.03.,5,LG 매장 돌아봐도 SSD256 만 팔고 그램 아니면 확장도 안된다고해서 여기서 구매 했는데 윈도우랑 전부 직접 설치해야 하지만 이 가격에 LG에 SSD 512에 인텔 10세대 5i 에 램 8기가면 괜찮다고 판단해서 구매 했습니다. 배송도 주문하고 다음날 바로 받았고요. 흠 없이 괜찮았습니다.,[]
20.06.26.,5,"와~~ 이 노트북 가성비 최고입니다~총알배송으로 왔고요~ 정말 후회없는 선택이네요~삼성 노트북과 계속 비교했는데 가격대비 월등해요~추가로 업그레이드하니 속도도 무지 빠르네요~가방,마우스,마우스패드도 잘 왔어요~지인들한테도 권유했더니 너무 좋다고 하네요^^판매자님 대박 나세요~~",[]
20.05.28.,5,"신랑한테 선물받은 노트북이왔어요~~흰색이라 깔꼼하고 슬림하고 아주 이쁘네요..
사양이런건 잘 모르구요..전에쓰던게 윈도우7인가. 암튼 종료라 보안문제땜에 바꿨는데 아주 좋으네요~~
lg이니 a/s도 문제없구요..가격도 저렴?하게 잘 구매했습니다~~잘 쓸께용~^^",[]
20.05.28.,5,"가격대비 성능을 앞세운 여러 외국 브랜드 제품에 흔들렸었는데, 고민 끝에 LG 제품을 구입했습니다.현재 윈도우를 설치하고 나서 컴퓨터를 사용한 소감은~ 역시 노트북은 LG라는 것 입니다. 키보드부터 모니터 액정까지 작은 차이가 확 느껴집니다.회사에서 타 외국 브랜드 제품을 사용하고 있는데, 거기에서는 큰 소음이 나는데 이 제품은 LG 답게 조용합니다.LG 노트북 강추 합니다~!",[]
20.08.11.,5,배송도 빠르고 사양대비 저렴하게 샀어요.사실 홈쇼핑에서 이것 저것 끼워준다길래 혹했지만ㅎㅎ노트북 자체 사양이 너무 떨어져서 이걸로 결정했어요ssd라 속도가 정말 놀랍구요500메가 업그레이드 했는데 정말 잘한거 같아요.흰색이 정말 고급스럽습니다^^♡,[]
