"834,110"
date,star_point,comment,photo
21.01.19.,5,"부모님의 희망사항 1. 가벼운 것 2. 대기업(a/s에 대한 접근성) 3. 사무용(높은 사양 X) 4. 저렴했으면 5. 빨리 받아볼 수 있었으면 그러나 1, 2 조건을 만족하면서 저렴한 제품은 찾기 어렵기 때문에 4는 논외로 하고, 제가 최종 후보로 뽑은 제품은 다음 4개였습니다. 1. 이 제품 2. 동일 라인업의 윗 단계 제품(GX50K) 3. M사의 1키로 초반대 제품 4. L사의 최근 가성비로 유명한 제품 아무래도 부모님이 사용하실 예정이다보니 결국 대기업 제품 1, 2 중 간단 사무용으로 사용하실 것이기 때문에 이 제품으로 최종 구입하였어요. 좋았던 점) 빠른 배송 + 안내 - 1월 15일(금) 밤 구입 -> 주말 -> 1월 18일(월) 배송 안내 및 발송 처리 -> 1월 19일(화) 제품 수령 - 추가 구입한 물품 재고 등과 관련해서 월요일에 연락주셔서 친절하게 안내해주시고, 당일 발송되니 이번 주 안에 받을 수 있을 것이라고 알려주셨어요. 하루만에 받아볼 수 있었습니다. 아쉬웠던 점) 구입 당시에 제목에 SSD 무상업 적혀있어서 따로 입력하지 않아도 적용되겠지 생각했어요.(지금은 옵션 선택에 해당 내용이 들어있네요. 제가 구입할 땐 옵션 선택 내용은 없었습니다 ㅠ) 그래서 그냥 구입했는데, 따로 말씀을 드렸어야 했던 것 같아요. 기본 구성 그대로 왔는데 윈도 설치 후에 알게되기도 했고, 부모님께서 만족해하셔서 그대로 이용하고, 나중에 용량 부족해지거나 하면 따로 부품 구해서 자가업그레이드할 생각입니다.","['https://shopping-phinf.pstatic.net/20210121_24/53b09477-7956-4104-9c42-7db3b8240a6a.jpg?type=f287', 'https://shopping-phinf.pstatic.net/20210121_4/d515c7ca-5a27-4c94-bf86-156282279a8e.jpg?type=f287', 'https://shopping-phinf.pstatic.net/20210121_12/6f4157de-b00a-4bf8-a6bc-25fb67d480fd.jpg?type=f287', 'https://shopping-phinf.pstatic.net/20210121_8/a9a1ec70-78ab-4299-8cc8-027d6236b508.jpg?type=f287']"
21.02.24.,5,"정말 간략하게 핵심만 솔직하게 요약해 써보겠습니다.장점1. 정말 가볍습니다.- 980g 보다 좀 덜 나가는데, 가방에 넣고 가지고 다니기 너무 편합니다.2. 정숙합니다.- 물론 울트라PC라 게임을 돌리시면 팬 소리가 시끄럽고 뜨거워집니다만, 보통 일반 사용 때는 정말 조용합니다.3. 예쁩니다.- 화이트 컬러에 엘지 로고도 빨간색이 아닌 은색이라 봐줄만 하구요, 열었을 때 블랙 베젤과 너무나 잘 어울립니다.4. 포트 단자가 다양합니다.- HDMI, USB, 락, USB-C, 마이크로SD 슬롯 등 정말 필요한 것들로만 잘 채워져 있습니다.5. PD충전이 됩니다.- 기본 어댑터도 작은 편인데, PD충전까지 되니 휴대가 훨씬 좋아집니다.6. 디스플레이 패널이 좋습니다.- 밝기 300니트, 색역 NTSC 72%가 들어가 있어서 색상 왜곡이 없고 충분한 밝기로 낮에도 환하게 사용하실 수 있습니다.7. AS- 이건 대기업 LG니 센터 수만 봐도 말할 필요가 없겠죠? 그냥 편합니다.8. AMD 플루이드모션이 작동합니다.- 플루이드는 공식 지원이 아니므로 알아서 설정하셔야 합니다. 동영상 프레임 60보간이 훌룡해집니다. 9. AMD 프리싱크가 작동합니다.- 원래 게임을 할 때에는 그래픽이 상하로 찢어지는 현상인 티어링이 수반되는데 프리싱크 호환 패널이 들어가 티어링을 잡아 줍니다.10. 울트라북 대비 충분한 성능- AMD 젠2 아키텍쳐와 베가 그래픽 덕분에 용도에 넘치는 충분한 성능을 내줍니다. 11. 인텔 무선인터넷 및 블루투스- 구형 리얼텍이 아니라 인텔 WIFI6 AX200 모듈이 탑재되어 있습니다. 12. 13인치- 가지고 다닐 때는 장점 쓸 때는 단점이지만, 화면이 작아진 만큼 동일 해상도 인치 대비 픽셀 수가 높아 화면이 매우 선명합니다. 단점1. 액정이 글레어입니다.- 빛 반사 코팅이 되어 있지 않아 야외에서 쓰기가 좋지 않으며, 검은 화면에서 주변 사물이 쉽게 비춰집니다. 2. 쿨링 구조- 얇고 가벼운 울트라북 답게 쿨링구조 열 배출에 한계가 있어 너무 무거운 작업은 장시간 하지 않는게 좋습니다. 이건 당연한 거겠죠?3. 지문 인식- 요즘 저가형 노트북에도 웬만하면 지문인식 센서가 들어가 있는데 기능이 없습니다.4. 전원 버튼 위치- 좀 멀리 떨어뜨려진 독립된 위치에 있어야 오작동을 방지하는데 키보드 백스페이스 위에 있는게 좀 그렇습니다.5. 램이 온보드 고정입니다.- 용량을 확장할 수가 없습니다.6. 바이오스가 지나치게 보수적입니다.- 별로 설정할 수 있는 것이 없습니다. 아무래도 LG 삼성 노트북은 컴퓨터 잘 모르시는 분들이 편하고자 찾기에 그런 경향이 강하겠죠?7. 유선 랜포트가 없습니다.- 이건 USB 랜포트 젠더 쓰면 됩니다.8. SSD 호환성이 좋지 못 합니다.- 교체할 SSD 제품의 용량과 브랜드를 꼭 서비스센터에 문의 확인하신 후 교체하시기 바랍니다.9. 사운드- DTS도 적용되어 있지만, 스피커 자체가 그냥 그렇습니다. = 단점도 있지만 장점이 뚜렷하고, 이번 행사 가격 감안해 실제 사용감이 너무나 좋았기에 용도가 확실하다면 매우 추천드립니다.",[]
21.01.27.,5,"2019년에 출시된 삼성 노트북9 NT900K3Z모델과 비교사진입니다. 두께는 삼성노트북9이 좀 더 얇으며, 넓이 역시 삼성이 살짝 넓습니다. 화면사이즈는 같은 13.3인치인데 실제로 같은 위치로 대보면 높이는 같은데 가로길이가 삼성이 살짝 더 기네요..그때문인지 삼성화면 사이즈가 좀 더 커보입니다.LG는 재질이 플라스틱이고 삼성은 노트북이름대로 메탈재질입니다. 무게역시 860g으로 좀 더 가볍습니다. 와이프가 사용하는 제품이라 가벼운것을 골랐는데 휴대를 중시하신다면 노트북은 가벼운게 확실히 진리입니다. 제가 이번에 구입한 LG울트라PC도 LG노트북 상위브랜드인 그램처럼 1kg이 안되는 가벼운 무게라 휴대가 용이합니다. 밝은 화이트라 나중에 오염이 걱정되긴하는데 이쁘긴하네요. 삼성보다 자판크기가 좀 더 커서 타이핑은 편합니다.소음은 부하가 걸리는 작업이 아니면 팬이 돌지 않아서 조용합니다. 라이젠3 모델이지만 특별히 게임을 노트북에서 돌릴 생각은 없기에 성능은 부족함이 없습니다. 터치패드 조작감도 나쁘지 않습니다.제가 노트북을 구매하려는 조건은 90만의 예산을 넘어가지 않고, 가벼울 것이며, 성능은 인터넷, 문서 및 오피스 작업, 동영상 감상, PD충전 지원, 라이젠CPU제품이었는데 라이젠5가 아닌 점이 아쉽긴하지만 LG라는 브랜드 제품에 1KG이하의 가벼운 무게, PD충전을 지원한다는 것이 구매선택의 이유였습니다. 원래 인텔 11세대 모델인 타이거레이크로 구매하려했는데 발열이슈 등의 문제로 요즘 대세인 라이젠으로 왔습니다. 조만간 라이젠 신제품이 나온다고 하기는 하는데 뭐 당장 급해서 구매했네요. 구매하시는 분들께서도 자신이 필요로 하는 부분이 뭔지를 고민하시고 구매하시기 바랍니다. 이 제품의 최대장점은 휴대성입니다. 노트북쯤 되면 몇백g이라는 무게 차이에 따라 무게감이 다른데 집에 1.4kg노트북도 있지만 그거 들다가 삼성노트북9이나 LG울트라PC를 들게되면 무게의 중요성을 느끼시게 될겁니다.",[]
21.03.07.,5,"사실 큰 기대는 없었습니다.그닥 좋은 조건으로 구매한건지도 몰랐는데 커뮤니티에서 난리였더군요.늘 인텔CPU만 사용해왔고 전자제품, 특히 PC부분은 가격만큼의 성능이라고 겪어왔습니다.이전 사용하던 노트북이 I7 4천번대 제품이였습니다.그때 구매금액에 절반도 안되는 가격에 산 제품이라 걱정도 있었는데요...제품 받아서 윈도우10 설치후 놀랐습니다.이제품으로 웹서핑이나 간단한 업무를 하는 정도는 차고 넘치겠더군요.무게도 정말 가볍고...짭그램이라고 불리울만큼 가볍고 만듦새도 좋습니다.실제로 지난 그램 폼펙터를 활용해서 만든다는걸로 알고있습니다.디스플레이부분도 충분히 만족스럽습니다.단점... 없습니다. 진짜 찾아보려 노력했지만...충전기가 무겁다? PD충전이 안될때 얘기인데 65W PD충전이 되니 이것조차 단점이 될수없습니다.기기도 하얗고 키보드 백라이트도 하얗게 들어오는게 너무 조화롭네요.디자인도 맘에들고 성능도 만족스럽습니다.운좋게 새벽에 보고 구매해서 배송 또한 바로 받을수있었습니다.좋은제품 감사히 잘 사용하겠습니다!",[]
21.03.04.,5,"1kg도 안나가는 LG 노트북을 저렴하게 구입해서 정말 만족합니다. 배송도 사진처럼 뽁뽁이 포장해서 잘왔습니다.작은 노트북을 선호해서 13인치로 구매했습니다. 예전에 쓰던 12인치와 크기가 비슷해 보이네요. 외관도 화이트로 깔끔합니다. 포트구성도 괜찮고 하판이 마그네슘 재질인거 같네요. cpu는 amd 4300u가 달려있는데 passmark 기준 7700점 정도로 인텔 10세대 i5와 비슷한 성능이네요. 램은 8기가 ddr4 3200인데 확장이 안되는건 아쉽지만 듀얼채널이라 속도는 잘 나올것 같습니다. ssd는 2tb nvme 로 교체하였는데 하판이 마그네슘이라 방열판 없이 서멀패드 두께만 잘 조절해서 장착하면 열걱정없이 사용 가능할것 같습니다. lcd는 ntsc72에 300니트 인데 이가격대 다른 노트북들에 비해 화면이 좋아보입니다. 키보드 백라이트도 밝기 조절이 되서 좋네요.장점: 무게, 휴대성, 화면, 가성비, LG서비스단점: ssd업글시 하판 고무발 떼기 귀찮음",[]
21.02.24.,5,"980g의 가벼운 무게 이것만 보고 샀는데..가볍게 들고다니며 인터넷 강의와 유투브, 넷플릭스 시청, 문서작업을 위해 샀는데 정말 좋은 가격에 잘 샀고 만족스럽습니다.4300u로도 상기의 작업을 하는데 너무나 차고 넘쳐 모든 작동이 최신 핸드폰을 쓰는것처럼 부드럽네요 화면의 화질 또한 크게 기대하지 않고 샀는데ips화면에 ntsc 72정도로 추정되는 스펙이라 중저가형 노트북에 들어가는 ntsc 45 이랑은 정말 차원이 다른 색감을 보여주네요 기대안하고 있었는데 정말 만족스럽습니다. 왜 상품설명에 없는지 의아한데 지금이라도 추가했으면 좋겠네요.제가 찍은 사진에 빨간색과 파란색 노란색의 색감이 보이십니까? 그냥 대충 유투브 중간에 찍었는데도 ntsc45랑은 다른게 확 느껴지실겁니다.밝기도 싸구려노트북 표준인 200~250 nits가 아니라 300nits라 쨍하게 잘 나옵니다. 제발 이것도 상품설명에좀 추가해주세요ㅋㅋㅋ명암비도 사진이라 좀 덜 그렇게 보이는데(지마켓 사진업로드하면 리사이징에 화질저하시켜서 잘안보임) 실제로보면 검은색 0프로와 4%까지 구분되는 ips패널임에도 불구하고 최상급의 명암비지원까지 .. 근본 lg디스플레이네요배터리도 아주 넉넉하고..상품설명에 없지만 pb충전을 지원해서 usb c타입 65w충전기를 사면 충전기 혹은 보조배터리 하나만 들고다니면서 스마트폰과 충전기를 공유할수도 있다는점도.. ssd도 최신규격인 nvme를 지원해서 셀프 업그레이드가 가능하다는 점도.. 젭라 좀 적어주세요.. 되는데 왜 표기를 안합니까.. 일해라 마케팅팀..여튼 13UD70P-GX30K.. 잘 쓰겠습니다 만족스럽습니다.",[]
21.02.17.,5,감사합니다! 배송도 무척 빠르고 바로 와서 쓸 수 있어서 너무 좋았습니다. 물건도 엄청 가볍고 기자인도 이뻐서 휴대하기 좋네요 감사합니다 사시려고 고민하시면 강력 추천드립니다!! 앞으로 필요할 때 또 찾을 예정입니다 감사합니다 ^_^,"['https://phinf.pstatic.net/checkout/20210217_159/1613520373118pzr8o_JPEG/review-attachment-69c66d67-d0fe-44aa-88e7-fe23faaebccc.jpeg?type=f287', 'https://phinf.pstatic.net/checkout/20210217_298/16135203732036vDl5_JPEG/review-attachment-c346a001-9e33-4cf8-8b05-6236c44a8919.jpeg?type=f287', 'https://phinf.pstatic.net/checkout/20210217_27/16135203735552MKfN_JPEG/review-attachment-5a71e4ed-0e80-42de-ab2c-4ce7f39eda8b.jpeg?type=f287', 'https://phinf.pstatic.net/checkout/20210217_148/1613520373330c1cXY_JPEG/review-attachment-228647ec-e9ec-4d35-99e1-f6720207114d.jpeg?type=f287', 'https://phinf.pstatic.net/checkout/20210217_263/1613520373349jCjJf_JPEG/review-attachment-a44fb83d-98cb-44ac-bb0c-d1d0681e8241.jpeg?type=f287']"
21.02.24.,5,"받아보니 마감이나 완성도가 역시 엘지라는 소리가 나오네요. 보통 라이젠 노트북들은 성능은 비슷비슷한데 액정이나 다른 부분에서 나사하나 빠져있는 경우가 많은데 이노트북은 액정이 좋다는 점이 훌륭합니다.그리고 가끔 어두운곳에서 타이핑할 때 편리한 백라이트 기능이 있네요. 기능적인면 뿐만 아니라 예쁘네요. ㅎㅎ그리고 성능도 나쁜편이 아닙니다. 단순한 게임(롤, 메이플, 던파 등등)은 가볍게 돌리고, 유튜브 4k화질도 렉없이 돌릴 수 있네요. 키보드 자판도 큰편이고, 키감도 나쁘지 않고, 무게가 1kg도 안되어서 가방에 넣어다니면서 활용하기 딱좋은것 같습니다. 저는 추가로 ssd 업그레이드 했는데 느리지 않고, 윈도우 설치도 잘되네요. 이 가격에 이만한 완성도면 올해 가장 잘산 물건이라고 생각합니다.",[]
21.02.24.,5,"자 대학교 들어갔으니 노트북 하나 필요한 당신! 그래 바로 너 말이다.내 짠돌이의 명예를 걸고 추천한다 노트북 사려면 지금 기회에 이거 사라대기업 회사들의 이름 날린 노트북 100은 그냥 넘는데 여기에서는 특별히 너를 위해 최저로 65를 부르고 있다. 처음 이 가격을 보고 사기라고 생각할 수 있지만 내가 사서 사진 올린다는 것은 사기는 아니다 안심해라또한, 택배를 기다리는 즐거운 시간을 주지도 않았다 주말에 시켜서 3일 후에 왔다는 말은 주문하자마자 바로 날렸다는 증거니 기다림의 미학은 잠시 접어두어라.기사님에게 택배를 받는 순간에도 사기인가 의문이 들 수 있지만 침착해라 노트북과 마우스 등 들어있는 무게가 그 정도다(나도 느낌 쌔 했음)무게를 재보고 싶었지만 체중계 살 돈도 아까워서 안 샀다. 미안하다노트북 전원을 켰다 잘 켜졌다 철판 아니다 코로나 때문에 비대면 수업으로 노트북 필요한 당신다시 한 번만 말한다 이거 사라",[]
21.03.01.,5,외관이 저가형인데 매우 고급스럽단 점이다.보통 플라스틱 마감인데이놈은 알루미늄 마감이라 정말 고급스럽다.그리고 무게가 스팩상 998g인데실제로 950g이다한손으로 들고다녀도 깃털처럼 가볍다그램보다 더 가볍다 완벽한 팀킬또한 액정이 보통 저가형은 250니트에 색재현율 45퍼라 물빠진 색감이 나오는데이놈은 322니트에 색재현율 72퍼라원색과 동일한 고급형 액정이다그리고 램도 3200에 8기가 듀얼채널이라 상당히 성능이 빠르다4300u를 탑재해서 내장그래픽성능도좋고피파나 롤같은 캐쥬얼게임은 무난히 돌릴수있었다그리고 웹서핑 유튜브 문서작업시 무소음이었다독서실에서 사용해도될만큼 팬이 안돌아갔다게임할때만 조금 팬이 돌아갔는데다른노트북에 비하면 정말 선녀수준이었다그리고 키보드 백라이트가 은은한 보라색인데매우 고급적인 느낌이다,[]
21.03.01.,5,가볍게 들고 다닐 노트북이 필요하여 찾아보던중 가격이 비교적 저렴하면서도 무게가 딱 안성맞춤인 울트라pc를 보게 되었고택배 도착은 어제 하였지만 어제는 근무라서 상품을 열어보진 못하고 오늘 퇴근후에야 열어보았습니다.택배박스 안에는 노트북박스와 사은품으로 주는 무선마우스+마우스패드가 동봉되어있었고 솔직히 택배박스를 들어보고 좀 놀란게 무게가 엄청 가벼웠다는것.박스안은 안전하게 포장된 노트북과 충전어댑터 그리고 사용설명서 및 제품보증서 등이 들어있었습니다.초보자들은 이런거 있으면 정말 쉽게 윈도우쯤은 설치할수 있게끔 배려하는 대기업의 노력이 보였습니다.시킨대로 하여 마지막으로 드라이버 설치 후 윈도우 업데이트까지 완벽하게 다 설치 잘 되었고 양품인것 같습니다.여지껏 노트북은 인텔cpu가 들어있는 것만 써보다가 이번에 AMD 제품을 선택했는데 만족합니다.주위에서 괜히 AMD를 외치는게 아닌듯. 간단히 한글 엑셀 포토샵 일러스트 등 프로그램을 실행시켜보았는데 창 열리는 속도는 정말 빨랐고.물론 대세인 유튜브 또한..인강용노트북이라고 게임을 못하겠느냐? 했지만 롤 정도는 우습게 잘 돌아간다고 하더라구요.가볍게 들고다닐 노트북 찾는 사람들은 이 제품이 가격이며 무게며 정말 무난하니 한번쯤은 써보길 권해봅니다,[]
21.03.01.,5,"레노버, Hp노트북만 사용해오다가이번에 첨으로 LG노트북을 들였는데확실히 대기업 제품이라 그런지 제품 마감이 좋습니다.1. 휴대성(무게)2. 성능3. 배터리사용시간4. 디자인이런 부분을 염두해두고 노트북을 골랐는데이 제품이 위 조건에 딱 맞는 노트북이네요.1키로가 안되는 무게에르누아르 CPU와 듀얼 램 8gb 조합으로인터넷 문서작성은 빠릿빠릿 하고간단한 라이트룸 작업도 잘 따라와주네요.배터리도 인터넷, 문서작성만 사용시5~6시간은 넉넉하게 사용하고Pd충전 지원해서 배터리가 없어도 큰 걱정은 없습니다~스피커도 최대 음량에서도 찢어지는 소리없이 무게 생각하면 꽤 괜찮은 편이고게이밍노트북만큼 최대음량 자체가 큰편은 아니지만혼자 영상 감상하기엔 충분합니다.짧그램 이라는 애칭답게디자인 마감도 깔끔하니 좋구요강추 합니다~",[]
21.02.24.,5,"집에 학생이 2명이라서 온라인 수업을 같이 진행하게되면 한 명은 노트북, 한 명은 태블릿으로 진행하였는데 태블릿이 온라인 수업 시 여러모로 불편한 점이 있어서 신학기 전에 노트북을 하나 더 구매하였습니다. 기존에 있던 노트북도 lg 울트라북 15인치 모델이었습니다.(인텔) 노트북 성능이야 초등학생 온라인 수업 및 가정에서 영상 시청, 인터넷서핑 하기에는 차고 넘치기에 게임 및 영상작업을 하지 않는 라이트유저로서 성능적인 부분에 대한 설명은 생략하고, 두 모델 크기 및 무게를 비교해 봤습니다. 크기는 보기와 같이 많은 차이를 보이고 있습니다. 13인치 크기가 장시간 화면을 시청하는 업무용으로는 답답할 수 있지만 온라인 수업 및 간단한 웹서핑에는 크게 답답하지 않습니다. 다만 무게적인 측면에서 15인치에 비해 거의 절반에 가까운 무게여서 이동성이 좋아 활용성이 더욱 좋을것 같습니다.",[]
21.02.25.,5,가볍게 들고 다닐 노트북이 필요하여 찾아보던중 가격이 비교적 저렴하면서도 무게가 딱 안성맞춤인 울트라pc를 보게 되었고택배 도착은 어제 하였지만 어제는 근무라서 상품을 열어보진 못하고 오늘 퇴근후에야 열어보았습니다.택배박스 안에는 노트북박스와 사은품으로 주는 무선마우스+마우스패드가 동봉되어있었고 솔직히 택배박스를 들어보고 좀 놀란게 무게가 엄청 가벼웠다는것.박스안은 안전하게 포장된 노트북과 충전어댑터 그리고 사용설명서 및 제품보증서 등이 들어있었습니다.초보자들은 이런거 있으면 정말 쉽게 윈도우쯤은 설치할수 있게끔 배려하는 대기업의 노력이 보였습니다.시킨대로 하여 마지막으로 드라이버 설치 후 윈도우 업데이트까지 완벽하게 다 설치 잘 되었고 양품인것 같습니다.여지껏 노트북은 인텔cpu가 들어있는 것만 써보다가 이번에 AMD 제품을 선택했는데 만족합니다.주위에서 괜히 AMD를 외치는게 아닌듯. 간단히 한글 엑셀 포토샵 일러스트 등 프로그램을 실행시켜보았는데 창 열리는 속도는 정말 빨랐고.물론 대세인 유튜브 또한..인강용노트북이라고 게임을 못하겠느냐? 했지만 롤 정도는 우습게 잘 돌아간다고 하더라구요.가볍게 들고다닐 노트북 찾는 사람들은 이 제품이 가격이며 무게며 정말 무난하니 한번쯤은 써보길 권해봅니다.그럼 이상 대기업 LG 노트북의 첫경험 상품평을 마칩니다.사은품 파우치 받고 싶은데 파우치 선택이 안되네요 ㅠㅠ 울며 겨자먹기로 가방 선택하였는데 파우치 있다면 파우치로 보내주세요^^,[]
21.02.26.,5,"4300u가 성능이 떨어진다고 해서 4500u 라데온 제품을 구매할까 고민하였는데요.가성비로 가자고 구매하였습니다.HDD는 NVME 하드 256GB 가지고 있어서 혹시나 하고 끼워 봤는데, 인식이 되더라구요. NVME 하드가 인식이 안된다는 걸 본 것 같아서 참고하시라고 적어봅니다.윈도우 설치하고 한글 오피스 설치 사용해 보니 빠르네요. 기존에 가지고 있던 그램은 i5 였는데, 더 빠른것 같아요.기존 그램도 6년 사용하였는데, 출장이 많은 저한테는 13인치 노트북이 딱인것 같아요.화면 밝기도 밝아 쨍하니 좋습니다.비교해 보시라고 사진 첨부합니다. 사무용으로 쓸거면 GX30K 사는 것도 아주 좋은 선택일 것 같습니다.팁을 드린다면 처음엔 PD 충전 시키면서 부팅은 안됩니다. 보내준 일반 충전기 연결해서 윈도우 설치하시고, PD 충전기 활용하시면 충전 잘 됩니다. 잘 사용할게요.",[]
21.02.26.,5,"이번에 지옥 빅스마일데이 할인으로 LG 울트라 PC를 구입했습니다. 처음에는 제품 사양이 낮아서 성능이 부족하지 않을까 염려했으나 실제로 받아보니 제품 성능, 품질, 마감까지 만족합니다. 4300U CPU와 8기가 램을 장착해서 성능이 부족할 것이라고 생각했는데 일상적인 용도로는 충분한 것 같습니다. 이 제품은 부가적인 구성이 알찬데요. 우선 PD 충전도 지원되고, 액정 밝기나 색재현도도 좋고, 무엇보다 무게가 대박입니다. 1KG이 안 돼서 짭그램이라고 불리는데 확실히 가볍습니다. 다만 아쉬운 건 스피커, 저장공간입니다. 미개봉으로 받고 싶어서 SSD 업그레이드를 하지않았는데 추후에 교체를 해야할 듯 싶네요",[]
21.02.25.,5,이전에 여러 제조사 노트북들 써오다가 이번에 이 모델 구매했는데요. 역시 그램부터 제조 기술이 축적되있는 덕분인지 초경량 노트북 특유의 낭창거리는 느낌도 없고 딴딴하니 만듬새가 참 좋습니다. 이 가격에 기대할 수 있는 수준은 아득히 넘네요. 특히 액정이 밝기도 충분하고 쨍하니 너무 좋아요. 첨엔 글래어 패널이라 빛반사가 심할것같아 걱정했는데 패널 자체 밝기가 충분히 확보되는지라 별지장 없습니다. 나중에 정 거슬리면 난반사 필름이라도 한장 붙이던지 하면 될것같아요. 이전에 쓰던 노트북이 1.4kg 였는데 수치상 줄어드는 무게보다 체감무게는 엄청 가볍게 느껴져요. 성능도 르누아르가 워낙 잘나와서 너무 만족합니다.,[]
21.02.25.,5,"이 가격에 이 액정에 이 재질에 이 무게? PD충전까지? 가성비 노트북이면서 타 모델이 원가절감한 부분까지 충족시켜주어 아주 만족스럽습니다.13.3인치의 화면, 4300u가 조금 아쉽지만 작고 가벼운 제품의 특성을 생각했을 때 일상 업무용으로 충분하겠습니다.화면도 저가형 노트북에서 흔히 보는 250nit 45%의 흐리멍텅이 아니라 중상급 글래어 패널의 쨍함이 느껴져 좋습니다.어지간한 작업에는 발열과 소음도 거의 없어 무릎에 올려놓거 사용해도 불쾌함이 없네요.상하판 소재며 제품 마감, 준수한 키감까지. 국내 노트북 시장에서 그램이 강자인 이유가 있었군요.앞으로도 LG 노트북으로 계속 가야겠습니다.",[]
21.03.03.,5,"가벼운 무게를 적극 활용하기 위해서 PD 충전기의 사용을 권장하며휴대용 목적에서 볼때 이만한 제품이 또 있나 싶습니다.일반적인 용도에서 거의 들리지 않는 소음에가벼운 무게와좋은 액정 품질.키보드 느낌도 매우 좋습니다.원래는 삼성 이온2를 고려했는데 휴대성과 키보드에서 더이상 볼것도없이 구매를 했습니다.아쉬운점은 SSD 용량을 120기가로 한것인데이거도 교환 가능하니 문제가 되지 않아요인강 혹은 사무용, 유투브용으로 정말 추천드립니다.혹자는 작은 화면이 단점이라 하는데 집에서 볼거면 큰모니터나 티비에 HDMI 케이블 연결하면 됩니다.",[]
21.02.25.,5,"우선 빠른 배송이 좋았습니다.화요일 오전 5시에 주문해서 수요일 저녁에 받았습니다. 받아서 윈도우 10 설치하고 한글, ms 오피스 설치해서 구동해보니 빠릿합니다.넷플릭스 틀어보니 액정이 좋아서 화질도 마음에 듭니다.가벼워서 한 손으로 들고 이동하거나, 침대 위에서 사용하기도 좋습니다.이 정도 성능과 무게를 60만원 전후로 구매할 수 있다는 사실에 놀랐습니다.PD 충전, WIFI6, 좋은 액정 퀄리티, 가벼운 무게, 뛰어난 성능 모두 마음에 드네요.저장용량이 128G 인 건 옥의 티지만 클라우드, NAS 사용하면 큰 문제는 아닙니다. 하드하게 쓰지 않고 일반 사무용이나 가정용으로 쓰신다면 최고의 선택이라고 생각합니다.잘 쓰겠습니다!",[]
21.02.25.,5,"학생이라 얼마 안되는 예산으로 좋은 LG노트북을 찾고있었는데 마침 이 13ud70p-gx30k 제품을 보고 이거다 싶었어요ㅎㅎ처음엔 주문량 폭발로 배송이 지연된다고 했을때 좀 오래기다려야될 줄 알았는데 주문일 기준 이틀 후에 받을 수 있어서 좋았습니다 :)저처럼 자주 외출해서 공부나 작업하시는 분들이나 가볍게 사용할 노트북이 필요하신분들께는 고민하지 마시고 이 제품을 사용해보시는걸 추천드립니다!좀 헤비한 작업은 제가 할줄도 모르고 할 일이 없어서 잘 모르겠지만 가벼운 작업이나 인강 또는 동영상 시청, 웹서핑 등의 목적으로 최고라고 생각합니다.특히 LG노트북 하면 빼놓을 수 없는 무게.이 무게라는 장점을 극대화한 제품인 것 같습니다.딱 시기적절하게 알게되어 좋았고 첫노트북이라 그런지 몰라도 정말 만족스럽습니다. 잘쓰겠습니다!",[]
21.02.25.,5,동생 개강을 앞두고 비대면 인강 때문에 노트북이 필요하다고 하여 여기저기 찾아보다 주문하게 되었는데 정말 너무 만족스럽네요! 우선 배송이 정말 빨랐습니다. 마지막 날에 주문이 폭주하면서 배송이 좀 늦어지는게 아닐까 걱정했는데 당일 출고 되어서 하루 만에 빠르게 도착했습니다.또한 주문 과정에서 제가 결제 방식을 실수하는 바람에 문의드릴게 있었는데 바로 바로 빠르게 처리해주셔서 편하게 주문할 수 있었어요. 이후 이런 저런 문의 답변도 빠르구요!노트북 자체도 말 할 필요가 없을 정도로 훌륭합니다.LG다운 고급스런 마감처리와 100만원 이하 가격의 노트북 중에 이런 퀄리티로 이런 1kg가 넘지 않는 무게를 보여준다는 것에서 게임 끝인데 CPU랑 SSD 때문에 속도까지 장난이 없습니다.윈도우 설치 후 이것저것 테스트 해봤는데 기능도 다양하고 여러모로 사무용 인강용 중에는 비견할 제품이 없을거 같아요배송도 완전 꼼꼼하게 와서 제품에 이상 하나 없었구요!정말 후회 없는 구매입니다,[]
21.02.28.,5,"차에서 급하게 문서작업할 용도로 사용할 노트북이 필요했었는데 때마침 딱 맞는 상품이 특가로 나왔네요.차량용 pd충전기에서 충전도 잘 되고, 가볍고, 키감도 좋습니다. 핸드폰 핫스팟 연결시에도 인터넷 속도가 빠르네요. 외국 기업의 저가 라이젠 보급형 노트북과 비교했을 때 만듦새도 좋고 액정과 무게에서 차이가 많이 나네요. microSD카드 슬롯이 있어 어쩌다 가끔 블랙박스 확인할때도 편할 것 같고요. 용산에서 업무보다 주문한건데 아쉽게도 방문수령 되는지를 몰랐네요. 그래도 이틀만에 배송받았고 윈도우 설치와 셋팅도 별다른 어려움 없이 금방 끝냈습니다. 13인치 노트북을 찾는 분들에게는 이만한 선택이 없는 것 같네요.",[]
21.03.01.,5,"업무용, 사무용 등 다용도로 사용할 개인 노트북을 오랫동안 찾아 왔습니다.아무래도 이동이 잦은데다가, 돌리는 프로그램들도 많아서 가벼우면서도 성능 괜찮은 노트북으로 찾아왔는데요다른 외산 저렴이 노트북 살까 하다가, 가격차이가 크게 나지 않아서 질렀습니다.타사 대비 장점: 가벼운 무게, PD충전, 편안한 키감, LG 기본 프로그램 (OS와 드라이버 설치 편함) 일단 초경량이고 13인치인데도 화면이 답답하게 느껴지지 않아서 너무 좋습니다. 휴대성 최고예요.프리도스 상품이라 윈도우를 직접 설치했는데 LG 기본 프로그램들도 소소한 센스가 엿보였습니다.일주일 정도 사용해봤는데 이래저래 매우 만족합니다. 정말 잘 산 것 같습니다.",[]
21.02.25.,5,"만족을 안할래야 안할수가 없음. 배터리 진짜 오래가고 속도 빠르고 모든 면에서 가성비 갑 오브 갑1. 윈도우 설치 : 정말 쉽다. 설치 USB 만들어서 엔터만 클릭하면 끝. 그리고 설명서에 너무 자세하고 친절하게 나와있음. 설명서는 동봉 및 노트북 초기 화면에도 나타남.2. 드라이버 설치 : 이것도 너무 쉬움. 별도로 파티션이 구별되어 있어서 따라서 하면 끝.3. 편의 프로그램 : LG 내장 세팅(?) 프로그램에 있어서 화면/소음/배터리 등 설정하기 너무 간단하다.4. 배터리 : 풀충하면 10시간 너끈히 사용 가능하다. (배터리 향상 모드? 그걸로..향상 모드도 일반 작업하는데 불편함 없다)5. 화면 : 쨍쨍하니 좋다. 글레어인 것이 유일한 단점인듯?6. 소리 : 유일한 단점으로도 생각할 수 있으나 가격을 생각해보자...7. RAM/SSD : 램은 8GB 로 충분하다. SSD 가 작은데, 다른 저렴한 저장 장치가 많으니 필수적인 것을 저장하는데는 부족하지 않음. 업그레이드 용이도 있으나, 하지 않을 것 같다. 이건 서브 랩탑이니..",[]
21.02.25.,5,"원래 엠원 맥북을 사용했었는데 이 노트북으로 넘오니까 훨씬 더 가볍고 좋네요노트북은 일단 휴대성이 가장 중요하다는 진리를 깨우쳐준 고마운 노트북인것 같습니다 라이젠의 성능 덕분에 발열도 거의 나지 않고 오버워치 게임이 가능한 점이 정말 대단한 노트북을 구매했다는 생각이 절로 들게끔 하네요. 이제 여기에 ssd까지 업그레이드 해서 사용하면 거의 몇년간은 최고의,사무용 다목적 노트북으로 사용할 수 있을 것 같습니다.혹시나 행사 기간을 놓치신 분들도 다음 5월달에 있을 빅스 때를 노려보는 것을 추천드립니다. 누가 아나요 이 제품이 또 다시 특가에 풀릴지... ㅎㅎㅎ",[]
21.02.25.,5,서브용 노트북이 필요하던 찰나에 해당제품을 발견했습니다 행사중이라 가격도 착하며 받아보니 기능이 기대했던것보다 훨씬좋습니다우선 외부 재질이 플라스틱이 아닌 마그네슘합금 바디로 느껴지며 전작의 그램플랫폼을 그대로사용해서그런지 화면 좌우베젤도 얇게 잘 만들어졌습니다액정패널은 srgb90%이상 밝기 300nit로 이가격대 대기업제품에서 보기힘든 스펙을 가지고있으며키보드타건감은 작은체구라 기대를안했건만 스트로크깊이가 깊어 꽤 만족스러운 느낌입니다마지막으로 ssd는 상담으로 sata방식이라 안내받았는데 집에있는 mvme 방식 장착하니 정상속도나와줍니다.즉 이제품은 m.2 ssd sata/mvme 둘다 지원합니다저렴한가격에 휴대용 노트북 구하시는분께 강추합니다,[]
21.02.24.,5,전부터 삼성을 살까 엘지를 살까좀 저렴하면서 성능이 더 좋은 아수스랑 레노버를 살까고민고민 했었는데요우연하게 할인이 많이 되는걸 보고 생각없이 그냥 엘지 노트북을 샀어요할인받아 저렴하게 구매햇어요 사면서도 할인받아 저렴해도 알아보지 않고 이걸 사도 되나 고민했는데요지방이라 퀵서비스는 신청못하고 택배로 받았는데배송도 하루만에 오고 너무 좋네요회사가 바빠서 윈도우도 주말되야 설치하고 셋팅도 해줘야하지만 1키로도 안되는 그것도 르누아르 엘지제품을저렴하게 구매하다니 너무너무 좋네요 정말 강추합니다---> 주말이 되어 셋팅했습니다 너무 좋네요액정 쨍하고 선명하고 화질좋구요 (근데 논글래어가 아니라 반사는 됩니다)속도 빠르고 가볍고 너무 좋네요윈도우 설치하고 셋팅하는데 한시간 정도 걸렸어요잘 모르시는 분들은 윈도우랑 셋팅 되어 있는 제품 구매하시는게 좋을가 같아요,[]
21.02.24.,5,"이 노트북의 특장점은 저렴하면서 매우 가볍다는 것입니다.저처럼 이동하면서 문서작업을 해야 하는 사람들의 경우 노트북의 무게가 얼마나중요한지 공감하실 텐데 (특히 여름에 무거운 노트북은 정말..)980g이라는 가벼운 무게에 문서작성, 웹서핑에 차고 넘치는 4300u를 달고 있어휴대성이 중요하신 분들은 이 노트북이 가격, 성능면에서 정말 합리적인 선택이라고 생각합니다.LG답게 마감도 깔끔하고 배터리타임도 절전모드 기준 10시간 잡히네요.pd충전 지원, 와이파이6 등 요모조모 자잘한 기능도 만족스럽습니다.휴대용, 사무용, 인강용 컴퓨터로 추천할 만한 노트북이라고 생각합니다.",[]
21.02.25.,5,"아침에 배송 출발했다는 메세지를 받고 내일쯤 도착하겠지 싶었는데...오늘 도착해서 깜짝 놀랐습니다.택배 박스를 받고 열어보니 노트북과 마우스패드가 뽁뽁이로 감겨 있었습니다.마우스와 마우스패드를 사은품으로 주는 것으로 설명이 되어 있으나 마우스는 포함되어 있지 않았습니다.SSD 128G는 작은 듯하여 개봉 후 SSD 교체 장착 옵션을 선택해서인지 SEAL은 cutting 되어 있었습니다. 가지고 있던 윈도우를 설치하고 시스템 정보를 보니 노트북의 시계가 맞지 않아 설치 날짜가 2/7로 나오네요.인터넷에 연결되니 시계는 자동으로 동기화 후 정상 시간으로 표시되었습니다.드라이버는 따로 설치하지 않아도 자동으로 잡아주어 설치가 편했습니다.추가구매하여 변경한 SSD는 MTROS 제품으로 설치된다고 답변을 받았었습니다.설치된 제품이 궁금하여 Crystal diskinfo프로그램으로 정보를 확인해보니TEAM Group의 MS30 M.2 SATA SSD로 검색이 됩니다.SM2258XT 컨트롤러, 디램리스.....이런것인줄 알았으면 따로 구매해서 장착하는건데 잘못한것 같습니다.이왕 구매한거 쓰다가 불편하면 따로 바꾸어야 겠습니다.노트북이 가벼워 들고다니기 편하고 13인치가 생각보다 작을것 같았는데사용하는데 아무런 문제 없을 것 같습니다.",[]
21.03.01.,5,1. 배송이 정말빠릅니다2. 디자인블랙과 화이트의 조합으로 심플하면서도 세련미있습니다3. 성능라이젠3시리즈이지만 절대 성능이 딸리지않습니다. 4300u성능 관련된 유튜브참고하시면될거같습니다. 고사양게임은 아니더라도 웬만한 게임까지도 커버하는성능입니다. 램도 8기가로 일반사용자들이겐 충분 ssd는 128기가이기때문에 업그레이드가 필요할거같습니다4. pd충전요즘 고사양노트북이아니면 pd충전 찾아보기도 힘든데 이제품은 pd충전을 지원합니다5. 무게정말 가볍습니다. 노트북은 사실 휴대용이기때문에 성능만 적당히 나온다면 가벼운게 최고입니다. 성능욕심을 버리시고 이가격에 이 무게면 정말 최고라고생각합니다.,[]
21.02.25.,5,예전부터 가볍고 휴대성이 좋은 그램이 눈에 아른거렸지만 너무 비싼가격에 참았는데이제 울트라PC가 그램급 무게로 나와서 정말 좋네요노트북이 너무너무 가벼워서 행복해요간단하게 문서작업이나 영상감상 인터넷검색하기에 최고에요디스플레이 화질도 뛰어나고 시야각도 우수합니다사운드도 우수한편이에요국민게임 롤도 잘 돌아가서 놀랐네요그리고 드라이버도 한방에 설치해주는 프로그램이 들어있어서예전 중소기업 노트북 드라이버 설치할때 처럼 하나하나 힘들게 설치안해도 되는게 정말 좋아요^^좋은제품 감사합니다 잘쓸게요,[]
21.02.17.,5,짭그램이라고 불리는데는 이유가 있네요 우선 들어보면 정말 가볍습니다. 옛날 초창기 그램 폼팩터라 무리하게 경량화가 안된 형태라 기기 마감이나 그램특유의 흐물거리는 느낌도 전혀없습니다 그리고 예전 갓성비 프로세서라고 호평받던 라이젠 3500u 성능급 시피유인 4300u가 들어가서 문서작업은 물론 롤이나 오버워치같은 게임도 어느정도 플레이가 가능한 수준입니다 또한 pd충전까지 지원되는 노트북이라 휴대성이 보통 노트북들보다 더 낫죠 헌데 4500u보다 안좋은건 사실이지만 그렇게 못쓸 시피유도 아닐뿐더러 4300u만 해도 경쟁사 인텔 코멧레이크 i7까지 전부 압살하는 성능입니다,[]
21.03.12.,5,이 노트북의 가장 큰 장점은1. 1kg가 안되는 가벼운 무게2. pd충전이 지원되는 노트북3. 최신 라이젠cpu 탑재4. 키보드 백라이트 가능이 4가지를 들수 있습니다특히 1kg이 안되는 무게는 다른 타사 노트북에서는 정말 보기 드문 가벼운 무게로휴대성이 극대화 되어 대학생들이 사용하기에 아주 적합합니다그리고 주렁주렁 충전기를 들고다닐필요 없이 휴대폰 충전기로도 PD충전이되서이 또한 휴대성이 한층더 좋아졌다고 볼수 있습니다성능도 게임도 작동될정도로 매우준수하고키보드 백라이트가 지원되는 점또한 아주 매력적인 요소입니다무엇보다도 LG제품이라 A/S가 아주 좋고가격또한 상당히 좋은편이라 무조건 강추합니다사랑해요 lg,[]
21.02.25.,5,주문폭주라서 예약구매로바뀌길래 배송이 좀 늦어질수있겠다고 생각했는데 엄청빨리 도착했네요 그많은물량 포장하시느냐고 고생많으셨을것같습니다 노트북 필요한참에 쇼핑몰 둘러보다 구입하게되었네요 일단 포장 튼튼하고 안전하게 잘되었구요 LG노트북 디자인도예쁘고(특히 키보드 라이트) 성능도좋고 대기업이라 as걱정없는게 젤맘에드네요 배그돌려봤는데 생각보다 잘돌아가서 깜짝놀랐습니다 메이플이랑 스타하려고 구입했는데 기대이상이에요 가격도저렴해서 대학교 새내기용으로도 좋을것같아요,[]
21.02.18.,5,"가격 때문에 외산 브랜드만 쓰다가 첨으로 할인이 많이 되어 국산 제품을 구입했는데 빠릿하고 가볍고 좋습니다~
이름은 울트라북이지만 성능은 그램과 차이가 없기에 그램이라고 생각하고 씁니다^^
첨에 배터리 방전으로 바로 안 켜져서 잠시 놀랐었고, 윈도우 설치 때도 우측 usb 단자에 꽂았더니 안 되어서 잠시 당황했었는데 좌측 usb 단자에 꽂았더니 정말 10분도 채 안 되어서 설치가 끝난 것 같습니다.
D 드라이브에 설치 파일이 있다는 것은 참 좋은 생각인 것 같고 노트북 자체는 다 마음에 듭니다.
단 하나 마음에 안 드는 것은 충전 아답터가 좀 크다는 것인데, pd 충전이 되기에 pd 충전기 하나 따로 구매했습니다. 성능+무게+가격 모두 만족합니다^^",[]
21.02.28.,5,배송은 딱 하루 걸렸습니다.포장은 박스 위로 에어캡을 3번정도 넉넉히 감아주셔서 파손 없이 잘 왔습니다.성능은 역시나네요. 나중에 무거운 작업하게 되면 모르지만 단순 웹서핑으로는 아주 빠릅니다. 역시 가성비의 amd구나 싶어요. 가볍고 좋습니다.유일한 단점은 역시 액정사이즈입니다. 15인치 이상의 제품군이 있었다면 돈 좀 더 투자하더라도 분명히 구매했을겁니다. 다만 이 라인의 제품이 13인치인 이것 뿐이었고 휴대성을 우선해서 사용하게되었습니다.작은 액정을 높은 휴대용으로 잘 활용해야겠죠. 전반적으로 만족합니다.ㅎ,[]
21.02.27.,5,1kg이하 노트북중에서 이정도성능 내는 노트북은 이게 유일합니다. 메이저제조사들은 인텔 위주로 쓰는데 라이젠을 활용해서 성능과 무게 두마리토끼를 다 잡아버렸네요 4300u cpu는 롤 피파 아주 부드럽게 고사양으로 돌아가서 캐쥬얼한 게임 좋아하시는 분들한테 아주 잘 맞는 노트북인것 같습니다. 980그램으로 가벼워서 여성 남성 가리지 않고 쓰기가 아주 편합니다. 노트북은 크고 무거우면 잘 사용 안하게 되더라구요 고사양 pc + 가벼운 노트북 정말 최상의 조합인것같습니다. 기본 충전기가 좀 아쉽긴 한데 pd 지원해서 pd 충전기로 충전도 잘 되니까 만족스럽네요 정말 강강강추천드립니다.,[]
21.02.26.,5,"우연찮게 좋은 가격에 구매할 수 있어 바로 구매하였습니다. 화요일에 주문하였으며 목요일에 수령하였고, 제품 OS 및 프로그램을 설치하며 느낀점은, 요즘 노트북은 CPU상향평준화가 많이 되어 단순 문서작업용으로는 고가의 CPU 모델이나 저가의 모델이나 체감이 나지 않는다는점입니다. 그런 점에서 4300U를 채용하며 가격 경쟁력을 챙기고, 1kg도 안되는 무게, 얇은 베젤로 소형화까지 해낸 이 제품은 가성비 최고의 노트북이라 생각됩니다. 사진은 13.3인치가 작은 가에 대해 궁금하실분들을 위해 다른 노트북들과 비교한 사진을 올려드립니다.",[]
21.02.25.,5,"이 제품의 가장 큰 장점은 그램이 아님에도 불구하고 그램의 사양을 갖춘 르누아르 4300 답재입니다. 상당히 빠르고 가벼고 무엇보다 발열과 소음이 없습니다. 저는 그램사용자입니다. 15인치 그램과 비교하여 디자인적으로 색감은 대단히 하얀색입니다. 페인트 하얀색 칠해 놓은 정도로 하얗습니다. ㅎㅎ.. 그게 좀 싼티는 납니다. 그러나, 가격과 사양이 용서해줍니다. 확실히 그램과 디자인 완성도에서 차이는 납니다. 충전단자는 pd 충전이 됩니다. 그리고 3x1 충전단자를 사용합니다. 삼성이나 엘지그램에 흔하게 사용하는 충전단자입니다. 호환됩니다. 19볼트이지만 20볼트로 다 호환됩니다. 딸 아이 수업용으로 샀는데, 가벼워서 좋습니다. 여성용으로 딱입니다.",[]
21.02.24.,5,컴퓨터에 대해 잘 몰라서 구매할때 많이 고민했지만 상품 후기를 보고 괜찮겠다 싶어 구매했습니다. 사영해보니 사무용 노트북으로 충분하고 세일 기간에 저렴하게 구매해서 만족합니다.액정 품질도 상당히 좋고 pd 충전도 지원해서 충전기 하나만 들고 여행가도 문제 없어요.그리고 무게도 생각했던 것보다 가벼워서 놀랐습니다. 첫 노트북이라 그런지 13인치도 작지 않은거 같네요배터리도 오래가고 디자인도 훌륭하고 고민하시는분들 이 제품 추천하고 사은품도 챙겨가세요.,[]
21.02.25.,5,온라인 줌 수업과 게임을 위해서 구매하였습니다.4350 르누아르 모델이라 준수한 성능의 게임을 플레이 할수있고특히 lg라는 브랜드 이미지가 너무 좋네요.화이트 컬러의 깔끔함과 980g 이라는 가벼운 무게가 너무 좋았던거 같네요.동생이 이번에 대학에 들어가는데 선물로 주니 엄청 좋아했어요.그리고 서비스로 주신 마우스와 패드 정말 감사히 받았습니다.ntsc72 %디스플레이기 때문에 디자인 작업과 영상감상을 하시는 분들께 추천드리고pd충전지원이기 때문에 빠른 충전과 가벼운 충전기로 이동성이 매우 좋습니다.,[]
21.01.28.,5,"노트북을 고를 때 무게, 가격, 성능 순서로 우선 순위를 두었고 해당 노트북과 hp aero중에 고민하다 AS때문에 lg 울트라북을 구입했습니다배송은 빠릅니다 주말에 주문하고 화요일에 받았습니다윈도우는 안깔려있어서 직접 깔아야하며ssd는 256으로 업그레이드 된 제품으로 받았습니다기존에 14인치 노트북을 사용했었는데 크게 불편하진 않습니다노트북 받고 하루정도 사용 해봤는데 문서작업, 웹서핑 하는데 지장 없습니다 버벅임, 발열 없고요단점은 충전기가 생각보다 무거워요 pd충전이 지원되는지 확실치는 않지만 pd충전 가능하다는 후기가 있어서 한번 구매해서 사용해 보려고 합니다",[]
20.12.30.,5,몇년 전 동료가 쓰는 LG그램제품을 만난적이 있어요. 첫 인상은 '너무 가볍다'와 '너무 비싸다' 라는 것이었죠. 몇년이 지나고 라이젠을 탑재한 아주 빠른 LG울트라북이 나온거예요! 그램처럼 1kg미만의 제품에 스팩도 짱짱한 이녀석을 만나게 되었어요!! 예약판매여서 너무 초초하게 기다렸는데 해가 바뀌기 전에 와서 너무 기분이 좋아서 제품 오픈하고 윈도우 설치하고 바로 후기 남겨요! 아주 꼼꼼하게 ？s？s이를 둘러서 택배로 보내주셨어요! 사은품으로 주신다는 마우스와 마우스패드까지 받았습니다!!! 두둥탁!!!!!!!! 바로 오픈해서 윈도우도 설치했습니다! 방금 설치를 해서 소음과 발열은 모르겠지만 믿고쓰는 LG패널입니다. 윈도우 설치도 라이젠의 성능 짱짱한 CPU여서 그런지 아주 빠르게 설치되었습니다!! 연말에 선물을 받은 것 같아 기분이 너무 좋아요!!,[]
21.03.01.,5,울트라 13UD70P-GX30K 적극 추런드립니다! AMD 성능은 워낙 유명해서 다들 아실테고 프리미엄 붙은 인텔에비해 매우저렴합니다! 근 1년 전 정도부터 엘지도 울트라에만 슬쩍 도입한걸로 알고있습니다. 울트라 다좋은데 꺼렸던 이유가 무게따문인데 이젠뭐 무게까지 그램이랑 똑같으니까 안살 이유가 없습니다. 배송중에 한번 불량있어서 문의드렸는데 바로 교환해주셨습니다. 아그리고 하나 참고하실게 엘지는 자체 DNA라고 드러이버 설치해주는 프로그램이 있는데 SSD 256으로 교체시 없으므로 홈페이지가서 직접 다운받으셔야합니다. 만약힘들면 엘지 고객센터 문의하면 친절하게 해결해주십니다^^,[]
21.02.20.,5,딸 대학교입학선물로 사줫어요~ ^^ 화면 13인치라 작을줄알앗는데 불편함 전혀없구요~ 화질도 나쁘지않아요~ 처음 킬때 느리지않을까 걱정햇는데 괜한걱정을햇네요ㅋ 속도도 빨라요~ ㅋ 윈도우.엑셀.pdf~ 설치 완료~!! 설치도 빨랏어요ㅋ가벼워야 학교다닐때 불편함이 없다햇는데 정말 가볍네요~ 처음 산 노트북인데 정말 구매잘한거같아요~ 가격도 정말 굿~!! 빅세일할때 사면 짱인듯!! 디자인도 이뻐요~ 뿌듯하네요~~ 정말강추강추합니다~ 대학입학생 부모님들께서 혹여나 고민하신다면 적극추천하겟습니다~,[]
21.02.25.,5,"이번 행사에서 샀는데 상품도, 가격도, 배송도 모두 굿이네요.주문하고 바로 다음날 받으니 너무 기분좋았구요.사은품으로 주신 무선마우스, 패드도 사용하기 딱 좋았습니다.상품포장도 잘 되어있었고 바로 뜯자마자 양 옆면 단자구성 사진 몇 장 찍고 usb윈도우를 설치하였구요. 초보자분들도 어렵지 않도록 처음 개봉후 전원을 켜면 화면에 설명이 또 나옵니다. 설명서를 굳이 안봐도 되는 편안함도 있네요.간단히 사용하려고 샀는데, 성능도 괜찮고 디자인도 괜찮고 화질도 좋네요. 라이트하게 가볍게 쓰고싶은게 첫번째였는데 목적 달성입니다. 판매자분 대성하시구요. 상품 잘 쓰겠습니다.",[]
21.02.24.,5,2021년형 lg 노트북이네요.미개봉 새상품이고 0.98kg 으로 매우 가벼워요. 그램 초창기버전이었어서 마감 매우좋은 제품같아요.cpu는 amd 라이젠 르누아르 4300u 8기가램으로 롤 무난하게 돌아가네요.애매하게 오래된인텔 8세대아래제품들을 뛰어넘어 11세대보다 성능좋은 cpu 강추합니다.내장그래픽도 인텔 i3 i5 씨피유 셀러론 펜티엄 보다 훨씬 좋은 성능을 내니 모니터연결해서 게임하실분이나 들고다니는게 목적이신분은 가볍고 lg써있는 노트북 구매추천드립니다.사은품도 좋네요.,[]
21.02.25.,5,통학하다보면 정말 가벼운게 최고라고 생각함언더kg에 이정도 성능 이정도 가격대에 이정도 완성도는 진짜 대체품 없는 최고 수준인듯 노트북 선택이 너무 고민이라면 무조건 이거 고르면 됨 모니터 빛샘이랑 벤치마크 전부 양호함 롤 메이플 카트 정도의 게임도 원활하게 돌아감 웹서핑이나 오피스는 물론 부담없음 포토샵 일러스트도 레이어만 적당하면 작업할 수 있을 정도임 가격 생각하면 단점을 1도 찾아볼 수 없음 디스플레이가 글레어인건 호불호 선에 있음,[]
21.02.26.,4,너무 좋은 가격에 상품이 나와서 원래 구매하려던 제품과 줄다리기를 하느라이제야 뜯어보네요상품 외관 이상업구요다만 액정이 살짝 왼쪽으로 치우쳤네요 그래도 이가격에 LG브랜드 네이밍이 있으니 무시하고 쓰려구요아직 써본지 2시간째지만외관 크기 무게 다 훌륭합니다.13.3인치 처음 써보는데 전혀 안작아요인터넷강의용 영상 시청용으로 매우 충분하고기능성 휴대성 성능까지 모두 갖춘 제품입니다.이건 음.. 절대 LG보급형 제품이 아니에요 훌륭합니다잘쓸게요 ~,[]
21.02.26.,5,일단 인터넷 매우 빨랐다. 그리고 롤도 잘 돌아가고 메이플같은 간단한 게임정도는 우습게 커버한다. 이 가격에 이정도 성능이며 옵션을 찾은 나는 행운아...그뿐..ㅋ은 농담이고 일단 전체적으로 마감처리며 화면도 13인치라 매우 작을거라 생각했는데 솔직히 써봤을때 작다라는 느낌은 크게 안들었다.일단 대학생이 쓰기에 매우 좋고 무게가 진짜 거의 안느껴졌다...신기했누룽지!개이득봤다람쥐로코늄!,[]
21.03.01.,5,너무 잘샀습니다가격도 조렴하고 사양대비 너무 편리하고 좋아요이번기회로 너무 득템한 기분입니다이정도 사양에 이정도 가격으로 이만한 사양과무게를 느끼면서 사용할수있는 게다가 국내 제품 이라 as도 편리하고이동시 가벼운 무게로 편리합니다대학생분들이나 여자분들한테 강력하게 추천드리고하얀색에 깔끔한 디자인그리고 따로 ssd 하드를 설치하지않아도되어서 너무좋고pd충전까지 지원하니까 너무 노트북 가방이 가벼워졌습니다한손으로 들어도 무리도 없고 학생분들가벼운 인강용 웹서핑용 강추합니다,[]
21.02.27.,5,"오래된 노트북 썼을 때는 부팅만 몇 분이고 인터넷만 해도 렉걸려서 답답했었는데 신세계를 겪었어요..! 넘나 빠르고 좋아요 처음엔 생각보다 좀 작은가 싶었는데 들고 다니기 딱 좋은 사이즈고 인강 들을 때도 컴퓨터는 풀화면으로 보면 너무 커서 일부러 창크기 조절해서 봤는데 이건 풀로 봐도 한눈에 들어와서 좋더라구요그리고 충전 시간이 정말 빨라요 그냥 충전기 꽂아놓고 사용해도 얼추 지나면 100퍼 돼있어요ㅋㅋㅋ 신기,, 암튼 디자인은 말 안 해도 너~~무너무 예쁘고 전체적으로 백퍼 이상 만족스러워요!!",[]
21.02.24.,5,이 제품을 고를때 처음엔 13.3인치라는 작은 크기때문에 고민을 했지만엘지라는 브랜드파워+르누아르+준수한 패널이 62만원이라는 가격은 단점을 상쇄하기에 충분했고막상 받아보니 실사용 하는데는 큰 무리는 없겠다는 생각이 드네요크기는 a4용지와 비슷하고 일반 노트보다 살짝 큰 수준이라서 들고다니기 좋을거같아요저처럼 노트북을 들고다니면서 사이버강의를 들으면서 가끔씩 게임 한두판 하시는 학생분들이 쓰면 좋을거같습니다.,[]
21.02.24.,5,"포장: 본체는 큰충격을받아도 될만큼 안전하게되어있음..어탭터는 뽁뽁이로는 불안함
디자인 : 흰색에 아주깔끔함..굿
성능 : 팬소리도 안들릴만큼 조용함..굿..사무용이라 게임은 버거워보임
무게 : pd 충전이되서 본체만들고다녀도 딱1kg 라 가볍고 좋음 책한권느낌 굿
as : lg라 베리굿..
팁 : 유선랜포트가없어서 무선랜드라이버를 먼저 다운받아서 깔아야함..나머지드라이버는 프로그램 하나깔면 알아서해주니깐 굿",[]
21.02.24.,5,"lg노트북 처음으로 구매했는데, 기대 이상으로 좋네요. 배송도 빠르고 포장도 이중으로 돼있네요. 마침 무선마우스가 없었는데 사은품으로 무선마우스를 받아서 큰 도움이 될 것 같네요. 노트북 색상도 하얘서 마음에 들고요, lg로고도 심플해서 좋네요. 그리고 전에 쓰던 노트북에 비해서 많이 가볍네요. 전에는 가방에 무거운 노트북 넣고 다니느라 고생했는데, 이제는 좀 편해질 것 같습니다. 그리고 성능도 많이 좋네요. 부팅할때도 몇 초 밖에 안 걸리고, 인터넷도 빠르게 되네요. 롤도 매끄럽게 잘 돌아가네요. 최신 amd 씨피유가 성능이 좋다고 익히 들었는데 실제로 사용해보니 기대 이상이네요. 그리고 와이파이도 잘 잡힙니다. 1~2시간 사용했는데 와이파이가 한번도 끊긴 적이 없네요. 만족스럽습니다.",[]
21.02.23.,5,이번에 대학 들어가서 노트북장만했어요62만원에다 스스디 추가해서 총 65만 얼마해서 저렴하게 구입했네요 제품의 장점은 일단 너무 예쁘고 가벼워서 휴대용으로 딱인거같아요 마우스랑 패드도 같이주니까 넘 좋음새하얀게 걍 너무 예쁨ㅠㅠ ㅠ성능도 괜찮은거 같구요 사실분들은 모니터크기가 13인치인거하고 글래어패널이라는점 고려해서 사세요Pd충전되는것도 좋네영,[]
21.03.01.,4,물건이네요무게만 가벼운게 아니라 내부 방열구조도 나름 튼실하고팬소음도 정숙합니다액정은 320니트 ntsc 72%로 추정되구요백색균일도 양호한 양질의 액정입니다배터리도 저가형 노트북들이 자주 넣는 40wh수준이 아니라50wh가 넘는걸 달아서 배터리타임도 만족할만큼 나옵니다저렴한 가격대에 가벼운 국내 대기업 노트북을 원하신다면대안이 없을것 같습니다처음에 미세한 까짐이 있는 불량을 받았는데 교환절차도 매우 만족스러웠습니다.,[]
21.03.01.,5,장점1. 무게가 가벼움2. 기존 울트라pc보다 좋은 마감3. 적당한 가격배송 빠르고 윈도우 설치방법도 전원켜자마자 자세히 나와서 잘 설치했습니다 무게가 그램 무게라서 휴대용으로 진짜 좋구요 화이트라서 예쁩니다 키보드 백라이트 같은 소소한 기능도 있어서 좋고 라이젠 cpu를 사용해서 i3보다 훨씬 좋은 성능을 보여주는 점이 좋네요 사람들한테 인기있다고 들었는데 괜히 인기있는 제품이 아닙니다그램은 너무 비싸서 부담스러운데 이 노트북이 모든걸 만족스럽게 하네요 누군가 노트북 추천을 원한다면 망설임 없이 이 노트북을 추천하겠습니다 잘받았습니다 감사합니다,[]
21.03.03.,5,가벼운 제품으로 검색하던중 1kg 이하인 제품이라 눈에 띄었습니다.13인치라서 크기도 적당하고 가격도 만족할만한 가격대라서 더욱더 좋았습니다.이동이 많은 상황이라 크기도 너무크면 부담스러울것같고 무게도 무거우면 그것 또한 부담이라 선택잘한것같구요.사진에 보시다싶이 파손될수없는 포장 클라스라 맘에들었습니다.작동시켜봤는데 이상없었구요. (이런 포장인데도 불량이면 그냥 LG가 잘못만든거...ㄷㄷ)잘사용하겠습니다.,[]
21.02.25.,5,4350 르누아르 탑재 Ntsc 72% 완벽하게 게임과 영상 디자인 작업에 특화된 노트북이라고 생각됩니다.lg 라는 기업의 브랜드 이미지와 as를 보면 이제품을 구매하지 않고는 못넘어간다고 생각 됩니다. 사은품으로 주시는 마우스 또한 너무 만족스럽습니다980그램의 가벼운 무게와 pd충전 지원으로 원활한 이동이 가능한 모델입니다.이정도 가격대에 pd충전 지원하는 제품은 단언컨대 없습니다.화이트 컬러의 모던함과 디자인정말 이쁘고 만족합니다!,[]
21.02.25.,5,"구 그램 14인치 유저로써 정말 만족스럽습니다.14인치에서 13인치라 크게 불편한것도 없고 원래 글레어 패널을 사용해서 눈이 적응이 안되는것도 아니구요가벼움, 깔끔한 외관, 생각보다 훨씬 견고함, 만족스러운 패널, 르누아르인것까지 맘이드네요박스 구성물도 심플해서 좋았습니다.램추가가 안되는건 아쉽지만 이 가격에 이게 어딘가요 적당한 선에서 노트북 찾다가 횡재한 기분입니다.코로나 시대에 인강용으로 딱인듯 해요선물용으로도 최적입니다.",[]
21.02.24.,5,"딸들이 몇년째 그램 14인치를 쓰고 있습니다.가볍고 이뻐서 만족도가 높더군요이번에 제가 쓸 노트북을 알아보면서 ASUS, ACER, 레노보 등등의 14인치대 노트북들을 알아봤는데1.2kg이하의 노트북은 거의 없고 있어도 너무 비싼것들뿐이라서 한참을 망설이고 망설이다가 마침 울트라북 13인치가 좋은 가격에 나와서 바로 구매하게 되었습니다.사무용도로 쓰기에는 성능도 만족스럽고 무엇보다도 작고 가벼운 점이 마음에 드네요",[]
21.03.02.,5,사촌동생 대학입학 선물로 구매했습니다.받아서 윈도우 설치하고 기본적인 프로그램 까는동안에 구석구석 살펴보았습니다.amd 르누아르 cpu 4300u 답게 기본적인 문서작업이나 웹서핑에서 전혀 버벅임없이 쾌적함을 보여주네요화이트 색상의 디자인도 무척 만족스럽고 무게도 아주 가벼워서 통학하면서 휴대하기에 아주 좋을것같습니다.사촌동생도 받아보니 아주 맘에 들어 하더라고요 ^^ 좋은제품 저렴하게 구매하게 되어서 무척 만족스럽습니다. 많이파세요.,[]
21.02.24.,5,"23일 오전구매후 24일 제품 받았습니다.배송예정일로 24일 뜨길래 설마했는데, 정말 오늘 받았네요~서피스 랩탑 사용하는데 약간의 크기차이는 있지만, 무게가 너무 가볍고 베젤이 얇아 모니터가 그렇게 작아보이지가 않네요딸아이 중학교 입학선물로 구매했는데, 정말 이가격에 좋은사양을 구매하게되어 만족스럽습니다.AMD라 속도 빠르고 학습/인강용으로는 가장 적합한 노트북이라고 생각됩니다.제 지인께도 어제 아침 강추하였고, 바로 구매하신다고 하셨네요~아무튼 다른 제품과 비교하시는분들께 강력 추천드립니다!!",[]
21.02.24.,5,배송도 빠르고 역시 LG 키감도 이쁘고 빠릿빠릿합니다.라이젠 4300u 생각 보다 빠르고 램도 듀얼채널입니다. pd충전에 ntsc 72% 글래어 패널 이런건 왜 홍보 안하는지 모르겠어요.너무 판매 잘될 것 같은데 마이크로 sd카드 지원해서 이 부분도 만족스러웠습니다.키보드 백라이트도 흰색으로 상당히 예쁩니다.가장 중요한 건 역시 무게 !!기존 노트북들은 무거워서 휴대하기 망설였는데 이번 노트북 가벼워서 너무 좋네요. 추천합니다 !,[]
21.02.18.,5,11T750에서 업그레이드 합니다.더 가볍고 화면은 커서 좋네요다만 아답터가 크고 무거워서 PD 충전기 하나 구매하시는 것을 추천드립니다.11인치보다 조금 크지만 배젤이 얇아서 화면이 훨씬 더 크게보이네요.4300이지만 반응 빠릿빠릿하고 문서작업엔 아무지장 없을 거 같습니다.CPU-Z로 메모리 확인하니 듀얼채널 입니다.어차피 13인치는 들고다니며 사용할 경우가 많고 화면이 작아서 게임같은 것은 하기 힘드니 이 노트북이 무게/AS/성능면에서 최고라고 생각됩니다. 참고로 빅스적용 약 62만원(청구할인)까지 떨어졌습니다.,[]
21.02.28.,5,미개봉 씰도 잘 붙어있고 성능도 짱짱하고 가볍네요 그램 폼팩터라던데 그램이랑 똑같이 생겼어요 재질도 알루미늄같고 플라스틱 느낌이 아닌 단단한 느낌이구요 화면도 쨍하고 정말 노트북이 아니라 포터블 기기같네요 태블릿 쓰던건 친구 줘야겠어요 이것만 사용하려구요 마우스도 살필요없이 바로 개봉후 사용할수 있었고 정말 만족합니다!! 이가격이면 꼭사세요 두번사세요 정말 예쁘고 신상느낌 팍팍나요 예쁜 노트북 잘쓸게요 ㅎㅎㅎ,[]
21.02.18.,5,대학교 입학하면서 구매했어요.휴대성을 가장 중요하게 생각해서 무게를 가장 먼저 봤습니다. 1키로 안되는 노트북이라 정말 가볍습니다.cpu도 르누아르 4300이라 빠릿합니다. 발열도 없어서 팬소음도 잘 안납니다. 문서용으로 이만한게 없는 것 같아요.디자인도 하얗고 깔끔하니 예쁘네요. 13인치인데 별로 작다는 느낌은 안듭니다. 빅스마일데이에 저렴하게 구매해서 좋아요! 제가 구매한 후에 3만원 싸져서 아쉽긴하네요ㅋㅋ,[]
21.02.27.,5,"장점이 정말 많은 노트북입니다.깔끔하니 디자인이 예쁘고 모니터가 정말 밝고 쨍합니다.작고 가벼워서 휴대하기가 정말 편합니다.LG전자 제품이라 품질이 우수하고 A/S 받기가 편해서 마음이 놓입니다.또한 PD충전, HDMI 출력, USB 3.0, WI-FI 6, 키보드 백라이트 등 최신기능을 모두 지원하고 있습니다.가격은 저렴하지만 보급형처럼 기능이 많이 빠지지 않고 알차게 구성되어 있어서 정말 마음에 듭니다.앞으로 오래도록 사용하겠습니다.",[]
21.02.24.,5,"usb a타입도 양면에 1개씩 존재해 외장하드,마우스 등을 많이 연결하는 제게는 아주 만족스러웠습니다.usb c타입 역시 단순 데이터 입출력 외 전원 입출력을 지원해 pd충전을 지원하는 충전기로 충전하거나, 휴대폰 등 저전력 스마트 기기를 충전하는 용도로 사용 가능합니다.화면도 NTSC 72퍼 SRGB 100퍼로 글래어 300니트에 더해 굉장히 훌륭한 품질입니다13.3인치의 비교적 작은 화면에서 느껴지는 아쉬움이 어느정도 상쇄되는 기분이네요",[]
21.02.27.,5,성능 짱짱하고 대박 마음에 들어요 가볍고 최고입니다 대학들어가는 선물용으로 구매했는데 정말 만족하는 모습보여 흐뭇합니다 싸게 공급해준 lg에게 고맙다는 말을 남기고 싶어요 구성품도 짱짱하고 박스포장도 깔끔하고 안전하게 왔어요 믿을만한 브랜드 제품 사는건 언제나 의미있는 일이죠 다른브랜드 보다 더 뛰어난 가성비로 찾아와서 바로 주문하게 되었네요 다음딜도 기다려 집니다 만족하며 잘쓸게요 감사합니다,[]
21.02.26.,5,"지인추천으로 구매하게됐어요. 요즘 택배배송이 늦어지는데 하루만에 와서 놀랐네요.무게가 가볍다는점에만 초점을 둬서 구매를 했었는데, 사용하다보니 다른 장점들이 눈에 들어오네요.화면이 선명한게 가장 좋은것 같아요.기대하진 않았지만, 키보드에 불들어오는것도 처음써보는데 기분이 좋네요.찾아보니 라이젠cpu가 발열이 적고 배터리가 오래간다던데 예전에 쓰던 노트북이 오래되어 그런지 더욱 체감이 됩니다.통학하는 학생들에게 특히 좋을것같아요 잘쓰겠습니다^^",[]
21.03.23.,5,"그램17인치도 가지고 있지만,이번에 산 엘지13인치 라이젠 버전더 자주사용할것 같네요.당연히 각잡고 작업할때는 데스크탑 써야하고이동이나 출장중 급하게 문서작업이나게임 영상 감상에 이만한 녀석이 없네요.특히 디스플레이 밝기나 재현력이 기대이상으로 뛰어납니다.이 가격대 이정도 성능 이정도 휴대성 없습니다.엘지에서 계속해서 라이젠 13인치 발매해주었으면 하네요.추천합니다!!!",[]
21.03.02.,5,"- 작년 초 큰 노트북을 하나 구매했기에 추가로 기본기능에 충실하면서 무게감이 작고 휴대성이 좋은 노트북을 보던 중 본 노트북을 구매하게 되었습니다.- 역시 LG노트북 답게 디자인이 아주 깔끔하고 사용, 기능면에서도 불편함이 없으며 특히 화면이 아주 짱짱 합니다.- 배송도 아주 빨리 도착했고 상담 대응도 아주 친절 하셨습니다.- 다만 SSD를 업그레이드해서 주문을 했는데 윈도우 설치 후 LG DnA Center가 없어 다른 PC에서 다운로드 받아 usb에 옮겨서 설치했으나 유/무선랜 드라이버 설치를 할 수가 없어 이후 진행할 수 있는게 없어서 서비스센터 방문 후 설치했네요. 해당 LG DnA Center 파티션 폴더 내에 설치 드라이버 물리 파일까지 일괄로 들어있어서 삭제하면 안된다고 하네요. 업그레이드 하는 고객에게는 사전 안내가 필요할 것 같습니다.",[]
21.02.25.,5,"역시나 LG라서 고급스럽고 가벼운 무게, CPU, 액정 밝기 다 마음에 들어요작고 얇아서 어디서나 편하게 쓸수 있고, 백라이트에 정말 어느하나 빠지는게 없네요.아 그리고 PD 충전도 가능하구요. 그런데 60만원도 안한다니 이건 정말 나이스~혹시나 또 판매하면 두번 사세요 아니 세번 네번 꼭 사세요~그리고 다른곳은 다 예약 발송인데 여기는 배송도 엄청 빠릅니다",[]
21.02.27.,5,와이프 선물로 사줬는데 디자인도 좋고 무게도 그램이냐고 물어볼정도로 너무나 대만족입니다 ㅎ배송은 하루만에 도착했구요 무선마우스랑 패드도 있어서 구성도 너무 좋네요성능도 라이젠 르누아르 CPU탑재로 차고 넘칠듯 이럴줄 알았으면 제거도 하나 더 사놓는건데..ㅠ 다음에도 이런 핫딜 기대하겠습니다번창하세요~,[]
21.02.25.,5,어머니 노트북을 사드려야 해갖고 몇달동안 노트북 눈팅하고 있었는데 이렇게 좋은 가격에 용도에도 맞는 노트북을 구할 수 있게되어서 정말 고맙고 다행이란 생각이 드네요. 심지어 배송까지 어제 바로 발송해주셔서 오늘 받은게 놀랍습니다. 마감하며 성능 모두 대기업제품답게 역시 최고라는 말 밖에 안나오는 것 같네요. 간만에 맘에 드는 구매였고 오래오래 잘 쓰겠습니다.,[]
21.03.09.,5,"노트북이 숟가락인 직업이라 안써본 브랜드가 없을 정도로 그동안 다양한 브랜드를 사용해봤습니다.2013년에 구입한 엘지 그램 초창기 모델 사용하다가 백라이트가 나가서 회생불가 판정 받곤삼성에 아수스 거쳐 결국 다시 엘지로 왔네요.ㅎㅎ웹 검색이나 문서작업으로 사용하실 노트북을 찾으시면 더할 나위 없는 노트북이네요.13인치라 작고 얇아서 가볍습니다. 부팅, 웹창 뜨는 속도도 빠릅니다.키스킨이랑 화면 필름까지 기본으로 챙겨주셨음 완전 좋았을텐데 쪼꼼 아쉽습니다ㅎㅎ잘 사용할게요^^",[]
21.02.25.,5,1키로안으로 가벼운노트북ssd업그레이드해서 kb국민3만포인트까지하여57만원정도에샀습니다 너무저렴한가격이라 바로샀는데문제는 free dos라서 윈도우10 usb하나만들고설치했는데 3dp 파일로 해결이 안됐네요 ㅎㅎ인텔만지원하는 파일인데 amd꺼를 까먹고...아무튼 엘지공홈가셔서 랜드라이브만 설치하면크게 문제없을거에요~,[]
21.02.26.,5,"고급스럽고 가벼운 무게, CPU, 액정 밝기 다 마음에 들어요작고 얇아서 어디서나 편하게 쓸수 있고, 백라이트에 정말 어느하나 빠지는게 없네요.아 그리고 PD 충전도 가능하구요. 그런데 60만원도 안한다니 이건 정말 나이스~혹시나 또 판매하면 두번 사세요 아니 세번 네번 꼭 사세요~그리고 다른곳은 다 예약 발송인데 여기는 배송도 엄청 빠릅니다",[]
21.02.25.,5,Gmarket에서 빅스마일 행사가 있어서 저렴하게 구매하게되었네요. 이동 위주사용이어서 작고 가벼운 13인치를 선정 하였습니다. 50만원대에서 가볍고 좋은 노트북을 구매할수 있어 좋은것 같습니다.가성비 좋은 제품이라 생각 됩니다.배송은 구매 신청후 이틀만에 도착하였습니다. ssd용량 변경 신청을 한 상태라서 며칠 걸릴것으로 예상했는데 너무 빨리 와서 놀랐습니다.성능은 아직 사용해 보지 않아서 판단은 어렵지만 가성비 좋은 제품 같습니다. 추천해 봅니다.,[]
21.02.17.,5,"여자친구가 전에 쓴 제품이 너무 느려서 새로 사줬어요무게가 말도안되게 가볍습니다. 예전에 쓰던 맥북에어보다 더 가볍고, 이것보다 가벼운 노트북은 리브레또나 예전에 잠깐 만져본 후지쯔 미니 노트북 정도?성능도 기존에 쓰던 인텔 보급형과 비교해서, 비교가 안됨.. 이 가격에 이정도라니 말이 안됩니다메모리가 8기가 싱글채널이라 들어서 걱정했는데, 확인해보니 4기가 듀얼채널이라 만족하튼 저렴하게 좋은 제품 샀습니다",[]
21.02.25.,4,"생각했던 것보다도 무게가 가볍고 속도도 빨라서 간단한 작업하는데에는 문제없을 것 같습니다.박스 구성도 실용적으로 되어있고, 서비스로 주신 마우스, 패드도 추가 구매안하고 사용해 될 것 같습니다.우선 무게가 가볍다보니 휴대용이나 외부에서 작업할때 부담없이 들고 다닐 수 있을 것 같고,크기는 작지만 화면이 한눈에 들어와서 좋습니다. 색상도 흰색으로 깔끔합니다.",[]
21.02.25.,5,"작고 예쁩니다 그램과 거의 같게 나와서 그런지 고급스럽고 속도도 빠릅니다
이정도면 일반 사무용으로는 차고 넘치지 싶네요
액정 작은게 단점이긴 하지만 글씨크기 조금 조정하면 크게 불편하진 않습니다 그만큼 휴대성이 좋다는거니 장점이기도 하구요
구매하자마자 가격떨어지는건 좀 슬프네요
그래도 배송도 빠르고 만족합니다",[]
21.03.07.,5,가볍고 성능 좋고 배송 빠르고 3박자 모두 완벽크노트북은 역시 엘지가 최고입니다!!!일단 가벼워요 1키로 짜리 왜 사람들이 돈 더내고 쓰는지 알 것 같네여집에 1.3짜리랑 비교해도 확실히 느껴지는 무게감이젠 울트라pc만 들고 다닙니다배송도 시킨 다음날 바로 와버리는 무친 속도너무 감동이었네여마지막으로 왜 르누아르 하는지 알것 같아여성능 진짜 빠릿빠릿저는 용량도 늘려서 영상 빡빡하게 넣어서 쓸 수 있을 것 같아여 넘좋아여,[]
21.02.28.,5,올해 잘산것중에 꼽으라면 이 lg 노트북이네요 제조사 믿을만 하구요 무게 성능 디자인 가격 뭐하나 빠지는것 없이 좋습니다 베젤도 얇은편에 가벼워서 카페가면 사람들이 이것만 처다보는것 같네요 참 즐겁습니다 노트북 소음도 전혀 안나고 부팅속도 빠르고 키감 좋고 여러모로 효자 노트북이네요 백팩에 넣어 다니면 딱 대학생용 노트북이고 13인치 생각보다 안작습니다 태블릿갖고 다니는것보다 이게 더 낫네요 니트도 300이상 되고 최고네요 배송도 안전하게 잘왔고 씰도 잘붙어 있네요 감사합니다 잘쓸게요,[]
21.02.24.,5,아이들 인강용으로 구입했습니다.1킬로가 안되는 가벼운 무게에 엘지 노트북을 저렴한 가격에 구입하여 만족스럽습니다.사은품으로 온 마우스와 패드는 사진과 같습니다. 마우스는 흰색이더군요.두께도 매우 얇은데 체감을 위해 기존 무선 마우스와 같이 비교해보았습니다.윈도우 설치 후 왜 백라이트가 안들어오지 한참 헤매다가 엘지 서비스센터 들어가서 LG DNA Center plus 설치하여 해결하였습니다.다 설치하고 보니 D drive에 파일이 동봉되어 있었네요. ^^ 셋팅 끝내고 다시 살펴보아도 가격대비 매우 만족스러운 노트북입니다.,[]
21.02.25.,5,가격대비 아주 좋습니다.4300U CPU 성능 생각보다 준수하구요가볍고 타 제조사에 비해 잘만든 느낌이 납니다.디스플레이 수준이 타 제조사 상급 제품급입니다.어댑터가 일체형이 아닌게 조금 아쉽지만 상당히 가볍고필요 시엔 피디충전 가능하여 충전기 별도 구매하면됩니다.사은품으로 받은 마우스도 꽤 준수한 그립감입니다.흰색이라 노트북이랑도 잘 어울리구요. 추천합니다.,[]
21.02.25.,5,"워낙 인기가 많은 제품이라 배송 및 제품 상태가 어떨까 하는 생각이 있었는데 주문한 지 하루만에 받고, 제품 상태도 좋습니다. 이 무게에 이 성능에 엘지라는 브랜드를 가진 제품을 정말 좋은 가격에 사게 되어 기쁩니다. 정말 가볍구요, 구형 노트북을 오랫동안 사용했어서 정말 하나하나가 다 신세계네요. 13인치 액정이 가장 염려가 되었으나 제가 사용하기엔 전혀 문제 없는 적당한 크기입니다. 게다가 디자인도 세련되고 디스플레이도 제 취향이네요. 무선 마우스, 마우스 패드 사은품까지 받을 수 있어 더 좋은 구매가 아니었나 싶습니다. 실사용을 위해 구매한 제품이니 신나게 쓰겠습니다.",[]
21.03.04.,5,롤 핑 120은 기본으로 나오고 백라이트 최고이며 무게는 980이 아니라 950이라고 알고있네요 진짜 가벼워요 크기도 적당하고 처음 노트북 사용이라면 작다는거 못느껴요 오히려 적당하다고 느낍니다 디자인은 하얀색에 엘지면 말할것도없이 괜찮고요 속도나성능은 아주좋아요 라이젠4300u 인가 그거라서 그런지요,[]
21.02.27.,5,빅스마일기간 정말 저렴하게 구입했네요타브랜드는 저렴하지만 as를 생각해서lg 노트북 이 낫더라고요마침신학기에 좋은 선택인듯.무척 가볍습니다. 거기에 비해 성능 우수하고 자판 led등 세부 기능까지.. 화이트색상에 디자인 깔끔합니다 .pd충전도 지원되서들고다니며 쓰기엔 무게와 배터리걱정없는 딱이네요..구입 추천드립니다..,[]
21.02.26.,5,배송도 엄청빨리보내주시고가격대비 성능도 훌륭합니다기존에 무거운 노트북을 사용하다가980그람이라는 무게에 메리트를 느껴 구입했는데정말 너무 가볍고 성능도 좋습니다크기도 만족스럽고 너무 빨라서 인터넷웹서핑이랑동영상강의 용으로 정말 최고의 노트북인것같아요!지인들한테도 추천해줬습니다좋은물건 좋은가격에 빠른배송해주셔서 너무 감사해요라이젠이라 발열도 없고 예쁘게 잘꾸며서화이트라 깔끔하고 너무 마음에 들어요!^^,[]
21.03.04.,5,그램모델이라고 봐도 될정도로 고급스럽게 잘 만들어진 모델입니다듀얼채널에 라이젠신형cpu 탑재되어서 성능면에선 부족함이 없네요휴대성에 르누아르 대기업브랜드와 가격까지 만족시키는건 이제품밖에 없는듯합니다한단계 윗모델인 4500모델과 비교했는데 사무용으로는 4300도 충분해요배송도 빠르고 만족합니다,[]
21.02.20.,5,제가 딱 원하던 사양의 노트북을 빅스마일에 저렴하게 풀려 구매하게 되었습니다.청구할인 포함 60 초반에 구매하였는데 가성비가 매우 좋습니다무게 및 USB-PD 키보드 백라이트 등을 만족하는 타기업 제품들도 이정도 가격 이상이라 생각되고메모리가 싱글채널일수도 있겠다 싶었는데 듀얼구성이구요.이쁘고 가볍고 만족하고 적극 추천합니다.,[]
21.02.25.,5,4300U와 4500U 두 모델로 엄청 고민했었는데역대급 가성비로 결국 4300U로 구매했습니다.980g 답게 정말 가볍고다른 저가형 노트북과는 다르게 액정도 선명하고 엄청 좋네요역시 디스플레이 하면 LG인듯합니다.^^아직 게임이나 무거운 프로그램은 안돌려봤지만간단한 문서작업이나 웹서핑해보니 쌩쌩 날라다니네요..^^좋은 제품 좋은 가격에 정말정말 감사합니다.올해 한해 대박 나세요^^,[]
21.02.25.,4,"가볍고, 적당한 성능, pd충전이랑, 쓰리플모니터 사용가능에 lcd도 좋아요. 개인적으론 논글레어 였으면 더 좋았을것 같아요.
단점은 유선랜포트 없어서, 기능 쓸려면 이것저것 악세사리를 추가구매 해야 한다는점 정도입니다.
별네개인건 초반에 구매해서, 마지막에 카드혜택 받은것보다 바싸게 사서 배아파서 입니다.",[]
21.03.01.,5,일단 엘지라서 as 걱정은 전혀 없구요 디자인이 너무 깔끔하고 엘지 그램 구형 폼팩터라서 너무 가벼워요 실 무게는 960까지 되는 것 같은데 초경량 노트북 알아보던 저한테는 안성맞춤이었습니다! 그램은 가격대가 너무 쎄서 알아보던 도중 울트라북을 발견하게 되었는데 정말 최고의 선택이었던 것 같습니다. 너무나도 만족합니다! 한가지 단점은 소리가 좀 구려요 깨지는 감이 있습니다,[]
21.02.24.,5,다행히 일찍 제품을 수령했네요!기존에 게이밍 노트북을 사용중이었는데 너무 무거워서 휴대용으로 사용할 목적으로 구입했습니다. 너무 가볍고 좋네요. 이 가격에 이 정도 무게와 성능이라니 그램을 살 필요가 없네요. 다른 저가 노트북들과 달리 액정도 좋습니다!그리고 PD 충전 가능하고 M.2 NVME 도 사용가능합니다. 상품문의에 답변이 잘못 달린것 같으니 참고하세요.,[]
21.02.25.,5,"인터넷 문서편집용으로 너무너무 좋은가격에 샀네요박스부터 가벼움이 느껴져서 한번놀라고라이젠3지만 상당한 빠름에 두번놀랐습니다바로 윈도우 깔아서 드라이버 설치하고 오피스 설치하는데 채 30분도 안걸린만큼 빠르고,화면 밝기도 너무너무 밝고 만족합니다.사운드도 이정도면 충분하고, 128기가가 약간 아쉽지만 라이트한 용도이고 가격을 보면 납득이 갈만합니다.너무 만족합니다",[]
