"983,380"
date,star_point,comment,photo
20.10.15.,5,"처음사는 노트북 이왕이면 꼼꼼하게 알아보고 좋은거 사고싶어서 lg부터 타사 제품까지 세상에 존재하는 노트북이란 노트북은 다 알아봤습니다 노알못인데 이거때문에 cpu 클럭수 램 이런거 처음으로 찾아보느라 공부하는거같은 느낌을 받았습니다 수많은제품중에서 가격성능대비로 몇개로 추린후 심사숙고하여 울트라북으로 정했습니다 금일 노트북 택배 받고 초기화하고 개인 키보드 마우스 같은 장비 착용해서 사용중인데 무게, 해상도, 효율적공간사용 다 좋습니다 노트북 닫아놓고 외부에서 봐도 디자인 깔끔하고 예뻐요 노트북가방에 보조물자까지 다들어가고도 그렇게 무겁지 않아서 너무 좋습니다 컴퓨터공학 전공으로 코딩열심히 해야하는 예비 프로그래머이기도 합니다 i5 10세대 8gb 256gb 코멧레이크면 충분하다고 생각합니다 처음산 예쁜 노트북으로 조지겠습니다","['https://shopping-phinf.pstatic.net/20201208_27/23f2cff7-cfbe-4a33-ab72-9c3733975638.jpg?type=f287', 'https://shopping-phinf.pstatic.net/20201208_8/b2c3835d-3d9d-4222-ad1c-656da7bea754.jpg?type=f287', 'https://shopping-phinf.pstatic.net/20201208_26/abaac694-d426-4556-bb16-858f0b7f0931.jpg?type=f287']"
20.08.08.,5,노트북 사기 위해 무한검색했고수많은리뷰를 봤어요그러다가 이 노트북을 최종적으로 구입했는데요100만원이 넘으니..저렴하다고는 할수없지만싼 노트북들은 발열이랄지..화질이 좋지않다던지 하더라구요가성비가 좋다고 해서 샀는데진짜 대만족이예요♡슬림 하면서 가벼운 무게로 어디서나 사용할 수 있는게 좋구요속도도 빨라서 좋아요무난하면서 오래 사용해도 질리지 않는 심플한 디자인을 가지고 있어서 좋구요사무용 노트북으로 이러한 디자인은 마음에 드는 부분인 것 같아요해상도 좋구요15인치라서 넓직하구요성능부터 디자인 그리고 휴대성까지 상당히 완성도가 높고 가성비가 좋은 제품인 것 같아요주로 집에 두고 쓸꺼라서 밖에 들고 갈 일이 많지는 않은데 가방에 넣어 들고 다녀도 무겁게 느껴지지 않을 정도로 휴대성이 매우 좋아서 들고 다녀도 괜찮을것 같아요매우 만족합니다,[]
20.07.21.,5,가성비 좋은 노트북을 찾고 있다면 이 노트북이 딱입니다! 가격도 착하고 성능도 엄청 좋습니다. 보통 엘지 노트북을 산다고 하면 그램이랑 울트라 두가지 중 많이 고민하시는데 그램은 가볍고 배터리가 좋은 편이고 울트라는 성능 부분이 뛰어난 것 같습니다. 울트라도 그램만큼 디자인도 깔끔하고 무게도 생각보다 가볍습니다. 외관은 세련됬고 스크래치에 강하게 생겼습니다. 마감도 깔끔하고 우선 제일 장점은 슬립합니다. 그램보다야 무겁겠지만 가볍고 이동성 좋습니다. 화이트컬러라 질리지 않습니다. 구성도 본체와 어댑터로 최소한으로 되어있어 편리하게 사용할 수 있습니다. 사양도 나쁘지 않습니다. 게임은 하지않고 문서작업과 은행 업무 등을 보기 위해 구입하였습니다. 같이 온 노트북 가방이랑 마우스도 너무 좋습니다! 윈도우10은 깔려있어 설치 따로 안해도되고 오피스랑 한컴 필요하신 분들은 구매해서 설치하시면 됩니다. 둘다 쉽게 설치 가능합니다. 충전 중 노트북에 열은 안나고 충전기자체는 조금 뜨거워지네요. 역시 백색가전은 엘쥐라고 생각합니다. 배송도 빠르고 포장도 안전하게 되어 있어서 배송 받고 열어보는데 기분 좋았습니다. 오래 쓰겠습니다~,[]
20.09.07.,5,"주문하고 며칠 뒤 바로 왔습니다. 배송 속도는 좋습니다.노트북 이것저것 비교해보고 최종 선택하여 구매하였습니다. 일단 저는 컴퓨터를 많이 들거 다니지 않아서 굳이 가벼운 그램을 살 필요가 없어 전체적 성능을 봐서 lg울트라 노트북으로 결졍해습니다. 그리고 저는 학생입니다. 가격에 예민하기 때문에 가성비 좋은것을 계속 추구한 결과 이 제품과 만나게 되었습니다. 우선 속도 정말 빠르고 ssd라 그런지 거의 빛의 속도입니다. 그리고 무엇보다 인텔i5 10세대라 괜잔히 활용성이 높고 문자 인식도 빠르고 학교 인강 ,작업용으로 매우 유용한 제품이라고 생각합니다 . 좋은가격에 좋은 제품 가성비 갑인 노트북산거 같아 기분이 매우 좋습니다. 원래 17인치 살가 생각을 했었는데 크기는 실제로 보니 오히려 15.6인치가 딱 좋은것 같습니다. WIN10로 미리 설치 되어 있고 심지오 워드,파워 포인트,OUTLOOK 등 다른 사이트 보다 저렴하게 구매 할 수 있어서 매우 좋았습니다. . 친구가 컴퓨터 사고 싶은면 이 제품 꼭 추천할거 같습니다. 감사합니다.",[]
20.09.28.,5,재택근무로 사용하던 노트북이 10년도 넘은 사양이 낮은 모델이라서 워드문서 작성이랑 인터넷 창 동시에 열고 사용하면 느려서 답답하더라고요. 화면도 작고요ㅎㅎㅎ 그래서 새 노트북이 꼭 필요했는데 그 와중에 lg 노트북이 사고 싶더라고요. 15인치 큰 화면에 속도도 빠르고 10프로 카드할인도 받아서 정말 저렴하게 샀어요~ 램이랑 하드 용량도 추가했는데 정말 잘한 거 같아요~~,"['https://shopping-phinf.pstatic.net/20201208_26/7b878d6c-2d44-481d-85a5-73fa67a65c49.jpg?type=f287', 'https://shopping-phinf.pstatic.net/20201208_13/90eb1f3f-11de-4e4f-b229-aa7cecff3f85.jpg?type=f287']"
20.08.01.,5,"화질이 선명해서 너무 좋고, 음질도 스피커 따로 연결하지 않아도 될만큼 너무 좋고, 속도는 진짜 빨라 깜짝놀랐어요. (켤때 1초만에 켜지는 기분이예요), 무게도 무겁지 않고, 환결설정의 장치로 들어가서 각종 블루투스 스피커 쉽게 연결하니 완전 좋고, 밤에는 무선 블루투스 이어폰으로 들으니까 진짜 크게 들을 수 있어 편합니다. 와이파이도 쉽게 잡아서 무선으로 침대위에서 사용하니 세상 행복하네요. 전자기기는 블랙을 선호했었는데 흰색 노트북 진짜 너무 깔끔하고 예뻐요. 데스크탑 치워버리고 노트북 가방에 넣어 보관했다가 사용할때만 꺼내어 쓰니 책상도 넓어지고 넘 편해요. 사은품도 여러가지 챙겨주셔서 선물로 받으니 넘 좋습니다. 강추합니다.",[]
20.06.29.,5,램 8G추가 + ssd 256 추가 했어요!!배송이 생각보다 빨라서 깜짝 놀랐어요포장도 엄청 꼼꼼하게 보내주셔서 신경 많이 쓰신 것 같아 기분 좋았어요bbb집에 데스크탑 밖에 없어서 첫 노트북으로 장만했어요!!일단 싸게 잘 사서 좋아요!!소음은 별로 신경 안쓰일 정도에요 사람마다 차이가 있겠지만요...쿨러 없는데 3시간 이상 사용하지 않으면 별로 뜨거워지지 않는 것 같아요화질도 좋아요!! 무엇보다 as 등을 쉽게 받을 수 있어서 Lg울트라 pc를 최종적으로 선택했어요색감도 시중에 나오는 노트북 중에 가장 좋다고 생각합니다. 이온이랑 이거 중에 고민했는데 고민한 시간이 아까울 만큼 너무 좋아요~원격수업 받기에도 좋고 문서작성할때 창 여러개 열어놓고 해도 느려지지 않아서 좋아요!!이번에 종강하면 이걸로 컴퓨터 자격증 공부해서 자격증 취득할려고요 오래오래 쓸 예정입니다:),[]
20.09.25.,5,"옵션으로 오피스를 구매하였는데 배송전에 조금 지연된다고 사전 안내 주셔서 감사합니다.
그럼에도 충분히 빠른 배송이었고, 제품은 이것저것 찾아보고 구매한 거라 만족하고 있어요. 기관에서 공용으로 사용할 사무용 노트북인데 아주 충분한 사양입니다.","['https://phinf.pstatic.net/checkout/20200925_204/1600997781061V4ppA_JPEG/review-attachment-8de49bc7-f772-4403-81c9-adc10db0aaef.jpeg?type=f287', 'https://phinf.pstatic.net/checkout/20200925_18/1600997789594toof1_JPEG/review-attachment-60362147-6d48-4566-9ab2-e22eab66fbe2.jpeg?type=f287', 'https://phinf.pstatic.net/checkout/20200925_215/1600997799780zbUpW_JPEG/review-attachment-261f6e04-9a22-4010-9432-ca0ff63d136d.jpeg?type=f287']"
20.08.24.,5,아이 인강용 및 문서 작성 용으로 주문했어요. 행사가로 굉장히 저렴하게 쿠폰까지 알뜰하게 적용해서 주문했구요. 가볍고 예쁘고 대만족입니다. 아이가 소논문 작성할 일이 있어 급하게 주문했는데 배송예정일보다 훨씬 일찍 와서 정말 다행이었어요. 수요일에 주문해서 토요일에 받았어요. 포장도 뽁뽁이로 꼼꼼하게 싸서 보내주셨구요. 제품 이상없이 완벽한 제품 받았어요. 배터리용량이 조금 작은 듯하지만 이정도 성능의 노트북을 이 가격에 구입하다니 정말 좋네요. 윈도우 깔려있어서 받자마자 바로 사용할 수 있어서 편리했고요. as 확실한 LG라 더 믿음이 가네요. 램 8기가 추가장착 했더니 속도도 괜찮아요. 탭으로 작업하던 아이가 정말 좋아합니다.,[]
20.09.03.,5,"15U50N-GR56K 기본사양 - 게임을 하지 않기 때문에 고사양 노트북은 아니더라도 CPU, 메모리, 저장장치에 있어서 어느 정도는 수준이 되었으면 하고 며칠을 검색해 봤는데 가격이나 스펙 등 한가지가 마음에 들면 다른 것이 마음에 안들고.. 지쳐가는 와중에 이 제품을 발견했어요. 기존에도 울트라PC 노트북을 사용중이었는데 상당히 만족도가 높았던터라 망설이지 않고 이 제품으로 선택했답니다. 할인판매 중에 쿠폰사용해서 저렴히 구매했어요. 포장상태도 이중으로 꼼꼼히, 기숙사 입소하는 아이 스케줄에 맞춰 배송도 빨랐네요. 외관도 깔끔하고 무게도 그리 무겁지 않아 이동에 큰 불편이 없고 소음은 거의 없다고 보면 돼요. 발열도 전혀 신경쓰이지 않는 정도! LG 제품이니 a/s도 쉽고, 너무 너무 잘한 선택인거 같아요",[]
20.06.19.,5,"노트북의 만족도는 아주 좋습니다.
그런데 서비스로 따라온 무선마우스는 개허접입니다.
차라리 비용이 발생하더라도 상품으로 추가 구매하는게 훨씬 좋을꺼 같아요. 실망!실망!
추가구매품인 쿨링팬의 만족도는 아주 높습니다.
저소음에 블루라이트도 비치고....
1주일정도 써봐야 알겠지만 1일사용으로 만족도 갑이니다.","['https://phinf.pstatic.net/checkout/20200619_132/15924933050363qBih_JPEG/20200618_232614.jpg?type=f287', 'https://phinf.pstatic.net/checkout/20200619_5/15924933203034YlEH_JPEG/20200618_232633.jpg?type=f287', 'https://phinf.pstatic.net/checkout/20200619_58/1592493354133z7Nfh_JPEG/20200618_232624.jpg?type=f287']"
20.10.26.,4,"준비하는 자격증이 있어 인강 들으려고 스펙 조사하다가 울트라PC가 제 기준엔 가성비면에서 가장 좋아보여 구매했습니다.
엘지 그램만큼은 아니겠지만 화면크기가 큰데 반해 가볍고 깔끔한 화이트컬러에 무광이라 고급스럽고 예쁩니다.
운영체제 포함이라 바로 사용이 가능한것이 가장 편했고 배송도 빠른 편이었어요.
불량화소는 관리 잘해야겠습니다.
속도가 빨라 만족스럽고 공부도 잘 될것 같습니다.
공식 판매자님이라 믿을 수 있었네요.",[]
20.09.15.,5,가정용으로 문서작성 위주로 사용하려고 저렴한 모델로 찾다가 이 걸로 골랐어요 램이랑 업그레이드 할까말까 고민하다가 굳이 안해도 괜찮을 것 같아서 기본 옵션으로 구매했어요 속도빠른거 선호하시는 분들은 추가하시는게 좋을 것 같아요 오래된 노트북이 너무 느려서 새로 구입했는데 엄청 빠른 느낌은 없어요 구매하려고 검색하다보니까 예약판매하는 곳이 꽤 있었어요 예약판매 거르고 공식판매처 중에서 구매하고 싶어서 찾다보니 여기서 구매햇어요 카드 청구할인 5 프로모션 적용받아서 가격도 너무 좋았고요 추가구매한 키스킨이랑 사은품이랑 안전하게 잘 왔어요 15인치라서 널찍하고 좋네요,[]
20.09.25.,5,가성비 좋은 제품인 것 같아요. 윈10 포함 모델이라 따로 설치할 게 없어서 편했고 무거운 프로그램 돌리는 게 없어서 스펙도 딱 적당하네요. 그램이 더 예쁘고 가볍긴 하지만 들고 다니는 용도가 아니라서 울트라북으로 구매했습니다. 이전에도 엘지 울트라북을 사용했었는데 고장시 수리가 편해서 좋았어요. 키스킨도 추가 옵션으로 구매할 수 있으면 좋은텐데 공식적으로 파는게 아니라 그런지 따로 선택 옵션이 없는 것 같습니다. 간단한 문서 작업이나 인터넷 서핑에는 충분하고도 남는 노트북이에요~!,[]
20.07.19.,5,그램은 가벼운데 비싸서 가성비 좋은 제품을 찾던 중에 할인도 많이 해서 선택하게 되었습니다. 우선 생각 보다 가볍습니다. 예전에 노트북이 워낙 무거워서 그럴 수도 있지만 이 정도면 충분히 가볍습니다. 이동이 잦고 휴대를 많이 하는 분이 아니시면 선택할 만합니다. 타자감도 부드럽고 소음도 적은게 아니라 아예 없습니다. 사용하다 보면 타자 치는 소리 밖에 안 들리네요..ㅎㅎ 게임을 하지 않기에 성능을 논하기는 어려운데.. 사무용이나 인강용으로 쓰시에 최고의 제품이라 생각이 듭니다. 윈도우10이 기본 설치 되어 있어 언제든지 쉽게 초기화 하고 재설치 가능한 장점도 있네요.. 여러 모로 추천합니다..,[]
20.08.08.,5,"최근에 타회사 외국브랜드 제품 구매했었는데 발열,팬소음 문제로 반품하고.. 노트북이 괜찮다는 LG로 구매했어요. 집에서 인터넷 서핑, 문서작업 정도로만 쓸거라 그램까지는 좀 부담스러워 울트라북으로 선택했는데 화면도 크고 발열, 팬소음 없고 베젤도 얇고 노트북도 참 예쁘네요. 정말 맘에 들어요. 나중에 문제가 생기더라도 LG니까 서비스도 문제없이 받을 수 있을 것 같아 안심이 되기도 하고 그러네요. 사은품도 딱 필요한 것들이라 노트북이랑 같이 잘 쓰고 있어요. 일일히 따로 사려면 신경쓰이는데 같이 주셔서 편하네요. 그리고 뽁뽁이로 상품 잘 감싸서 보내주셨더라고요. 안전하게 배송될 수 있도록 신경써주신것 같아서 좋았습니다.",[]
20.10.29.,4,배송일단 엄청 빨랐구요. 그램사려다 가성비보고 이제품으로 샀는데 생각보다 가볍고 디자인 깔끔하고 이쁩니다. 저는 SSD256GB 추가장착했습니다. 주로 문서작업 같은 업무용으로 구매한거라 성능은 충분하구요. 사은품으로 주신 마우스도 하얀노트북이랑 세트인 것처럼 색상도 잘 맞습니다. USB단자는 2개라서 마우스와 외장하드를 사용하면 부족할 때가 있어 USB허브를 따로 구매했습니다. 발열이나 소음은 크게 느껴지진 않습니다. 기존 노트북이 오류가 갑자기 심해져서 급 구매하면서 이것저것 비교도 많이 해본 상품인데 충분히 만족합니다. 전에 사용하던 17인치 화면과 비교했을때도 크게 작은 느낌도 없네요. 새거라 암튼 좋아요 ㅎㅎ잘 사용하겠습니다.,[]
20.11.04.,4,"일단 전원버튼은 오른쪽 맨 끝 숫자열 있는 쪽 위에 있고요. 백스페이스 바로 위쪽은 아니라 덜 걱정되긴 하지만 다른 노트북 키보드 백스페이스 위치에 있어서 무의식적으로 백스페이스로 착각할까봐 걱정되네요.. 그리고 간단한 인터넷 하는 동안에 살짝 발열있구요.,. 첫 날에 갑자기 위이이이이이잉하는 이상한 소리가 한 몇 십 분 동안 지속되서 와이러노 했는데 노트북 들고 사용했더니 괜찮아졌어요. 노트북 거치대 사야 될 듯... 그래도 빅스마일데이로 20마넌 넘게 싸게 샀으니 난 좋습니다.",[]
20.10.14.,5,"십일절을 기다렸다가 쿠폰 받아서 저렴하게 구입했습니다~ 램 8G와 SSD 256G 추가 장착했구요, 일요일에 주문하고 수요일 저녁에 받았네요^^오래된 노트북을 가지고 있고 주로 패드를 사용하고 있지만, 아무래도 문서 작업 등 노트북을 사용할 때가 있어서 오래 고민하고 많이 알아보고 선택한 제품입니다!!컴알못이지만 윈도우 탑재와 i5 장착 등등 조언을 듣고 가격과 성능 모두 만족하며 고른 제품이라 더욱 기대가 되네요~ 좋은 제품 안전하게 보내주셔서 감사합니다^^",[]
20.09.04.,5,"앞에 쓰던 노트북이 갑자기 고장나는 바람에 이곳저곳 알아보던 중 구입하게 되었습니다. 온라인 강의랑 문서 작성에 필요했는데 배송도 빨리 되어서 다행히 잘 듣고 있습니다. 생각보다 얇고 가벼워요 사우품으로 주신 노트북 가방하고 마우스도 잘 되고 좋네요. 엘지라 서비스도 잘 될거라 생각하고 구입했습니다.색도 화이트고 이뻐요~ 동영상 볼때 화질도 좋아요.윈도우가 탑재 되있어서 받자마자 바로 쓸 수 있었습니다.좋은가격에 가성비 갑 노트북이라 생각됩니다. 성능, 다자인 뭐하나 빠지는게 없네요 기분 좋게 잘 받았습니다. 오래 잘 쓰고 싶어요~~",[]
20.08.30.,5,"노트북이 참 예쁘게 생겼어요. 그리고 윈도우 깔려 있어서 너무 좋아요. 무게도 생각했던것 보다는 가벼운것 같아요. 무엇보다도 발열이 거의 없고뭔가 시스템이 안정적인 느낌이에요. 화질도 좋은편이고, 인강이나 유튜브 볼때 사용하려고 샀는데 마음에 들어요.이 가격에 이정도면 가성비가 괜찮은것 같아요.배송도 빨랐고 7년만에 새로 산 노트북인데 너무너무 마음에 들어요.여기저기 알아보다가 신중하게 골라서 산건데 후회없는 선택이에요^^번창하세요~",[]
20.08.26.,4,8월말 배송이라했는데 주문후 4일지나고 보내주셨어요제품은 뽁뽁이로 잘둘러서 보내주셔서 손상없이 잘받았습니다흰색이라서 때는 타겠지만 넘이뻐요 램과 ssd같이 동봉 구매했는데 따로 검색하셔서 이가격에 다른제품 구매하시는걸 적극추천드려요 저는 자세한 설명이 없긴했지만 가격에 비해 싼제품이 올줄몰랐네요 그냥 귀찮아서 같이 구매한 제잘못이죠 쿨러가 하나라서 약간의 발열은 있어요 그외에 성능좋고 무게도 그램에 비할수없겠지만 주로 집에서 쓸거라 무겁지않고 좋아요,[]
20.09.14.,5,구매하자마자 제품 다음날 받았구요 제품도 에어캡으로 포장되어 있어서 안전하게 잘 받았습니다. 가격도 11번가 할인하는 날이라 86만원에 구매했구요. 타사이트보다 저렴해서 바로 구매했습니다. 제품도 깔끔하고 좋아요 다음에도 주변에서 구매한다고 하면 추천할께요 . 색상이 화이트라 때가 좀 탈것 같아서 그게 걱정인데 시끄럽거나 하지 않고 열 발생도 잘 모르겠네요. 윈도우 깔려 있어서 바로 사용할 수 있어 편했습니다. LG 매장에서도 노트북 인터넷 구매시 꼭 공식판매점 확인하라고 하셔서 공식판매점 확인 후 구매했습니다.,[]
20.10.27.,5,"제품이 하자 없이 잘 배송되어 온것같아요.지금까지는 쓰고있는데 속도도 빠르고 만족합니다 !LG그램이랑 비교해서 더 가성비 좋은걸로 구매하려고 하다가 이 제품으로 결정하여 주문했는데, 이 가격대에 비해 성능 괜찮습니다. 램과 SSD 추가해서 그런지 몰라도 간단한 서류작업이나 동영상 시청 이런것들에 렉이나 아무 문제없이 잘 되는 것 같아요. 저는 만족합니다 !",[]
20.10.28.,5,11월 9일 배송이라해서 맘놓고 기다렸는데 24일 주문해서 27일 받았어요 맘놓고 있다 받아서 굉장히 좋았고 주신 무선마우스랑 패드 가방 감사해요^^ 이제 키스킨이랑 화면 보호 필름만 구매하면 끝! 화면 엄청 깔끔하고 화면커서 시원시원하니 맘에 들어요 윈도우10깔려있는 걸로 주문해서 편하고 인터넷 익스플로어 없고 마이크로소프트 엣지 쓰니 왠지 앞서가는 느낌ㅋㅋㅋ아직 적응해야겠지만 자판도 안시끄럽고 화면도 깔끔하니 기분좋게 사용할 듯 하네요 좋습니다,[]
20.09.07.,5,노트북이 필요해서 둘러보던 참에 저렴하게 행사하는 것을 보고 빠르게 결제했습니다. 이정도 성능에 90만원 후반대면 가격대비 좋다고 생각합니다! 무게는 그램보다 조금 더 나가긴 하지만 자주 들고 다닐 일은 없어서 비교적 저렴한 울트라로 결정했어요. 그 전에 쓰던 노트북이 13인치라서 문서를 작업할 때나 영상을 볼 때 답답한 적이 종종 있었는데 새로 구매한 울트라는 15인치라서 시원하게 작업을 할 수 있었습니다. 배송이 오자마자 하자가 있는지 꼼꼼하게 살폈는데 전혀 없었습니다.,[]
20.09.01.,5,매장가서 이것저것 보다가 보는 눈만 높아져서 제가 원하는 문서작업과 동영상강의 그외 이중작업가능한 가성비 노트북LG 울트라를 추천받아 구매하게 되었습니다. 일딴 매장에서는 재품 찾는것조차 힘들었어요. 실물을 보고 사고싶은 마음에 찾아다녔지만 찾지 못하고 눈만높아진듯 해요. 매장을 둘러보고 온라인 구매결과 매장가격대비 너무 저렴하게 잘구매했습니다. 램 및 SSD도 추가 했는데 너무 마음에들어요. 첫노트북인데 가성비 갑인듯 합니다. 주변에도 추천하고 있어요.^^,[]
20.07.19.,5,"워드 작성, 엑셀, 동영상(영화, 유튜브) 보기에 필요한 노트북을 찾다가 추천받아 구매하게 됐습니다. CPU는 i3도 괜찮지만 훨씬 쾌적하게 사용하려면 i5정도는 돼야 한다고 하더라고요. 그래서 i5중 부담스럽지 않은 가격대의 노트북을 찾았습니다. 집에서만 사용할거라 무게는 크게 신경 안썼지만 얇고 깔끔한 디자인이라 2키로가 안되네요 좋습니다. 배송은 박스로 오는데 열어보니 뽁뽁이에 쌓여진 노트북 박스가 있더라고요 이게 괜찮을까 걱정됐었는데 노트북 박스안에 노트북이 스티로폼으로 감싸져 있어서 괜찮더라고요. 하자 없는 제품으로 왔습니다 바로 다음날 출고되어 그다음날 도착했습니다. 각종 쿠폰과 카드할인까지 되는게 여기가 최저가가 아닌가 싶어요. 좋은 쇼핑이었습니다.",[]
20.11.03.,4,평소 사용하시던 노트북이 오래되어 고이 보내드리고 요즘 디자인의 이쁘고 컴펙트한 노트북을 추천해드렸더니 여러개 브랜드 중에 그래도 역시 LG 라며 이 노트북을 맘에 들어하셔서 램추가 등 옵션 추가해서 결제해드렸습니다! 사고나서 빅스마일데이 시작해서 아쉽긴하지만 아빠께서 얇은 게 이쁘고 무척 빠르다고 좋아하셔서 다행이네요. 배송도 빠르고 윈도우10 포함에 가성비가 꽤 괜찮은 노트북입니다.,[]
20.09.02.,5,잘 받았습니다 노트북 구매하려고 여러가지 알아보다가 LG울트라가 가장 좋지 않을까 해서 구매하게 되었습니다 일단 배송은 많이 밀렸는지 한 4일정도 걸렸지만 제가 필요한 날짜에는 쓸수 있었어서 상관 없었습니다 그리고 받기 전에 발열이나 무게 그리고 처음 받았을때 어디 문제가 있지 않을까 걱정을 많이 했는데 포장부터가 정말 꼼꼼하게 포장을 해주셨더라고요 그리고 안에 액정보호필름이나 자판보호필름도 있었구요 걱정？榮？ 발열이나 소음은 거의 없고 무게는 생각보다 가벼워서 놀랐습니다 속도나 화질도 좋고 기대 이상으로 해주고 있습니다 잘 쓰겠습니다 감사합니다,[]
20.07.20.,5,"우선 배송은 11일 토요일에 주문하고, 15일 수요일에 받았습니다.토요일이라는걸 감안하면 화요일날 받을 수 있을거라는 기대를 했지만, 배송이 연착된건지 누락된건지 운송장 등록 후 하루동안 이동되지 않있더라구요. 문위해야되나 할 때 쯤 받았습니다.집에서 사용중인 데스크탑이 고장나서 딱히 당장 필요치 않아서 구매하지않고있다가 자리차지도 덜하는 노트북으로 구매하게 됐습니다.집에서 엑셀이나 인터넷, 은행업무, 인강 정도 들으려고 구매했구요, 성능은 아직 쌔거라ㅋㅋ 좋습니다.간혹 소리가 크다는 분들도 계시는데 저는 안났구요,화면을 17인치를 살걸 그랬나 후회도 했는데차고 넘칩니다.사은품으로 주시는 가방은 안전할것 같긴한데 너무 투박한것..같기도 하고,마우스나 마우스패드도 따로 구매하지 않아도 좋았습니다.단지 마우스에 전원 버튼이 없다는게 조금 아쉬울 뿐이구요.",[]
20.08.22.,5,"대학생인데 코로나 바이러스 때문에 비대면 수업을 들어야 했어요.
그래서 노트북을 찾아보던 중에 합리적인 가격인 이 제품을 보았어요
윈도우 10도 깔려있으니까 참고하시면 될듯해요. 저는 하드 1테라를 추가했는데 가격도 저렴하고 깔끔하게 왔어요 :)",['https://phinf.pstatic.net/checkout/20200822_44/1598026636112kgGBF_JPEG/review-attachment-44929ea8-13e3-4cbc-8517-8df186bba42d.jpeg?type=f287']
20.07.26.,5,"저는 컴퓨터에 대해 잘 몰라요. 제가 노트북을 구매한건 처음이였답니다. 일단 윈도우 설치되어 있고 동영상 강의나 문서작업을 위해서 구매한거라 작업에 문제 없는걸 골랐습니다. 맘에둔 컴을 고르고 윈도우도 따로구매 ms오피스도 사야하고 필요한 옵션 추가하니 뚝딱 200이 넘고 ㅠ 하다가 이걸 구매했답니다. 일단 윈도우 ms오피스 구매하고 제가 원하는 용량 추가 장착으로 주문해서 업그레이드 시켰는데 가격 착해서 감사했죠. 제가 몰라서 전화로 문의했는데 상냥하게 대답해 주셨어요. 택배 배송이라서 컴 충격이 가장 꺽정이였는데 잘 포장해주셔서 안전하게 도착했습니다. 사용에 문제 없겠어요ㅎㅎ 전 노트북 보다 0.3킬로 차이 밖인데 코드선이 얇고 무게가 줄어서 전체 무게가 더 줄어든듭 합니다.(비교되어 사진찍어 올립니다. 그 전전 노트북 Lg라 비교사진 찍었어요)
만족해요.
단점은 가격이 더 다운되어서 열심 가격 비교가 허무로ㅠ",[]
20.08.03.,5,배송은 이틀 걸렸구요우선 포장상태부터 감동이였어요박스안에 충전비닐도 엄첨 많이 돌돌 감아서 안에 제품박스가 깨끗할정도로재택근무시 사용하기위해 여러 상품들과 고민끝에 선택한건데 디자인도 깔끔하네요오피스 프로그램 설치 후 작업을 해보니 속도도 빠르고유튜브 실행시에도 영상 감상하기에 끊김없이 영상재생도 잘 되구요가격대비 모든면에서 적당한거 같아요 만족합니다,[]
20.09.06.,5,학교에서 온라인 수업을 길게 하게 되다 보니 컴퓨터는 언니가 쓰고 저는 노트북을 써볼까 해서 사봤습니다!! 근데 생각보다 정말 가볍고 안에 카메라와 마이크 기능까지 모두 다 있어서 온라인 수업하기에 정말 편리했던 것 같아요~ 그리고 인터넷도 정말 빠르고 디자인도 너무 예뻐서 매우 만족스럽습니다. 이 노트북 살까 말까 고민 중 이시라면 사는 것을 강력 추천 합니다~~,[]
20.11.04.,5,배송 정말 빠르네요기존 노트북 너무 느려서 큰 마음 먹고 구입했는데정말 만족해요 윈도우 탑재 되있어서 편하고요가격도 착하네요 여기저기 많이 알아봤거든요비싼 그램으로 살까하다가집에서 인강듣고 문서작성 하기에는 제격입니다컴알못인데 한글과 컴퓨터랑 엠에스 프로그램도 설명서 대로 하니 쉬워요 아이들 방은 노트북 와이파이가 잘 안터졌는데노트북 바꾸고 나니 온라인수업 듣기 편해졌어요감사합니다,[]
20.11.12.,5,화이트 영롱함 그 자체네요. 코로나로 화상수업이 일상화 된 터라 1인 1 노트북이 필요해져서 둘째 걸로 샀어요. 사양도 좋고 괜찮게 나온 제품인 것 같아요. 깔끔하고 넘 맘에 드네요. 더 늦어질까봐 걱정했는데 잘 맞춰 보내주셔서 감사합니다~,[]
20.09.13.,5,기존 데스크탑이 오래되어서 바꾸려다가 많이비갸ㅡ하고 선택했습니다. 엘지 그램으로 하려다가 가성비좋고 디자인도 좋아서 고민끝에 울트라로 구매했습니다 윈도우도 탑재되어서 좋고 한글도 추가로 구입했습니다. 주시는 무선마우스는 조금 아쉽지만 그래도 사용해보려구요. 저녁에 주문했는데 다음날 아침에 바로왔어요. 새 노트북 너무 좋아요 오래오래 사용했으면 좋겠어요.^^,[]
20.07.23.,5,"2013년도 저렴하게 산 노트북을 사용하기에 인내심이 너무 필요한 단계이다보니 저도 인강도 듣고, 초등 아이도 앞으로 온라인 수업 받을 일이 많을 것 같아 잘 모르지만 여기저기 검색하며 선택한 이 노트북에 너무 만족해요. 게임 보다는 강의 듣고 문서 작업이 필요했는데 제가 하고자 하는 일에 딱 어울리는 노트북이네요. 속도도 빠르고 끊김도 없고 왜 일찍 알아보고 구매하지 않았나 하는 아쉬움까지 들 정도에요.",[]
20.08.24.,5,"집에서 쓸만한 노트북이 필요해서 급으로 노트북을 알아보게 됐는데 가격,성능,편함,그리고 A/S가 젤 중요해서 여러가지 찾아본 결과 엘지 노트북이 눈에 들어왔네요 여러 후기도 보고 블로그도 찾아봤는데 마침 11번가에서 할인도 해서 바로 겟했어요 예약상품이라고 해서 배송은 늦을거 알고 구매했는데 엄청 빨리 받아서 좋았고 흰색이라 여자가 쓰기에 너무 예쁘네요 다만 때안타게 조심해야 할 거 같아요 그래도 윈도우즈 탑재 돼 있어서 바로 사용하기 편했구요 성능도 너무 좋아서 대만족입니다. 지문인식 없는건 아쉬웠지만 그래도 첫노트북치곤 너무 오버성능 인거 같아서 조심히 쓰려고 합니다.~",[]
20.09.14.,5,아이 인터넷강의 및 문서작업용으로이것저것 검색하다가 상품뜨는거보고 한치의 고민두 없이 쿠폰사용하고 저렴하게 바로 구매했습니다!인터넷강의 한다고 하여 급하게 주문하고 언제 올까했는데주문하고 그다음날 바로 배송이 와서 다행이었습니다주변에서도 LG꺼인데 저렴하고 좋은거 구매했다고 부러워들하네요배터리가 약간 아쉽긴해도 가볍고 이쁘고 대만족 입니다아이가 아주 좋아하고 있답니다,[]
20.10.21.,4,"노트북 구매하려고 이리 저리 알아 봤는데, 11번가에 할인 쿠폰 중복쿠폰도 있어서 저렴해서 구입했어요. 쓰던 게 고장나서 급하게 필요했는데,익일 바로 배송되었구요, 할인 행사 중이라 램이랑 sdd도 부담없이 업그레이드했습니다. 열도 많이 안 나고, 화면도 가로36센치라 답답하지 않아요. 자판도 사용하기 편하고 만족합니다. 다만, 들고 다니기엔 좀 무거운 감은 있어요~",[]
20.08.23.,5,"1. 경량화를 포기 했더니 스펙이 좋고 가격은 저렴합니다. 그램의 경우 발열구가 없어 기계에 부담이 많이가는데 이 기종은 발열구가 따로 있어서 문제없어요. 게다가 11번가 할인 쿠폰 덕에 89-90만원 이면 구매할 수 있었어요. 집에 두고 다니실 분에게 강력 추천합니다. 노트북 = 엘지!2. 무료로 주신 액정 보호필름은 이미 붙였고, 무선마우스도 잘 사용하고자 합니다. 3. 배송도 생각보다 빨리 왔습니다. 예약 판매라고 하셨지만 결제 한 후 3-4일 뒤에 받았습니다.",[]
20.08.27.,5,"배송은 조금 느렸지만 저렴한 가격에 잘 구매하였어요. 윈도우가 설치되어 있어서 좋았고요. 노트북 무게도 가벼운 편이라 소지하고 다니기 어렵지 않네요. 화이트 색상이라 깔끔합니다. 키스킨, 화면보호, 마우스 등 부가 품목도 같이 제공이 되어 좋습니다. 추가 부품도 구매하였는데 성능도 좋습니다. 포장도 안전하게 잘 되어있었고요. 전반적으로 대만족합니다. 추천이요~",[]
20.08.31.,4,코로나로 인해 아이 온라인 수업이 길어져서 어쩔수없이 급하게 구입했습니다. 윈도우가 깔려있어 편하고 화면이 커서 아이가 오래 공부해도 눈이 좀 편할듯하여 안심이 되네요. 사은품으로 보내주신 마우스는 제대로 작동이 되지않아서 다른 마우스를 구입해서 사용중입니다.ㅡㅡ 후기에서도 그런말들이 있더군요. 개선이 필요할듯합니다.그것외에는 깔끔한 디자인에 만족하며 lg라 as도 잘 될거라 기대하며 사용중입니다. 고장안나고 오래도록 사용할수있었으면 하네요.,[]
20.09.19.,5,"기존에 사용하던 노트북도 오래되서 성능도 떨어지고,코로나19로 재택근무도 많아져서 노트북이 필요해서고민고민 하다가 LG 15U50N-GR56K노트북을 구매했는데배송도 빠르고, 성능도 너무 좋은 것 같아~완전 만족하고 있습니다.^ ^인터넷으로 접속하여 동영상 시청, 각종 프로그램 이용속도도 빠르고 100% 만족하고 있습니다.좋은 기회에 만족스러운 가격으로 구매를 하게 되어서기분이 좋고 많은 분들이 이런 기쁨을 느꼈으면 좋겠네요.감사합니다.",[]
20.08.09.,5,배송은 박스에 에어캡으로 꼼꼼하게 포장 되어서 안전하게 잘왔습니다 하얀색상에 깔끔한 디자인 무겁지 않고 소리도 안나고 사양도 넘 마음에 듭니다 램8G 추가 장착 HDD 2TB 추가장착 을 해도 그렇게 비싸지 않아서 구매를 했는데 PC게임을 깔아서 실행시켜도 끊기거나 튕기지 않고 잘돌아갑니다 영화를 봐도 아무런 문제 없이 잘 감상할수 있어서 좋아여 컴퓨터를 새로 구입할려고 고민하다가 이벤트를 해서 저렴한 가격에 잘 구매했습니다 모든 면에서 다 마음에 듭니다,[]
20.09.14.,5,"십일절을 맞이해서 구입했습니다. 늘 고민고민하다 샀습니다 애들셋이다보니. 노트북이 늘 하나가 부족했었는데 드뎌하나 샀네요, 전날4시쯤 주문했는데. 바로다음날도착했습니다. 기존노트북은. 무겁기도했는데 이번 노트북은 가볍고 깔끔하고 좋네요. 전 추가해서. 저장용량을 좀더늘렸구요. 일단 셋팅중이니 고장없길바라면서. 기대가 크네요.^^리뷰들이 참좋아서 기대하구있습니다.",[]
20.10.11.,5,LG 노트북 15U50N 10세대 CPU 코메레이크를 탑재하여 빠르게 작동하는군요 기본 8기가에 NVMe 256GB가 탑재되어 있어 더욱 좋습니다 화면 크기도 39.6Cm에 IPS 패널 탑재로 화면도 선명하게 잘 보입니다 가방과 무선마우스도 제공하여 사용하기도 편하고 빠르게 바탕화면에 진입 하는군요 HDMI USB3.0 USB C MicroSD 슬롯까지 제공하여 편리성의 다양화가 있네요 무게는 1.75Kg 입니다.,[]
20.07.22.,3,노트북은 좋습니다. 가볍고 빠르고 옛날 노트북만 써서 그런지 신세계네요. 오피스 프로그램을 별도로 구매해야 한다는건 무척 귀찮네요. 같이온 무선 마우스는 너무 사구려티가 많이 나고 허접합니다. 그냥 구성에서 빼시는게 나을거 같아여ㅡ 개인차는 있겠지만 그립감도 별로고 가볍기만 한데 장난감 느낌입니다. 추가로 구매한 키스킨은 전원 부위를 덮어주질 않네여. 진작 알았으면 구매하지 않았을건데 ... 반품해야하는데 귀찮긴 하네요. 상품 설명을 추가 했으면 이런 번거로움을 피할수 있을거 같네요,[]
20.10.25.,5,"컴알못인데 윈도우가 설치되어 있어서 바로 사용할 수 있는 점이 좋았습니다. 속도도 빠르고 생각보다 무게도 가벼웠습니다. 화면이 시원하게 큰 것도 좋습니다. 가격도 적당하면서 성능도 괜찮습니다. 인터넷서핑,인강,업무 등 문제없이 잘 사용할 것 같습니다!같이 보내주신 무선마우스와 패드, 노트북 가방도 마음에 듭니다. 다만 택배사 사정인거 같지만 배송은 생각보다 늦어서 아쉬웠습니다.",[]
20.08.24.,5,"■ 배송뽁뽁이로 굉장히 여러 번 감아서 보내주셔서 안전하게 배송된 것 같아 감사했습니다. 8월말 배송이라고 되어있어 많이 늦을까 걱정했는데 그래도 생각했던 것보다 빨리 배송되어 좋았습니다. (18일 오후에 주문해서 21일 오후에 받았습니다) ■ 가격할인쿠폰으로 80만원 후반대로 저렴하게 잘 구입한 것 같습니다. 가성비 노트북을 찾고 있었는데 잘 산 것 같네요.^^■ 성능소음도 거의 안 느껴지고, 윈도우가 설치되어 오니 편리합니다. 자판에 숫자판이 컴퓨터 키보드와 똑같이 되어있어 좋습니다. 화면도 큼직해서 답답하지 않습니다. 무게는 아주 가볍지는 않으나 집에서 사용할 예정이라 저에게는 적당하네요.^^■ 기타 사은품도 모두 잘 받아보았구요, 무선마우스도 따로 구입하지 않아도 되어 좋습니다.",[]
20.08.27.,5,아이 온라인 수업용으로 계속 검색하고 눈여겨보다좋은가격에 LG울트라PC 15U50N-GR56K 구입했습니다8월말 배송예정이라 명시되어 있어서 주문후 느긋하게 기다렸는데저는 8.19구매했고8.21일에 빠르게 잘 받아보았습니다생각보다 빨리 배송해 주셔서 너무 감사드립니다 저는 윈도우10 탑재 된걸 구입 했고 오랫만에 구입한 노트북인지라 너무 가볍고 크기도 적당하고 원하던 화이트 색깔에 다 마음에 들었어요 노트북 가방도 나름 깔끔하고 맘에 들었답니다ㅋㅋ박스안에 에어캡으로 이중포장 되어있어 안전하게 포장 배송되어 받아보고 요즘 매일 매일 활용을 잘하고 있습니다보내주신 사은품도 감사합니다~^^번창하세용♡,[]
20.07.18.,5,재택근무 시 서류작업과 동영상 보는 용도로 쓰려고 이 모델을 선택했습니다. 윈도우10이 설치되어서 출고된다는게 저에게는 가장 큰 장점이었어요. 좀 급하게 받아보고 싶어서 서둘러 구매했는데 정말 하루만에 도착했네요.그래서 매우 만족하구요. 동봉해주신 무선마우스도 보기엔 좀 좋아보이진 않지만 일단 사용하는데는 문제가 없습니다. 8G+256GB 업그레이드도 신청했는데 잘 설치되어서 왔네요.,[]
20.08.22.,5,판매자분께서는 배송 빨리 해주셨는데 택배업체 집하단계에서 하루 꼬박 잡아먹었네요 ㅠㅠ 그래도 주말 넘겨서 받을까봐 걱정이었는데 주문한지 4일만에 잘 받았습니다!보내주신 키스킨 액정보호필름 무선마우스랑 패드 잘 받았구요 다른 곳에서는 이런것까지 다 구입해야되는데 여긴 특가 가격에 사은품까지 있어서 바로 구매했어요컴터는 윈도우10 깔아져나와서 켜자마자 바로 와이파이 잡고 잘 사용했습니다그램보다는 무겁긴 하지만 원래 노트북을 잘 휴대하는 타입이 아니라 조금 더 무거워도 상관 없어서 그램 대신 울트라로 구매했는데 맘에 듭니다,[]
20.11.03.,5,집에서 사용할 노트북을 찾다가 핫딜가로 구매했구요상담드릴때도 친절하게 응대해 주셨어요.다만 수령을 하거나 원하는 날짜에 배송을 받진 못했는데 일시적인 택배배송문제였던것 같네요적당한 크기에 생각보다 무게도 무겁진 않고깔끙한 디자인이라 너무 좋았습니다.집에서 간단한 문서작업용 인터넷 강의용도로 구매한거라 기본옵션으로 구매했어도 만족합니다.윈도우 설치제품이라 바로 사용 가능했구요!잘쓰겠습니다.,[]
20.09.14.,5,가격도 좋고 성능도 좋고 가성비 좋은 노트북 찾으시면 이 노트북이 최고에용! 인터넷으로 구매하는게 성능도 더좋도 가격도 저렴하고 배송도 엄청빠르게 주문하고 다음날 받았어요! 윈도우도 설치 되어있어서 배송받고 바로 사용할수있고 노트북도 무게가 가벼워서 가지고 다니는것도 어렵지 않을거같아요~ 사은품으로 노트북가방 무선마우스까지 주셔서 따로 구매도 안해도되고 저렴한가격에 좋은 노트북을 구매해서 너무좋아용~,[]
20.07.06.,5,"여러사이트 비교해보고 LG전자 온라인 공식 판매점이라 믿고 구매했어요
지금은 살때보다 가격이 더 내려가서 조금 아쉽지만 그래도 배송도 빠르고 만족해요
포장도 뽁뽁이로 여러번 포장해서 이중포장으로 안전하게 잘받았어요
가격대비 성능좋고 디자인 예뻐요
화이트라 깔끔하고 사이즈도 딱이예요
전 집에서만 사용할꺼라 ㅋ
사은품으로 정품가방과 무선마우스까지 덤으로 주시고~
잘사용할게요
고장만 안났으면 좋겠어요 ㅋ
사업 번창하세요
감사합니다~~~~~~~^^",[]
20.09.01.,4,"사무실에서 사용하려고 여러 종류의 노트북을 검색하던중 울트라 PC가 가성비 면에서 뛰어나다고 하여 구입하게 됐습니다. 판매업체에 재고가 없는 상태여서 배송은 조금 걸렸지만 제품은 상당히 만족합니다. 깔끔한 외관과 꼭 필요한 기능들의 포트가 구성되어있고 기본 SSD를 탑제하고 있어 노트북 구동 속도도 시원시원합니다. 다만 아쉬웠던점은 배송상태인데 사진처럼 박스가 파손되어 배송됐습니다. 개봉 후 내용물은 이상이 없는것 같아 사용하지만 그래도 개선되어야 할 부분이라고 생각합니다.
가성비 좋은 사무용 인강용 노트북을 찾는다면 이 제품을 추천드립니다.",[]
20.10.21.,5,코로나때매 자택근무가 장기화 되서 노트북 구매했어요! 어차피 들고 다닐거 아니니까 무게는 상관없었고 (그치만 진짜 무겁네요 ㅋㅋ) os 미설치 제품이랑 비교해서 가격이 좀 비싸긴 하지만 그래도 마음편히 정품os설치되어 있는 제품으로 구매했고 시퓨 메모리 ssd다 사무용으로는 딱인것 같아요 ㅋㅋ 잘쓰겠습니다!,[]
20.11.04.,5,배송받은 노트북으로 후기 남깁니다. 장바구니에 오래 담아만 두다가 이만한게 없어서 고민하다가 구입하였습니다.미개봉 풀구성 제품이고 포장도 너무 꼼꼼하였습니다. 빠른배송은 말할껏도 없구요.숫자키를 많이 쓰는 일을 하고 있는데 오른쪽에 따로 키패드가 있어 업무하기 너무 용이합니다.화면도 크고 너무 좋습니다. 드라이브 정리 잘 해가면서 오래오래 쓰고 싶은 노트북 이네요.좋은 상품 보내주셔서 감사합니다.,[]
20.08.24.,4,코로나19로 인해 아이 학교 수업이 온라인 학습으로 이루어지다보니 수업에 필요한 노트북을 찾다가가격.성능 모두 만족하는 노트북을 발견 망설임없이 바로 구매했습니다.컴퓨터에 1도 몰라서 OS가 깔려 있어 더 좋아요.8월22일 토요일 받고 8월24일 월요일 아이가 첫 수업을 하는데...진작 사줄껄하는 생각이 잠시 들었어요.그만큼 만족합니다.,[]
20.09.12.,5,아이가 사용하던 태블릿이 고장나서 급하게 부랴부랴 주문했는데 다음날 바로 배송되서 너무 너무 좋았어요윈도우 설치되어 있어 바로 등록하고 사용해 보니 역시 쌩쌩 잘 돌아가네요~ 아이도 첫 노트북을 선물받고 좋아해서 좋은가격에 참 잘 샀다 싶어요혹시 배송중 손상되지 않을까 걱정했는데 포장도 잘 되어있어서 개봉하면서도 만족스러웠네요사은품으로 주신 노트북 가방까지...최고입니다.몇년동안은 잘 사용할거 같아요,[]
20.09.11.,5,사용하고있는 삼성노트북이 속도가 너무느려져서 고등학생딸아이 인강듣는데 좀 힘들어해서 엘지 노트북이 좋다고하여 구매하게 되었는데 완전 빠르고 좋아요 윈도우깔려있어 한컴이랑 오피스 다운받아 잘 사용하고 있습니다 좋은제품 빠른배송또한 감사드립니다 번창하세요,[]
20.08.18.,5,급하게여기저기알아보고구입한건데....기회가저랑잘맞았어요^^가성비대박이예요~착한가격에구입했구....속도도짱입니다~용량을넓힐걸급하게구입해서후회중입니다만..조만간시도해야겠어요아직까지넘만족합니다~특별사은품까지...잘챙겨주셔서잘사용할수있을것같아요^^,[]
20.08.06.,5,그저께 저녁에 주문하고 오늘 도착했습니다. 여러 모델 비교해보고 고심끝에 이제품으로 구매했는데 결정을 잘한거 같네요이정도 사양을 이가격에 구매할수 있다는게 다행이었네요~~보내는쪽에 비가 많이 와서 혹시나 배송중에 문제 생기지 않을까 걱정했는데이중 포장으로 본품하구 사은품 빠짐없이 잘 받았어요작업속도 너무 빠르고 좋아요! 추천합니다. 수고하세요ㅃ,[]
20.07.23.,5,이것저것 할인 받아서 저렴하게 구입했습니다 일단 화면이 시원한 ips고 15인치라 잘보이네요 무게도 그램에 비하면 무겁지만 그닥 크게 무겁다는 생각은 안듭니다 따라오는 가방은 역시나 별로 입니다. 윈도우까지 정품으로 설치되어 있으니 집에서 쓰기에는 이만한 사양이 없을듯합니다,[]
20.10.23.,5,"엘지 노트북 좋은가격에 잘 구입했습니다. 그동안 열심히 검색한 결과 i5노트북 중 가성비가 제일 좋은거 같아 구입했는데, 잘 산거같아요. 다만 흰색이라 때 탈까봐 조심스러워요~ 컴알못이라 수입노트북은 a/s 때문에 부담되어 엘지 선택했는데 좋은결정였던거 같아요. 바탕화면 빠르게 열리고, 화면도 시원하고 색상도 선명하고 좋아요. 배송도 결제 후 다음날 바로 받아서 상품도 배송도 마음에 들어 기분이 좋아요.",[]
20.10.22.,4,쿠폰듀개 받아서 인터넷 최저가보다 저렴하게 구입했습니다. Ssd랑 램 추가 동봉하여 구입했는데 맘에 듭니다! 컴알못인데 시간은 좀 걸렸지만 블로그랑 유튜브 보고 추가 장착까지 했어요! 밑면 분리하는 법이랑 hdd자리에 있는거 떼는 법 만 알면 뉴규나 쉽게 할 수 있을거 같아요.그런데 가격이 제가 살때보다 자꾸 내려가네요 ㅠㅠㅠㅠ 후기쓰러 왔다가 가격변동 보고 맘이 살짝 쓰립니다 ㅠㅠ,[]
20.07.28.,5,"빠르게 잘받았어요!! 울트라가 뭔가 했는데, 크기가 정말 크네요~ 키보드에 숫자 오른쪽에 더 있는거 너무 사고 싶었는데, 맘에 쏙 들어요! 클릭 반응 속도도 좋고 역시 엘지로 사길 잘했네요~ 그리고 무엇보다 화면이 커서 영화볼때 너무 좋을것 같네요~! 잘쓸께요~",[]
20.07.30.,5,이리저리 검색해보고 블로그도 참조하고 심사숙고해서 구입한 엘지 울트라 노트북~그램은 넘 가격이 사악해서 제끼고또 집에서만 사용할 노트북이라 쫌 무거워도 괜찮겠다 해서 이 울트라 노트북을 구매했네요~속도 빠르고 화면 너무 깨끗하고 외관도 칙칙하지 않은 하얀색~정말 제맘에 쏙 드는 느트북이네요~보내주신 가방과 마우스와 패드도 잘 사용하고 있습니다~~배송도 빠르고 포장도 꼼꼼하게 잘해서 배송해주셨네요~~요즘 일할 맛 나네요~~^^,[]
20.08.28.,5,"성능, 디자인, 품질 모두가 만족스럽습니다. 특히 지마켓 특별할인으로 너무나 좋은 가격에 구입하여 만족도가 더 커졌습니다. 사용해보니 학습용, 사무용으로 너무 적합한 모델인듯 싶습니다. 빠른 속도와 뛰어난 화질로 강력 추천드립니다. 역시 엘지입니다.",[]
20.10.24.,5,주문하고 담날 바로 받았어요 배송 진짜 빨라요!!노트북 갖고 싶어서 할인하는날 기다리다가 제일 싼 것 같아서 바로 구매했네요!ㅎㅎ색상도 선명하고 화이트 색깔도 이쁘고 큼직하고 맘에 들어요무게는 좀 있어서 가지고 다니긴 힘들겠지만 전 어차피 집에서 쓸거라 상관없어요포장도 잘되있고 사은품도 잘 받았습니다~~이제 퇴근하고 하루종일 노트북만 할 것 같아요ㅋㅋ,[]
20.07.20.,5,"가성비 좋은 노트북 찾다가 구매했어요 쿠폰에 카드 행사가로 90만원 초반대의 좋은 가격으로 구매했네요 어차피 게임 할 거 아니고 웹서핑 용으로 사용할 거라 크게 좋은 사양은 필요 없었는데, 딱 적당한 노트북을 발견해서 얼른 구매했어요.^^ 노트북 가방에 무선 마우스까지 들어있고 이 가격에 이 정도면 너무 훌륭한 것 같아요~~ 잔고장 없이 오래오래 사용할 수 있으면 좋겠네요.",[]
20.08.24.,5,출고되고 바로다음날 왔어요~배송기사님이 박스 던지는 소리가 넘 커서 놋북 깨지는거 아닌가 싶어서 얼른 나가서 가지구 왔더랩니다... 지금은 컴터를 무리하게 돌릴 일이 없어서 성능평가는 정확히 못 하지만 좋은 사양 저렴하게 사서 이득 본 기분이네요~ 근 시일내 녹스플레이어나 피씨겜 깔아서 한번 테스트 해봐야겠네요! 판매자님 문의 빠른 답변도 감사합니다~~~~,[]
20.08.06.,5,마음에 들어요. 인강들으려고 샀어요. 오래사용해도발열도 없고 부가적인것들도 다 마음에들어요. 같은 사양대에 노트북으로 저렴하게 샀어요.사은품으로 주는마우스가 허접하다는 평 보고 걱정했는데 전혀 아니에요.소리도 크지않고 동영상도 선명해요. 음량도 깨끗해요.마음에 들어요.잘 쓸께요.,[]
20.07.25.,5,저는 잘몰라서 여기저기 구매를 망설엿는데 신랑 추천으로 구매하게 되었어요근데 속도도 빠르고 절전모드에 슬림하니 너무 예쁘고 좋습니다 집에서 아기사진 정리하고 문서 만들고하며 사용하려고 구매했는대요 화면도 커서 컴퓨터 저리가라입니다ㅎㅎ,[]
20.07.16.,5,배송 빨랐구요. 에어캡으로 세바퀴 정도 돌려보내주셔서 안전하게 잘 왔어요~문서 작업및 인강용 정도로 쓸거라 기본으로 샀는데도 속도 빠르고 화면도 선명해서 너무 좋네요^^숫자 패드가 있는점도 아주 맘에 들어요 ㅎㅎ윈도우10이 깔려 있어서 별도로 구입할 필요없이 바로 사용할 수 있어서 굿~할인쿠폰에 카드할인까지 받아 저렴하게 잘 샀어요,[]
20.07.20.,5,먼저 LG 노트북답게 외관이 세련되고 가볍습니다! 중사양의 게임을 주로 하는데 발열도 없고 팬이 돌아가는 소음도 조용해서 좋아요!! 사실 브랜드와 성능에 비해 가격이 너무 싸서 걱정이었는데 너무 만족스러운 제품인것 같습니다!!,[]
20.08.31.,5,배송이 늦을 줄 알고 기다리고 있었는데 생각보다빨리와서 좋았어요 판매자님 답변도 빠르고 포장도 꼼꼼하게 잘 되서 왔어요노트북 알아보고 있던 중 행사해서 저렴하게 구매했어요가성비 좋아요~GOOD 추천합니다 ^^HDD 1TB 추가 장착해서 구매했어요 사은품도 마음에 들어요 딜 할때 사서 키스킨이랑화면 보호 필름까지 추가로 받고 마우스랑 패드까지 다 받았으니 넘 좋네요,[]
20.09.22.,5,제품 구매 해서 사용하고 있는데 너무 만족하면서 사용하고 있습니다. 디자인도 깔끔하고 좋으며 실용적이고 성능도 만족스럽습니다. 용량과 메모리 업그레이드 하기도 편리 해서 업그레이드 하니 성능이 더욱 좋아 졌습니다. 아직까지 크게 불편함 느끼지 않고 잘 사용하고 있습니다. 좋은 제품 저렴하게 판매해 주시고 배송도 빠르게 해 주셔서 감사합니다. 많이 파세요,[]
20.09.21.,4,"처음 그램과 울트라노트북중 고민을 많이하다가 울트라로 선정~ 생각보다 무겁긴한데 ssd 추가장착때문이라 생각하고, 일단 성능은 무시못합니다. 부팅~부터 속도까지 만족합니다. 그램도 좋긴한데 울트라도 가격대비 너무 좋은 제품 구입했어요 번창하세요",[]
20.08.10.,3,이 제품 사려고 계속 알아보다가 11번가에서 카드할인이랑 행사하길래 램추가하고 메모리랑 확장해서 구매하였습니다~그런데 배송과정에서 그런건지 모르겠지만 받자마자 확인해보니 키보드 사이에 작은 금이 가있어서ㅠㅠ바로 판매점에 문의했는데 서비스센터로 가라고....서비스센터 가서 문의하니 자판 수리는 간단한 거라서 맡기셔도 문제없다고하여 as기간 연장과 무상수리를 받았지만 초기 불량제품을 받은건 아닌지 좀 걱정이 됩니다;;추후에 문제가 없었으면 좋겠네요.,[]
20.08.23.,5,"타임딜 나와서 구매했는데 처음에는 예약판매라고 8월말 배송한다고 해서 기대 안하고 있었는데 갑자기 당일에 배송 시작해서 조금 기대했는데 택배사 문제로 배송이 늦어지긴 했지만 8월말보다 빨라서 좋네요.문서 작업용으로 처음에는 저렴한거 사려고 했는데 오래이 제품이 CPU, RAM등이 좋아서 가격 더주고 사서 오래 쓸수 있는거 구매한거라서 성능은 만족하고요. 윈도우포함이라 별도의 설치 작업없이도 바로 부팅 할수 있네요.사은품으로 마우스, 마우스패드, 키스킨, 액정필름 주니까 바로 개시해서 사용해서 좋아요.",[]
20.09.20.,5,"일단 배송이 빠르게와서 빨리 사용할수있었어요. 디자인이 깔끔해서성별 상관없이 호불호 없을것같아요. 일단 개인적으로 LG노트북이최고라 생각해요 근데 그램은 비싸니까ㅠㅠ근데 그램보다 훨씬저렴한데 기능은 다르지 않은것 같아요. 빠르고 좋아요. 가성비 노트북 찾으시는거면 꼭사세요 개인적으로 그램보다 다양한면에서 더 나은것같아요 사장님 번창하세요,!!",[]
20.10.30.,5,동일 기종 쿠폰써서 저렴하게 구매 하게 되어 만족스럽습니다. 급하게 필요했는데 배송이 정말 빠르게 진행되었어요. 잡다한 사은품 없이 쿠폰 혜택준게 개인적으로 만족스러운데 아닌 사람도 있을수 있을것 같다는 생각도 드는 부분입니다. 가격대비 성능 만족합니다.,[]
20.08.31.,4,8월 31일 월요일 배송예정이라고해서 29일 토요일에 외출하고 돌아왔더니 집앞에 택배가 도착해있네요. 그래도 나름 고가의 제품인데 문자전송도 없이 그냥 두고가셔서 황당했습니다. 요즘 작은 물건이라도 확인전화는 주시는데 신경좀 써 주셨으면 좋겠습니다. 제품은 깨끗하고 예뻐요. 조금 오래 돌리면 열이 발생하네요. 무겁지도 않아서 들고다니기에 무리가 없을것 같아요. 잘 쓰겠습니다.,[]
20.07.15.,5,12일에 주문했는데 14일날 받았습니다. 빠른 배송 좋네요. 택배라 파손 위험 걱정했는데 포장이 튼튼해서 마음에 듭니다. 잘 받았습니다. 바빠서 이제야 이것저것 설치해보는데 느린 컴퓨터 쓰다가 이걸 써서 그런지 속도도 빠르고 화면도 커서 좋네요! 기본 사은품으로 온 노트북 가방도 유용하게 잘 쓸 것 같습니다. 같이 기본으로 제공되는 마우스는 높이가 낮아서 좀 불편하지만 이정도는 다른 거 구매해서 쓰면 되니 괜찮습니다~,[]
20.09.15.,5,"빠른 배송 감사합니다. 많은 가격 검색끝에 대응빠르고 만족도 높은 판매처에서 구입 했습니다. LG 그램 가볍고 속도도 엄청 빠릅니다. 인강 및 웹써핑 / 문서작성 용으로는 과분 할 정도 입니다. 노트북 부팅 및 종료 시간이 각10여초 정도 밖에 안 걸리네요. 2018년형을 첫째가 사용하고 있는데, 1년만에 참 기술의 발전은 놀랍습니다. A/S 센터 갈일 없이 잘 사용하면 좋겠습니다. 사은품 신청 : 키스킨 필요 합니다.",[]
20.10.21.,5,"배송이 예상보다 하루 늦어서 아쉬웠지만, 성능 디자인 괜찮아요! 쿠폰써서 구매했더니 가격도 괜찮네요~ 택배포장 꼼꼼히와요~
후기사은품은 2주뒤에 보내주신다더니 바로 보내주셨네요.잘 사용하겠습니다~ 노트북 문제없이 잘 사용할수있으면 좋겠네요!!",[]
20.07.22.,5,램8추가 SSD512 추가 했습니다가성비 좋아요. 윈도우 내장되어 있어구요노트북은 테스크탑 보다 AS를 생각 안 할 수 없어요향후 AS를 고려하여 LG 로 잘 구매한거 같아요게임용이 아닌 아이들 인강용 및 가정용을 기준으로 최고 입니다,[]
20.07.15.,5,"솔직히 노트북 ,컴퓨터. 여자라면 기계잘모르긴하잖아요저 고등학교 정보처리과나왔는데 이제 나이가 먹었더니다 까먹고 하나하나 보면서 품질ㆍ성능ᆞ두께 다 꼼꼼하게 체크하고 구매한 보람이있네요 남편마저 사고싶다며^^ 샵운영하는데 집에서도 작업가능하고너무편해요~~^^감사합니다 가성비 갑!!",[]
20.07.15.,5,생각보다 많이 가볍고 화질 선명하게 잘나오내여~~그램하고 많이 저울질 햇는데 가격대로 비교하니 울트라가 훨씬 가성비가 좋아서 구매햇는데 생각보다 괜찮습니다 ~~~~~ 중고생 인강용으로는 빠르고 좋습니다. 게임 겸용으로 하실분들은 비추 드리고요 웹 서핑이나 인강 동영상 용으로는 괜찮습니다. 기본적으로 인강용으로는 괜찮으니 참고해서 구매하셔도 괜찮아요 ~~,[]
20.08.20.,5,예약판매라 늦을줄 알았는데 주문한지 3일만에 왔어요문의사항도 바로 해결해주시고 최고입니다.노트북은 처음 구매인데 컴알못이지만 대체로 만족스럽습니다.사은품도 꼼꼼히 잘 챙겨주셔서 감사히 잘 받았습니다.윈도우도 설치돼 있어서 바로 사용할수 있는것도 좋았습니다.좋은 제품 감사합니다.,[]
20.08.28.,5,"코로나로 인해서 재택근무때문에 노트북을 알아보다가 가성비 좋은 노트북을 구했네요. 8월말 배송이라고 되어있어 주문하고 느긋하고 기다리다가 예상보다 빠르게 배송이 왔네요. 배송은 꼼꼼하게 잘 포장되어서 왔고, 윈도우 10도 탑재되어 있어 바로 개봉하고 쓸 수 있어서 너무 좋았습니다. 가방도 깔끔하고 노트북도 정말 깔끔하니 맘에 듭니다. 성능도 쓰는데 지장없이 맘이 들어요. 보내주신 사은품도 잘 받았습니다. 감사해요~~",[]
20.05.12.,5,10년 가까이 쓰던 엘지 노트북이 너무 무겁고 느려져서 다시 엘지 노트북으로 바꿨어요. 집에서 쓸 용도라서 그램까지는 필요없었어요. 역시 엘지네요. 사은품도 골고루 잘 왔어요. 2킬로도 안되서 휴대용으오 사용하기에도 무리없어요. 설치도 간편하고 속도도 빨라지고 대 만족이에요^^,[]
20.07.11.,5,좋아용! 저렴하게 잘샀어요~많이 들고다니면서 쓸 게 아니어서 그램보단 울트라북으로 합리적으로 잘샀습니당! 가성비 너무 좋구 깔끔하고 생각보다 그렇게 무겁지도 않아요! 카드랑 이것저것 할인 다 넣어서 넘 잘샀어요~수업이랑 과제때문에 프로그램 설치한 것도 다 잘돌아가고 만족합니당! Lg거라 내구성 좋을 거 같아서 오래 잘 쓸 거 같습니당ㅎㅎ배송에 있어서 빨리 출고됐는데도 cj택배ㅠㅠ 물량이 너무 많아서인지 배송문자온 당일에는 못받고 다음날 받을 수 있었어요ㅠㅠㅠㅠ,[]
20.08.24.,5,잘 받았습니다. LG울트라 구입하려고 여기저기 계속 알아보다가 램. 메모리 추가해서 구매했습니다. 제가 컴에 대해 잘 몰라서 전화상담 몇 번 했었는데 너무 상담도 친절히 상담도 잘 해 주시고 이것저것 잘 알려주셔서 감사했습니다. 배송도 예상보다 아주 빠르게 와서 놀랐습니다. 안에 안전충진제 빵빵하게 꼼꼼히 포장해 보내주셨네요. 색상도 너무 깨끗하고 맘에 듭니다. 울트라는 조금 무겁다고 해서 걱정했었는데 생각보다 전혀 무겁지 않아서 다행이예요. 잘 쓰겠습니다. 감사합니다.,[]
20.07.10.,5,"상품에 대한 고객 만족도가 없어서 살짝 긴장하였는데 타 업체 대비 비슷하거나 저렴하게 판매하고 있으며 신속, 정확한 배송과 함께 배송된 물건은 자녀도 좋아하는 성능으로 인해 만족하였다. 약간의 미흡한 점은 그 흔한 마우스 같은 사은품이 하나도 없으며 옵션으로 제공하는 물품의 정보가 없어 구매에 망설임이 생긴다는 부분도 있으니 옵션에 대한 최소한의 사진정보라도 제공하였으면 하는 바램입니다.",[]
20.09.12.,5,배송 하루만에 왔어요!!조금 무겁지만 성능대비가격이 착하네요!!ㅎㅎ무선마우스 사은품도 화이트로 깔끔합니다!! 디자인도 만족스럽구요ㅎㅎ그램은 성능대비 너무비싸요..진짜 무게빨로 다먹는..무게욕심만 살짝 내려놓으면 좋은성능에 좋은가격으로 살 수있습니다ㅎㅎㅎ코딩용으로 샀는데 코딩도 무난하게 잘돌아갑니다ㅎㅎ사은품 신청하려고 포토리뷰 작성하는데 굉장히 길게 써야하네요ㅋㅋㅋ사은품 부탁드립니다~~,[]
