"1,799,000"
date,star_point,comment,photo
21.03.16.,5,1.성능은 말할것 없어요.무지 좋아요. 배그 국민옵션 200까지 유지가능 풀옵에서도 150이상 뽑아줘요. 144헤르츠 방어 문제없어요. 2.발열은 걱정 없어요. CPU GPU 배그 풀옵션일때 73도정도. 3.팬소음은 아주 훌륭해요. 예전에 사용햇던 게이밍노트북이랑은 비교가 안되요. 예전에 HP게이밍북사용했는데 소음이 두배정도 되는데 발열이 별로였어요. 4키보드 RGB 자기마음대로 조정가능해요. 5.모니터 밝기 300니트. 144헤르츠 충분해요 6.재질이 메탈이라서 고급져요. 맥북같아요 만지는 느끔이. 7.따라온 헤드폰은 보통이고 가방은 아주 좋아요 .크기도 크고 메끈도 넓고. 8.배송은 경기도 주문하고 이튿날에 받았어요 .그것도 오전. 총결: 한마디로 성능면에서는 걱정할것없어요. 저는 게임만 하려고 샀는데 게임하기에는 모든게 맘에 듬니다. 아수스 스티릭스랑 비교하다가 이걸 구매햇는데 가격또한 착해요. 이가격에 이성능 제개인적으로는 완벽해요. 고주파문제도 없고 .아주 강추. 여기에 10만원 스팀쿠폰까지. 완벽그자체. 게이밍 하려는 분들은 구매하시면 후회없을겁니다.,[]
21.02.28.,5,다른 제품을 기다리다가 이 제품을 알게되어 구입하게 되었습니다. 이 정도 성능에 이 가격이면 가성비면에서는 정말 따라올 제품이 있나 싶을 정도입니다. 아주 양품을 받게되어 매우 기쁩니다. 특히 이 제품은 노트북 30 라인업중에 TGP 가 꽤 높은 3060 맥스-P 제품인데다 논옵티머스 설정이 가능하기 때문에 스펙상의 수치보다 상위 제품과의 성능 차이가 크지 않을 것으로 예상하고 있습니다. 시작 화면이 무척 깔끔합니다. 윈도우 부팅도 무척 빠릅니다. 키보드 구성이 심플하고 깔끔하여 좋습니다. 윈도우 설치가 진짜 몇초만에 끝나버려서 깜짝 놀랐습니다. 성능 무엇..? 무엇보다 원클릭 드라이버 설치 와 .. 이거 정말 너무 좋네요!!! 편해요!! 화면도 시원시원하고 다른 문제없이 아주 양품이 왔습니다. 3D 마크도 돌려보았는데 소음도 이 정도면 전 크다고 느껴지지 않네요. 아주 만족합니다. 파이어 스트라이크 스코어 입니다. 밸런싱 모드에서 측정하였습니다. 솔직히 평소에 익스트림 모드 잘 안쓰시잖아요? 실성능 사용시 이 정도 나온다고 보면 될것 같습니다. 이상 리뷰입니다. 좋은 제품 굿~!,[]
21.03.10.,5,"3/7일 구매해서 3/9일 배송받았습니다. 배송은 빠른편이였고, 성능또한 기대대로 잘 나와주네요. 우선 cpu 성능은 인텔 11세대가 아니여서 조금 아쉬웠지만 10세대 i7급 8코어 16쓰레드와4.7ghz까지 올라가는 주파수 덕에 ddr4 3200mhz 램과의 콜라보를 보여주며 부팅부터 매우 빨랐습니다. 발열은 코어별로 차이가 좀 있었지만 최대 86도까지 올라가서 매우 높은 편은 아니였습니다. rtx3060의 퍼포먼스 또한 매우 만족스럽네요. 3d mark 파이어 스트라이크 기준 그래픽점수 22,000점을 가볍게 넘기는 max-p 버전으로 본연의 제성능 제대로 내주고 있네요. 발열또한 최대온드 75도여서 매우 준수합니다. 최대 성능을 보여줄때 팬소음은 게이밍 노트북이 의례 그렇듯 조금 있는 편이지만 비행기 이륙하는 만큼 정도는 아니였고 제기준 헤드셋 끼지 않고서도 충분히 즐길만한 수준이였습니다. 17.3인치 144hz 주사율은 게임을 즐기기엔 충분했고 무척 부드러웠습니다. 끝으로 전체적인 마감등의 수준은 상 하판 모두 상당히 견고했고 마감 또한 깔끔하네요. asus 제품과 고민했었는데 램 업그레이드 및 고급백팩 /헤드셋 과 카드할인등의 다양한 혜택으로 msi를 선택하게 되었네요. 앞으로 고장없이 잘 관리하며 사용하면 좋겠습니다.",[]
21.02.26.,5,"GP76 10UE 현재 노트북 시장에서 형성되어 있는 가격대를 보면 완성도, 성능 등 전체적인 측면에서 독보적이라고 보입니다. 하판 열었을 때 A/S 불가능해지는 점이 있지만 보증기간 내에 하판 열게 될 일은 없을 것 같습니다. 제품 받아서 윈도우 설치와 드라이버 다 잡고 BIOS 포함 업데이트 모두 진행하니 논옵티 설정했을 때 화면 꺼짐 문제도 없습니다. 3dmark 점수도 준수하고 발열해소도 수준급입니다. 혹시나 해서 -0.06으로 언더볼팅 했을 때, 그리고 하지 않았을 때 각각 측정한 결과 cpu 온도가 너무 착해서 언더볼팅 굳이 안해도 될 듯 합니다. 탑재된 3060 TGP도 130W로 세팅되 있으니 온전한 성능 다 쓸 수 있을 것 같아 매우 만족합니다.",[]
21.03.12.,5,"주문하고 바로 그 다음날 받았습니다. 다른 노트북과 고민고민 하다가 램업글에 RTX3060에 반해서 훅 질렀네요. 여자가 사용하기에는 무겁긴 하지만 그래픽플그램 사용자이므로 감안해서 써야겠지요. 디자인은 깔끔하구요. 키보드 배열도 너무 편하네요.~ 어제 프로그램 깔고 구동시켰는데 너무 잘 돌아갑니다. 화면도 깨지는 것 없이 깨끗하고, 롤게임 돌려봤는데 아주 선명하게 팍팍 됩니다. 당분간 너무 잘 쓸것 같습니다~~",[]
21.03.16.,5,"제품 배송은 매우 빨랐던 것 같습니다. 이번 GP76은 성능도 좋은데, 디자인이 기존의 MSI 제품에 비해 많이 차분해서 더 만족스러운 듯합니다. 전체적으로 고급진 느낌을 주는 외형과 뭔가 알루미늄의 재질같은 느낌이 드는 전체적인 모습은 가격대비 멋진 외형아닌가 싶습니다. 성능은 그동안의 GP시리즈에서 보여줬던 것 처럼 CPU, GPU 잘 뽑아내는 것 같습니다. 디스플레이도 제가 이전에 쓰던 제품에 비해 밝고 좋습니다.",[]
21.03.14.,5,"15인치 버전인 GP66에 이어서 17인치 버전인 GP76을 또 구매했습니다. 소음, 발열, 성능, 키보드 느낌 모두 만족하구요 투박하지만 믿음직 스러운 디자인 포함해 100점 만점에 90점 주고 싶습니다. 게임 노트북 오래 쓰시고 싶은 분들은 이거 반드시 구매하세요. 배송은 하루 정도 더 걸릴 수 있는데 물건받고나니 너무 만족스러워서 하루 더 기다린 보람이 있습니다. 물량 바닥나기 전에 얼른 저렴한 가격에 구매하세요.",[]
21.03.15.,5,요즘 데탑 가격때문에 데스크탑도 포기하고 병원도 가야해서 노트북으로 갔습니다. 소음은 설정으로 만져도 된다지만 데탑만써오시다 노트북가시는분들은 소음 적응이 안되실수도 있겠다만 이부분은 설정으로 잘 조절하시면 가능한것 같습니다 i5 4690컴으로 써오다 넘어오니 프레임드랍도없고 정말 신세계네요... 소음 감안할정도로 구매는 잘한 선택인것 같습니다. 제품추천드립니다,[]
21.03.06.,5,"비슷한 사양에 기가바이트랑, 에이수스, MSI 고민 많이 하다가 결국 MSI로 선택했네요. 화면두 17인치에 게임 화면도 시원시원한게 너무 만족스럽고 성능도느린 노트북만 쓰다가 게이밍노트북으로 게임 돌려보니 고퀄에 잘돌아가네요가격대비 진짜 노트북 잘산것같고 하자나 문제도 일단은 없고 앞으로도고장만 안난다면 오래동안 잘쓸것 같습니다~ 사진은 LG14인치노트북하고 MSI노트북 비교 사진으로 같이 올립니다 잘쓸게요^^",[]
21.03.14.,5,msi노트북을 영상편집용으로 구매하게되었네요.타사제품도 알아보고 했는데가격대비 성능이 좋은게 msi gp76라 생각해서선택했는데 사용해보니 너무 좋아요~무게는 무겁지만 집에서 쓸거라 상관없네요.키보드 색상도 변경된다해서 바꿔보았는데 맘에들어요~힌지부분 문제가 있다는 댓글도 봤는데제껀 정상적으로 잘 받았습니다!예약판매라 4월엔 받는줄 알았는데배송도 빨리왔어요^^ 이벤트로 가방 및 해드셋 등등받았는데 은근 기분좋네요~굿굿,[]
21.03.14.,5,일단 17인치 답게 큰 느낌이 있습니다.사은품이 가방이여서 단고 다닐 수 있어 좋아요 헤드셋까지줘서 좋아요 전반적으로 다 마음에 듭니다.스펙도 역시 좋은편이라 쌩쌩하게 다 잘 돌아가 느낌이 좋네요 제품 강추입니다 특히 큰 화면 원하시는분들 좋을거 같습니다. 키보드 led도 누를때마다 색도 바뀌고 여러모로 기능도 많아서 좋네요,[]
21.03.01.,5,"MSI 만듦새가 많이 좋아졌네요 불량화소도 없고 마감도 이정도면 만족합니다. 게다가 이가격에 논옵티머스가 되다니 가성비 훌륭하네요(안된다는 분들 계신데 부팅시 UEFI로 설정하면 MSI 드래곤센터에서 논옵티머스로 변경 가능), 논옵티머스 하니 배그 144hz풀옵 그냥 되네요 ㅎㅎㅎ 팬속도 드래곤 센터에서 조정하니 게임 안하면 팬 안돌아가서 무소음에 가까움.. 배송도 빠르고 잘 샀다는 생각드네요.. MSI 별로라는 인터넷 의견들이 많았는데 앞으로 믿고 구매해도 되겠네요! 잘 쓸게요~~",[]
21.03.16.,5,"그때도 만족하였는데, 이번에 델 xps쓰다가 느려져서 큰맘먹고 구입했는데속도도 빠르고 주사율도 높아 화면 매끄럽고 좋네요!! 굳이 게임하는 용도가 아니더라도 가벼운 프로그램 돌리기에도 엄청 좋은것 같습니다!넘 만족하고요. 가방도 잘쓰겠습니다. 감사합니다!",[]
21.03.09.,5,금액 대비 가성비가 좋고 MSI 계열 노트북을 매번 사용 하지만 실망 시키지 않아 부담없이 주문했어요 단 배송이 좀 나만 그런가 많이 늦게 왔는데 기다린 만큼 가치 있는 제품이라 생각해요 좀 묵직함은 있지만 잘 사용 하겠습니다.,[]
21.03.10.,5,일단 상품을 받았습니다 다양한 이벤트도 진행중이라 램도 업글받고 추가로 또 512기가 구매했습니다 잘 확인 되구요 논옵티머스에서 고생좀 했네요 ㅠ컴맹은 빛 바램 현상이 있는거 같은데 크게 문제 될 것 같지 않네요 as말이 많지만 제품면에서는 뛰어난거 같네요,[]
21.03.12.,5,정말 오랜만에 노트북사는거라 엄청 고민해서 결정한 제품입니다. 최신사양에 그래픽카드까지 그리고 화면까지 고르다보니 요거만 남더라구요 ㅎㅎ일단 예약판매가아니고 바로배송해주셔서 너무 좋았습니다.디자인도 너무화려하지않아 좋고 성능은 뭐 말할것도 없이 좋습니다. ~~~~~게이밍노트북은 처음인데 오래 잘쓸거같네요,[]
21.03.10.,5,원래는 hp에omen시리즈를구매했는다 반품하고이 제품으로구매 참잘한것같아요 성능이 진짜좋아요 레드 데드 리뎀션2 랑 콜오브듀티 화질설정 울트라로설정하고 개임해봤는데 fps도잘나와요 키보드 너무멋있어요 ㅋㅋ 그리고 옵티.논옵티모드때문에 짜증나는분들이 쫌있어보이는데 bios를최신으로 깔고uefi모드로 실행하면？求求？,[]
21.02.27.,5,커다란 검은색 박스에 노트북을 포장해 놓았습니다. 단순히 무지 박스를 사용하는 제품이 많다는 점을 생각해보면 패키지에 꽤 신경 썼다고 생각합니다. 노트북 화면은 큼지막하니 좋습니다. 17인치로 쾌적하게 활용할 수 있습니다.개인적으로 깔끔한 GP76 디자인이 마음에 듭니다.,[]
21.03.05.,5,원하던 노트북을 바로 발송 받고 후기씁니다 성능은 말할것도 없고 셋팅후 사용해보니 렉도 없고 좋습니다 데탑이랑 비교해도 쓸만한거 같습니다 다만 게임 돌아갈때 약간의 펜소음은 있습니다 멀티로 모니터 이용가능한것도 좋고 이만한 가성비는 없는거 같습니다 강추드립니다,[]
21.03.14.,5,"배송도 요즘 RTX 30 시리즈 관련 노트북은 느린데, 고지도 정말 잘해주시고 배송관련 일정도 잘 지켜지는 것 같아 매우 만족도가 높습니다. 상품 잘 받아보았으며, 성능 역시 매우 좋은것같아요. 현재 RTX 3060 관련하여 나온 노트북 중에서는 가성비도 괜찮은 것 같아요. 발열 잘 잡는 시스템으로 되어있어 게임하는데 지장 없는게 제일 좋은점인 것 같습니다.",[]
21.03.15.,5,박스 크기와 안에 포함된 제품들에 놀랐습니다! 예상대로 다양한 이벤트 사은품들이 들었었고 17인치의 큰 노트북을 봐서 만족했습니다. 전체적인 디자인과 키보드도 좋았습니다. 확실히 무거운 편이지만 다른 면을 생각하면 충분히 괜찮다고 생각이 들었습니다. 노트북도 탱크지만 배터리도 탱크인 단점은 어쩔수 없는 것 같습니다.,[]
21.02.22.,5,데스크탑만 사용하다 첫 구매한 노트북이라 유튜브에 인터넷에 여기저기 검색해서 구입하게 되었는데 무료 램업글에 헤드셋까지 너무 감사하게 잘쓰겠습니다. 언빡싱하고 윈도우설치하고 잘 사용하고 사용후기도 올리겠습니다.,[]
21.03.13.,4,처음으로 노트북사게되었네요 근 한달간 고민하다가 gp76으로 샀습니디 듣던대로 성능도 좋고 맘에드네요ㅎㅎ게이밍노트북으로 하나 사봤는데 계속 오래쓰고싶네요배송은겁나 빨랐습니다 디잔도이쁘고요다만 무게가 꽤나가고 소음이 조금납니다만감안할수준입니다,[]
21.03.21.,5,우선 배송이 하루만에 와서 좋고 성능은 말로 표현하기 어려울 정도로 정말 좋네요ㅎㅎ무게는 어느정도 무거울거라 예상은 했지만 쿨러 돌아가는 소리가 생각보다 커서 좀 당황하긴 했지만 그래도 만족하며 잘 사용하고 있습니다ㅎㅎ,[]
21.03.18.,5,그래픽도 성능도 딱 만족스러워요 ㅎㅎ넘 잘산것같아요 게임도 그럭저럭 잘돌고 발열도 심하진않아요 더 하용해봐야겠지만 우선 만족요전원어댑터 짱커요 ㅎㅎㅎㅎ제세한 구매후기 포스팅 남겨요 참고하세요http://m.blog.naver.com/sidsid1981/222279511542,[]
21.03.10.,5,17인치가 이렇게 크기도 작아지고 성능도 제겐 만족스럽네요 작업과 게임 모두 가능해서 넘 좋습니다 15보다 17이 마음에 드네요,"['https://shopping-phinf.pstatic.net/20210311_5/ac1eb991-4c17-4fef-995e-fdbf040402a6.jpg?type=f287', 'https://shopping-phinf.pstatic.net/20210311_25/7615ac5b-00e2-4f0d-b88a-4b588d671e95.jpg?type=f287']"
21.03.17.,5,1050 노트북쓰다가 큰맘멈고 구입했어요 혹자가 디자인 투박하다고 했는데 키패드에 불들어오니 이뻐요 ㅎㅎㅎ 잘쓰겠습니다.,['https://shopping-phinf.pstatic.net/20210319_22/5f81850a-531d-4868-9ed0-b337098c6ca1.jpg?type=f287']
21.03.07.,5,빠른배송부터별점5개박고시작하겠습니다ㅋㅋㅋ 작동완전잘되고요성능가성비로쥑입니다오래오래잘사용하도록하겠습니다사은품으로받은가방잘쓸게요ㅋㅋㅋㅋmsi감사합니다,['https://shopping-phinf.pstatic.net/20210309_2/e4dfaf4e-52da-4cab-afe8-61c3cc2ca054.jpg?type=f287']
21.03.18.,5,윈도우까는게 처음이라 버벅인거빼면 물론 드라이버까지만설치했고 뭘해본건아니지만 노트북이란생각이 순간안들정도로 정말 좋았어요 배송은 .. 어제시켰는데오늘오전에왔..개빨랐..,[]
21.03.20.,5,콜옵 블랙옵스 콜드워 풀옵 60fps방어 가능하고 발열관리도 매우 잘 되어서 프레임 드랍을 못느꼈습니다.게임도 게임이지만 미디어 컨텐츠 소비하기에도 17인치라 쾌적하게 사용할 수 있습니다,[]
21.03.16.,4,3060 탑제된 노트북을 찾다가 알아보고 구매하게 ？榮쨉？ 대체적으로 만족합니다. 노트북은 8년만에 구매하는건데 전에 쓰던 제품이랑은 비교도 안되게 좋습니다. 다만 택배가 좀 아쉽네요..ㅎ,[]
21.03.17.,5,예전에 게이밍 노트북 사용해본것보다 훨씬 조용하네요 데스크탑 1060 쓰다가 넘어왔는데 완전 만족스럽습니다~,[]
21.03.16.,5,이제 켜고 셋팅중 빛샘이 하단부좀있네여 ㅠ as신청 후기에 해볼게요스팀코드가 되면 좋겠어요,[]
21.03.23.,5,가성비 최고입니다발열도 괜찮고요. 팬 최대로 돌아갈때는 소음이 좀 있어요.전반적으로 매우 만족합니다.,[]
21.03.15.,5,상품배송이 일단 정말 빨라구요 이가격에 이정도 성능이면 최고의 가성비라고 생각합니다 발열도 잘잡아주는거같고 팬소음은 조용한 모드로 하면 정말 조용합니다 상품 만족합니다,[]
21.03.19.,5,생각했던거 보다 많이 조용하고 디자인도 깔끔하네요.영롱합니다.,[]
21.03.17.,5,배송이 아쉬웠지만 성능은 엄청납니다!!!,[]
21.03.22.,5,배송이 정말 빨랐고 알아보다 추천받아 구매했는데 넘 좋아요! 게임도 무리없이 잘 돌아가고 아주 만족하며 잘 쓰고있어요ㅎㅎ,[]
21.03.19.,5,"배송은 결제후 다음날 도착했고, 상품도 아무이상없었습니다.3070사고싶었는데 시간이없어서 그냥 3060 샀는데 겜도 잘되고 화면도 커서 피씨쓰는느낌입니다.많이파시고 감사합니다.",[]
21.03.20.,5,빠른배송 만족합니다,[]
21.03.17.,4,배달도하루만에왔고 컴퓨터상태도양호해서 좋습니다 사양도 너무너무 만족합니다,[]
21.03.15.,5,Ram 업그레이드에 빠른 배송 성능 모두 좋습니다~~만족 합니다~~,[]
21.03.18.,5,상품상당히 맘에드네여 잘쓰겠습니다 성능이 우수합니다,[]
21.03.13.,5,배송 정말 빠릅니다. 윈도우 설치후 내부 파티션에 들어있는 원터치 셋업 설치하시면 빠르게 이용할 수 있습니다. 200만원 아래가격으로는 가장 합리적인 제품이라 생각되네요,[]
21.03.12.,5,배송이 빨라서 만족합니다.게이밍노트북 특성상 무게나 소음은 어쩔 수 없는 부분이지만 발열도 잘 잡아주는것같고 가격대비 최고의 성능입니다.,[]
21.03.21.,5,디자인도 이쁘고 가격도 만족합니다 발열도 적당하고 펜소리도 조용해서 만족 합니다,[]
21.03.09.,5,"17인치답게 묵직함. 그러나 성능에서 너무 만족해서 다른 단점들은 눈에 들어오지 않음첫 노트북이라 그런지 기대가 컷고, 기대만큼의 성능을 보여주는 중",[]
21.03.14.,5,성능이 좋은건 확실합니다 무게는 조금 나가는편이고 발열이 생각보다 높아요 그덕에 쿨링팬이랑 배기에서 나오는 소리가 꽤 큽니다 배송은 빨랐습니다.,[]
21.03.13.,5,배그하는데 펜양쪽으로 돌리니56도에서 안올라가네요 ㅎㅎ 좀시끄럽긴하지만 헤드셋끼고해서 괜찮습니다 성능도 좋네요,[]
21.03.21.,5,배송 엄청빨라요! 하루반만에 도착해서 놀램 ㄷㄷ,[]
21.03.13.,5,안녕하세요항상 데스크탑만쓰다가 처음으로 노트북 구매를 했습니다처음 사본거지만 굉장히 맘에들고 왠만한 컴퓨터 보다 성능도 좋네요 ^^잘산거 같습니다 추천추천,[]
21.03.06.,5,빠른배송 그리고 뛰어난 성능 화면보고 너무 좋다는 느낌을 받았습니다. 그래픽 작업으로 산 만큼 만족이됩니다.,[]
21.03.13.,5,정말 좋습니다 성능테스트했는데 잘 나오네요.왠만한 게임풀옵으로가능하구요ㅎㅎ,[]
21.03.04.,5,직접 픽업했고 오랜만에 구매한 노트북이라 그런지 체감이 확 됩니다. 고사양 게임도 잘 돌아가고요. 너무 잘 구매한거 같네요 ㅎㅎ,[]
21.03.06.,5,배송이 정말 빠르고 노트북은 처음인데 너무 만족하고 있습니다 별점 5개!,[]
21.03.14.,5,첫노트북 정말 만족합니다 화면도 깨끗하고 불량화소 이런것도 하나도없네요 앞으로는 노트북만 살까 생각중입니다 많이파세요 ㅎ,[]
21.03.09.,5,상품잘 받았어요.아들 공부 열심히 하라고 구입했네요.,[]
21.03.13.,5,"17인치 디스플레이, RTX3060(Max-P), 8코어 이상 조건으로 노트북 많이 비교해보고 결정했습니다. 성능도 만족스럽고 키감도 좋네요. 배송도 매우 빨랐고 사은품도 잘쓰겠습니다.",[]
21.03.06.,5,불량화소 하나없는 양품으로 잘받았습니다.,[]
21.03.05.,5,잘받았습니다 키보드 불이 참예쁘네요 ㅋㅋ,[]
21.03.10.,5,"성능 좋습니다. 발열도 잘잡아주고 그래서 그런지 게임돌릴 때 쿨러돌아가는 소리가 좀 큽니다. 게임 정말 잘돌아가고 캐드, 스케치업도 당연히 무리없이 잘돌아갑니다.",[]
21.03.07.,5,성능 기가막힙니다 잘 쓸게요,[]
21.03.09.,5,너무 빨리왔고 상태도 좋고 성능에 아주 만족합니다. 가방도 너무 좋아요,[]
21.03.08.,5,배송빠르고 좋았어요.램도 무상으로 교체해줘서 더 좋았고요. 거기다 핸드셋과 가방도 주셔서 감사합니다 잘쓰겠습니다 저렴하게 산거 같아 좋네요.,[]
21.03.13.,5,많은 고민끝에 선택해서 구매했는데 디자인도 괜찮고 성능도 좋습니다. 잘 쓰겠습니다,[]
21.03.14.,5,그럭저럭,[]
21.03.11.,5,배송 속도 및 빡스 내부 보양 상탸부터 만족했습니다!사은품인 백팩 헤드셋 아주 마음에 들구요!!!다음에 더 좋은 제품이 있다면 다시 구매할 의향 있습니다.,[]
21.03.11.,5,하루만에 배송완료됐고 안망가지게 뾱뾱이처리도 잘돼서 왔네요감사합니다,[]
21.03.04.,5,물건 잘 받아습니다 그런데 배송이 너무 느려요 ㅠㅠ 발열 없고좋네,[]
21.02.21.,5,어제 받았는데 무거운거 빼고 좋습니다. 디스플레이도 좋고 다 괜찮은데 팬 돌아갈때 비행기 이륙하는줄 알았네요.,[]
21.03.12.,5,노트북도 노트북이지만 백팩에 헤드셋까지 컴알못이라 게이밍노트북을 처음 사는데 너무너무 만족합니다,[]
21.02.24.,5,현 게이밍 라인업중 가장 믿고살수있는 라인업 아닌가 싶습니다.불량화소 없고 고주파이슈도 전혀없네요3060이라지만 tgp기 높아서 제성능 쏠쏠하게 뽑습니다.믿고사셔도 될듯합니다.,[]
21.03.12.,5,너무 좋아요~~속도도 빠르고 너무 멋져요,[]
21.02.22.,5,데스크탑 대용으로 간혹 이동하며 사용하는데 성능 너무 좋습니다.,[]
21.02.21.,5,3060탑재 17인치 노트북 중엔 제일의 가성비를 가진 모델입니다.,[]
21.03.11.,5,"어제 오전 주문하고, 금일 점심떄 받아 셋팅중입니다.일단 노트북 + 사은품+ 추가 구매(보호필름/파우치) 이상없이 잘 왔습니다.이제 하나씩 하나씩 체크해 보겠습니다.감사합니다.",[]
21.02.27.,5,소음이 좀 심하지만 게이밍 노트북 특성상 만족합니다,[]
21.02.27.,5,"배송도 빠르고, 너무 좋아요!!",[]
21.03.02.,5,엄청 고민하다가 결국 Msi 제품을 구매하게 되었습니다불량없는 양품받아서 기분 좋습니다감사합니다,[]
21.02.27.,5,배송도 빠르고 사은품도 주시고 너무 잘 산 거 같습니다.,[]
21.02.23.,4,오늘 받았습니다성능 좋고 화면이 커서 좋았습니다하지만 조금 무거웠습니다,[]
21.02.25.,5,가격착하고 성능착하고 배송착하고 잘쓸게요,[]
21.03.06.,5,"Ini adalah sebuah mesin tempur buat saya,barang yang saya impikan dan sekarang saya memilikinya,ini adalah sebuah kebanggaan buat saya,terimakasih,.Banyak juga banusnya,saya sangat suka..",[]
21.03.12.,5,좋습니다.ㅎㅎㅎㅎㅎㅎ,[]
