"1,999,000"
date,star_point,comment,photo
21.02.28.,5,1.성능 이전엔 맥과 데스크탑으로만 사용을 하던차에 고성능 게이밍 노트북을 구입하고 싶어 공부를 많이 했네요. 게이밍 노트북을 고르는데 있어서 제일 중점을 둔것은 CPU와 그래픽카드 그리고 어댑터 용량과 발열성능입니다. 우선 CPU는 인텔사의 10세대 CPU로서 사실상 성능상으론 의심의 여지가 없습니다. 타사의 최신형 모바일 시피유가 인기를 끌고 있긴 하지만 고클럭 부스터와 기존 공정의 축적된 노하우가 녹아 있어서 그런지 노트북이라는 인식을 못가질 정도로 퍼포먼스가 압도적이었습니다. 그리고 제일 관심을 가졌던 그래픽카드는 무려 데스크탑 그래픽 카드에 성능이 육박할 정도였습니다. 이것은 높은 어댑터 용량으로 인해서 가능한 것으로 봅니다. 그래픽 카드가 숫자만 같다고 다 같은 성능을 안내는 거라는걸 이번에 공부하면서 알게 됐네요. 그래픽 카드가 요구하는 전력을 충분히 공급해주면서 발열을 제대로 관리해줘야 제성능을 낼 수 있게 되는데 본 제품은 충분히 데스크탑 버전에 거의 육박하고 이후 소프트웨어로 조금만 더 손봐주고 발열관리만 해주면 데스크탑버전에 거의 육박합니다. 내장된 ssd는 제가 데스크탑에서 벤치마킹 현재 1위하는 제품을 쓰고 있는데 차이가 전혀 느껴지지 않을만큼 빠르고 상쾌하네요. 2.디스플레이 144메가 헤르쯔답게 실사용에 있어서도 매끄러움과 부드러움을 그대로 가져온듯 합니다. 무광택이라서 눈이 편안한 감이 있고 300니트 밝기라서 사용하는데 선명함과 쾌적함을 주는 것 같아요~ 3.무게 및 이동성 소음 무게는 상당합니다. 전체가메탈바디인데다가 발열을 위해 이렇게 만든것 같네요 고성능을 위해서는 당연한 것이라고 봅니다. 소음은 gpu를 풀로드로 돌릴경우 소음이 올라오지만 평소에는 정숙그차제라고 볼 수 있습니다. 게임을 한다고 해서 무작정 풀로드로 돌아가는건 아니니 실사용에 전혀 문제가 없네요. 4.총평 이 가격대에 이제품을 살수 있다는것은 대단한 일입니다. 무조건 추천합니다. 제가 제품 마감과 성능을 아주 중요하게 생각하는데 거기 기준에 있어서 전혀 빠지는 것이 없네요. 그래서 사실 먼저 빨리 사는게 남는 장사같네요.,[]
21.02.21.,5,"GP76 레오파트 10UG 구매후기 포장 및 외형 : 포장은 괜찮네요. 사은품 가방도 들어있어서 큰박스에 올줄알았는데 생각보다 작은 상자에 담겨와왔습니다. 외형은 심플해져서 맘에드네요. (힌지 불량도 있다는데 저는 양품입니다.) 성능 : 8코어 16쓰레드! 좋네요 역시.. 파이어스트라이크도 아주 높게 나오고 시네벤치도 아주 성능이 높게 나왔습니다. 게임이나 작업용이나 아주 쓸만합니다. 3070랜탑 GPU중 성능은 아주 높게 나오니 걱정하지마시고 이 제품 구입하세요. 화면 : 17.3인치의 큰 화면에 144hz는 최고입니다. 고사양게임을 돌리기에는 144hz로도 충분합니다. (불량화소에 대한 뽑기운도 필요하다는데 저는 양품이네요.) 쿨링 및 소음 : 큰 노트북 답게 쿨링은 아주 좋습니다. 뭐 게이밍 노트북 답게.. 풀로드시 소음은 제법 큽니다. 소음이 제법 있는 만큼 쿨링성능이 뛰어나니 장시간 및 장기간 사용하기에는 좋다고 볼수있네요. 기타 성능 : 많은 분들이 궁금해하는 논업티머스 설정이 됩니다. 물론 이것저것 찾아보고 순서대로 작업해야 가능하긴한데 어려운것도아니라서 당황하지만 않으시면 초보분들도 쉽게 논옵티 설정하실겁니다. 총평 : 설명에 나와있지 않는 논옵티머스 설정도 되고 램도 삼성램이 넣어져있구 맘에듭니다. 사진을 보시면 아시겠지만 3070 MAX-P 제품을 달고나와서 성능, 화면, 쿨링 뭐 하나 나무랄게 없네요. 강추합니다!",[]
21.02.19.,5,"명절이 막 지나고 난 후라 4일만에 받았습니다.배송은 좀 느렸지만 가성비는 최곱니다일단 첫번째로 배터리 전압이 높아서 같은 사양에 다른 노트북 제조사보다 성능이 더 높게 나옵니다랩탑 그래픽카드임에도 불구하거 데스크탑이랑 대동소이하게 나옵니다.이건 인터넷에 검색만 해봐도 금방 나오더라구요요즘 유행하는 채굴도 돌려봤는데 기본 해시가 54에애프터버너로 오버하면 65까지 나오더라구요두번째로는 그럼에도 불구하고 온도 관리가 매우 뛰어납니다소음은 조금 아쉽지만 애프터 버너 사용해서 3시간 풀로 돌려도 방에서 62~64도를 꾸준히 유지하더라구요날이 추워서 그런지 배란다에서 돌리면55~56도정도로 쿨링 성능은 최고인것 같습니다.세번째로는 가성비가 극강입니다 행사중이라 182만원에 구매했고 잡다한 사은품도 주지만, 게이머로써 스팀 10만원 쿠폰 꽤 크게 작용했습니다. 게임 좋아하시는 분들은 체감 비용이 -10만원 되는것 같습니다.2월 19일 기준으로 이더리움 하루 캐면 8,800원정도나오기 때문에 사용 안할때 캐도 괜찮은것 같습니다.요즘 그래픽카드 값이 많이 올라서별 기대 없이 노트북으로 구매했지만 결과는 대만족 입니다.외관도 메탈바디라 조금 고급 스러운것 같고키보드 배열이라던지 펑션키 위치가개인적으로 마음에 들었습니다그리고 동영상 올려 놓은것 것처럼 키보드가 누른키만 색깔이 은은하게 바뀌면서 원래 색상으로 돌아오는게 별거 아닌데도 마음에 들었습니다.팁하나 드리자면 마우스 터치패드 부분손가락 두개로 드래그하면 휠기능이 됩니다",[]
21.03.20.,5,"좋았던점 모니터: 1차예판시에 모니터가 144hz였는데, 구매한 2차예판리스트에서 244hz로 내용이 바뀌었습니다. 그래서 기존 구매자들도 144hz짜리로 올까봐 참 걱정을 많이했는데, 공짜로 업그레이드 해주고 보내셔서 이 부분은 진짜 고맙게 느끼고 있습니다. 하드웨어사양: 최대 TDP 140W짜리로 A사보다 10W더 높습니다. CPU는 제가 원했던 회사는 아니라 좀 아쉬웠지만, 그래도 아직까지는 인텔이 모빌리티 환경에선 노하우가 녹아있어 최적화가 잘되어있기에 좀 더 낫습니다. 사은품: MSI 고급 백팩, MSI 보급형 헤드셋 정말 만족합니다. 큰 기대는 안했는데 백팩 원가가 10만원짜리였던걸 보고 깜짝놀랐습니다. 대체 이벤트로 얼마나 퍼주는건지.. 이렇게 퍼주면 MSI는 뭐가남나요~~ 성능: 성능 하나는 확실합니다. 파스 돌려보니 저는 B~C급 물건이 당첨되어서 매우매우 슬프지만.. 그래도 물건 자체가 좋은 걸로 만족합니다.. 발열: 발열해소 성능 확실합니다. 제가 지금까지 많은 종류의 게이밍 노트북들을 써봤지만, 날이 갈수록 쿨링시스템도 발전 하는 것 같습니다. 하루밖에 안됐지만 타이핑하면서 키보드 위로 열이 올라오는걸 느끼진 않았네요. 쿨링능력 좋기는한데 쿨러팬에 달린 날개 수가 많아서 그런지 그래픽카드 맥시멈으로 갈구면 비행기가아니라 제트기가 이륙하네요ㅋㅋ 그래도 쿨러가 일을 제대로 한다는 뜻이기에 이 부분은 이해합니다. 궁금해하실만한 단점 무거운 노트북: 게이밍 노트북이 무거운건 어쩔수가없습니다. 저전력으로 설계된 노트북이라면 모를까, 쿨링을 위해 내부에 히트파이프라는 철덩이들도 많이 들어가고, 고성능에서 안정적인 동작을 위해 수없이 박혀있는 소자들, 그리고 모니터도 2인치씩 늘어날때 마다 기하급수적으로 늘어나기에 어쩔수가없습니다. 불량품: 동일 모델의 노트북이지만, 노트북 제조사들도 기판에다 이것저것 조립해서 판매하는 조립식 노트북의 판매점일 뿐입니다. 뭐가 작동이 안된다거나, 어 나는 왜 벤치마크 점수가 낮게나오지 하는 것들(양품)도 결국엔 어쩔수가없는 부분입니다. 저 또한 평균이하의 노트북을 받아서 정말정말 슬프지만.. 완전 불량품이 걸리신다 하시더라도 뭐 이회사 믿고거르네 하시지는 마시고, 환불신청 하신 뒤에 다음 제품은 양품이 걸리기를 바라는 수 밖에 없습니다. 소음: 소음 측정할 때 세 가지를 보시면 될 것 같습니다. Dragon Center에서 CPU 그래픽카드 쿨링 맥시멈으로 설정한 뒤 맥스치에서 들리는 소음, 일반적인 게임을 할 때 들리는 소음, 웹서핑같은 간단한 작업만 할 때 팬리스로 돌아가는지 혹은 저소음이던지 골고루 확인하는 과정은 필수인 것 같습니다. 다들 양품 뽑으시길 바라겠습니다!",[]
21.03.06.,5,"고성능으로 돌리면 당연히 시끄럽습니다. 알고 산거라서 괜찮아요. 무엇보다 큼직한 화면으로 따로 모니터 연결 없이도 게임이 편합니다. 텐키도 옆에 달려있어서 숫자 칠때도 편하네요. 다만, 충전기 용량이 너무 크다보니 대체품 구하기가 힘듭니다. 충전기 무게가 얼만지는 모르겠지만 크고 무거워요. 다 들고다닐려니 넘 무겁습니다. 따로 팔아주세요 ㅠㅜ 저는 윈도우 따로 사서 깔았는데 이제 윈도우 깔린 버젼도 나오나봐요 그게 더 싸고 편할 것 같네요.그 외 게임은 정말 잘 돌아가는 것 같습니다. 나온지 꽤 된 게임이지만 어크 오디세이 최고 사양으로 전투 편하게 잘 돌아갑니다. 집에 있는 데스크탑보다 좋아서 친오빠가 부러워합니다. 겜 화면이랑 게임성능 나온거 올립니다 해석은 잘 모르겠지만 저는 만족스럽게 게임하고 있습니다. +) 원래 쓰던 키보드와 비교하여 '키가 좀 길어서 숫자키가 조금 오른쪽으로 치우쳐있습니다. 자꾸 다른 스킬을 써서 키보드는 원래 쓰던 기계식 키보드 연결해서 씁니다.",[]
21.03.04.,4,msi 노트북을 업무용으로 사용해봤기 때문에 게이밍 노트북 선택하면서 msi 브랜드 선택했습니다 asus와 한성 노트북도 사용해봤는데 asus제품은 수령이 오래걸리고 초기제품 이슈도 있고 한성제품은 구성이 msi보다 못한것 같아서 최종 msi 제품으로 정했습니다 제품 수령은 지난주 금요일에 했는데 사정상 리뷰를 바로 못적었네요 이벤트 참여도 마감되버려서 무척 아쉽네요 ㅠㅠ제품 사용해보니 부팅속도라던지 기본 성능은 좋은것 같습니다 불량화소도 없는것 같구요 리니지m 퍼플 버전 해봤는데 잘 돌아가구요 디아2 나오면 해볼까 합니다17인치 노트북은 처음인데 15인치 보단 확실히 가독성이 좋은것 같아서 좋습니다지금까지 써본걸로 괜찮은것 같습니다 좀만 사용해봐야 제대로 알수 있을것 같네요윈도우 설치하면가 드라이버 파티션 날려 먹은게 젤 아쉽네요 공홈에서 다운로드 받아서 설치해서 별문젠 없지만 권장사항에 파티션 삭제하고 새로 생성하라고 되어 있는 부분 땜에 날려먹은거 같아서 좀 그렇네요 처음부터 바로 설치되도록 설정해놓으면 되는데 삭제하고 생성하라는 건지 기본 uefi usb 부팅디스크로 설치하는 부분도 가이드에 추가해주면 좋겠습니다 제껀 legacy 버전으로 되어 있던거라 새로 만들어서 해결했지만 오랫만에 윈도우 설치하면서 고생했네요 그리고 드라이버 시디 파티션은 통으로 다운로드 할수 있게 제공해주면 좋겠네요 그거 제공하는게 어려운것도 아닌데 msi 카페가보면 요청하는 분들도 많은데 사실 구하기가 쉽지 않아 보이네요최소한 제품등록한 구매자한테는 제공해주길 기대해 봅니다,[]
21.02.07.,4,우선 빠른 요약부터불량화소 1개 당첨..그외엔 아직...다른 불량이 더 발견되지 않는다면 대만족할 제품게이밍 노트북 첫 구매입니다몇년 전부터 게이밍노트북 구매를 고민하다가이번에 큰맘먹고 몇주간 조사를 하다가좋은 기회에 저렴하고 좋은 제품 잘 구매한것 같습니다사실 주식용 가벼운 울트라북들로 알아보다가2021년 들어 RTX30번대 그래픽카드들을 탑재한 노트북들이 쏟아진다는 소식을 듣고 급 커브를 돌아 오래전부터 관심있었던 게이밍노트북으로 눈길을 돌렸는데요사실 아직 게임을 돌려보거나 하진 않아서 정확한 성능은 모르고 다른 사람들 하는것 보고 성능테스트용 프로그램들만 돌려본 상태인데요커뮤니티 반응들을 보니 점수가 꽤 높은것 같습니다빨리 리뷰 사은품인 스팀캐시를 받아 고사양 게임을 돌려보고 싶은 욕구가 올라오네요한가지 안타까운 점은 제가 받은 물건은 불량화소가 1개 나왔어요하지만 막 눈에 띄는 위치는 아니라서 다행이라고 할지...그외엔 아직 다른 불량 같은건 나타나지 않았어요이대로 다른 문제만 없다면 그래도 굉장히 좋은 노트북을 잘 구매한것 같아 대만족일듯 합니다고가의 기기이니만큼 제대로 살펴보고 구매확정해야 하는데빨리 스팀에서 게임 다운받고 싶은 마음에 뜯어보자마자성능테스트만 해보고 구매확정 후 리뷰 씁니다제발 다른 불량 없는 양품이길 !!!!!근데 구매 확정하고 나서 문제 발견되면 교환이나 a/s 등등 못받는건 아닐까 두렵긴 합니다별 한개는 불량화소 때문에 뺀거긴 한데진짜 불량화소만 없고 그외 다른 불량이나 문제가 발생하지만 않으면 별 5개 아깝지 않은 겜트북입니다,[]
21.02.26.,5,"기다리던 RTX 3000 계열 탑재 노트북들이 시장에 출시된 지 이제 2달이 되어가는 것 같습니다. 그동안 구매목록에 올려두고 있던, A 사의 ""신규 AMD CPU + 3000 계열 GPU"" 적용 노트북들의 초기 품질 불량 환불사태를 지켜보다, GP76 모델 추천 글들을 보고 구입하게 되었습니다. 물건을 받고, 제품을 열어보았는데 기대한 것보다 제품의 외관이나 마감 품질이 좋은 것 같습니다. 그동안 MSI 게임용 노트북에서 약점으로 지적된 LCD 화면 연결부(힌지) 이슈와 쿨링 구조 문제도 해당 모델에서 모두 해결이 된 것 같아요. [화면 연결부] 제품 성능을 확인하기 위하 3DMARK 를 몇 회 수행해보았습니다. 수행결과 성능과 온도 모두 준수합니다. [3DMARK] Cooler Booster 를 적용하면, 큰 팬소음이 발생하기는 하지만, CPU 와 GPU 모두 온도가 잘 잡히네요 (최고온도 CPU 77도, GPU 61도) 몇몇분들이 사용기에서 LCD 불량화소 이야기를 하셔서 조금 걱정이 되었는데, 제가 받은 제품은 다행히 불량화소가 없었습니다. 결론적으로, 잘 구입한 것 같습니다 현시점에서 가격과 성능 모두에서 균형을 갖춘 좋은 제품이에요.",[]
21.02.25.,5,"암드 세잔 시피유와 RTX30 시리즈 노트북을 사고 싶었지만, 물량 부족 현상과 TGP 문제로 결국 MSI GP76 LEOPARD 모델을 선택하게 되었습니다. 타사 모델은 물량 부족도 문제지만 초기 불량으로 특정 키 먹통, 고주파음 이슈가 있어서 구매하기가 꺼려지더군요. 게다가 아실 분들은 다 아시겠지만 이번 모바일 RTX30 시리즈가 TGP, 즉 전력 문제로 제 성능을 온전히 발휘할 수 없다는 정보를 입수한 후 고심이 컸습니다. 데스크탑이야 거대한 파워가 있으니 넉넉한 용량의 파워만 쓴다면 문제가 안되지만 파워에 비해 작은 어댑터를 쓰는 노트북은 다르죠. 그렇다고 구형이 된 RTX20 시리즈 모델을 구입하기는 싫더군요. 해외 노트북 포럼 사이트에서 확인 결과 MSI GP76 LEOPARD가 이번 RTX30 시리즈의 온전한 성능을 뽑아줄 수 있을 정도로 TGP가 가장 높은 것을 확인했습니다. 결국 가격도 합리적이면서 각종 초기불량 이슈가 적은 MSI 제품을 선택한 게 만족스럽습니다! 가성비 면에서 요즘 암드에 밀리는 인텔이지만, 인텔 i7 10870H는 RTX3070의 성능을 온전히 다 뽑아주고도 남습니다. 게다가 MSI 정품 헤드셋, 스팀 10만원 권 이벤트, 무료 8G 램 업그레이드로 총 16GB 램까지~ SSD만 1TB로 바꿔도 할인 이벤트로 인해 동급 사양에 200만 원 초반대 가격과 각종 사은품까지 받을 수 있는 유일한 노트북입니다. 완전 갓성비죠. 구매 안할 이유가 없어요. PER-KEY의 부드럽고 눌림성 좋은 키보드와 커스터마이징이 가능한 키보드 백라이트는 정말 게임 욕구를 팍!팍! 불러일으킵니다. 방에 불을 끄거나 간접 조명만 키고서 은은한 키보드 조명을 보며 게이밍을 즐기는 건 진짜 스펙타클합니다. 코로나 언택트 상황이 적어도 1년은 더 가는 상황에서 즐거운 시간을 보내고픈 게이머들의 강추 게이밍 기어가 되고도 남습니다. 이번 RTX30 모델 노트북 구매하시려는 분들은 꼭!! 이 제품 강추드립니다.",[]
21.02.24.,5,반나절 사용해봤습니다.제품은 전반적으로 만족스럽습니다.속도도 빠르고액정도 밝기가 전반적으로 좋고 색감도 좋은데 하단부에 빛샘이 살짝 있는 건 아쉽네요키보드는 나쁘진 않은데 처음 느껴보는 감촉이네요. 호불호는 더 써봐야 알 것 같습니다.인터넷 성능은 엄청 빠르긴 한데 오래 써본 건 아니구요그래픽 점수도 엄청 높게 나오네요. 그리고 무엇보다 그래픽 성능을 좌우하는 tgp가 140w입니다. 굉장하네요본체는 알류미늄 바디라 튼튼한 느낌이 드네요단점은.. 아답타가 많이 큽니다 ㅋ 벽돌 그 자체네요. 집에서 쓸 거니 크게 문제는 안되는데 카페에서 쓰면 쪽팔릴 듯합니다 ㅋ그리고 소음은 고성능 게임 돌리면 소리가 크긴한데 그건 어쩔 수 없는 듯요 ㅎ그리고 최대 장점은 가격인 것 같습니다. Rtx3070 중에 최상급인 칩 달고 이것보다 더 싼 것은 없는 것 같아요.,[]
21.02.25.,5,"조금 늦은 리뷰입니다. 이미 제 블로그에 상세하게 리뷰를 기록했지만 복사붙여넣기가 안되네요ㅋ rtx 3000번대를 기다리다가 어느정도 제품들이 나온 시점에서 구매를 진행했습니다. 제 예산의 max 는 250만원 이었고, 끝까지 ASUS ROG SCAR G733과 MSI GP76 10UG 가 저를 괴롭혔습니다. 결국 ASUS의 불량 이슈를 인정하고 포기하면서, 자연스럽게 MSI를 선택하게 되었죠. 결과는 대 만족 이었습니다. 사실 AMD CPU를 써본적이 없어서 직접적인 비교를 할 수 없지만, 노트북만을 사용해 온 저에게는 경험해 보지 못한 쾌적함 느끼게 하였습니다. 아 !저는 게임은 거의 하지 않지만 그래픽 작업때문에 고성능 노트북을 구매하게 되었습니다. 일러, 포토샵, 프리미어 프로, 애펙 까지 프로그램를 동시에 켜놓아도 작업하는데 FHD작업에는 전혀 불편함이 없었습니다.",[]
21.03.20.,5,"3070 그래픽 탑재노트북을 찾다가 gp76모델을 딱 발견했습니다3월초에 주문하고 2주정도 기다렸다가 배송 받았네요.전 운좋게도 240hz 모니터 적용된 모델로 받았습니다delet키 연타하면 바이오스 화면 진입가능하구요.부트메뉴에서 윈도우 설치 usb 찾아서 저장&리부트 시키면 윈도우 설치 진행합니다.윈도우는 인터넷 연결없이 진행하며, 원클릭으로 모든 드라이버 설치한후 인터넷 연결후 윈도우 업데이트 진행하면 됩니다그외 설정은 할것이 없네요논옵티 설정 방법도 있던데 추후 공부해서 적용해볼 생각입니다.1테라 ssd 설치할려고 하판 분리를 시도하였는데 첨에는 애좀 먹었습니다.유투브 영상 참고해서 결국엔 잘 하판 잘 분리했고m.2 sata 1테라를 끼웠는데 인식이 안되더라구요.급 당황 했지만 원래 nvme ssd랑 자리를 바꿔끼니 인식했습니다. 빈자리는 nvme 전용 슬롯인가 봅니다.모니터 불량화소 없고 전반적으로 양품 받아서 조으네요.참 기존 gp라인업 디자인 생각하면 안됩니다.지금 디자인 겁나 잘 빠졌어요정말x100 맘에 듭니다 ㅎㅎ",[]
21.02.27.,5,"저는 게이밍 노트북을 좋아하는 사람입니다. gp76구입하기전에는 에일리언웨어 , asus 제피로스 최상급 모델만 써왔습니다. 약 370만원정도 하는 모델들이요. gp76으로 기변한이유는 기존 사용한 asus노트북이 너무 시끄럽고 가격에 비해 마감이나 감성적인 부분이 너무 부족했기때문입니다. gp76은 일단 경쟁사 3080 모델과 거의 유사한 성능을 뽑아줍니다. 이점이 제일 맘에 들었으나 가격이 너무 저렴하여, 불안한 생각이 든것도 사실입니다. 마감이나 감성이 나쁜건 아닐까? 했으나 가격이 모든걸 용서하는 수준이라 구매했는데 마감이나 완성도 면에서도 상당히 마음에 들었습니다. 같은 대만 경쟁사의 비싼모델을 굳이 구매할 이유가 있나? 하는 생각이 들었습니다. 에일리언웨어는 너무 무거워서 휴대가 불가능해 팔았는데 비싼돈 줄거면 에웨가시고 일반적인 용도라면 msi gp 시리즈가 상당히 좋은 선택이라고 생각합니다. 다들 이 제품 안심하고 구매하세요",[]
21.03.02.,5,"3d 다루는 미대생이라서 성능좋고 발열 잘잡는 노트북이 필요했는데 이 제품은 좋은 그래픽카드인 rtx30시리즈라서 성능은 무조건 좋았고, msi에만 있는 기능인지는 모르겠지만 전에 쓰던 노트북에는 쿨링팬을 더 빠르게 돌려주는 기능이 없어서 계속 중간에 식혀줘야했었는데 이번 노트북에는 쿨링팬을 빠르게 돌려주는 기능이 있어서 너무 좋아요 ㅜㅜ 조금 시끄럽긴 하지만 시간절약이 엄청나니 그정도는 감내해야죠 ㅎㅎ 서비스로 온 헤드셋도 가끔 게임할때 잘 쓰고있습니다 ! 노트북 자체의 디자인도 제가 전에 좀 싫어하던 빨간색의 로고가 아니라 심플한 매트블랙의 로고라서 너무 좋아요 !! 부담스럽지도 않고,, usb포트도 많아서 추가마우스나 키보드, 헤드셋, 하드같은거 잘 쓰구있구용 생각했던거보다 모니터 색감과 스피커 음질이 좋아서 좀 놀랐네요 !! 주변에서 추천해주는데에는 다 이유가 있나봅니다 ! 그래픽작업 하다가 중간에 게임해도 컴퓨터가 화 안내고 평온하니 너무 좋아요 !",[]
21.02.22.,4,"안녕하세요 이번에 MSI Laptop을 구매하게 된 이유는. RTX 3070 그래픽 카드를 가진 Laptop중에 가장 가성비가 좋은 노트북을 선택하게 되었습니다. 일단 배송이 왔을시 구성품을 아래와 같습니다. 헤드셋과 같이 왔내요. 헤드셋도 맘에 듭니다(사진4장 제안으로 아쉽게 올리지는 못했내요.) 구성품은 알차게 잘 되어 있는것 같습니다. 아이패드와 비교한 사진입니다. 17인치에 벨젤을 넓혀서 그런지 생각보다는 화면이 크내요. 제일 중요한 CPU와 VGA는 제대로 장착이 되어 있내요. 간단히 삼국지 토탈워의 Bench를 돌렸고, 대략 47FPS 가 나오는데, 일부 구간은 Frame 하락도 있습니다. 결론 : 가성비가 좋은 현존 RTX3070 Laptop인 것 같습니다. 모니터도 17인치이고 화면도 생각보다 큽니다. RTX3080 Laptop은 여기서 가격이 50%이상 뛰기 때문에 고려가 망설인다면 이 제품은 추천할 만 합니다. 다만 고성능의 laptop을 원하는 분은 더 highend 사양을 추천드립니다.",[]
21.02.22.,5,이번 리뷰이벤트 목적도 있지만개인적으로 상품 너무좋게나와서 꼭! 리뷰를 적어야겠다.생각이되어 작성합니다.일단 단점 먼저작성하겠습니다.1.배송진짜 너무느렸어요.저보다 늦게입금한사람이 월요일날받고정작 저는 그 주 토요일날받았습니다.정말 억장이 와르르르ㅠㅠ2. a/s부분 수리점이 서울 용산한곳뿐이며 하판 분해시 a/s 거부당할수있으니 항상 조심 조심.. 그리고 직접 ssd나 렘추가 불가능ㅠ이외에 단점 아직까지 찾지못했습니다..이제 타 게이밍노트북 비교 장점 설명드릴게요1.가성비.. 크으..3070 17인치 노트북이이 가격이라니ㅠㅠ 너무행복합니다.2. 성능 현 3070노트북중 가장 뛰어난성능을 보입니다.위 스샷보시면 배그 평균160프레임 옵션은 이팩트식생제외 올울트라 120랜더링입니다.물론 풀옵션도 144프레임 방어가 되지만이렇게 둔 이유는 ! 드래곤 센터 터보모드가 아닌 하이모드에서팬 부스트 최대82프로 덕분에 소음도 너무크지않습니다.적정 팬소리에 적정cpu gpu온도 더불어 상위 설정144방어 완벽합니다.(당연히 오버워치 롤 피파 등등 풀옵션 렉하나도없습니다)3. 양품을 뽑은건지 품질이 좋게나온건지는 모르겠지만베젤유격 힌지파손 일절없고 빛샘또한 극히 없습니다.타사 제품과같은 불량화소나 고주파음도 없습니다.4. 옵티 논옵티 설정가능 이건 뭐 요즘 필수이긴한데 아주 칭찬합니다. 장점쓰다가 보니 생각보다 장점이 너무크내요올해 베스트 노트북 브랜드는 msi 입니다.,[]
21.02.22.,5,오늘 노트북 받았는데 배송도 빠르고 제품도 마음에 드네요. 박스 안에 노트북과 헤드셋이 있었는데 헤드셋 박스에 노트북 박스가 찍히긴 했지만 내부 박스는 괜찮았습니다. 퀵가이드에 있는대로 윈도우 설치와 드라이버를 설치했는데 초보자도 잘 따라할 수 있게 설명이 자세히 되어 있어 좋았습니다. 잠깐 확인해봤지만 불량화소는 없는 것 같고 프레임이 전체적으로 단단한 느낌이 듭니다. 키보드는 키깊이가 2mm 정도 되는것 같은데 누르는 느낌이 좋지만 15인치용처럼 키캡 사이즈가 작은 점이 조금 아쉽네요. 공간이 좌우로 많이 있는데 풀사이즈 키보드였으면 더욱 좋았을 것 같습니다. 터치패드도 무난한데 더블클릭하려고 건드리면 텅텅 울리는 느낌이 조금 있네요. 이런 사항을 제외하고 전체적으로 잘 만든 노트북 같고 만족합니다.,[]
21.02.28.,5,결제하는데 타이밍이 늦어서 할인시간이 끝나버렸네요 며칠간 할인하길래 3060살지 3070살지 이삼일을 고민하다가 언제 끝나는지 몰랐는데 몇분차이로 8만원 비싸게 사려니 너무 안타까웠습니다. 하지만 혹시나 예약판매로 바뀔까봐서 바로 구매했습니다. 아니나 다를까 며칠뒤에 예판으로 1달뒤 수령으로 바뀌네요 ㅎㅎ그만큼 인기가 대단하다는 거겠죠. 일단 현재 나온 3070 제품들 가운데 성능이 가장 좋은걸로 알고 구매했습니다. 가격대도 3070제품들 가운데서 가장 납득할 만한 수준인듯 합니다. 고급스런 느낌이든다고 수십만원씩 더 비싼 제품들이 있지만 노트북이 정작 성능은 떨어지면서 모양만 잡고 있으면 뭐할까요ㅎㅎ 근데 이번 제품은 외관도 메탈 바디라서 고급스럽고 키보드 백라이트도 이쁘네요. 실제 테스트 해보니 3070 데스크탑 제품보다 오히려 더 좋은거 같기도 하고 이젠 모바일과 데스크탑제품의 성능격차를 모르겠네요. 액정도 잘 뽑혔고 만족스럽습니다.,[]
21.02.15.,5,"영상편집 겸 작업용 노트북을 알아보는 와중에 작업특성상 고성능그래픽 카드를 필요로했기 때문에 RTX30번대 를 탑재한 노트북 라인업들을 싹 놓고 비교해본결과 GP76 이제품으로 선택하게 되었습니다. 배송은 애초에 예판이었기 때문에 신경쓰진않았구요.. 무상 램 업그레이드 옵션으로만 선택해서물건 깨끗하게 잘 받았습니다.성능확인차 배그도 돌려보고 이것저것 해봤는데 이제 게이밍 노트북이라고 무시하지 못할만큼 만족스러운 성능입니다.타브랜드엔 RTX30번대 라인업에 144hz가 넘는 모니터가 적용되었다고는 하나, 노트북용 그래픽카드로 충분히 성능을 뽑아내기에는 이정도 디스플레이성능이면 딱 좋은거 같습니다.뽑기운이 좋은건지 검수가 잘된건지 모르겠지만 불량화소도 없습니다ㅎㅎ. 스틸시리즈 키보드 RGB 넘나영롱하고요~ 드레곤센터 오버클럭 충분히 제역할 하는거 같습니다. 앞으로도 PC제품은 MSI 애용할거 같네요.",[]
21.02.20.,5,게이밍 노트북은 처음 입문이라 사실 뭘골라야할지 되게 고민을 많이 했었습니다. 아무래도 30시리즈가 최근에 나온거다보니 관련 리뷰도 많이 없었고 정보를 구하기가 힘들었습니다 이러다보니 이걸 구입해야하나 고민을 되게 많이 했었습니다 그러다 시간이 흐르고 보니 제품 관련 정보도 많이 올라왔었고 가성비 노트북들 중에선 가장 괜찮다는 평이 긍정적으로 많았습니다 그래서 저도 더 이상 고민하지않고 바로 주문을 하게 되었습니다. 그리고 화면을 17인치를 고른 이유는 텐키도 필요했고 15인치는 화면이 작았기 때문이였는데 화면이 커서 정말 시원 시원 합니다 제품은 상당히 마음에 듭니다 포장도 꼼꼼했고 디자인도 생각했던거보다 많이 이쁘네요 가성비가 아니었더라도 구매했을거 같습니다~,[]
21.02.23.,5,"윈도우 설치하는데 3분 30초면 끝! 원래 에이수스 매니아라, 게이밍노트북을 에이수스(2개째) 사용을 했는데, 죄다 품절...에다가 5월 입고 등등으로 인해 기다리려고 했습니다. 일단 MSI에 대해 평이 그렇게 좋지가 못했기에, 제 구매 목록에는 없었는데, 이 것 저것 알아보다 보니, 스펙 및 발열해결로써는 가성비가 제일 높은 노트북으로 생각되었고, 반신반의하며 새벽에 주문 했습니다.(TDP 140 이라고 하네요...이 노트북이요.. 제가 알아본 노트북 중 TDP가 제일 높았습니다.(에이수스 140~120) 개인적으로 알아본 것이기 때문에 틀릴 수 는 있지만...우선 제가 알아본 바론 이렇습니다. 새벽에 주문하고, 10시쯤 퀵 배송 요청 차 전화드렸습니다, 응대 친절하고, 추가구성(램, SSD 1테라) 장착 후 발송해야 하니 대략 12시쯤 알려주셨고, 대충 그쯤 도착했네요. 일때문에 받은 체로 놔뒀다가, 윈도우 설치를 하는데....시간을 재봤습니다. USB 꼽는 시간~바탕화면 보기까지 대략 3분 30초 걸리네요...;; 윈도우 설치 시간이요... (램 32기가가 한몫 했겠지요..?ㅎ) 일단 정말 빠릅니다. 설치할때 쿨링팬 돌아가는 소리가 나는데, 3번째 게이밍노트북이라, 크게 느끼지 못했습니다. 앞으로 더 써봐야 겠지만, 첫 인상이 매우 좋네요. 마감도 좋고, 질감도 고급지고, 강추합니다. 단, 무거워요! 게이밍노트북은 가벼우면 게이밍이 아니니 이해합니다!",[]
21.02.25.,5,"우리 아이들 개학을 맞이해서 노트북을 구매하기로 결정을 하였습니다.초등학교 고학년 아이를 위해 집에서 사용할 수 있는 노트북으로 최종적으로 MSI GP76 Leopard 10UG 으로 결정하였습니다. 국내외 해외 대기업 브랜드는 상대적으로 AS가 더 낫지만 가성비 측면에서는 최고라고 판단이 되어 선택하게 되었습니다. 오프라인보다 온라인 수업이 많은 점, 그리고 초등학교 고학년 아이의 노트북을 이용한 여가 활동을 고려하였습니다.다양한 색상이 있어서 선택을 할 수 있었으면 더 좋았을 것 같다는 생각이 드네요.RTX3070모델 노트북 TGP, Boost clock 성능은 개인적으로 최상의 가성비 모델일 겁니다.자녀들의 노트북 구입을 구매하시는 분들에게 이벤트 기간에 이 제품을 구입하시는 것을 적극적으로 추천드립니다.",[]
21.03.02.,5,물건은 주문한지 주말이랑 연휴 껴서 5일만에 받았습니다. 주말이랑 연휴 안꼈으면 좀 더 빨리 받았을텐데 아쉽네요. 어찌됐든 이번에 게이밍 노트북은 처음인데요. 데스크탑과 고민하다가 선택했는데 우려와는 다르게 외판이 플라스틱이 아니라 고급스럽고 사양도 rtx3070이라 데스크톱 못지 않습니다. 몇몇 게임 돌려보니 온도도 그렇고 프레임도 그렇고 만족할만한 성능을 보여주네요 그래도 기존에 사용하던 사무용 노트북에 비하면 소음이 있긴하지만 이정도면 양호하다고 봅니다. 무엇보다 지금 램 16기가 이벤트를 하고 있어 현 시점에서 가장 가성비 높은 노트북이라 생각됩니다,[]
21.02.27.,5,"게이밍 노트북을 알아보던 중 RTX2060, 15인치 모델이 원래는 타겟이었는데요.모델 비교를 하다보니, 결국은 RTX3070, 17.3 인치 모델까지 오게되었네요. 쿠팡의 로켓배송으로 제공되는 제품은 RTX2070인데 가격이 199만 9천원,11번가에서 판매되는 모델은 RTX3070인데 가격ㅇ 194만 9천원이어서 11번가를 구매했습니다.주말에 연휴가 겹치다보니 배송 기다리기 힘들어서요. 그냥 퀵으로 받았습니다. (퀵 비용 1만 5천원) 사양은 CPU i7-10870H, GPU RTX3070 8GB, 메모리 16GB, SSD 512GB 등등 스펙은 다들 아실테고... 때마침 램 업그레이드 이벤트가 있어서 8GB 메모리 --> 16GB 메모리로 업그레이드 해서 받았어요. 나중에 쓰다가 32GB로 업그레이드 해야겠어요. 이 모델은 메모리와 SSD의 업그레이드가 그리 어렵지 않은것 같습니다. 노트북 커버를 닫았을때, 17.3인치 치고는 거대하지는 않아요. ㅎ 아래는 커버를 펼쳤을 때의 모습이에요. 옆에는 LG그램 13 (화이트)과의 비교인데요. 화면이 시원시원하죠? 키보드를 근접으로 촬영한 모습이에요. 각각의 키 아래로 라이트가 들어오는데, 시간이 라이트의 색이 은은하게 계속 바뀝니다. 독립형 키보드라서 오타가 잘 안나요. 커버와 키보드 상판은 메탈 재질입니다. (아마 알루미늄?) 약간 아쉬운 부분은 커버 뒤쪽으로 이만큼 튀어나왔다는 건데요. 아마 배터리 ？？문에 그런듯 합니다. 아래는 제가 좋아하는 FPS 게임 (데스티니 가디언즈) 인데요. 데스크탑 보다 더 원활한 퍼포먼스를 보여주네요. 이제 데스크탑은 업무용으로만 써야 할 듯.. ㅎㅎ 전체적으로 성능이 빠릿빠릿 하고, 랙이나 딜레이 같은 건 못 느끼겠네요. 한가지 아쉬운 점은... 메탈을 많이 써서 그런가 무게가 무겁습니다. 어차피 17.3인치라서 휴대용으로 쓸거는 아니었으니까요. 집에서 방마다 돌아다니면서 게임을 즐기고 싶으신 분들, 하드한 그래픽 작업을 큰 화면으로 하실 분들, 출장 갈때 자동차로 이동하시는 분들은 이 제품 강추 합니다.",[]
21.02.22.,5,19일 발송됐고 다음날 바로 왔구요 가방도 잘 받았습니다. 제껀 불량 없는 양품인것 같네요. 재질은 플라스틱 일줄 알았는데 거의 다 금속 소재에 무광 블랙이라 굉장히 고급스럽고 디자인도 상당히 간지납니다. 게임은 거의 롤 밖에 안하는데 144hz 주사율로 해보니 그냥 다른 게임 같고 프레임 장난없네요. 스팀 쿠폰 받으면 고사양 게임도 구매해서 해볼 생각입니다. 키보드는 멤브레인 키보드 답지 않게 키 스트로크가 짧지 않고 반발력도 좋아서 따로 외장 키보드 사용은 안 해도 되겠네요. 그래픽 성능도 3070랩탑중 최고고 그냥 게임을 위해 태어난 노트북 같네요 최곱니다.,[]
21.02.27.,5,게이밍 노트북은 처음 구매 하게 되었는데 연초부터 여러 제품들을 알아보았고 유튜브 영상도 참고 하고 여러 제품군들을 비교 하여 msi gp76 모델을 구입하여 이 구매 사용기를 적습니다. 운영체제 및 여러 장치를 설치 하고 업데이트 몇번해주니 웬만한 건 다 알아서 설치되고 바로 게임을 구동 시켜 봤는데 그래픽이 확실히 좋구나를 느끼고 정말 게이밍 노트북 답다는 느낌을 많이 받았습니다. 받자마자 6시간정도 사용하며 살펴보니 냉각 팬 소음은 조금 있었지만 그만큼 발열에 신경을 많이 써서 그런지 발열 제어가 잘되는 것 같습니다. 이런 급에서는 이제품이 가성비 측에서 경쟁력이 있어보입니다.,[]
21.02.27.,5,"올해부터 기숙사에 살게 되어서 게이밍 노트북을 알아보다가 30시리즈 노트북이 출시되었다기에 검색을 꽤나 해봤습니다. 결국 아수스의 로그 시리즈와 msi gp시리즈로 후보를 좁히게 되었는데 이번 아수스 노트북들은 r키 이슈, 고주파 불량 등으로 시끄러워 결국 msi gp 76시리즈를 선택하게 되었습니다. 17인치에 rtx 3070까지 달렸으니 가성비야 말할 것도 없고 외형도 세련된 것이 맘에 듭니다. 다만 한가지 문제라면 가끔 인터넷 서핑을 하는데도 쿨링소리가 커지고 급작스럽게 온도가 올라는 가는 현상이 있는게 좀 아쉽습니다. 하지만 어디가서 이런 가격에 이 옵션을 보기 힘드니 전체적으로 만족하고 있습니다.",[]
21.03.17.,5,"일단 오래 기다렸습니다.3월 4일 결제 했고, 30일 입고 통보를 받았으나 추후에 19일 예상으로 변경되어 즐거워했으나 16일에 송장이 뜨길래 슬슬 준비하납다 했더니 16일 16시에 접수되더니 17일 낮 12시에 도착했어요.... 이건 뭐 쿠팡만큼 빠른거같아서 기쁘고 놀랐어요성능은 이론상 최고입니다.기대하고있고 지금 성능테스트 준비중입니다.아직 불량은 찾는중입니다만먼저 메탈바디가 가장 마음에 들었습니다.그리고 발열, 이런온도 처음보네요. 쿨러부스트 때문인지 온도가 정말 낮아요. 드래곤센터에 그래픽카드 오버클럭도 있네요?!크기도 웅장하고 구리도 큼직하니 좋아요소리가 생각보다 괜찮습니다! 사운드가 2W여서 무난하나음질은 괜찮네요Len***사 되팔고 여기로 넘어왔는데 앞으로 msi나 A사만 쓸거같습니다. 물론 우선순위는 msi구요,하여튼 예정일보다 3~4일 일찍오는지도 몰랐고20시간내로 오는거보고 기겁해서잘못오는줄 알고 문의남겼네요 ㅋㅋㅋㅋㅋㅋㅋ 담당자님 고마워요17인치대에 가성비는 이거추천합니다!",[]
21.03.19.,5,"3월7일 결제 후 기존 예약판매 기간보다 빠른 시점인 18일날 수령했습니다. 포장도 꼼꼼하게 잘 되어서 왔고 사은품 백팩, 헤드셋, 용용이 피규어도 잘 왔네요. 중요한 본품 검사 결과 마감 훌륭하고 불량화소 없는 양품 잘 수령했습니다. 패널 주사율도 기존 144Hz에서 240Hz로 업그레이드 되어 와서 더 좋았고 윈도우 설치 후 성능 테스트를 위해 파이어 스트라이크도 돌려봤는데 점수 잘 나옵니다. 게이밍 노트북은 처음 구매해봤는데 아주 만족합니다. 이 가격에 아주 좋은 제품 구매한 것 같아서 좋네요. 게이밍 노트북 고민하시는 분들은 구매하시는 거 추천드립니다.",[]
21.02.25.,5,"RTX 30 시리즈를 고민하던 끝에 MSI GP76 10UG를 구매 했습니다. 구매 전 비교한 정보를 공유하면 아래와 같습니다. RTX 3080 랩탑 파스(FireStrike) 점수가 3070 랩탑 대비 10% 정도 향상인데 가격은 80~90만원 정도 차이나서 가성비 떨어짐 제품의 선택폭이 너무 적음(아마도 3~5월 사이 신제품 출시가 많을 듯) 3070 대비 클럭이 다운되어 추후 SUPER 제품이 빨리 나올 것으로 예상 RTX 3070 랩탑 파스 점수가 3080 랩탑 대비 10% 적지만, 3060 랩탑 대비 20~25% 높음 이전에 쓰던 2080 랩탑(MSI GE75 8SG) 대비 파스점수 10% 정도 높음 AMD 5800HX 대비 3d마크 점수 80% 수준으로 CPU가 떨어지지만 현재 타사 제품 물량 없어서 3~5월 언제 받을지 모름(MSI 재고 있음으로 빠른 수령가능) 현재 타사 제품 초기불량(QC) 이슈로 난리남(해당 브랜드 카페 가면 온통 품질글) RTX 3060 랩탑 파스 점수가 3070 랩탑 대비 20% 정도 낮아서 가격은 저렴하나 이전에 쓰던 2080 랩탑만도 못함 국내 저가 브랜드 등 선택폭이 넓으나 가격밴드가 애매함(더 저렴하면 샀을지도) RTX 3080 데스크탑 아시다시피 비트코인 열풍으로 채굴장 다 끌려가서 1월중순까지 90후반~120만원에 사던게 지금 200만원 가까이 오름 RTX 3070 데스크탑 얘도 채굴장 끌려가서 5~60만원 하던 녀석들이 지금 최소 90~100만부터 시작 제품에 대해 평 하자면 일단 택배로 왔지만 완충이 잘 되어있어서 손상없이 잘 받았습니다. 무상 램 업글이라 걱정했는데 사진과 같이 워런티 씰 다시 붙여 있습니다. 불량화소 0개 양품 받았습니다. 고주파, 팬 소음 등 이슈 현재 없습니다. 프리도스 제품인데 드라이버 디스크를 날려버려서 고생 좀 했습니다. 최신 20H2버전 윈도10으로 설치하면 알아서 드라이버 다 잡습니다. 키스킨을 깜박하고 판매자분이 누락하셔서 전화했는데 바로 포장해서 발송하고 문자로 인증샷까지 보내주셔서 응대에 만족 했습니다. 이전 GE75 8SG 기종 대비 좀 더 가벼운 느낌이고 성능은 배그 등 고사양 돌리기에도 만족합니다. 제가 평균적으로 확인한 파스 점수는, MSI GP76 10UG : 그래픽 - 27000 후반~29000 초반 / 물리 - 19000 후반~21000 초반 A**S *713QR : 그래픽 - 26000 후반~27000 중반 / 물리 - 24000 후반~26000 초반 입니다. 구매할 때 참고 바라겠습니다. 양품 잘 뽑아서 기분 좋고, 발송 후 다다음날 수령했습니다. 빠른 배송 감사합니다. 아래 사진 참고하세요.",[]
21.02.24.,5,"1.배송 : 2월 22일 주문 2월 24일 배송받았어요~ 중간에 택배 물량이 많아서 하루 지체된거 빼고는 배송은 빨랐어요.2.포장 : 큰 박스에 gp76, 사은품(헤드셋)이 개별 포장되어 큰 박스 하나에 포장되어왔고 포장 박스에는 따로 지지대없이 노트북이 딱 맞게 왔네요노트북 박스 내부에는 스티로폼 지지대로 노트북 파손 문제없이 안전하게 배송왔어요!3.윈도우 설치 & 드라이버 : 기존에 부팅 usb를 미리 만들어놔서 윈도우 설치는 쉽게 진행했고 노트북 박스 내부에 사용 설명서 있는데 거기 보시면 윈도우 설치시 파티션 나누기 및 설치 완료후 드라이버 셋팅 부분도 있어서 쉽게 설치 가능하고 원클릭 드라이버 사용하시면 클릭 한번으로 편하게 드라이버까지 잡아줘서 너무 편하고 좋았어요!(주의 윈도우 설치할때 파티션 나눠져있는데 원터치 드라이버 있는 파티션은 꼭 놔두셔야해요)4.성능 : 제품 받고 게임이나 작업들은 아직 못해봤는데 다른 분들 후기 처럼 파스만 돌려을때 점수 및 발열이 굉장히 만족스러웠네요 논옵티라 그런지 다른 제품 3080 수준으로 나오네요 5.소음 : 이부분을 조금 걱정했었는데 msi 드래곤 센터에서 따로 팬속도 설정없이 사용자 모드로만 사용했는데 팬리스 제품 처럼 소음이 아예없는건 아니지만 팬 소리가 생각보다 조용했고 최고로 돌때는 이어폰 없이 게임 소리에 안들릴 정도네요 !6.재질 : 사진상으로 볼때는 일반 플라스틱 느낌이 강했는데 막상 받고나서 보니 정확히는 모르겠으나 플라스틱 같은 느낌은 전혀아니고 스틸 재질에 유분기도 생각보다 안묻어 나서 좋네요.7.사은품 : 가방에서 헤드셋으로 바뀐게 아쉽긴하지만 착용감은 괜찮았어요제품 받고 2~3시간 정도 가볍게 설정하고 양품테스트 및 파스정도만 돌려봤는데 역시 고민은 배송을 늦출뿐이였네요",[]
21.02.25.,5,큰돈들여 처음으로 겜트북을 구입했는데 4일동안 설래서 잠이안왔어요 오늘 배송이와서 지금 세팅하느라 정신이없네요 하필 윈도우를 설치하다 멍청하게 원터치 드라이버를 삭제해서 고생이네요. 일단 첫인상은 묵직하고 쿨링이 잘 ？틉灼？ 인상주었어요 키보드에 led도 인상적이었어요. 불량화소가 없는 양품을 받아서 정말 기분이좋네요 게임이랑 벤치프로그램을 돌렸었는 준수하게 잘 뽑아줬습니다. 쿨링도 잘돼고 별로 안시끄러웠어요. 아근데 모니터 포트수가 쪼금 아쉽더라고요. 그래도 첫 입문 겜트북으로 정말 만족스러웠어요,[]
21.02.26.,5,배송은 3일만에 도작하였고 흠집이나 누락된 제품 없이 잘 받았습니다. 큰 박스에 스티로폼으로 안전하게 포장되어 있었고 사은품(헤드셋과 8기가 렘 업그레이드)도 잘 받았습니다. 노트북 겉 재질은 메탈재질이라서 시원하고 깔금해서 마음에 들었습니다. 요즘 구하기 힘든 RTX3070그래픽을 달았는데도 이정도 가격이라면 충분히 가성비 있는 노트북이라고 생각합니다! 소음부분도 MSI소프트웨어 사일런트 모드를 키면 어느정도 보완이 되어서 사용할만 합니다. 그러나 17인치 게이밍 노트북으로서 무게는 2.9kg이라는 어마무시한 단점이 있지만 집이나 기숙사에서 시즈모드로 사용하시는 분들이라면 이것만한 제품이 없을것이라고 생각합니다. 불량화소 문제가 발생한다고는 하지만 일단 저는 아무 문제가 없었습니다!,[]
21.02.26.,5,"처음 구매후 화면이 안떠 초기불량 as 택배로 보냈습니다. msi as센터에서 바로 받고 불량증상 확인하고 새상품으로 교체해서 바로 보내줬습니다. 새로 받은 노트북은 잘 작동되며 **친절했던 msi as기사님께 감사드립니다.**--사용장점 : mis 인텔8세대 같은 모델사용하다 이제품으로 변경 했는데 열고 닫히는 부분이 개선되고 속도도 확실히 빨라 맘에 듭니다. 배터리도 지난번 쓰던 모델보다 오래가네요~ 지난번 모델에도 감동하며 사용했는데 저장장치에 10gb정도 필요한 드라이버, 툴 등 넣어주셔서 윈도우 설치후 하나하나 깔필요없이 버튼하나 누르면 바로 설치되서 너무 편리합니다.--단점 : 초기불량으로 마음고생한거, 힌지 부분 가끔 딱딱 소리나는점대체적으로 만족하며 msi 서비스도 만족합니다. 많이 파세요!",[]
21.02.26.,5,"예전에 쓰던 17인치 노트북 생각하고 꽤 무거우리라 상하고 주문했는데, 생각보다 무겁지 않네요. 어댑터도 그리 무겁지 않고요. 한 자리에서만 사용할 각오하고 구매했는데 휴대가 그리 어렵지 않다고 생각했습니다. 게이밍 노트북이라 쿨러 소음이 많이 클걸로 미리 예상하고 있어서 그런지, 풀로 로딩이 걸리는 상황에서 나는 팬 소음도 그럭저럭 들을 만 합니다. 설치시, SSD에 드라이버 파티션이 따로 나뉘어 있어서 개별적으로 드라이버들 찾아 설치하지 않아도 돼서 편했습니다. 그래픽카드 드라이버도 별도 설치 필요 없네요. 업무용으로 사용할 생각이라 모양에는 별 관심 없었는데 받고 보니 슬림한 모양도 마음에 듭니다.",[]
21.02.24.,5,"정말 좋은 노트북인것 같습니다. 이 성능에 이가격?? 가성비 최고죠, 게임시 프레임도 잘나오고 디자인도 깔끔하네요.기존에 삼성 오디세이 노트북을 ？었는데 비교할바가 아니네요무게가 무거운 만큼 발열도 잘 잡는것 같고 소음도 기존에 쓰던 노트북 기준 양호한 편이라 시끄럽다는 느낌은 없고, 불량화소와 고주파음도 없어 너무 만족중입니다.아마 이제품과 가장 많이 비교하시는 제품이 asus사 G713일텐데 게임시 프레임 비교해보면 크게 차이 없으며(고사양게임 기준 gp76이 5정도 낮습니다) G713는 현재 문제점(r키,고주파음)이 나오고있죠...고민중이시라면 이제품 추천드립니다",[]
21.02.26.,5,제품배송은 4일소요성능 좋다가성비 2021년 2월기준 최고제품논옵티가 가능해서 현존 가성 끝판왕 시즈모드나남자라면 사라!!! 아수스는 232만원짜리 플라스틱인데므시는 메탈임 물론 하판은 므시도 플라스틱 베젤 아수스는 500원짜리 동전들어간다는데므시 요 제품은 마감처리 비교 불가여모니터 검수결과 무결점파스결과 최상품 2.9k원터치 드라이버 설치 진짜 개 잘만들었다 므시!!!제품 배송 늦다고 여친이 반송 해놓은거 모르고 행복회로 꿈꾸며 있었는데 이거 반송 ？瑛만？한강다리.....가성비 좋고 진짜 이게 데탑이냐 놋북이냐카드 할부도 되니까 빨리사 28일 지나면 프리미엄 붙을 필링이니까!!!! 후회하지말고!!!,[]
21.03.19.,5,받자마자 윈도우 설치하고 드라이버깔아서 써봤는데 일단 동성능 대비 타사보다 가격이 월등히 저렴한게 큰 메리트고 발열도 은근히 잘잡아줘서 고성능작업이나 게임해도 괜찮을거 같네요 무엇보다 전에 화면이144HZ라그래서 좀 아쉬웠었는데 받고나니까 240HZ로 업그레이드 되어있어서 만족했습니다. 또한 dragon ceter에서 편하게 여러 설정을 할 수있어서 좋네요... 이정도 퀄리티면 MSI제품 애용할거 같습니다.,[]
21.03.23.,5,큰 맘먹고 게이밍노트북 구매! 게이밍노트북하면 MSI !!! 요즘 PC그래픽카드 구하기가 힘드니 노트북으로 눈길을 돌렸다. 마침 행사도 하고 있고 노트북도 하나 필요했길래 과감히 질럿고 너무 좋다. 17인치라 무거운건 어쩔 수 없지만 데스크북 용도로 활용할 것이기에 나에겐 화면이 큰게 더 장점이다 3070 탑재된 만큼 요즘 나오는 게임 안되는게 없다... 게이밍 노트북 발열도 쿨러부스트 기능으로 금방 식혀줘서 좋다 나의 30대 초반을 부탁한다 gp76!!!,[]
21.02.20.,5,다행히 불량 화소와 유격 없는 양품으로 받았습니다. 힌지도 튼튼하게 보강되어있어 잘 망가지지 않을 것 같아요. 상당히 무겁고 크긴 하지만 집에서만 사용하려고 구매한거라 오히려 묵직하게 성능 잘 내줄 것 같고 쿨링도 좋을 것 같아 든든-합니다.^^ 그리고 알루미늄 바디라 싸구려 느낌이 안나서 좋아요.3dmark 파스 그래픽 점수가 28000~29000정도로 아주 잘나오네요. 3070 노트북 중 최고 성능과 가성비인거 같습니다.,[]
21.02.20.,5,어제 주문해서 오늘 받았습니다. 17.3인치라 화면 시원시원하니 좋습니다. 여러모로 테스트해봤는데 별다른 하자는 찾지 못했습니다. 만듦새 좋고 튼튼합니다. 지금 파스 등 부하테스트중인데 열배출 좋고 안정적입니다. 텐키도 달려있어 유용하게 사용할 수 있습니다. 전원선이 뒤로 숨겨지고 무선 마우스 사용하니 책상이 깔끔합니다. 웹서핑 등 일반 사용시에도 소음이 거슬리시는 분은 msi 드래곤센터에서 온도별 팬속도를 조절하시면 조용하게 사용하실 수 있습니다. 전체적으로 만족합니다.,[]
21.03.04.,5,"2월 25일 퀵으로 받았습니다. 불량화소나 고주파 없는 양품 받아서 다행이네요. 발열제어는 확실하게 잘되고 이번에 전력도 후하게 주면서 타회사 노트북보다 더 성능 잘 뽑습니다. 팬 속도 조절하면 괜찮은 온도에서 괜찮은 성능 뽑습니다, 노이즈캔슬링 이어폰 있으시면 쿨러부스터 쓰셔도 될듯. 안그래도 채굴때문에 데스크탑 맞추기가 부담스러워지는데 이 노트북 고르시는게 적절한 대안일 수도 있습니다.",[]
21.03.19.,5,"잘받았어요첨에 박스 두개와서 설마 놋북이 두개? 했지만ㅋㅋㅋ다른하나는 사은품박스 백팩,헤드셋등이 들어있는 박스였습니다.간단히 윈도설치후 디스크에 깔려있는 원터치 드라이브로 간편하게 잡고 성능테스트 해봤어요밸런스모드, 터보(쿨러)모드 해봤는데 저는 아직 고사양겜을 안해서 밸런스모드로도 충분히 사용 가능할듯해요 터보 ->쿨링 11절할인에 이것저것해서 180만원대에 3070 그래픽카드를 맞춘다고 가성비 최고라고 생각했는데 이게웬걸 모니터까지 144 -> 240 hz로 업그레이드라니요 ㅜㅜ 너무 만족스럽구요잘쓰겠습니다!",[]
21.02.26.,4,제가 이번에 it업계에 취업을하게되어 자취방에 데스크탑을 놓을자리가없어 노트북을 알아보던중에 아수x 제품을 알아보던 와중에 성능도 더 좋고 불량이슈도 별로없는 g76을 알게되었습니다. 그래서 커뮤니티 사이트에서 g76에 성능과 불량이 별로 없다는 이야기를 듣고 주문을 하여 2월 21일에 주문하여 24일에 배송을 받았습니다~ 유격이나 힌지는 문제가 없었는데 다만 아쉬운점이 불량화소 1개가 있더라구요..ㅠㅠ 하지만 배터리성능만 최대치로 올리고 파스점수를 돌려봤을때 온도와 벤치 점수는 타 브랜드에 노트북보다 훨씬 성능이 좋더라구요!! 아직 게임은 해보지않고 파스점수만 테스트 해봤지만 불량화소 1개만 빼면 좋은 양품 받은거 같습니다~~ㅎㅎ 좋은물건 보내주셔서 감사합니다,[]
21.02.22.,5,"게이밍 노트북 꼭 하나는 사고 싶었었는데할인도 250,000원이나 해주길래 바로 질렀어요!!타사 노트북보다 저렴하고 너무 좋네요.노트북은 데스크탑과 같은 스팩이어도 성능이 떨어지는데거의 차이가 없을 정도로 잘나왔습니다.4K영상 편집도 가능하구요~~~무게나 발열량 팬 소음은 어떤 게이밍이나 다 무겁고 뜨거워지고다 똑같죠!! 너무 너무 좋아서 오래 오래 아끼면서 사용하려고데칼까지 입혀버렸습니다!!",[]
21.02.26.,5,배송은 이틀만에 와서 대단히 만족했구요! 여러 게이밍노트북을 알아보던 와중에 타사제품을 구입하려 했지만 각종 불량이슈가 터져 눈길을 돌렸을때 눈에띈게 GP76이었습니다. 사용한지는 몇시간 안되서 자세한 부분은 테스트를 해보지 못했지만 소음부분은 생각보다 조용해서 좋았구요. 발열부분은 상당히 잘 잡혀서 높지않았습니다. 다만 우려스러운것은 A/S부분이 말이 많아서 좀 걱정이되네요. 하지만 지금은별5개가 아깝지않은 최고의 가성비 노트북이 아닐까싶습니다!,[]
21.03.20.,5,"세잔+3000번대 조합으로 노트북을 구매하고 싶어서 A사 제품을 한달 정도 기다렸는데, 불량이슈에 언제 받을지도 모르는 것 때문에 이 제품을 구매하게 되었네요. 19일 배송예정이어서 기다리고 있었는데, 오늘 아침 택배기사님이 일찍도 가져다 주셨더라구요ㅋㅋ 윈도우 설치하고 드라이브 설치하고 파스 돌려봤더니 28200 정도 나와주고 자주 하는 배그 풀옵으로 돌려봤는데 프레임 144는 거뜬히 방어해주어서 만족하고 있습니다. 좀 더 사용해봐야겠지만 지금까지는 불량이라 부를만한 것들도 없네요 ㅎㅎ 다행히 양품이 온 거 같습니다. 성능대비 가성비도 좋아서 정말 만족합니다.",[]
21.02.23.,5,요즘 이동하면서 할 일이 많아 적당한 겜트북을 알아보다가 구입하였는데 매우 만족중입니다.금요일 주문하면서 월요일 배송 예정이라고 되어있었지만 다음날인 토요일날 물건을 받아서 좋았습니다다행인지 불량화소도 없이 양품이고 자주 하는 로아도 무리없이 잘 돌아가네요.디자인은 조금 뚱뚱한거 같은 감이 있지만 전체적으로 깔끔한편! 최고입니다,[]
21.02.20.,5,그냥 요즘 노트북 성능이 데탑 하이스팩 만큼 뛰어나기 때문에 고민 할꺼 없이 구매 추천 드립니다.집에 데탑은 1080Ti인데 1080ti 씹어 드셨내요 ㅋㅋㅋ배그 올울트라 기본 144프레임 유지 극대전시 100프레임 방어되구요 파스 28100점 대단 합니다!!!!뭐 현 제조사별 동일 제품군 가장 탑 1위가 아닌가 싶네요!!!물건도 초양품으로 잘 받았습니다!!!!m빠들이여 승리하였도다!!!!!!!A빠들 눈물 흘리고있도다...!!!!,[]
21.03.18.,5,친구와 게임용으로 샀는데 한도가 부족하다보니 한계정으로 구매했고요....그래서 스팀코드 받기위해 리뷰 세개 올립니다;;;일단 무겁고 크고 성능 잘나옵니다오버워치 로아 배그 다 너무 잘 돌아가고3000번대가 품절이 많은데 일찍 받아서 좋아요윈도우 깔때 부팅 순서 바꾸는게 귀찮았네요,[]
21.03.19.,5,TGP가 탑급이어서 성능 최고입니다. 그래픽카드 온도는 올라가도 노트북 겉면 온도는 잘 안 올라가서 무릎에 놔도 안 뜨겁네요. 원래 가성비 때문에 한성 썼는데 한성보다 훨 좋네요. 지금 3070 사실 거면 무조건 GP76인 것 같습니다.,['https://shopping-phinf.pstatic.net/20210321_7/77deee7d-ccdd-4c60-84c9-82bcc8bbc666.jpg?type=f287']
21.03.19.,5,"우선 받자마자 윈도우설치 후 리뷰를 남깁니다. 처음엔 3/19일 제품은 144HZ 제품으로만 보내주실줄 알았는데 240HZ 인거보고 놀랬습니다. 아직 게임이나 성능테스트는 전이지만 사은품이나 간단히 테스트만 해도 충분히 만족감으로 다가왔습니다. 게이밍 노트북은 처음 구매하며 17인치는 처음 써봅니다. 얇은 베젤과 깔끔한 마감 키보드 타감이나 끝부분이 매끄러운게 상당히 만족스럽네요. 이정도 성능 180만대(할인이벤트까지 해서 ) 산게 상당히 가성비가 괜찮다고 생각합니다. 앞으로도 MSI 제품 많이 이용하겠습니다, 감사합니다.",[]
21.03.18.,5,"예약구매로 3월 말쯤으로 생각하고 있었는데 생각보다 빨리 배송되서 좋네요. 램업글되어서 잘 받았습니다. rtx3070 (MAX-P) 탑재로 성능이 아주 마음에 듭니다. 3D영상 제작용으로 사용예정이며 17인치 게이밍 노트북으로 구매하여서 무게는 크게 신경안쓰고, 기존 데스크탑 서브용으로 잘 사용할것으로 생각되네요. 아주 만족합니다.",[]
21.03.18.,5,"asus제품 쓰다가 이번에 고주파이슈때문에msi제품 노트북 첫구매했습니다.사기전에 카페 ,커뮤니티사이트에서 하판정책등 말이많아서고민하다가 구매했는데요직접받아보고 써보니까 제품완성도나 성능 너무만족하고있어요 거기에 사은품도 푸짐하고 너무좋아요ㅎㅎㅎ제가 양품받은건진 모르겠는데 평소 온도 40도에서 머물고성능모드로 파스돌렸을때 최고온도도 80도언저리입니다Gp76 진짜 물건입니다!?",[]
21.02.23.,5,생각보다 발리 받았어요 작년에 구입해서 쓰던 asus 노트북 과 비교하면 144hz이지만 기분 탓인지 훨씬 부드럽게 느껴지며 소음은 비교대상이 않되게 조용합니다... 그래픽은 Rtx2060 과 Rtx3070은 ㅎㅎㅎㅎ 말이 필요없습니다. 무료 램 무상장착도 성능도 좋치만 다른 노북북에 비해 이사양를 이가격게 구입할수 없는 극강의 가격입니다. 아직까지는 장점만 보이고 있내요... 게이밍노트북 구입예정이신분 은 적극추천합니다...,[]
21.02.26.,4,15인치쓰고있어서 17인치로 바꿀겸 업글할겸 구입했는데 성능 아주 만족합니다 논옵티 설정 하느라 인터넷 발품 좀 팔아서 쉽게 해결했고 원터치 드라이버 설치 시 그래픽카드를 못잡는 문제가 있어서 한참 헤맸는데 윈도우 최신버전으로 업데이트 하니까 가볍게 해결! 구입 고민하시는 분들은 추천드립니다~,[]
21.03.21.,5,게이밍노트북은 처음이라 이곳저곳 많이보다 결정하고 구매한 제품입니다 오우 그래픽이 넘 좋아요화면도 크니 시원하고 다른게임하는 것 같아요매탈 키보드라 누를때마다 쫙쫙 붙는 이기분램도 업글에 다스플레이까지 업그레이드라니!안그래도 성능대비 저렴한데 너모 이득본기분입니다,[]
21.02.22.,5,"19일부터 배송된다고했는데 18일 밤에 출고한거같더라구요 22일날 받았습니다. 배송이야 택배사 문제니 느리다고는 할수없고 만족했습니다. 저는 게임용이라기보다 사무실에서 작업용으로 구매한거라 따로 성능테스트는 하지않았지만 바로 윈도우 설치하고 드라이버 잡고 수월하게 넘어갔습니다~ 작업용으로 사용하려면 프로그램도 더 많이 깔아야겠지만, 디자인도 너무 이쁘고 맘에 듭니다~! 노트북자체는 처음써보는데 기존에 쓰던 사무실 데스크탑보다 성능이 좋아서 메인으로 사용할까 합니다 ㅎㅎ 앞으로도 많이 파시고 행복하세요~",[]
21.02.27.,4,MSI 노트북은 두번째 구매인대 갈수록 발전하는듯한 모습이 좋내요. 최근 ASUS SCAR 3080달린제품을 구입했다가 초기불량으로 반품 후 리전5프로 기다리고 있다가 너무 오래걸리는것 같아서 이 제품을 구매하였는대 성능도 만족스럽고 디자인도예전처럼 과하게 튀는모습이 아니라 좋습니다. 심지어 성능은 300만원대였던 ASUS SCAR제품이랑 비슷하게 나오는 모습이 너무 좋내요.,[]
21.03.18.,4,2월달에 예약구매를 했습니다. 이정도 스펙이면 다른게임을 할때 쾌적하게 게임할수 있을거같아서 부푼기대를 하고 오늘 상품을 받았는데 왠떡 주사율이 244hz? 자세히보니 무상으로 업그레이드 해준다고해서 구매타이밍을 잘잡은거 같습니다. 역시노트북은 msi인거같습니다. 짱짱!,[]
21.03.04.,5,"램 32기가 / 외장하드 1테라 업그레이드 한 모델로 구입했습니다. 일단 배송 하루만에 와서 정말 좋았구요! 불량화소도 없고, 타회사 30시리즈 제품처럼 고주파음 문제도 전혀 없는 양품이 와서 기분이 좋습니다ㅎㅎ 이 앞전에 사용한 노트북은 MSI GE60 모델인데 8년 가까이 잔고장이나 별다른 문제없이 잘 사용해와서 MSI 브랜드는 믿음이 갑니다! 사펑이나 파판15(풀옵) 와 같은 고사양게임도 쌩쌩하게 잘 돌아가니 이 가격에 이 만한 사양의 겜트북은 GP76이 유일무이 하지 않나 싶습니다ㅎㅎ 잘 사용하겠습니당^^",[]
21.03.20.,5,"11일날 11번가 데이때 예약구매한 노트북 언제올까 기다렸는데 어제 드디어 수령했습니다. 이벤트도 좋고, 여러가지 서비스도 좋네요. 같이 온 노트북 가방 멋있습니다. 그런데 실제로 밖에 들고다니기에는 로고가 애매하게 박혀있어서 어려울듯합니다. 그래도 품질은 좋아보여요. 피규어도 들어있어서 매니악틱한 면도 있네요. 어쨌든 노트북 자체 상당히 마음에 듭니다. 3070 노트북의 최강이라고 볼수있네요. 마음에 들어서 다음달에 11일 행사하면 또 구매할까 생각중입니다.",[]
21.03.20.,5,4월에 오는 줄 알았는데 생각보다 상품이 일찍와서 놀랬습니다 윈도우 까는데 애를 좀 먹긴 했지만 너무 만족스러운 사양입니다 ~~ 영상 관련 프로그램 여러개 돌릴 생각으로 샀고요 좋습니다 굿굿 디자인도 마음에 들어요 친구들도 잘 잘샀다고 하네여,[]
21.03.22.,5,예정에도 없이 모니터 주사율까지 업그레이드해주시고양품 보내주셔서 즐겁습니다.윈도우 설치하고논옵티 설정하고 게임돌려봤는데발열이 생각보다 괜찮습니다.이번 작품은 msi의 역대급 명기로남을것같습니다.쨍한 ips화면도 너무좋네요.,[]
21.03.06.,5,"RTX 3070을 탑재한 노트북들 중 최고의 성능을 발휘하는 것 같습니다.TGP도 높고, Cooler Boost가 뜨거워지는 노트북을 잘 냉각시켜요.물론 소음은 있지만, 온도 유지가 중요한 게이밍 노트북의 특성을 고려하면 괜찮다고 생각해요. 가격도 가격이고, 동급의 게이밍 노트북들 중에서는 제일 좋은 것 같아요.",[]
21.03.02.,5,이 가격에 좋은 노트북. 멋지고 큰 화면. 아름다운 디자인. 게임용으로 만들어진 시스템 매개 변수가 마음에 듭니다. 선물로 msi 헤드폰이 있었다. 모든 것이 고품질로 이루어집니다. 연휴로 인해 조금 늦게 제품이 나왔지만 기쁩니다.,[]
21.03.19.,5,2월28일 저녁에 주문할때 3월 30일 이후에 받아 볼 수 있다고 했는데 예정일이 3월19일로 변경 되었다가 예정보다 빠르게 3월17일에 제품을 받았습니다. 기존 노트북이 15.6인치여서 큰화면이 필요 했는데 17.3인치 여서 만족 하고요. 윈도우 설치후 성능 및 발열 소음 테스트 해보니 만족합니다.,[]
21.03.21.,5,"마감상태 좋고, 배송 예정일보다 빨리 받았네요.이동 데탑용으로 손색이 없네요.GPU도 140W 아주 잘 나옵니다. 인텔10세대가 조금 아쉽지만 세잔가격이 아직 비싸고 품절상태라서 기능좋고 가성비 좋은 GP76시 지금으로서는 제일 좋은 선택지 인거 같습니다.",[]
21.02.28.,5,첫 게이밍 노트북 구매하였는데 생각외로 정말 만족합니다3천번대 그래픽이 달려서 제가 하고싶은 건 다 돌아가서 이제 더이상 pc방을 가거나 할일은 없을 것 같습니다발열도 생각보다는 적습니다.소음은 그래픽을 쓸때 팬 소리가 좀 많이 나지만 그건 어쩔수 없는거라고 생각합니다.좋은 사양의 노트북 구할 수 있어서 참 만족합니다.감사합니다.,[]
21.03.19.,5,크고 단단해서 내구성 뛰어날것으로 예상되구요시즈모드하기엔 딱입니다240hz라서 고성능에 딱 알맞는 노트북 화면이구요요새 그래픽카드 값이 비싸서 그냥 노트북 삿네요데스크탑 대용입니다 잘쓰겠습니다 로아 배그 롤 옵치 너무 잘되네요,[]
21.02.06.,5,기존에 MSI GE62노트북을 5년정도 사용하다. 이번에 새로 장만했는데 확실히 화질도 좋고 많이 빨라져서 좋네요~ 그래픽카드 RTX3070 Max-P라서 3d mark 잠수가 21720점 나오네요. 집에서 게임을 lg oled55인치tv에 연결해서 했는데 화면도 크고 화질도 좋고 반응도 빨라서 좋아요~이걸로 5년은 잘 쓸 것 같네요~,[]
21.02.10.,5,10년 전에 샀었던 MSI 노트북을 ssd만 교체하니 생생해서 지금도 어머님이 잘 쓰고 계십니다. 그래서 이번에도 MSI를 골랐는데 논란이 많은 3070-Q가 아닌 3070-P를 탑재한 이 제품을 선택했습니다~ 설연휴 바로 전이라 명절 끝나고 받을 거 같아서 마음을 비웠는데 2일만에 도착하더군요! 도착하자마자 셋팅을 하는데 역시 최신 노트북이라 뭐든지 빠르네요 앞으로 이 제품도 10년이상 써야겠습니다~! ㅎㅎ,[]
21.02.20.,5,목요일날 결제했는데 금요일날 발송 토요일 일찍 받았네요.. 배송이 이렇게나 빠른게 참 놀랍습니다. 노트북을 실제로 꺼내어 들어보니 무게자체는 17인치 노트북답게 상당히 무겁네요 하지만 그에따라 성능도 막강하니 첫 노트북인 만큼 안전하게 잘 쓰겠습니다. 너무 좋아요.!,[]
21.02.22.,5,가성비 성능위주로 본다면 만족합니다베젤이 큰거랑 cpu가아쉽긴 하지만 이가격에 이성능이면만족합니다이쁘고 가벼운 거 찾으시는 분들은 맥북 그램 이온같은거 사시고 자차이동하시며 자취방에서 공간많이 차지하시는거 싫어하시고 고사양 게임 가끔 하기에는 좋네요만족합니다.,[]
21.02.27.,5,"받아서 설치중 입니다생각보다 배송이 빨라서 놀랐습니다, 잠깐 돌려본 보니high frequency 모니터를 왜 쓰는지 알겠더군요. 색감도 훌륭하고 무엇보다 발열관리가 아주 잘되어 만족스럽습니다1주일 고민해 구입한 보람이 있습니다",[]
21.02.07.,5,원래는 삼성의 가벼운 노트북 종류를 사용하고 있었는데 이번에 데스크탑을 맞추려다가 그래픽카드의 가격이 많이 올라서 노트북을 구매하게 되었습니다. 여러 모델을 비교해 보았지만 이 레오파드 모델만한것이 없습니다. 가성비가 진짜 갑갑! 강추합니다.,[]
21.02.26.,5,레노버 컴퓨터를 2년간 사용하다 이번에 msi컴으로 바꾸니 완전 신세계 입니다 그저 롤 최저 옵으로 돌리면서 게임했는데 이제 최상 옵으로 돌려도 될거 같아요 모니터도 시원 시원 하니 좋습니다 배송도 만족 합니다 몬스터헌터를 즐기기 위해 구매했기에 더욱더 이번 주말이 기대 됩니다 ^^ 지금은 회사가 너무 늦게 끝나서 영상정도만 보고 있는데 ㅠㅠ 조금만 더 참았다가 주말에 풀로 써보고 리뷰 남기겠습니다 ^^ 감사합니다,[]
21.02.25.,4,원래 15인치 제품을 사용하다가 17인치 제품을 처음 사용해보는데 확실히 화면이 커서 정말 좋네요!외관도 게이밍 노트북이라는 인상을 주어서 개인적으로는 정말 마음에 듭니다!램 32GB + SSD 512 추가했는데 모두 정상적으로 인식되었습니다!,[]
21.03.02.,5,"게이밍 노트북 i5 부터 MSI 제품 잘 사용해서 다른 선택지 없이 i7 RTX3070에 램업그레이드 이벤트까지 상당히 좋은 이벤트 그리고 MSI 헤드셋 증정까지 너무 좋은 기회라 구매 하였습니다. 배송도 다음날 도착 , 문의 사항도 잘 확인해주시고 구매되는데 문제 없었습니다 주말 사용해본 결과 상당히 만족합니다. 성능,소음,발열등 데스크탑 과 다를바 없네요. 오래 사용하고자 쿨링패드 하나 구입해서 사용하고 있습니다. 가격대비 성능 이벤트까지 아주 좋은 기회에 게이밍 노트북 교체 했습니다. 마지막으로 사운드도 너무 좋습니다. 게이밍 노트북 MSI i7 RTX3070 추천 합니다.",[]
21.02.26.,5,펜소리가 거창하다해서 걱정했는데 생각보다 괸찮구요배송은.... 목빠지게기둘려서 구입하고 4일만에왔네요 ㅎㅎ헤드셋 무료로 주셔서 감사합니다 ㅎㅎ 함도암써봐서 잘쓸게요!! 전체적으로이쁘고 게임 144hz처음 노트북도처음인데 대만족하네요!!! 가성비짱!,[]
21.02.26.,5,"배송은 느렸지만, 그건 택배가 많아 어쩔 수 없는 부분이고...불량화소도 없고, 성능도 좋고, 외관도 묵직한 게 딱 제 맘에 드네요 ㅎㅎ3070 노트북 중에서는 전력제한이 없어 TOP 3 안에 들어갑니다. 거기에 가격도 저렴하니, 꼭 구매하세요 ㅎㅎ",[]
21.02.22.,5,역대급 배송에 역대급 할인혜택과 역대급 가성비 킹성비 정말 만족합니다 하지만 너무 이쁘고 고급 노트북이라 밖에 가지고나가기 좀 무섭긴해도 아무튼 배송정말빠르고 이 그래픽카드에 이가격성능이면 레전드 입니다 .,[]
21.03.24.,5,배송도 빨리오구 노트북 상태도 이상없구 매우만족합니다 저는 ㅎㅎ 사은품으로 백팩이랑 헤드셋도 잘쓰겠습니다.,['https://shopping-phinf.pstatic.net/20210326_9/16618ed9-1d0d-403a-a23e-954d582d6f77.jpg?type=f287']
21.03.22.,5,화면도 크고 주사율도 높아서 게임할때 좋네여~! 소음도 크진않구요~! 빨간색이라 걱정했는데 생각보다 이뻐요,[]
21.03.20.,5,비슷한 가격대에 이정도성능은 없음. 겜트북으로 선택시 후회없이 잘 즐길수있음!,[]
21.03.19.,5,게이밍 노트북 처음 선택해 봤는데 가성비 좋은 msi 로 고르게 되었습니다. 기본적인 성능이 워낙 좋아서 만족스럽습니다. 240으로 주사율도 더 좋아지고 해서 더 좋은 것 같습니다.,[]
21.03.21.,5,정말 맘에 드는제품입니다. 이 가격에 이정도성능이면 가성비는 탑인것 같구요. 다른회사 제품들도 알아보다가 이제품으로 고른건 정말잘한선택인것 같습니다,[]
21.03.20.,5,확실히 msi가 좋긴 좋네요 어수스꺼랑 고민하다가 돈 조금 더 주고 샀는데 넘 만족합니다. 배송도 빠르고 노트북이 엄청 튼튼해보여서 좋아요! 아직 많이 사용해보진 못했지만 믿고 씁니다 ㅎㅎ,[]
21.03.18.,5,노트북 아무 이상 없이 잘 왔네요. 배송도 빠르고 잘 쓰겠습니다.,[]
21.03.22.,5,조금 무겁긴 해도 성능이 뛰어나서 좋습니다.,[]
21.03.18.,5,웅장하고 좋네요. 잘 사용해 보겠습니다,[]
21.03.08.,5,직접수령했는데 하루만에 받았습니다. 제품도 문제없고 성능좋고 너무 마음에 드네요. 가격대비 노트북으로 이만한게 없을듯해요 잘쓸께요.,[]
21.03.17.,5,배송이 오래걸릴 줄 알았는데 빨라서 너무 좋았어요~ 노트북도 너무 잘생겼어요~,[]
21.03.19.,5,화면 240hz 무상업그레이드 램 8기가 무상업그레이드 너무 좋네요타이밍 잘 맞아서 사은품까지 다 받고그냥 행복쇼핑이네요 잘 쓰겠습니다,[]
21.03.23.,5,배송도 빠르게 오고 무료 업그레이드에 성능도 준수해서 가격값을 잘해요 좋ㅇ아요,[]
21.03.19.,5,노트북 성능이 좋아서 마음에 듭니다. 잘 받았습니다.,[]
21.03.07.,5,말그대로 무게 소음 포기하고 성능에 몰빵한 제품입니다. 배송은 진짜 많이 느렸고요. 대신 성능 기깔나게 뽑아줍니다. 상판 키보드가 알루미늄인건 정말 좋더군요.,[]
21.03.19.,5,드디어받았네요~ rtx3000번시리즈 중 제일 좋다는 녀석으로 받았습니다. 역시나 빠릿빠릿하고 좋네요 잘쓰겠습니다,[]
21.03.18.,5,가격대비 최고 제품인거 같습니다완전 만족 대 만족입니다,[]
21.03.12.,5,가성비가 좋은 노트북이고 현시점에서 이정도 가격에 이런 제품은 없다고 생각합니다. 대만족하고 있습니다.,[]
