"1,399,000"
date,star_point,comment,photo
21.02.07.,5,"장점: 따라올 수 없는 가성비이제 중2 올가가는 아들에게 사주기 부담없는 가격대비 스펙이 하늘을 뚫고 나간 수준입니다.우선 RTX 3060이 최초 적용된 최신형 노트북으로 국내에서 가장 빨리 받아 볼 수 있는 제품 중 하나입니다. 가격이 130만원이라는 것만으로도 최신 노트북에 붙는 덤탱이 프리미엄이 없었다는 점도 장점입니다.우선 여러가지 테스트하고 3일간 사용해본 결과 안정성, 호환성 문제가 발견되지 않았습니다.각종 밴치마크 인증은 사진과 동영상으로 올립니다.Win10 pro 부팅 속도 13초Fire Strike 15729CineBench23 multi 6461, single 1188, MP 5.44xCPU clock 4.65 GH (cinebench 구동시)높은 땐 4.75 정도 나오는거 ？f 5Ghz정도까진 제한 풀어 논듯 합니다.Ram 8Gb 추가하고 fires strike 다시 해보니 16152 찍히네요.*테스트는 아들이 마음대로 설치한 윈도우와 이런저런 게임들이 깔려 살짝 누더기 상태의 시스템 환경에서 진행된 만큼 MAX값은 아닙니다. 완전 실 사용 중 돌린 밴치마킹으로 보시면 됩니다.소음 발열 모두 이 제품의 성능과 사이즈 대비 좋으면 좋았지 나쁘지 않음지금 시장에 나와있는 제품 중 예산을 150만 이하로 보고 계신분들께 강추합니다.단점: 개인적으로 하얀 LED 키보드 백라이트를 선호하지만 이 제품은Red LED 적용.",[]
21.02.25.,1,"명절이 끼었지만 8일만에 받았다. 주문당시 139만9천원 짜리가 배송 받은날 132만원으로 판매되는것을 보니 기분이 정말 안좋았음. msi에 문의 답변은 반품하고 다시 주문하라고 했지만 회사 업무 때문에 반품하고 확인하고 다시 발송하고 받는 시간이 맞지않아 두번째 문의글에 msi측에 다른 제안을 했으나 원칙을 중시하는 회사인지 거절하여 울며 겨자먹기로 구매결정함. 나도 원칙에 근거하여 후기 작성 을 해야겠다 생각하여 바쁜일이 끝나자 마자 후기를 남겨본다. 일단 배송은 명절이 중간에 낀점을 감한하더라도 명절 끝나는 날 송장만 발행해놓고 배송정보는 없었음. 다음날에도 송장이 안떠서 msi에 문의한 기억이 있다. 아무튼,이전에 사용하던 msi 683 gt와 비교해서 얇아지고 베젤이 좁아지고 아답터도 작아지는 장점도 있지만 밧데리 내장형이 별로 달갑지 않다. 그리고, 갠적으로 숫자키가 없어져서 불편함. 그렇지만 일주일간 사용해본 가장 큰 문제점은 rtx 3060 보고 산건데.. 그래픽 카드가 가격에 비하면 성능이 떨어진다는 기분이 든다. 이유는, aftereffect 에서 작업 수정할 때마다 팬이 돌아 신경에 거슬림. 이 건은 어느정도 이해한다 하더라도 유튜브 창을 띄울때마다 로딩하면서 팬이돌아가며 시간이 걸린다는 느낌은 불량 아닌가하는 의심이 듬. 기본사양의 메모리가 8g라서 그런건지 몰라서 추후 메모리 업글한 후 다시한번 후기를 쓰겠다. 그런데 업글할 때는 msi에 통화해서 물어보고 뒷판 띁어야한다는 경고문구를 어디선가 본거같은데 일주일이 지났더니 어디서 봤는지 기억이 안남. ㅠㅠ 그리고 밧데리 사용시간이 설명서에 나온 시간보다 많이 부족하다. 끝으로 msi 제품 가격이 고무줄 가격이라는게 너무너무 실망스럽다.",[]
21.02.22.,5,"이 정도 성능에 이 가격의 노트북을 구하는 건 거의 불가능에 가까울 것 같습니다. (쿠폰 등등 써서 120만원 초반대에 구입했습니다.) 무게도 노트북 가방에 넣어서 출퇴근 가능할 정도이고, 발열도 잘 잡힙니다. (다만 쿨러 소음은 아무래도 게이밍 노트북이다 보니 감안은 해야 합니다..) 게이밍노트북이나 RTX3060 모바일이 장착되어 있어서 영상편집 등에도 충분히 사용할 수 있을 것 같습니다. 사은품인 마우스 역시 훌륭하고 m99 콘트롤패널 받아서 프리셋 변경도 가능합니다. (네온, 웨이브 등등)Msi 노트북은 이번이 처음인데 엄청난 가성비에 놀라고 있습니다.",[]
21.02.05.,5,"노트북도, 컴퓨터도 무지한 저한테 컴잘알 친구가 망설임없이 추천을 해준 상품입니다. AS, 낯선 윈도우 설치 등 발목을 붙잡을 것 같아 3-4일을 고민하며 여러 정보를 긁어모았더랬죠... 친절한 상담원, 응대빠른 한국지사, 혜자스러운 가격 등 서치하면 서치할수록 Msi의 미담만 나오더라구요. 또, 배송은 어찌나 빠른지요... 2월 8일 배송이었는데 4일이나 빨리 받을 수 있었습니다. 진즉 알았더라면 비싼값주고 낮은사양 노트북을 사지 않았을텐데...ㅎㅎ 컴잘알, 노잘알 분들은 스펙이나 브랜드만 보시고도 좋은 제품인걸 아시겠지만 저같이 컴못알 분들은 고르기 힘드실거에요. 저는 전문가는 아니지만 이 사양, 이 가격에 살 수 있는 몇 안되는 제품이라고 생각하며 만족하고 있습니다. ？？",[]
21.02.07.,5,"램 8gb 추가 했는데 중복할인 다 해서 143만원에 구매했습니다. 배송도 엄청빨리 왔고, 상품도 흠집없이 잘 왔습니다. 이번에 새로나온 30시리즈 글픽이 탑재 되어있어서 게임은 말 할 필요없이 잘돌아갑니다. 구매하기 전에 어떤거 살지 엄청 고민했었는데 무게가 1.86kg이라 그냥 바로 구매했습니다. 진짜 이가격에 살 수 있는 노트북 없으니깐 고민하시지 말고 구매하세요. 디자인도 심플해서 카페에 들고 나가도 안쪽팔릴거 같아요",[]
21.02.18.,5,공대생 조카 선물로 구매 하였습니다. 게임도 할거 같아 이래 저래 찾다 가격대비 그래픽도 3060이라 망설임 없이 구매하게 되었습니다. AS 때문에 망설였지만 그래도 성능 가격 두마리다 잡은것 같아요.. 메모리 추가 하였구요.. 벤치 돌려 보니 소음은 있습니다. 노트북 특성상 어쩔수 없을꺼 같네요... 그래서 노트북 방열판도 사용하려구요.. GPU1 온도는 그렇게 많이 올라 가지 안습니다. 물론 게임을 해봐야 하겠지만요.. 그래도 이정도면 만족합니다.,[]
21.02.20.,5,장점: 1. RTX3060 그래픽카드가 있어 게임이 원활함 2. 그래픽카드가 있지만 무게가 가볍다 3. 고성능 합리적인 가격이다 4. 발열 잡기위한 쿨링이 좋다단점: 1. 숫자패드가 따로 없어 불편하다 2. 소음이 조금 있는 편이다 3. USB포트가 2개로 조금 불편하다결론: 그래도 가성비 이정도 성능 뽑아줄 물건은 없다!,[]
21.02.26.,5,받아보고 윈도우 설치 하고 사용해보니 이 가격대에 이런 노트북 없네요 대학가서 과제도 하고 게임도 할 겸 샀는데 아주 만족합니다 144hz 찍어주는 노트북 꼭 사고 싶었는데 아주 잘 산 것 같아요 무게도 게이밍 노트북임을 감안하면 절대 무거운 것 아닙니다 잘쓰겟습니다!!,[]
21.02.27.,5,가격대비가 굉장히 싸고 11번가를 처음이용해서 장바구니 담으면 2만원 받고 중복 할인 5만원 하고 기번 쿠폰으로 할인받고 또 8기가 램 추가해서 샀는데 1408000원내고 굉장히 싸게 샀고 요즘 컴퓨터가 비쌀시기에 게이밍용 노트북으로 쓰기 굉장히 좋습니다,[]
21.03.07.,5,"노트북 잘 알지 못하는 30대 초반 여성임.일단 오빠의 적극적 권유로 다른 제품 부른거 바로 환불하고 재주문함.-> 일단 언니, 형부, 오빠 다 좋은 거라고 함..(사실 난 잘 모름)그리고 일단 빠르고, 생각보다 덜 무거움.가장 강점은 배송..지렸음일요일인데도 배송해주신 저희 지역 기사님 너무 사랑 드립니다. 감사합니다퓨ㅠㅠㅠㅠㅠㅠ넷플릭스와 웹서핑용으로 주문한거라 저는.....타사 제품과 어떤 게 다른지 잘 모름.일단 예쁨. 여자니까 예쁘면 다 됨. 키보드 빨간 불빛도 예쁨. 그리고 한글이 작고 영어가 큼. 이것도 뭔가 예쁨.ㅋㅋㅋㅋㅋ결국은 예뻐요",[]
21.02.20.,4,배송이 너무 느렸어요.....설전날 구매해서 어제받았네요...주중에받아서 서비스센터 가서 ssd추가하고 램 바꾸고 주말에 이것저것 설치좀 할랫는데..... 배송느려서 계획 실패... 소음은 윈도우 설치하는데 매우 시끄럽던데 일단 쓰다보면 알겠죠?? :),[]
21.02.09.,5,RTX3060과 인텔 I7이 탑재한 엄청난 성능에도 불구하고 이 가격에 산다는 것은 정말 엄청납니다. 배송도 설 날전에 못받을 줄 알았는데 설날전에 와서 놀랐구요 . 빠른 배송 정말 감사합니다 ㅠㅠ 모니터 불량화소도 체크해봤는데 이상없습니다 ㅎㅎ게다가 사은품으로 게이밍 마우스가 왔는데 색깔도 이쁘고 부드럽습니다 . 사실 MSI 노트북은 처음 사보는데 RTX30시리즈 탑재한 노트북중에서는 제일 탑인 것습니다. 앞으로도 MSI 제품들 기대할 것같네요,[]
21.03.13.,5,아주 맘에 들어합니다. 게임할때 무척 행복해 보이네요 ㅠㅠ,"['https://phinf.pstatic.net/checkout/20210313_178/1615608734530iuoff_JPEG/review-attachment-f5631874-3122-4c0f-ad65-67f12fb5dbf0.jpeg?type=f287', 'https://phinf.pstatic.net/checkout/20210313_80/1615608749067n0dFO_JPEG/review-attachment-ff760bb1-6ebf-4afa-8612-985b9c185d16.jpeg?type=f287', 'https://phinf.pstatic.net/checkout/20210313_32/1615608756102uMCYJ_JPEG/review-attachment-6e091bcb-22e5-4f8d-a4e9-23418cf234cf.jpeg?type=f287', 'https://phinf.pstatic.net/checkout/20210313_227/1615608761783IbxxJ_JPEG/review-attachment-6782eb26-04a4-43e5-9cff-24df85a77a31.jpeg?type=f287']"
21.03.12.,4,"가성비 좋습니다.
윈도우를 깔아야하는 번거로움이 있지만..
가격대비 만족합니다.
배송도 안전하게 잘 왔어요.","['https://shopping-phinf.pstatic.net/20210313_6/3f1ca4c2-5176-40af-82f8-f887109ba9da.jpg?type=f287', 'https://shopping-phinf.pstatic.net/20210313_24/b32167ba-41a9-4cab-988e-4b16a7d24bd9.jpg?type=f287']"
21.03.05.,5,가격대비 최고의 게이밍 노트북 입니다.,['https://phinf.pstatic.net/checkout/20210305_74/1614920130066wY5KN_JPEG/review-attachment-4f367d72-ab8e-4342-8c85-5d34c0442561.jpeg?type=f287']
21.03.07.,5,"노트북잘받았습니다, 이제 드라이브깔고있습니다.",['https://shopping-phinf.pstatic.net/20210308_2/9f3a80bc-bb23-42fd-89a5-9d88c08b24b1.jpg?type=f287']
21.02.23.,5,가성비 좋아요! 매우만족입니다.,['https://shopping-phinf.pstatic.net/20210224_16/aa6fc535-4066-49d0-b0a2-06dd78f5740e.jpg?type=f287']
21.03.20.,5,저렴해서 기대를 많이 하지 않았는데 게임성능 좋아요. 깜짝 놀랐내요. 좋은 제품 감사합니다.,[]
21.03.03.,5,배송은 빨라서 좋아요. 도착한지 얼마 안되어서 프로그램도 깔고 사용 해야 알겠지만 생각보다 무게도 무겁지 않고 디자인도 괜찮아요,[]
21.03.08.,5,제컴퓨터도 msi 이고 벌써 세번째구매이네요지난번에 산건 리뷰도안했는데스타벅스쿠폰 몇장주세요^^여튼 가성비 좋은컴퓨터입니다 추천할게요,[]
21.03.14.,5,"i5, i7 msi 두번째 구매인데 판매회사는 다르네요사은품이 가방만 있어서 좀 아쉽습니다. 가성비 짱인듯코로나로 집에만 있어서 애들하고 요즘하는 게임 같이 해보려고 샀어요 스타크래프만 했었는데 ㅎㅎ",[]
21.03.10.,4,성능은 좋은데 아무래도 게이밍컴터다보니까 팬 돌아가는소리가 넘 크네요,[]
21.03.06.,5,가격대비 성능 좋아요. 무게도 RTX3060 들어간 모델 중 가벼워서 좋음,[]
21.03.05.,5,아들이 좋아라합니다 문제 없이 오래갔으면 좋겠어요,[]
21.03.07.,5,배송빠르고 하자없이 좋습니다,[]
21.03.12.,5,가성비 아주좋고 훌륭합니다.,[]
21.03.08.,3,왜안올라가냐 상품평이,[]
21.02.24.,5,너무 편하고 좋네요~ 가족들이 좋아해요 다같이 쓰려고 샀어요 요즘은 자리 차지하는 데스크탑보다 노트북이 더 나은거같아요~성능도 좋고 맘에 드네요 많이 파세요^^,[]
21.02.28.,4,게이밍 노트북 처음써봐서 빌열과 소음에 깜짝 놀라기는 했지만 성능은 많이 만족스러웠고 늦어지면 늦어진다고 따로 연락주셨으면 더좋았을것같네요,[]
21.02.22.,3,오자마자 켜서 powercfg.exe -energy 로 배터리 수명을 확인해 보니 51000 중 49000이더라고요. 반품이라던지 그런거 아닐까 합니다. 제 돈주고 중고구매한거같아서 기분이 좋진 않네요.,[]
21.02.28.,5,3060 max-q 저전력이네요cpu 6코어12스레드 i7코멧10세대가성비 괜찮아요소비전력이 max-p 130W보다 훨씬 작은 70W로 동작해서 발열이 상당히 낮고 쿨부스터시 쿨링패드와 사용시 55도 유지합니다,[]
21.02.28.,5,3060 max-p 저전력 제품으로 tgp 70W입니다그런데 성능도 잘 나오네요6코어12스레드 i7코멧cpu쿨러부스터기능이 좋네요풀로시 10이상 하락합니다,[]
21.02.24.,5,"배송도 정해진 일정에 맞추어주고 가격대비 괜찮아요.
단지 소음이 약간 있는것 빼고는..",[]
21.03.04.,5,빠른 배송 감사합니다!,[]
21.03.02.,5,속도 빠르고 성능 최고 외장까지 엄청 이뻐요,[]
21.03.01.,5,속도도 빠르고 외관도 예뻐서 놀랐습니다.,[]
21.03.02.,3,항상 잘받아 사용하고 있어요 감사합니다,[]
21.02.11.,5,"학교 다니면서 쓸 수 있는 고사양 노트북을 찾다가 이 제품을 알게 되었어요. 평소에 고사양 게임, 프로그램을 자주 돌리는데 동급 대비 무게가 가벼우면서 최신 그래픽을 경험할 수 있어서 정말 만족스럽습니다~ 추천해요~",[]
21.02.19.,5,너무 좋은 가격에 최신 그래픽카드가 들어있는 노트북을 구매하였습니다.일단 조용하고 크게 거슬리는 부분이 없네요.윈도우 설치뒤 겜을 돌려보고 성능을 다시한번 평가해 보겠습니다.,[]
21.02.26.,5,요즘 이가격이면 매우매우 저렴하죠피씨가격 너무 비싸요. 노트북이 차라리 싸죠 ㅎㅎ,[]
21.02.22.,4,"사양 및 디자인 : 상급발열과 소음 : 중급업그레이드 여유성 : 상급충전기가 크고 발열있음, PD충전 안됨",[]
21.02.11.,5,가볍습니다. 들고다니기좋아요. 프리OS인데 윈도우를깔았다지？m는지 부팅오류가있었으나 윈도우설치후엔 정상작동합니다. 쿨러부스트기능이있어서 발열이 잘 잡힙니다. 디자인도깔끔해서 좋습니다.,[]
21.03.19.,4,괜찮은거같아요 괜찮아요ㅎㅎㅎㅎ,[]
21.02.18.,5,최신 그래픽카드 장착에 가성비 뛰어납니다. 배송도 빠르고 생각보다 가볍네요,[]
21.02.19.,5,"가성비 갑입니다.
케임용으로 아주 좋습니다.",[]
21.03.17.,5,사용하기 편리하고 감사합니다.사용하기 편리하고 감사합니다.,[]
21.02.19.,5,"cucyo iyccvbo yctcubl g,zxtbn k",[]
