"449,000"
date,star_point,comment,photo
20.10.01.,5,"레노버는 처음 사용하게 되어 엄청 고민했네요.
슬림한 디자인과 포함된 성능이 온라인 수업과 간단한 게임용도로 부족하지 않겠더라구요.
10가지 비슷한 사양의 노트북을 비교 한 후 거기서 선택한 슬림 3
실제 만나본 레노버~
우선 처음 맛나는것은 시각적인 부분이니 만큼 그부분에서는 100%만족,
그리고 프리도스로 주문된거라 윈도우 10홈으로 깔았습니다. 이제품은 윈도우10 프로는 설치가 안되더라구요.
그리고 컴못알이거나 하시는 분들 이 부분 참고하셔요.
윈도우10홈 설치드라이브와 레노버 슬림3 네트워크드라이브를 미리 준비해 놓습니다.
(레노버 홈페이지 다운로드 센터들어가셔서 슬림3 관련 설치드라이브 들이 있습니다. 이중 네트워크 드라이브 설치를 usb에 다운로드 해 놓으세요.)

프리도스 구입 후 > 윈도우10홈 설치 > 네트워크드라이브설치> 노트북에 직접 레노버 홈페이지 다운로드 센토 들어가서 슬림3 화면에 표시된 드라이브를 다운받습니다.여기 터치패드 드라이브도 다운받아야 터치패드 작동합니다.

갠적으로 쇼핑몰 상세후기 부분에 이런 설치가이드가 제공되었으면 좋겠습니다.
그리고 마우스 제공 되지 않으니 마우스도 미리 준비하시길~ 마우스 당연히 있는줄 알았는데 없었어요. ^^ 그덕에 저렴하게 구입한 것인지 모르겠지만요.
배송은 추석이있었기에 많이 늦을거라 생각했는데 3일 만에 받게 되었네요.","['https://phinf.pstatic.net/checkout/20201001_149/16015427960251MjyN_JPEG/review-attachment-2522aa63-b44a-4428-904f-de5da10affab.jpeg?type=f287', 'https://phinf.pstatic.net/checkout/20201001_22/1601542824422Wi1jO_JPEG/review-attachment-2155e48c-d70f-4e8a-8ee0-26bd781a303c.jpeg?type=f287', 'https://phinf.pstatic.net/checkout/20201001_243/1601542888879lgiST_JPEG/review-attachment-c2b28a64-6b41-471b-aae2-75878c3bf423.jpeg?type=f287', 'https://phinf.pstatic.net/checkout/20201001_137/1601542924984dLJ9L_JPEG/review-attachment-433b6d25-a0c4-459e-913e-242e74604bdc.jpeg?type=f287', 'https://phinf.pstatic.net/checkout/20201001_205/1601542948187jbl74_JPEG/review-attachment-92e41241-58b0-4a3c-9a3a-8df3576e5365.jpeg?type=f287']"
20.10.16.,5,"레노버 노트북 정말 이름값 하네요
합리적인 가격에 빠르고 좋은성능 미래적인 플레티넘 그레이색상의 멋진 디자인 열면 켜지는 편리한 기능 부드러운 자판이 자꾸 만지게 하네요 배송 역시 2일만에 왔어요 튼튼한 박스로 이중포장해서 안전하네요
다만 윈도우10 설치시 애먹었어요 네이버 검색해서 부팅화면 들어가서 f2 눌러서요 설정바꿔주니 윈도우 설치가 되더라구요 판매자님이 상품 설명시 윈도우10 설치요령을 알려주셨으면 해요 아이가 처음에 설치가 안되니깐 울라구 하더라구요 지금 설치 마치고 잘사용중입니다 한달동안 마니마니 사용해서 또 후기 올리겠습니다","['https://phinf.pstatic.net/checkout/20201016_11/1602775476734DohqF_JPEG/review-attachment-860be768-3568-4385-a5d1-98446adb5b9f.jpeg?type=f287', 'https://phinf.pstatic.net/checkout/20201016_159/16027754894093YM2S_JPEG/review-attachment-ff5aeaa9-251b-4cc5-be5e-745de424632e.jpeg?type=f287', 'https://phinf.pstatic.net/checkout/20201016_78/1602775501024atLmb_JPEG/review-attachment-89419725-cffd-4260-aa47-525621f771b2.jpeg?type=f287', 'https://phinf.pstatic.net/checkout/20201016_47/1602775512120yiqyf_JPEG/review-attachment-23d8f8ea-d38d-44ae-a908-9af460cd8d52.jpeg?type=f287']"
21.03.13.,5,"급하게 필요해 금요일 오전 9시에 문자로 상담 받고 적당한 사양을 추천 받았습니다
용도에 비해 고사양을 구입하려고 하자 그러지 말라고 조언해주시고 차근차근 설명해주셔서 너무 감사했습니다
구입 다음날 토요일 오후에 배송 받아 꼭 필요한 시간도 맞추고, 받자마자 쓸수있도록 한글 워드 엑셀 파워포인트 등 다 깔려있어 너무 만족합니다
배송 포장도 꼼꼼히 해주셨어요
앞으로 여기서 모든 걸 해결하려고 해요, 저처럼 컴퓨터 잘 모르는 사람에게는 정말 큰 도움이 되었습니다
감사합니다","['https://phinf.pstatic.net/checkout/20210313_254/1615617206500EUR06_JPEG/review-attachment-80d54844-7ebb-4108-9d87-ea5f86d28998.jpeg?type=f287', 'https://phinf.pstatic.net/checkout/20210313_154/1615617246247jmD0D_JPEG/review-attachment-a94a0295-3bbc-48ad-a6bc-f03c90bffeda.jpeg?type=f287', 'https://phinf.pstatic.net/checkout/20210313_245/1615617267650UG5QX_JPEG/review-attachment-1859309a-ea10-4594-a7df-c1924b2547cf.jpeg?type=f287', 'https://phinf.pstatic.net/checkout/20210313_90/1615617281342WAMKR_JPEG/review-attachment-4e1e687f-bc0d-43f2-a025-b39b970940a0.jpeg?type=f287']"
21.02.10.,5,"설 전이라서 8일출고였는데 다행히 10일에 받았습니다. (검색해보니 대한통운 용산2가 악명높은 곳이더라고요. 상하차가 엄청 오래 걸린다고 하더라구요. 시간된다면 직접 찾아가서 수령해 오는것을 추천하고싶습니다) 노트북 주변에 스트로폼으로 싸져있어서 안전하게 오긴했으나 큰 박스엔 테이핑이 부실하게 되어있어서 조금 너덜거렸습니다. 오자마자 윈도우 usb 준비했는데 운좋게 바로 윈도우설치창이 나와서 바로 설치했고, 레노버 사이트 들어가서 각각 유틸리티(블루투스, WLAN, 등등 장치관리자)를 다운받아서 설치해야합니다. 이건 유튜브 레노버 윈도우10 설치 치면 아주 상세하게 설명하는 유튜버 있으니 찾아보세요~~ 아무래도 가성비 제품이다보니 부팅해서 로그인 화면까지 10초정도 걸립니다. 저는 인강용, 인터넷 서칭용도로 구매한거라 목적에 맞는 노트북이라 생각됩니다. 또한 지금 코로나로 인해서 라이젠 관련 제품은 3월 중순쯤에나 받을 수 있기에 지금 당장 노트북이 필요하고 용도가 저와 맞다면 i3 아이스레이크도 나쁘지 않다고 생각됩니다. 펜티엄 골드 이것보다 i3 아이스레이크를 추천하더군요.. 팬소음도 작고 화면도 널직해서 잘 사용할 것 같습니다.",[]
21.03.12.,1,쓰다 또 열받을거같아 길게안쓸게요팩트만씁니다램추가했고 수령당일 전면 기스확인했고판매자는 센터가서 초기하자인증받아오면 교환해준다더니센터는 램추가하면서 기기를 뜯은거라 초기하자인증 어렵다고하고본사는 판매자랑 얘기해보라하고판매자는 다 검수하고보냈으니 잘못이 없고 방법도 없답니다네네 기스는 제가냈나보네요 그죠눈에 안보여요 잘불켜고봐도 크게티 안나요예민해서 잘보여요예민한 제잘못이죠 그죠?이럴거면 램추가 안했죠저 램이 발목잡을줄알았으면 안했겠죠그리고 뜯었으니 초기인증안줄거 뻔히 알았을텐데왜 받아오라고 하셨죠?개고생은 남얘기다 이건가보네요윈도우깔고도 부팅이 안되고(초기하자인증받으러 센터방문했을때 센터사장님이 친절히 방법을 알려주시고 유튜브보고 다시 깔았습니다)기스도 나있고센터 본사 판매자 다 잘못이없다 방법이없다 이러고있고최악의 일주일이었네요,[]
21.01.06.,5,"인생 첫 노트북입니다ㅎㅎ
기계치에 컴맹이라서 아무것도 몰라 어떤것을 사야할지 고민했는데 컴퓨터에 관심많은
아는 동생통해서 이제품을 구매했고 한달 좀 지났습니다.
여러가지 사양들 최신형으로 되어있다고하고 가격도 디자인도 좋아서 구매했는데
리퍼제품이라고안하면 절대 모르겠던데요?
부팅속도, 영상재생속도도 빠르고 키보드자판에 숫자까지 따로 오른쪽에 배열되어있어서 진짜 편합니다.
매우 만족입니다~^^!!
잘쓸게요!","['https://phinf.pstatic.net/checkout/20210106_152/1609906684807dfkkI_JPEG/review-attachment-10cfd029-262a-41f1-9932-c61ef6364b9d.jpeg?type=f287', 'https://phinf.pstatic.net/checkout/20210106_239/16099066863462vaxA_JPEG/review-attachment-91d9ff29-6381-458a-bf07-be3228300aea.jpeg?type=f287']"
21.02.23.,4,"이 노트북의 용도는... 아무것도 손 안 되면... 인강, 동영상, 그리고 초간단한 겜 정도입니다. 하지만 램을 8기가.. 하나 꼽으면? 캐주얼 게임 및 롤 정도의 중옵 옵션 게임... 문제는 램 한계가 12기가이고.. 다른 건 손을 댈 수 없기에 딱!! 요기까지네요..디자인은 나름 준수한 편이고, 화질도 양호하고... 발열은 좋은 편(외장글픽이 없음), 소음 좋은 편... 그 외 무게? 좋은 편.. 그리고 호환성도 괜찮은 편이네요. 결과적으로 타이핑 위주로는 상, 게임으론 중하, 그래픽 작업이나 방송? 정도는 하상... 그냥 그냥 인터넷 하고 동영상 하기엔 쓰기엔 최상인 제품이네요...^^개인적 의견일 뿐이니... 이점 반드시 참고하세요^^아참.. 윈도우 설치하실 때 레가시로 설치하심 터치패드 지원 안 하니.. 반드시 마우스를 연결하세요.. 안 그러면 대략 난감 됩니다. ^^",[]
21.03.06.,5,"와... 이건 진짜 삼성 엘지 저리가라네요 속도며 디자인이며 너무너무 완벽해요 ㅠㅠ진짜
제남자친구도 제꺼보더니 속도도 빠르고 디자인도 깔끔하고 서비스로 다운해주신 한글 파워포인트 등등 여기 다판다에서 무조건 구매하세요!!! 대학생들 인강용 노트북으로보다더 훨씬더 좋아욬ㅋㅋ감사합니다 사장님 😁😁😁 너무좋은 노트북 적당한 가격에매우잘 구입했어용
( !!! 아또 진짜 큰장점 주문한지 2틀만에 안전하게 뽁뽁이 포장 짱잘되어서 도착했어요 ^^ 쵝오)","['https://phinf.pstatic.net/checkout/20210306_273/1614961517258kY7bF_JPEG/review-attachment-aa018a85-4ce2-4a27-a6fe-52a3c75f8c51.jpeg?type=f287', 'https://phinf.pstatic.net/checkout/20210306_121/1614961531221gavrX_JPEG/review-attachment-647d729b-af0a-4fc9-8cdc-ab3e8fd035d0.jpeg?type=f287']"
21.03.07.,1,"하루만에 배송왔고 불량이었습니다.
전원켰을 때 전원버튼 불은 들어오는데
모니터 반응 전혀없었음
다른 상품문의글이랑 인터넷 뒤져보니 불량이면 반품교환할 때 레노버본사에서 불량판정서 필요하다고 해서 알아보니 강남점 토요일 오전 운영하길래 담날 아침 9시에 들고 감
엔지니어분 보더니 램추가시 이물질 때문인지 접촉불량이었다고 함
되긴되는데 해결이 된이상 불량판정서 내주기 어렵다고 함. 하...
교환도 안되고 받자마자 AS받아서 써야한다니 ㅋㅋㅋㅋㅋ
급하게 필요한거라 윈도우랑 오피스 다 준비해놓고 빨리 출발하는 곳으로 받았는데 불량이라니 좌절스러웠어요.
알고보니 레노버가 뽑기운이 있다더군요
그것과 상관없이 걍 새제품도 아니고 램추가 한건데 테스트 한번 안해보신게 놀라웠습니다
다른 분건 확인해서 보내주세요
너무 스트레스받고 주말에도 왕복두시간거리 움직이느라 힘들었습니다
이런 평 처음 남겨보네요 하.....
반품철회 불가능한 상태라고 하니 처리되면 버튼 누를게요",[]
20.10.16.,5,"하루만에 배송받았습니다.
저렴한 가격에 슬림하고 무게도 가볍고
성능은 큰 기대안했는데 물론 새 제품이라 그럴수도 있겠지만 속도도 너무 빠르고 매우 만족하면서 사용중에 있습니다^^ 나중에 필요시 램만 추가해서 사용하면 완전 딱일것 같네요 ~~","['https://phinf.pstatic.net/checkout/20201016_88/1602817337721lFpUw_JPEG/review-attachment-cab09907-6426-424f-ac77-b926918d24c4.jpeg?type=f287', 'https://phinf.pstatic.net/checkout/20201016_109/1602817358049B547w_JPEG/review-attachment-8ab2aac2-6a17-4872-8034-513bf3366f89.jpeg?type=f287', 'https://phinf.pstatic.net/checkout/20201016_267/1602817375637MHC68_JPEG/review-attachment-ebbff9fd-341d-42a2-ae16-f340d7908718.jpeg?type=f287']"
20.10.24.,5,"h*사 노트북을 사용해 왔고 이번에도 구입하려다가 2달 넘도록 입고가 안되어서 알게된 레노버노트북. 구입하고 프리도스라 윈도우 깔고 와이파이,마우스 패드가 안되어서 고객센터에 연락했더니 갈켜준 레노버 온라인 스토어에있는 드라이버 다 깔고나니 정상 작동함. 불과 6개월전에 구입하고 조카 인강 들으라고 준 h사 노트북과 비교해 보아도 화질이나 부팅속도가 뛰어남. 가성비는 h사만 좋은줄 알았다가 레노버 노트북도 못지 않다는걸 알게됨. 내구성 문제는 사용해 보아야 알겠지만 국산노트북 이정도 스펙 사려면 아마도 150안팎은 주어야 하지 않을까?생각함. 가성비 만족함.디자인도 괜찮음.믿고 구입하셔도 될듯함. 인터넷서핑,영화감상을 기본으로 사용하시는분은 비싼컴 살필요없이 요정도 가격대 노트북이면 충분함.",[]
20.10.10.,4,노트북 성능도 맘에 들고 색상도 맘에 듭니다. 처조카 원격수업때문에 구매했습니다. ips 패널이라 눈도 많이 안부시고 색감도 좋네요. 풀사이즈 키보드도 타이핑 하기 편하구요 . 헌데 웝캠 화질이 너무 구립니다. 아쉽네요. 그래도 가성비 제품이라 맘에 듭니다. 한가지 배송은 엉망입니다. 7일 걸렸습니다. 한진택배 거래 다시 생각해보세요,"['https://phinf.pstatic.net/checkout/20201010_133/16023355457572ShPj_JPEG/review-attachment-7827f5b6-1c7a-4e40-9e61-96c079086b3c.jpeg?type=f287', 'https://phinf.pstatic.net/checkout/20201010_183/1602335582164RjIV8_JPEG/review-attachment-18e55821-c523-45b7-9415-451a0df47811.jpeg?type=f287', 'https://phinf.pstatic.net/checkout/20201010_48/1602335622810wQA8n_JPEG/review-attachment-741b1c0a-bc0e-4355-aea2-cda040cc0996.jpeg?type=f287']"
20.08.26.,5,"사용기가 많이 없어서 반신반의 했는데, 가성비가 좋은 노트북이라고 말하고 싶습니다. 먼저 노트북 상태를 확인하기 위해 윈도우 부터 설치하고 드라이버 설치 하다가 레노버 vantage라는 프로그램은 꼭 설치를 해야 세부 설정도 가능하더라구요. 윈도우10에서 마이크로소프트 스토어에서 다운로드 받아서 설치하면 되어요. ^^ 4k 동영상도 잘 돌아가고 워드작업, 엑셀작업 참 잘됩니다. 망설이지 말고 꼭 구매하세요. 그리고 메모리가 4G가 부족할 수 있어요 추가로 구입하시고 뒤에 있는 나사 다 풀고 한쪽을 조금씩 벌려서 너무 힘 주지 말고 분해 할 수 있어요. 그리고 장착하면 더 좋을 것 같아요. 그래도 약간 불편한 것은 키보드의 방향키의 위치입니다. 적응되면 괜찮을 것 같기도 해요. ㅎㅎ 많이 파세요.",[]
20.10.11.,5,일주일정도 고민하면서 여러상품을 비교하다가 구매했어요. 굉장히 만족하고 잘쓰고있어요. 램4G추가 했는데 장착되서 와서 너무 편했구요. 저는 사자마자 인터넷 연결이 바로되서 마이크로소프트 스토어에서 레노버 벤티지 종합드라이버 설치로 편하게 쓰고있어요. 참고하세요~,"['https://phinf.pstatic.net/checkout/20201011_65/1602391441794kJAv2_PNG/review-attachment-79b28393-3228-40d5-9ccd-cdfb784c7ccb.png?type=f287', 'https://phinf.pstatic.net/checkout/20201011_154/16023914418640gXg6_PNG/review-attachment-a2b74825-dc55-4175-9370-e4e59ee97c1c.png?type=f287']"
20.11.05.,5,"데스크탑이 i5 -4세대 램8기가 한 5년전에 산건데 아직도 쌩쌩한데 이 노트북이 4램만 으로도 더 빠르네요. 핑핑 날라다닙니다. 와이파이도 유선보다 더 빠르네요. 놀랬습니다. 어차피 게임용도 아니고 웹서핑+문서작성용도인데 엄청빨라요.
윈도 10 설치에 애를 좀 먹었는데 부팅 옵션에서 부팅 프라이어러티 오더(부팅순서)이게 안떠서 한참 헤맸는데
데스크탑이나 여타 와는 다르게 usb를 꽂아 놓지 않으면 안떠서 한참 헤맸음. usb를 꼽고 부팅을 해야 부팅순서에서 usb 가 뜹니다. 그냥 바이오스 먼저들어가서 usb를 1순위로 해놓고 작업하시려면 안되요. 이거때문에 한참 헤맸음. 설명서도 없고..해서 그것만 끝나면 ... 드라이버는 다른컴에서 다운받아서 깔아줘야 되겠죠? 인터넷이 안되니까 일단 다른게 필수입니다. 특이 무선랜... 레노버 지원센터들어가면 드라이버는 다 있습니다.",[]
21.02.23.,1,윈도우 설치 새로 하실꺼면 안사는게 나을 듯 ..절대 저렴한 가격은 아닌거 같아요.제일 실망스러운 건 제품 정보랑 리뷰만 보고 샀는데 물건 받고나서 Q&A찾아보니 윈도우도 10 밖에 설치가 안된다고 하더라구요;; 윈도우 7은 설치 안됨... 10 설치하기엔 용량이 부족할듯..무게도 무거워요.. 휴대로 갖고 다니기엔 요즘 노트북 치고는 무거워서 들고 다니기는 힘들 듯...반품도 안되고... 후회되네요,[]
20.10.30.,5,경량급 노트북 중에서도 타사 제품들보다 무게가 조금이라도 더 가볍고 가성비는 최고인 것 같습니다. 실제 윈도우 설치 및 사용해보면서 특별히 불편한 점이 없습니다. 키보드도 거슬리지 않고 액정도 ips라 괜찮습니다. 액정이 180도까지 펴지는 것은 터치가 안 되는 모델이라 그렇게까지는 유용하지 않지만 한편으로는 구부려지는 흰지 부분에 힘이 덜 가해지기 때문에 적용시켰겠지요. 그런 면에서 그것또한 우수해 보입니다.,[]
20.11.23.,5,"배송도 빠르네요. 제품은 얇고 가볍구요. 덮개부분이 고급스럽네요.
랜포트가 없어서 처음엔 좀 당황했는데 얇은대신 wifi 주로 이용해야겠구요.
일반적인 작업하는데는 속도부분에서 답답함은 전혀 없네요.
사은품으로 주신 가방도 그동안 노트북 구매하면서 받은중에 제일 맘에 듬.
번창하세요","['https://phinf.pstatic.net/checkout/20201123_57/1606106705900sLxDE_JPEG/review-attachment-7f4328e6-80ce-4a05-aec2-33f4ddcf67b1.jpeg?type=f287', 'https://phinf.pstatic.net/checkout/20201123_268/1606106712071S3WO7_JPEG/review-attachment-b9f0195e-33d0-4973-93f0-bd04cb12453c.jpeg?type=f287']"
21.02.24.,5,방송대학교 강의와 유튜브 시청. 영화감상. 포털사이트 검색. 리포트작성 등 용도로 구입했는데 차고 넘치는 성능이네요. 사무실에 있는 고가 데스크탑보다 좋은 느낌입니다. 충전기도 가볍고 작아서 좋네요. 40만원대에 이런 화질과 사양의 노트북을 구매할 수 있다는 것에 놀랍습니다.,[]
21.03.16.,4,"프리도스 노트북은 처음사봤는데.. 일단 윈도우설치가 조금 복잡하고 까다롭긴하네요. 그래도 인터넷찾아보고 서비스센터 문의 하니까 바로 해결됩니다~ hdmi 케이블인식이 안되서 문의해보니까 제가 윈도우설치를 잘못했다고 하더라고요~ 평소와 같이했지만, 프리도스라 설정하는부분에 있어서 조금 다른가봐요. 컴퓨터 잘모르시는분이시면.. 조금힘이 드실수도 (물론 서비스센터에서 친절하게 알려주십니다.) 노트북은 가격에 맞는 성능 하는것 같습니다. 애초에 동영상,인터넷 용도로 구매한거라",[]
20.09.18.,5,일단. 저는 컴알못이구여 가끔컴터가 필요할때가있는데코로나때문에 가기찝찝하고주변도움으로 이 모델구입했는데저는 사양같은거 몰라요그냥 인터넷검색용도 필요했던건데빠르고. 키보드터치감도 좋아요 색상 회색인데네이비? 그색상도 이쁠것같지만 기스나면 티가 많이 날것같아 회색으로 만족해요.단. 충전기 어댑터가 발열이 좀 심한듯요본체는괜찮던데. 그리고 풀로충전해서 동영상 들으니까 밧데리 훅훅 나가던데 원래그런건지..암튼 전반적으로 만족합니다~~!,[]
21.03.12.,5,배송 정말 빨랐구요 문서작업용으로 쏘쏘 잘 쓸 것 같아여 오래 고장 없이 쓰고 싶어요 근데 윈도우10 프로 깔았더니 밝기조절에 이상이 생기는듯 해요 (？磯？ 안 됐다 함. 아무래도 이유는 프로로 깔아서인 듯) 리뷰 보시는 분들은 10 홈으로 까시길..,[]
20.10.30.,5,와이프 생일선물로 인터넷 검색과 글 작성을 위한 기능이 있는 가벼운 노트북을 찾다가 사본적 없는 레노버를 선택했네요. 걱정도 있었지만 좋아보입니다. 게임을 위한 고사양이 필요하지 않고 무난하게 쓰기위한 용도로는 최고의 선택이라고 생각합니다. 튼튼한 포장과 추가 하드 설치를 배려한 부품 포함도 만족스럽네요. ^^노트북은 사용자에 따라 천차만별이니 잘 사용하면 한동안은 노트북 걱정은 없겠어요. 아무튼 추천합니다.,[]
21.02.23.,5,"문서작성 및 영상볼 용도로 찾고있다가 구매했는데 가격대비 좋습니다!가격도 저렴하고 디자인도 이쁘고 이틀정도 사용했지만 키보드 감이나 인터넷 속도 면이나 마음에 듭니다.여러가지 용량이 많은 게임을 할 것도 아니고 집에서 딱! 영상, 문서작성 용이라 용량도 괜찮고요배송도 빠르고 여러모로 잘 산것같아 정말 좋습니다!",[]
21.02.24.,5,저녁 10시에 주문 후 다다음날 오후 도착 배송은 아주 빠름 메모리 4기가지만 속도 빠름 동영상등도 잘 실행되고 윈도우 작업후 드라이버 자동으로 윈10에서 잡힘 유선 랜카드는 없음 무선 랜카드만 있음 USB 형 랜카드 구입해야함 소음 거의 없음 액정도 오줌 액정아니고 화질 좋음 발열도 거으 없음 가성비 대만족임,[]
21.02.27.,5,"저렴한가격에 고장만 없다면 좋은 제품인거 같아요. 근데 원래는 작년에 산 엘지노트북보다 작은게 필요해서 다시 산건데...
15인치는 가방에 쏙 안 들어가서 그보다 작은 14나 13인치가 필요했던건데.... 울딸한테 엘지꺼 넘기고 이건 제가 그냥 써야겠어요.
에고~ 내가 바보네요~~ㅜㅜ",[]
21.02.22.,3,"잘돌아갑니다 윈도우문서작업,영상시청,서핑용으로 구입했는데 신품컨디션이네요 다만 밝기가 약해 화면이 밝은곳에서는 어둡게 느껴지고 색감이나 화질이 표현은 되지만 떨어지는 느낌입니다 배송은 예정일에 보내졌지만 출발하고 하루더 지나 오네요 택배사에서 밀리는것 같아요 이벤트가로 홍보했지만 지금은 더싸네요 요즘 어딜가나 이런 마케팅이 많아서 지양했으면 좋겠어요",[]
21.02.16.,4,"가격대비 성능과 디자인 좋습니다. 인강과 유튜브 보기 좋고 소리도 나쁘지 않게 들립니다. 다만 프리도스 제품이라서 윈도우10 업데이트 해서 드라이버 설치하기 전까지 터치패드가 작동하지 않으니, 프리도스 버전 구입하실 분들는 반드시 마우스를 미리 준비하시기 바랍니다.",[]
21.03.01.,5,가성비가 정말 좋은 제품이네요사무용으로 아주 딱입니다메모리만 4기가 12000원주고 따로 구입해서 장착하니 아주 좋습니다 메모리 업글은 하판 분해가 약간 어려울 수 있는데 필수로 해야 할것 같아요 4기가는 좀 적죠액정화질도 이정도면 준수한 편이고 딱히 아쉬운게 없습니다,[]
21.02.19.,3,"1. 최초 윈도 OS 설치 후 재부팅 시 화면이 켜지지 않음2. 윈도 OS 재설치 후 드라이버가 자동으로 잡히지 않음* 화면 해상도 1024x768 고정* 카메라 사용 불가* 터치패드 사용 불가3. 공식 사이트에서 수동 설치 드라이버를 일부만 제공함-- 2021.02.20 추가1. AS 센터에서 친절히 해결해주셨습니다2. OS 옵션 추가(20만원)보다, AS 센터의 재설치 비용(3만원)이 훨씬 저렴하다는 점 참고하세요",[]
20.09.11.,4,코로나시대에 노트북과 인터넷을 잘 활용해야 하는 상황이라 오래된 노트북을 보내고 갓성비를 찾아 떠나 정착한 ideapad slim3 15인치 . 윈도우 까는 것은 쉬웠으나 처음에 커서가 보이지 않고 인터넷이 잡히지 않았다. 다른 컴에서 레노버 드라이버를 다운받아와 옮겨설치하는 일이 있었지만 20만원 세이브 하는 것 생각하면 어려운 일도 아니었다. 기존 놑북이나 데스크탑이 있고 usb 마우스 있는 분만 사십쇼..ㅎㅎ,[]
20.09.13.,5,레노버 모델은 처음 사용해보는데요 주변에서 많이 사용해서 선택하게 되었네요생각보다 무게도 가볍고 배송도 빨라요아이들 인강과 레포트 작성하기에 좋아요드라이브 잡는데는 조금 어려웠는데 사이트 접속하여 자동검색하고 다운받으니 바로 설치됩니다화상대화도 해봤는데 카메라가 줌도 되네요가격대비 좋아요색상은 좋아요발열도 많이 안나요지인분이 노트북 구입하고 싶다고 해서 추천해드렸어요,[]
20.09.30.,5,"저렴한가격에 가성비 갑이네요 학교 학원 온라인 강의 화상용 으로 구매했어요
블루라 색상도 맘에들구요 다만 초등이라 마우스연결이 편해서 연결했는데 선연결이 왼쪽이라 ㅠㅠ아쉽네요
오른쪽이 깔끔하고 좋은데ㅠ이거빼고 다른부분은 넘나 좋아요",['https://phinf.pstatic.net/checkout/20200930_108/1601421260289SBbJY_JPEG/review-attachment-cf0cb589-8140-4326-8240-e664645269df.jpeg?type=f287']
20.09.26.,5,"스마트회원은 아니라서 아주 싸게 사지 않았지만 그래도 저렴하게 잘 산거 같네요..
처음에 파티션떄문에 좀 고생 했지만 그래도 해결을 하고 잘 설치를 마쳤네요..
GPT, MBR방식 미리 사전에 정보를 습득하시고 작업 시작하시는게 좋을듯..
그리고 아쉬운게.. 그 흔한 드라이버 첨부가 안되어 있네요..
디자인은 맘에 들긴한데.. 터치패드는 느낌이 너무 맘에 안드네요..
그외는 다 좋은거 같네요..",[]
21.02.25.,5,잡에서 쓸만한 노트북 찾다가 우연히 지마켓에서 대박상품을 봤네요. 메모리만 4기가 추가해서 8기가로 맞추니 성능은 완전 만족합니다. 디자인도좋고 가성비 최고네요. 다만 들고다니기엔 역시 15인치라 크네요. 여튼 대만족중입니다.,[]
20.10.16.,5,윈도우설치를 잘몰라서 컴퓨터 집에가서 설치했어요 그런데 터치패드가 작동을 안하네요 아무리해도 안된다고 하면서 그냥 마우스로 연결해서사용하라고 하네요 그래도 가격대비 만족합니다 터치패드는 따로 연락을 드릴께요,['https://phinf.pstatic.net/checkout/20201016_234/16027762108373hAYQ_JPEG/review-attachment-75a3f718-0089-4f6d-91cd-ac01512ca699.jpeg?type=f287']
20.10.16.,5,아버지 노트북이 필요해서 급하게 구입했다. 15인치 크기에 IPS 액정까지.. 거기다 성능까지 정말 이 가격에 구매한 게 신기할 정도로 가성비 극강의 제품이다. 외장마감도 그레이로 깔끔하고 윈도우 설치후 인터넷이나 동영상 시청도 매우 괜찮았다. 구매하면 후회하지 않을 거에요.,[]
20.08.21.,5,"기존 노트북이 오래되어 딸 온라인학습용으로 구매했습니다. 게임용이 아니어서 그래픽카드 등 기본이지만 cpu만으로도 가격값 하는것 같네요. 애교 전혀 없는 딸이 세팅 다 해주니..살짝 애교보여주네요ㅡ.ㅡ 노트북이 뭔지 ㅎㅎ 빠르고 가성비는 좋을것 같아요. 긴시간 사용해보지 않아 발열은 아직 모르겠지만, 가볍게 사용하실거면 추천합니다. 노트북 가방도 보내준다하니 좋은것 같아요. 참, 캠을 닫았다 열었다 할수있어서 맘에 드네요.",[]
21.02.22.,4,처음에 윈도우 설치시 드라이버 받는것이 힘드네요모델명 을 81we 로 검색하면 되고요터치패드 안되길래 불량 인줄 알았네요드라이버에서 인텔 io 로 시작하는 드라이버 설치해서 작동이 되네요많이 힘들 어모드라이버 받는 주소도 같이 상품 상세페이지에 올려주세요.,[]
20.09.19.,5,OS install하고 시스템 관리자로 확인하여 구매스펙과 다름 없음을 확인 했습니다. 아예 컴맹이신분들이나 귀찮으신 분들은 윈도우 깔려 있는거로 사시는게 좋고요. 조금이라도 윈도우 싸게사서 인스톨 하실수 있는 분들은 좋은 결정 될수 있겠습니다. Full HD영상 만 플레이시 1.3Ghz로 80%CPU자원 사용 되고요. 그외 작업 조그만거 돌려도 터보 작동되어 거의 풀 자원 사용합니다. 소음 과 발열은 그닥 없어 보이고요.,[]
20.09.17.,5,얇고 메탈 느낌의 밝은 그레이 색상이라 외관 고급져요. 색상을 실버골드라고 하는게 맞을듯.성능은 이전세대들의 i5급 이상의 체감속도가 느껴져 빠릿빠릿하고 아주 만족합니다. ips 아닌 일반광시야각 놋북에 비해 선명도가 더 높아 보이구요. 개인적으로 usb-c 단자보다 아직 더 많이 쓰이는 b타입이 많아서 만족해요. 추천합니다.,[]
20.10.14.,5,실로 오랬만에 노트북PC를 구입했다. 가성비 좋다고소문이자자한 레노버 아이디어패드 슬림3. 11번가 십일절행사를 통해 신박(?)한 가격으로 구매했다.배송도 괜찮은편이었고 언박싱후 첫인상은 꽤 고급스런 그레이스테인레스 외장마감이 100만원대 제품에 뒤지지않을정도로 뛰어났다. 윈도설치후 이틀간 써본 끝에 내린 결론은과연 이가격이 맞는지 의문이 들정도로 모든 면에서 탁월한 가성비갑 제품에 틀림없다는 것이다.,[]
20.10.11.,5,"180도 펼쳐지는 그대는 노트북인가 태블릿인가? 사무실용, 인강용으로 품격 있는 제품입니다. 여러 노트북 중에서 가성비 좋아요. 서로 의견을 제시하고, 기록을 남기는 상황에서 노트북을 돌려 보지 않고 펼쳐서 사용 하는 것이 태블릿 처럼 가능합니다. 15인치라서 생각 보다는 조금 무겁지만... 대단히 만족합니다. 그동안 S**, H**, L** 등 여러 제품을 사용 했는데 이 제품은 매우 만족합니다. ^^* 180eh dufflssm",[]
20.10.24.,5,키패드가 있기를 바랬는데 15인치부터 있더군요. 17인치는 가지고 다니기 힘들어 결국 15인치를 구입했습니다. 윈도우를 설치해 보니 i3지만 적당한 퍼포먼스를 내는 것 같습니다. 배터리가 안타깝긴한데 그러니 가격이 쌉니다. 이 가격에 이것 저것 바라면 도둑놈이죠. 적당한 가격 적당한 성능인 것 같습니다. 그리고 램이나 하드를 추가할 수 있는 건 큰 장점입니다.,[]
21.02.19.,5,"프리도스로 구입후 windows 깔고 드라이버
업데이트 하니 완전 가성비 갑!!!!
속도하며 영상에 음질까지 짱짱 그자체~
이 가격에 대 만족입니다.
단 windows 깐 후 wifi 잡기 위핸
드라이버를 다른 pc에서 usb로 다운 받고
실행 해야 합니다.
그 이후엔 이 가격에 진짜 가성비
갑입니다!!!",[]
20.09.23.,5,"기존 가지고 있던 노트북 보다 속도 빠르고,
타자 자판감 좋습니다.
모니터 크기도 만족스럽고,
부팅속도도 좋고 프로그램 반응속도도 빠르네요.
그레이는 이미 가지고 있어 구분하기 쉽게 선택한 네이비 색상도 고급스럽습니다.
RAM 업글하고 .
사무용으로 쓰기에 Storage도 256GB 정도면 충분합니다.",[]
20.10.17.,5,"집에 삼성노트북이 한대 있는데 아이들 인강듣는데 한대론 부족해서 한대 더 사려고, 저보다 컴퓨터를 잘 하는 지인 5명에 노트북 뭘사면 좋겠냐 물어보니 5분 모두 레노버를 추천하더라구요ㅋㅋ삼성꺼 사야하는거 아니냐고 하니, 어짜피 아이들 인강듣고 문서작업만 할꺼면 비싼삼성보다 가성비 갑인 레노버가 우주 최강이라고 해서 샀습니다.as도 다 된다고 하니 너무 좋네요ㅎ고급스럽고 기존 집에 있는 3년전에 산 백만원짜리 삼성꺼보다 훨씬 좋습니다.아이들도 레노버가 훨씬 좋답니다^^",[]
20.10.10.,5,금번 8g 업글 이벤트 및 행사로 인해 아주 저렴하게 구매했고 중간에 한글날 낀것 빼면 주문 후 바로 다음날 받았네요...ㅎㅎ 받자마자 윈도우10 설치하고 해당pc로 리뷰 쓰고 있습니다.. 전에 쓰던 삼성 놋북은 팬소리가 정말 시끄러웠는데 이건 정말 고요합니다.. 아직 발열도 크지 않고 무겁지도 않고 게다가 메모리가 8기가라 빠르구요.. 정말 만족합니다..^^,[]
20.08.21.,5,기존 가지고 있는 노트북이 고장나서 여기저기 서치하다 구매하게 되었는데 주문하자마자 딱 24시간만에 배송되었습니다. 이정도 가격에서 이만한 가성비는 어떤 브랜드도 따라올 수 없을듯 합니다. i3라 개인용으로 쓰기에는 속도도 빠르고 IPS라 화질도 굉장히 좋네요~무게도 들고 생각보다 무겁지 않아 들고 다닐만 수준이네요~ㅎㅎ 많이 파시고 번창하세요,[]
20.10.22.,5,"배송도빠르고 윈도우설치 좀 힘들었지만 아주아주 만족합니다~~
윈도우설치 땜시 고객센터 통화했는데 친절하게 알려주셨어요
딸래미가 눈빠지게 기다렸는데 너무 좋아해서 제가 더 좋네요~~
가성비 짱 인거 같아요
주변지인들께 소개해야겠어요~~
만족합니다^^",['https://phinf.pstatic.net/checkout/20201022_27/1603364147673V0fF3_JPEG/review-attachment-854be1d4-a480-4f02-acb5-4586c8ac3882.jpeg?type=f287']
20.10.05.,5,데스크탑 고장으로 고민하다 레노버 노트북으로 바꿨습니다. 한가위 빅세일 기간 쿠폰사용으로 더 저렴하게 구매했습니다. 램은 4기가 업그레이드 했구요. 동영상 강의 문서 작성엔 이만한 사야이면 충분합니다. 속도도 빠르고 무엇보다 엄청 조용해요.,[]
21.02.21.,5,"타싸이트에서 레노버 주문해놓고 거의 두달 기다리다가 아직 배송전이라 취소하고 옥션에서 주문하자뒷날부터 배송조회 떴어요..쿠폰으로 저렴하게 구매하고 배송 빠르고 제품도 너무 만족합니다~
딸램 새학기 온라인 강의 대비 구입했는데 화질이 다소 아쉽지만 속도 빠르고 간단한 게임도 깔아서 사용가능합니다~",[]
20.09.23.,5,이만한 금액에 10세대 i3 NVME 256G 게다가 IPS 패널까지 가성비로는 따라올 제품이 없네요 메모리가 4G인게 아쉽긴 하지만 요즘 메모리가 저렴하니 4G 정도만 추가 해서 사용하면 딱일듯 합니다 ^^ 무게 및 디자인 딱히 빠질곳이 없는 제품입니다. 쿠폰을 꼭 적용 하셔야 39.3만원에 구매가 가능해요!!,[]
20.10.11.,5,레노버 노트북은 처음 사용해보는건데요.. 아들램 온라인 수업용으로 찾아보다가 구매하게되었습니다. 배송은 만족합니다. 공휴일이 중간에 끼어있어서 다음주 월요일에 받을수 있을줄 알았는데 토요일에 도착!!! ㅎㅎ 윈도우랑 드라이브 업그레이드 하고 바로 사용해봤는데 부팅도 빠르고 화면도 커서 만족스럽네요.. 가성비 최강입니다. 직장인 업무용으로도 좋을것 같아요. 강추입니다.,[]
20.09.19.,5,윈도우 설치하는데 하드타입 설정때문에 살짝 헤메었고윈도우 설치후 랜이나 터치패드 드라이버 따로 다운받아 설치 해야해서 좀 번거로웠지만 다 설치하고 나니 15인치의 넓은 화면에 빠릿한 속도감.. 아주 좋습니다..현싯점 가성비 최고의 노트북인것 같네요..사업 번창하세요..,[]
20.10.20.,4,배송이 생각보다 되게 빨랐어요 ! 르누아르 살까 인텔살까 고민 많이 했는데 하는 용도에 맞춰서 성능 골랐는데 만족스럽습니다. 가격대에 맞는 노트북 구매하시는 분들은 추천드려요. 근데 무게가 보다 많이 나가네요 ㅠㅠ . 포장되어있는 박스에 2kg 라 나와있어서 무게는 조금 더 무겁겠구나 생각하면 될것 같아요. 노트북 사은품 가방 받고자 리뷰작성합니다. 다들 즐거운 구매되세요.,[]
20.09.26.,5,"d애들 비대면 수업 때문에 급하게 구매 했습니다. 리뷰 보고 샀는데 예상 보다 정말 만족입니다. 속도, 디자인, 편의성 모두 만족입니다. 애들이 데스크탑과 노트북 하나씩 사용하니 서로 싸우는 일도 없고 수업 잘 듣고 있습니다. 저도 주말에 식탁에서 노트북을 많이 사용합니다. 가성비로 는 최고라 할 만 합니다.",[]
20.08.29.,5,"배송도 빠르고 할인으로 저렴하게 가성비 좋은 노트북 구매해서 너무 좋아요:) 프리도스라 윈도우 까는데 애먹었었지만...깔고나니 부팅속도도 빠르고 완전 만족쓰 합니당~~다만 타 사이트 통해 노트북파우치 15인치 구매했는데,사이즈가 안맞네요..ㅠ상품평 당첨되서 노트북가방 서비스로 받았으면 좋겠어용 🧡",[]
20.08.26.,5,배송은 보통이구요 일단 이쁩니다화면은 시원하구요사용전이라 정확한 사양판단은 유보합니다제시된 사양으로는 애들 사용하기엔 충분할거라 예상됩니다프리도스 제품이지만 시중에 나와있는 윈도우 구매해도 정말 저렴해요설치도 굉장히 쉬우니깐 걱정안해도 되요,[]
20.10.22.,5,"가성비 노트북이라 불리우는 레노버 ideapad를 구매했다. 요즘은 고성능 PC를 구매하여 4~5년쓰기 보다는 가성비 좋은 저렴한 것으로 1~2년씩 교체사용이 유리하다던데. 50만원 미만가격에 깔끔한 노트북을 받으니, 그이야기가 맘에 와닿는다. 다만, Window O/S 설치시 Lan-Card 드라이버가 자동설정 되지 않아 잠깐 당황했지만, ( Lan Port도 없고, 가진것은 USB-C to Lan Port 변환기 뿐이라서... ) 잘 사용하겠읍니다.",[]
20.09.10.,4,택배가 언제 왔는지도 모르게 현관 앞에 두고 가서 기분이 조금 나빴지만 노트북은 할인 받아 아주 저렴하게 괜찮은 사양을 산듯요.만족해요.그런데 노트북 키보드 패드등 부속품 같이 판매하면 더 좋을듯요.아이 학습용으로 샀는데 패드 필요할듯 해서 따로 구매했어요.,[]
20.09.17.,5,한개 시켜보고 좋아서 하나 더 시켰어요~~ 문서 작업이랑 유튜브 보는데 쓰려고 샀는데 생각보다 속도도 빠르고 좋네요. 블루 실물이 더 이쁜 것 같아요. 꾸미기엔 그레이가 좋고 깔끔히 쓰기엔 블루가 더 좋네요. 잘 쓰겠습니다~!,[]
20.09.11.,5,"운영체제깔고 메모리업시키고 고생한거생각하면 별두개인데 그건 내가선택한거고 노트북자체는 빠르고 깔끔하니 좋습니다 하지만 직접 모든걸 갖추려면 굉장이 힘이듭니다 일단 램,메모리 추가를위해 바닥 뜯는거부터 굉장이 힘이들고 조심해야합니다 참고하세요^^",[]
20.09.23.,5,주문하고 배송 출발 후 상품 이동이 없어서 걱정했는데 다행히 하루 지나고 다음날 부터 이동 시작해서 잘 도착했습니다.프리도스 첨 구매하는거라 중간에 오류부분도 있어서 힘들었는데 윈도우 10설치 하고 나서는 속도도 빠르고 잘 사용중입니다.지마켓 빅스마일이라 혜택 좋게 잘 구매하고 상품평 이벤 마우스도 준다고해서 완전 구매 잘 한거 같아요!!,[]
20.09.26.,5,아이들원격수업때문에샀는데~~줌잘되고~~만족합니다~~동영상재생도잘되고~~무겁지않고~~가성비로는최고인거？？아요~~가격도저렴하니~~요즘같이언택트시대에~~꼭필요한거같아요~~가성비있는노트북~~필요하신분에게추천합니다,[]
20.10.25.,5,"만족합니다. 가격 대비 성능 정말 좋습니다.대기업에 비해 아무런 관리 프로그램이 없다고 생각하실 수 있는데, lenovo vantage라는 프로그램을 설치하시면 배터리 관리, 드라이버나 바이오스 등의 업데이트를 편하게 하실 수 있으니 꼭 설치하시기 바랍니다.",[]
20.09.19.,5,"기격대 최고 입니다
보기와 다르게 튼튼하고,
부드럽고,
조용하고, 속도도 빠르고, 최고입니다.
윈10을 설치하고, 업데이트를 완료하고,
둘째 아들 동영상 강의가 기대됩니다
갑작이 고장나서, 고민했는데..
이렇게
감사합니다",[]
21.03.05.,5,노트북이 하나 더 필요해서 구입했는데 배송 속도에 놀라고 성능에 놀랐습니다. 다만 프리도스라서 윈드우10을 다운받아야 합니다. 윈드우10을 다운 받을려면 USB8기가 이상을 준비하셔야 합니다. 레노버에 전화해서 상담하면 아주 친절하게 다운받는 방법을 알려주니깐 걱정은 안해도 됩니다. ^^,[]
20.08.30.,5,르누아르 고민하다가 문서작업이 주용도가 될것 같아 선택했구요.. 일단 동급의 타회사 제품대비 가성비 정말 좋은 제품입니다. 개인적으로 제품 마감도 상당히 마음에 듭니다.레노버 vantage 앱 설치하면 드라이버 일괄 잡히네요~^^,[]
20.09.19.,5,일단 램 4g 추가해서 8g로 사용하고 있습니다.사용목적이 게임용이 아닌 웹서핑 혹은 영화감상용이어서 만족하면서 사용중입니다.색상은 그레이로 주문했는데 실제로 보니 칙칙한 색보다는 약간 몽롱한 색처럼 보이는데 상세페이지에 보이는것보다더 예뻐보이네요. 적극 추천합니다ㅋㅋ,[]
20.09.05.,5,사용한지 얼마 되지 않아서특별한 단점은 발견하지 못했고문서작업이나 동영상 강의 듣는 용도로는부족함 없는 제품이라고 생각합니다.예전에 쓰던 제품은 오래된 모델이라베젤부분이 두꺼워서 답답한 느낌을 많이 받았었는데 이 제품은 전에 쓰던제품에 비해 베젤부분이 얇아서 화면을볼 때 이전 제품에 비해 탁 트인 느낌을줘서 좋습니다.,[]
20.09.22.,4,"디자인 사이즈 다 만족 합니다.
다만 드라이버 설치가 쉽지가 않은 점이 조금 단점이내요
저는 그나마 컴퓨터 좀 알고 있어서
1시간 걸렸는데
모르는 사람은 많이 해매 실듯 하네요
네트워크 가 무선 만 되는데도 무선 드라이버가 없어서
다른 컴에서 무선 드라이버 다운받아 설치후 다른 드라이버를
다운 받았음",[]
20.09.27.,5,급하게 휴대용으로 여러 노트북을 알아보다 저렴한 가격에 사양이 괜찮아서 구매했어요.배송이 정말 빨라서 금요일 오전에 구매해서 토요일에 받았어요~두껍지 않고 얇아서 쓰기 편하고 많이 무겁지 않아서 휴대용으로 잘 사용중입니다.문서용으로 휴대하기 좋은 것 같아요~,[]
20.09.29.,2,새제품사서 키패드불량으로 본사as직접찾아가서 확인받아야 교환해준대서 거의일주일만에서 받았는데 이모냥으로 택배왔네요 판매자나 택배나 세상 무성의하군요 이게 얼마짜립니까 완충제도 없고 박스안에 떨렁집어넣어보내고 택배는 약한박스인데 함부로 했는지 테이프다 떨어지고 최악입니다 싸구려커피포트를 사도 이렇게는 허술하게는 안보내던데 육십만원넘는 정밀기계를 이렇게 함부로보내다니요 고장나있는 새상품에 배송 미숙에 진짜 열불납니다,[]
20.09.08.,5,온라인 수업도 늘어나고 컴퓨터로 할게 많아져서 혼자 쓸 노트북이 필요했는데 이 제품 가격이 마음에 들어서 구입했어요. 느리지 않을까 걱정했는데 인터넷 속도가 불편한건 크게 못느꼈어요. 노트북 열면 자동으로 켜지는 것도 마음에 들어요. 잘 쓰겠습니다~ㅎㅎ,[]
20.09.20.,5,가성비는 만족할만큼 좋습니다. 마이크론 램 4GB온보드로 내장되어 있고 도시바 nvme 256gb ssd 내장되어있습니다. 읽 기속도는 2400정도 나옵니다. 온도 낮고 조용합니다. 액정은 lg패널 이네요. 케이스 재질은 저렴해보이고 하지만 가성비는 최고 입니다.,[]
20.10.13.,5,저도 상품평을 보고 구입했어요. 역시 가성비 최고인거 같네요. 사은품으로 4GB추가하고 윈도우 설치했더니 요놈 쓸만하네요. 색상도 세련된 그레이라서 오래써도 질리지 않을거 같네요. 주문하고 다음날 출고되서 배송도 빠르네요. 앞으로도 잘 쓰게될거 같네요. 노트북 어떤거 살지 고민되시분 그냥 이거 사시면 후회없을듯 하네요.,[]
20.10.17.,5,형님이 사신 노트북 보고저도 구매요청 부탁 드려서수령후 사용중입니다.가격대 성능이 좋구 가볍습니다.사은품으로 주는 노트북도 받으면가지고 다니면서 사용할 예정입니다.그런데.. 사은춤 신청은 어떻게 하는지잘 모르겠네요.. 전화해서 문의해야 하나?,[]
20.10.13.,5,배송이 빨랐어요아이들 온라인교육 때문에 구매했어요프로그램이 안깔려 있어서 프로그램 깔고 잘 사용하고 있어요컴알못 이라 큰 부연 설명은 어렵구요어차피 게임용이나 작업용으로 구매한게 아니라 아이들 교육용이나 타자연습 용도로는 좋아요,[]
20.08.25.,5,쿠폰 사용하시고 구매하시면 10세대 I3 제품중 가장 저렴하게 사용하실수 있습니다. 제일 좋아하는 것은 완전히 펴지는 흰지가 제일 맘에 듭니다. 가져와서 뚜껑따서 업그레이드 4G 올려 봤는데.. 윈도우 설치해서 사용해 보니 괜찮아요. 아주 좋습니다 ^^,[]
20.09.21.,5,노트북 구매하여 만족하면서 사용하고 있습니다. 배송이 빠르고 받았을 때 생각보다 화면도 크고 노트북의 폭도 얇아서 들고다니가 편리하여 사용하는데 불편함 없이 사용을 잘하고 있습니다.추후에 노트북 구매할 때에도 다시 구매를 생각할 정도로 만족하고 있어요.,[]
20.09.06.,5,"금요일날 주문했는데 토요일날 도착했습니다!(서울지역)배송 정말 빠르네요.휴일이라 기대도 안했는데 이렇게 감동을 주신다니요....!!!그리고 열어보고 더 감동받았습니다.이 가격에, 43만원에 이런 와이드 화면을 가진세련된 노트북을 살 수 있게되다니...부모님과 함께 감탄했습니다.아직 소프트웨어 설치는 안했지만 벌써 기대가 됩니다.좋은 상품 감사합니다!",[]
20.09.09.,1,11번가를 통해서 사서 여기에 글 씁니다.레노버 진짜 너무하네요충전 어답터가 안와서 전화했더니 보상불가라고 하네요?ㅋ배송받으신 박스에 붙어있을수도있으니 잘 찾아보라해서 찾아보고박스를 죄다 찢어서까지 찾아봤는데 안나왔습니다.충전기가 없을수가 없다 그래서 보상을 못 해준다..결국 사비로 샀습니다영업사원 말투도 예의없고 참내 다시는 안산다 레노버,[]
20.08.28.,5,이벤트 쿠폰넣고 아주 저렴하게 구매 했습니다..코로나 때문에 택배가 좀 늦긴 했지만...램두 4기가 추가로 동봉해 주시고 ~~잘 장착 했습니다.~~^^가성비는 최고네요.~~~담에두 필요 하면 또 구매 하겠씁니다...가방 빨리 보내 주세용 ~~,[]
20.09.01.,5,정말 최고의 가성비 노트북입니다!! 저는 전자제품은 1도모르는 전알못입니당 ㅎㅎ 남자친구 추천으로 구매했는데요 너무너무 만족입니다! 일단 가볍고 색도 블루인데 독특하고 이쁩니당ㅠㅠ 갓성비 노트북을 원하신다면 고민없이 바로 선택하세요!,[]
20.09.21.,5,"빠른 배송에 감사 ...설치로 좀 에먹기는 했으나 a/s전화와 박문으로 그래도 빨리설치하고 끝을 냈내요..아주 마음에 들어요 큰누님께서 급하게 사용을 해야해서
마음이 급했었는데 아주 빨리 끈냈내요...감사 번창하셔요 코로나19로 힘든 시국에 힘내시길",[]
20.09.02.,5,사용하던 노트북 고장나서 급하게 주문했는데 하루만에 왔습니다. 엄청 빨라요! 좋은 제품 저렴하게 구매한 것 같아 기분 좋네요. 급한일 처리해야 했는데 감사합니다~~^^사진이 회전되서 업로드되네요 ㅠㅠ 제대로 올리고싶은데 안돼요 ㅠㅠ;;;,[]
21.03.12.,5,배송이 빨라서 좋았고 프로그램을 따로 깔려있어서 바로 사용할 수 있어서 좋았고 또 노트북 관리 요령도 알려주셔서 좋았습니다.,"['https://phinf.pstatic.net/checkout/20210312_203/1615540745559rXK63_JPEG/review-attachment-ff322c09-3819-4c97-8a58-4d5140e82e26.jpeg?type=f287', 'https://phinf.pstatic.net/checkout/20210312_294/1615540766751ACKgg_JPEG/review-attachment-39b9b05c-8a36-45ea-abf3-e690ce971fb7.jpeg?type=f287', 'https://phinf.pstatic.net/checkout/20210312_170/1615540783472J1WYl_JPEG/review-attachment-8a010d85-3e8f-4fa7-9a78-ee8cf4b133bb.jpeg?type=f287', 'https://phinf.pstatic.net/checkout/20210312_193/1615540800575f9s1V_JPEG/review-attachment-2e17f22e-9e6d-49dd-9a67-ff781f683015.jpeg?type=f287']"
20.10.20.,5,"가성비 최고네요~ 생각했던 사양을 생각했던거보다 저렴하게 구매했어요~
윈도우만 깔고 아직 사용해보진 않았지만 일단 부팅속도는 만족합니다.
주말에 주문하고 화요일에 받았으니 배송도 괜찮네요","['https://phinf.pstatic.net/checkout/20201020_77/1603200519477B9m5P_JPEG/review-attachment-9941cc6c-30df-4759-ba30-740188ae6f0c.jpeg?type=f287', 'https://phinf.pstatic.net/checkout/20201020_49/1603200523907uUvjR_JPEG/review-attachment-9d83f8c9-de11-47cc-a82a-1e0b022e08b3.jpeg?type=f287', 'https://phinf.pstatic.net/checkout/20201020_184/16032005251969xLoQ_JPEG/review-attachment-358011f6-a7ee-46e2-ba52-f120ea09ab3e.jpeg?type=f287']"
21.03.23.,4,"흔하지않은 색상이라 이쁘더라구요🙂
노트북 성능도 괜찮았습니다 가성비 좋은것같아요","['https://phinf.pstatic.net/checkout/20210323_4/1616431444519shpCD_JPEG/review-attachment-b40c682e-9b7d-40ef-b880-368bf91ea458.jpeg?type=f287', 'https://phinf.pstatic.net/checkout/20210323_47/1616431450814jhYTF_JPEG/review-attachment-dce8b77b-2b30-45e3-b2fa-7fafcd92c89e.jpeg?type=f287']"
21.03.18.,4,"배송이 매우 빠르고 포장 상태가 좋습니다
그레이 색상과 블루 색상을 모두 사용한 경험자로서 블루 색상이 훨씬 더 고급스러운 느낌이 있는 것 같습니다","['https://phinf.pstatic.net/checkout/20210318_125/1616001801322XdWjV_JPEG/review-attachment-866e2d16-3dcd-4b40-b270-29fd75881796.jpeg?type=f287', 'https://phinf.pstatic.net/checkout/20210318_295/1616001801988Pm6fY_JPEG/review-attachment-3ab0c4aa-035f-4f62-8967-c8a151d378f6.jpeg?type=f287']"
21.03.18.,4,배송도 빠르곺제품도 맘에 드네요,"['https://phinf.pstatic.net/checkout/20210318_85/1616071127039G6WVl_JPEG/review-attachment-d60ab903-9b7a-46ed-950b-25b1196c4b80.jpeg?type=f287', 'https://phinf.pstatic.net/checkout/20210318_264/1616071145697xbq3L_JPEG/review-attachment-b066b523-24fd-472a-8752-4aee0a65ce15.jpeg?type=f287']"
21.03.07.,5,"가성비 최고네요!
잘 돌아가고 빨라요
메모리 업그레이드도 잘 돼있어요
윈도우도 동네 대리점에 맡겨서
문제없이 금방 설치했어요
그레이가 살짝 무늬있는 디자인이라
더 세련됐네요 빠른 배송 감사합니당","['https://phinf.pstatic.net/checkout/20210307_215/1615081763726EsEF9_JPEG/review-attachment-7a33c6fa-0499-4775-ae94-9cc43c927005.jpeg?type=f287', 'https://phinf.pstatic.net/checkout/20210307_252/1615081764059fR6YR_JPEG/review-attachment-4a6ff595-b7af-487e-90d2-ad5738622a64.jpeg?type=f287']"
21.03.05.,5,배송이 진짜빨랐어요 노트북도 깔끔하고 예뻐요,"['https://phinf.pstatic.net/checkout/20210305_64/1614933556279sSc2T_JPEG/review-attachment-bb4fd116-2d89-412a-af78-de82c70ea3aa.jpeg?type=f287', 'https://phinf.pstatic.net/checkout/20210305_76/1614933557463uvkxh_JPEG/review-attachment-ea4862f5-1ceb-44de-bd25-585b6ec4feed.jpeg?type=f287']"
21.03.09.,5,배송 정말 빨라요~~~,"['https://phinf.pstatic.net/checkout/20210309_132/1615294120551C4ew9_JPEG/review-attachment-f4848f0f-2bb3-4a12-808f-d429bd78698b.jpeg?type=f287', 'https://phinf.pstatic.net/checkout/20210309_190/1615294137790kGVwR_JPEG/review-attachment-65741671-e02c-44b4-a7ff-085d05a99009.jpeg?type=f287']"
20.10.08.,5,아주만족 스럽습니다 인터넷 속도도 빠른편이고정말 모든면에서 마음에 들고 키패드에 숫자키패드 있는게 사무용으로 적합하네요!,"['https://phinf.pstatic.net/checkout/20201008_1/1602131136320OQJBf_JPEG/review-attachment-85ab452d-506f-44ff-91e3-685872b6198a.jpeg?type=f287', 'https://phinf.pstatic.net/checkout/20201008_200/1602131138561rWHPq_JPEG/review-attachment-1fba009e-b608-4d7f-96c4-b788aa795884.jpeg?type=f287', 'https://phinf.pstatic.net/checkout/20201008_281/16021311394531aIVr_JPEG/review-attachment-11bf820e-2970-47e6-af5c-aee501a52cd7.jpeg?type=f287']"
21.03.13.,5,"매우 빠른 배송!
친절한 설명!","['https://phinf.pstatic.net/checkout/20210313_140/1615638399116CHWj0_JPEG/review-attachment-7a6bba14-d46a-4ad1-b69b-458426c0bc44.jpeg?type=f287', 'https://phinf.pstatic.net/checkout/20210313_122/1615638406755vnVUn_JPEG/review-attachment-2dcce571-10ac-411b-b8eb-be0f1bbeac2e.jpeg?type=f287']"
20.10.10.,5,"최근에 본의아니게 노트북만 세번째 구매인데, 가성비 짱이고, 디자인 굿이고, 젤 맘에드네요","['https://phinf.pstatic.net/checkout/20201010_125/1602338162963mfRKI_JPEG/review-attachment-c799b1b2-aa6d-49b6-b21a-8b568515d6a5.jpeg?type=f287', 'https://phinf.pstatic.net/checkout/20201010_63/1602338173406q4G19_JPEG/review-attachment-f9d184d8-6784-4c3b-b6c5-1072b71c50da.jpeg?type=f287', 'https://phinf.pstatic.net/checkout/20201010_129/1602338182345kn6jI_JPEG/review-attachment-773508c9-afb1-4f4a-bd2e-68e6fb1d8ba0.jpeg?type=f287']"
21.03.06.,5,가성비 좋은것 같습니다. 잘쓰겠습니다,"['https://phinf.pstatic.net/checkout/20210306_147/1615028438503rYLUh_JPEG/review-attachment-c4dfc908-fd68-4e17-a87c-46990a45038a.jpeg?type=f287', 'https://phinf.pstatic.net/checkout/20210306_84/1615028448028Pgt03_JPEG/review-attachment-0e41685d-25a7-46f1-b53d-cd8f21aef27c.jpeg?type=f287']"
21.02.17.,4,"잘 받았습니다. 잠깐 우여곡절이 있긴 했지만 뭐..
제품 맘에 듭니다.
구동도 빠르고 타이핑 느낌도 괜찮아요.
사용해 보고 한 달 후기도 달게요~","['https://phinf.pstatic.net/checkout/20210217_170/1613567578306cRVIn_JPEG/review-attachment-a230f552-655c-4f02-a0df-5fa3b4bcd0ec.jpeg?type=f287', 'https://phinf.pstatic.net/checkout/20210217_237/16135675944987hMNL_JPEG/review-attachment-a3b3808b-3757-4f10-9b5a-775010893096.jpeg?type=f287']"
