"790,400"
date,star_point,comment,photo
21.02.22.,3,"하....새제품을 받았지만 좀 그렇네요.
스펙상으로는 가성비 정말 좋습니다. 60만원대면 만족이죠. 하지만 외관은 정말 제 값을 하네요. 상판 겉부분이 플라스틱재질이라 조심했지만 바로 스크래치가 생겼고 마우스 터치패드가 유격이 심하더군요....손가락으로 누르는데 딱딱 거려요...그리고 1tb 업글한다고 뒷판 땄는데 내부에 십자 피스 1개가 완전히 야마났더군요. 손도 아직 대지도 않았는데 이거뭐 어떻게 손보라는건지... 새제품인데 아닌거같은...남동생이 왜 레노버 거르라고 사지말라고 말렸는지 실감했습니다. 레노버도 뽑기운인가요?ㅜㅜ 다른분은 좋은 제품 받으셨길!",[]
21.02.20.,5,가성비 노트북입니다 받고 2일째 사용후기는 화면이 충전기 꼽음 밝은데 빼면 50프로 가까이 어두워 집니다 인터넷 설명한거 다 따라 해봐도 이건 수정이 안되네요뽑기 실패인지 월래 이런건지는 모르겠습니다 게임 돌리는데 팬돌아가는 소리가 좀 나긴 하지만 거슬릴 정도는 아닙니다 그런거 말고는 전체적으로 만족입니다,[]
21.02.21.,5,아주 아주 마음에 듭니다. 일단 빅스마일 할인으로 60만원 초반대에 구매했는데 노트북 사양대비 엄청 저렴하게 잘 샀구요. 노트북 성능은 사양 보시면 다들 아실테니 넘어가고.. 외관이 정말 수려합니다. 첫번째로 색상이 진짜 대박이예요. 회사에서 언박싱했는데 다들 색상 예쁘다고 호들갑이었고 상판 양쪽의 다른 각도로 깎인 커팅디테일도 예뻐요.,[]
21.03.21.,5,윈도우10 설치시에 업데이트안하시면 무선랜이 안잡힙니다. 따라서 유선 랜 연결하시고 업데이트 먼저 하시기 바랍니다.또한 스피커 이상증상이 나타납니다만 레노버 홈페이지에서 바이오스 및 드라이버 업데이트하면 문제없이 해결됩니다.배틀그라운드 상옵션으로 무리없이 돌아갑니다.다만 그래픽카드 사용시에는 쿨러 소리가 상당합니다만.그건 당연한 것이라 생각됩니다.,[]
21.02.17.,5,싶는 라이젠 4600H라 6코어 12쓰레드 충준히 빠르구요 글카도 내장이 아닌 외장그래픽칩셋인 지포스 gtx1650입니다 기본 메모리 슬롯도 2개가 있어서 최대 32gb까지 넉넉하게 확장가능하고 nvme ssd m.2 도 속도 괜찮네요 전체적으로 디자인도 깔끔하고 무게도 경쟁기종 대비가벼운편이고 만족합니다.,[]
21.02.20.,5,이런가격에 노트북을 구매했네요빠른 씨퓨에 글카도 나름 성능 좋아서 왠만한 게임돌릴수 있겠네요녹스설치후 세나2 돌리는데 잘돌아갑니다램 하나 추가해서 16기가로 사용하는게 좋습니다기본8기가로는 좀 부족한 듯 하네요기판뜯는데 고생좀 했지만 조심스럽게 하면 되네요암튼 생각지도 않았지만 가성비 좋은 노트북이라 질렀고 나름 만족하네요,[]
21.02.08.,5,"노트북 품귀 현상에도 불구하고 하루만에 받아서 쓸수있음!게임 안돌리면 노트북 켠지도 모를정도로 조용함.겜 돌릴때 펜 무조건 도는데, 소리가 크긴하지만 거슬리는 펜소리가 아니라 단순 바람소리로 인한 소음이라 괜춘!일반 해어드라이기랑 다이슨의 바람 소리 차이랄까!다만 노트북 재질때문에 겉이랑 안에 지문이랑 얼룩은 겁나 잘 남음",[]
21.03.10.,5,"딸아이 개학과 맞물려서 구입했는데, 프로그램 깔고 일단 다 괜찮은데, 충전기 꽂았을 때는 화면이 되게 밝은데, 충전기를 빼면 바로 절전모드로 되는건지 화면색이 살짝 어두워지네요. 따로 설정이 필요한건 지 답을 못찾고 있습니다 ㅠ 그것빼곤 가성비 훌륭합니다.",[]
21.02.17.,5,"1650ti 제품 입고까지 기다리고싶었지만 ㅠ 본제품도 가격대비 성능 너무 좋고 기존에 쓰던 ASUS 제품보다 발열이나 무게도 훨씬 괜찮네요 다만 USB단자가 2개뿐이라 C타입용 멀티단자 구매해서 쓰고있고 만족합니다 대체적으로 추천입니다, 시간 여유가 있으신분들은 1650ti가 부착된 버전을 사시는것도 좋을듯",[]
21.02.22.,4,정말아무것도 없는 노트북은 처음이라 당황....오랜만에 주변 컴퓨터 좀 안다는 사람들 전부 소환해 안부인사했네요. 아이가 필요한 기능들을 이야기하고 주변 사람에게 추천받아서 구매했는데 배송도 빠르고 안전하게 왔어요.,[]
21.03.20.,5,가성비 보고 샀는데 너무 만족합니다. 일단 색상이 좋쿠요. 배송 포장상태도 좋고 빨리왔슴다. 근데 디자인은 진짜 못생겼어요. 예쁜거 찾으신다면 이건 투박하고 좀 아닌듯해요 뭐 지인께서 부탁하셔서 두분 모두 이걸로 해드렸는데 성능 너무 괜찮네요많이파시길,[]
21.03.15.,3,"지난주 목요일 늦은 밤에 주문했다쳐도 월요일 배송 되는건 택배 시스템에 문제가 있는듯 합니다. 기다리던 애가 코빠지는 줄...
가성비 생각하고 구매했는데 개봉해서 직접 이것저것 설치하다 보니 제품 무게감과 두께감이 상상 이상입니다.
참고하세요",[]
21.02.18.,5,"행사가격으로 저렴하게 잘 구매했습니다. 동영상감상,인터넷 등 일반적인 용도 사용시 내장그래픽 작동으로 조용하며 게임실행시 GTX1650작동으로 약간(?)의 소음과 발열이 있습니다. 전체적으로 부팅 빠르고 화면 선명하고 음질도 괜찮습니다. 고장없이 오래 사용했으면 좋겠습니다.",[]
21.02.22.,5,"저렴한 가격에 잘 구입했습니다. 배송이 완전 총알이네요. 아침에 출근하자마자 받았습니다. 포장도 완전 튼튼하게 뽁뽁이로 잘 포장되어 와서 안심되었습니다.할인쿠폰이 많아서 가격도 완전 저렴하게 잘 구입했네요. 성능도 좋고, 램 추가하고, HDD도 추가 했더니 최고네요.",[]
21.02.19.,3,발송은 빠르게 해주셨는데 집화처리에서 이틀을 소비했습니다. 무슨 문제가 있었던 모양입니다. 요즘 배송 문제 많아요. 그래도 택배기사님등 고생하는 것 알기에 수령 완료합니다. 제품 전부 만족하나 배송 때문에 별 3개 입니다.,[]
21.03.20.,5,"배송 빠르고 제품도 맘에 들어요.
딸 이랑 제꺼 하나씩 해서 2개 주문했는데 안전하고 빠르게 배송되어서 잘 쓰고 있습니다.",['https://phinf.pstatic.net/checkout/20210320_22/1616228153513s3IUU_JPEG/review-attachment-64b377b0-a8cc-4b5f-8f87-a4b0b8374440.jpeg?type=f287']
21.03.10.,5,생각보다 가볍구 색이며 디자인 좋네요 잘쓰겟습니다^^,['https://phinf.pstatic.net/checkout/20210310_139/1615334557453yRtod_JPEG/review-attachment-99891a54-edb1-43de-b6b5-db9bd5a8281a.jpeg?type=f287']
21.03.11.,5,"배송최고예요
구매하고 24시간안에 배송됬어요
윈도우는 직접설치했는데 대만족입니다",['https://phinf.pstatic.net/checkout/20210311_43/1615412259499iBREk_JPEG/review-attachment-10b5b9d9-e1dd-468e-b92f-b7cb29f81100.jpeg?type=f287']
21.03.18.,5,가성비 노트북의 대명사 레노버 이가격대에 단점이 거의 없네요. 한가지 단점이라면 포장박스가 너무 날카로워서 손이 비었다는거...,[]
21.03.24.,5,잘 받았습니다. 그리고 이거 구입고려중이신 분들노트북 쿨러는 필수!,[]
21.03.23.,5,색다른 디자인이고 사용감이 좋아요 철권은 무리네요 ㅠ,[]
21.03.23.,5,좋네요.만족합니다.생각보단 무게감이나 두꺼워요,[]
21.03.25.,5,사용전이지만 잘받았씁니다.,[]
21.03.09.,5,오래기다려서 받았네요.예판으로 주문이되어서 4월말이나 되어야 된다고 해서 있고 있었는데 배송돼서서 좋아요.박스에 구멍이 나서 걱정하고 오픈했는데 기스나 찍힘도 없고 현재 잘 작동하네요.,[]
21.03.22.,4,감사합니다.,[]
21.03.11.,4,비슷한 가격으론 구입할수 없는 성능의 제품이라는 생각이 듭니다.전 다행히 제품자체도 양품으로 와서 더욱 맞곡하고 있습니다.1650이 들어있어서 외부에서도 3d그래픽 작업을 할수있다는게 가장 큰 메리트 같습니다.,[]
21.03.10.,5,걱정했던 우려와달리 뽁뽁이를 아낌없이휘감이서 절대충격없겠끔 잘포장해주셔서보내주셨네요 가성비도좋지만 디자인과 노트북색상이너무 이쁩니다.잘쓰게습니다,[]
21.03.24.,5,최고,[]
21.03.16.,5,색상 마음에 드네요. 좋은 상품 빠른배송해주셔서 감사합니다.,[]
21.03.03.,5,큰아이 노트북으로 레노버를 구매했는데 가성비가 좋아 다시 구매했어요. 역시 실망시키지 않는군요. 메모리를 16기가로 올려 구매했는데 부팅시간이 10초밖에 안걸려요. 정말 만족합니다.,[]
21.03.17.,5,국내 매이커 보다. 싸게 구매했네요!윈도우 설치 및 드라이버 애먹었네요! 진입 윈도우키+F2드라이버 설치 유선 인터넷 선 필요합니다.,[]
21.03.19.,5,Cj 상품 배송만 빼면 다 좋아요ㅎㅎ 가성비 갑갑,[]
21.03.15.,5,너소오너소조본던소보？넝소조서손던놋본넌,[]
21.03.10.,5,가격대비 성능 좋음처음켰을 때 진짜 소음이 없어서 당황 ㅎㅎ 너무 좋네요 잘쓸게요,[]
21.03.12.,5,아기가 고장내서 급히 필요했는데 넘 저렴하게 새 노트북 잘 샀습니다~,[]
21.03.10.,5,그래픽카드 가격에 노트북 본체를 갖게되었네요. 정말 후회없는 선택이였습니다. 강추 합니다,[]
21.03.10.,5,가성비 강추 배송도 빨리왔구요 생각보다 색상이 이뻐요 잘쓰겠습니다. 가격대비 성능 강추요,[]
21.03.10.,5,배송이 좀 느렸지만 만족합니다 평타이상은 치는듯하네여,[]
21.03.11.,4,가성비 는 최고인듯요 디자인도 좋고 구번전보다는 많이 좋아진거 같아서 아이가 좋아해요,[]
21.03.09.,5,성능좋아요. 조금 무거운것 빼곤 모두 만족합니다.,[]
21.03.13.,4,좋은상품 저렴하게 잘 구매했습니다 성능좋아요,[]
21.03.13.,5,배송도 빨랐고 성능도 매우 좋아서 만족합니다,[]
21.03.11.,5,예상보다 빨리 받았어요 갓성비네요!!!,[]
21.03.09.,5,전체적으로 만족하고 잘 쓰고 있어요,[]
21.03.05.,5,노트북 너무 잘 돌아가고 좋아요!^^,[]
21.03.23.,5,빠른배송 감사합니다 다음에도 잘 부탁 드립니다,[]
21.03.13.,4,가격 저렴하고 좋으네요,[]
21.03.14.,5,색상죽입니다.넘이뻐요,[]
21.03.14.,5,배송빠르고 좋아요,[]
21.03.14.,5,가성비가 좋아요,[]
21.03.09.,5,좋네요 잘쓸께요,[]
21.03.10.,5,배송빠르게 잘 받았습니다 잘사용해보고 문제 없기를 바랍니다,[]
21.03.12.,5,좋아요???,[]
21.03.13.,5,디자인도 이쁘고 가볍도 좋네용 ㅎㅎㅎㅎ대학수업용+게임 돌리려고 512g추가해서 샀는데 할인때 카드 청구까지 80도 안주고 샀네요^^,[]
21.02.21.,5,하이닉스 8기가 달려 있네요.m.2 2개이고 하드디스크 넣으면 m.2는 1개 가능합니다.m.2 길이 조절은 라이타등으로 톡톡치면 지지대 잘 빠져서 셋팅도 쉽네요,[]
21.02.22.,3,가볍고 가성비가 나쁘지 않음 단점 아직 산지 얼마 안됐는데 알트 탭을 눌렀는데 화면이 심하게 깨지는 현상이 나타남 한번 일어나고 안일어났는데 그래도 오래 쓸껀데 불안합니다,[]
21.02.20.,4,"저는 기본제품으로 구매하였고, 현재 윈도우만 설치하였는데 많이 무거워요. 게임은 아직 안해봐서 모르겠고, 성능은 써봐야 알 것 같습니다.",[]
21.02.20.,5,"63만원에 구입하면 진짜 가성비하나는 끝입니다!
노트북에 관해 모르는 초보 분들은 이거 들고 다닐려고 사시면 안됩니다. 얘는 거치용입니다^^
그러면 무게와 두께가 납득이 갑니다.",[]
21.02.22.,5,가성비 게이밍으로 최고 입니다. 이전 세대 리전5에 비해 몇가지 너프 되었지만 디자인 변하가 매우 좋습니다. 성능 차이도 실질 적으로 거의 없고요,[]
21.03.08.,5,예약판매라 배송이 늦긴했지만 예정됐던 날짜보다 엄청 일찍와서 좋았습니다. 배송올때 박스도 꼼꼼하게 포장돼있어서 안전한거같아요. 아직 뜯어보지는 않았지만 좋을거같아요. 감사합니다.,[]
21.02.27.,5,노트북바꿀때가 되었는데 평소 슛팅게임을 많이 하던지라 게이밍에 관심이 많이있었습니다.저렴한가격에 게이밍 노트북을 구매하게되어 너무만족스럽고 게임에도 무리가없네요,[]
21.03.17.,5,좋네요. 가격 대비 성능이 좋네요.,[]
21.02.22.,5,"레노버라 as포기한다고 생각하고 게이밍노트북을 이가격에 절대 살수없으니,득템",[]
21.02.21.,4,왜 보증기간이 2월 4일에 시작됐다고 뜨고어치패드에는 도색 벗겨짐이 있는지요?,[]
21.02.21.,5,저렴한 가격에 뛰어난 품질 강추합니다발열 없고 조용해요 확장성도 좋고요,[]
21.02.20.,5,"가성비 찍입니다
인터넷이고 동영상이구 끊낌없이 번쩍이네요
많이파세요",[]
21.02.20.,5,"게이밍인걸 감안하면 무게, 소음, 발열 모두 무난해요. 설 이후 발송임을 감안할 때 빠른 배송이었습니다.",[]
21.02.23.,5,다른 제품들 다 오래걸렸는데 빠르게 보내주셔서 감사합니다 ㅎ,[]
21.02.22.,4,주말에 손꼽아 기다렸는데 다행이 오늘 배송되니 기분 좋음,[]
21.02.20.,4,노트북이 필요했었는데행사 쿠폰으로 잘 구매했습니다~~,[]
21.02.23.,5,가성비 좋은 노트북입니다.. 빅세일때 잘 구매했네요..,[]
21.02.23.,4,늦게 도착했습니다. 컴퓨터 상태는 괜찮은것 같아요.,[]
21.02.24.,5,마음에 듭니다. 가격에 비해 대단한 성능이예요.,[]
21.02.24.,5,가성비면에서 대안이 없음. 그냥 이거 사면됨,[]
21.02.20.,4,오버워치 잘 됩니다.그런데 모니터 색상이 좀 이상해요.색재현율이 낮은 것 같습니다.,[]
21.02.24.,4,레노버 게이밍 노트북 좋아요 번창하세요!,[]
21.02.22.,4,아들이 필요한거 시켰는데 좋아라 하네요,[]
21.02.27.,3,모서리가 찍힌 제품이 오다니 기분이 좋진않습니다. 귀찮아서 그냥 씁니다.,[]
21.02.24.,5,좋아요 쿠폰덕에 싸게샀어요ㅋ,[]
21.02.21.,5,저렴한 가격에 잘샀습니다,[]
21.03.01.,4,노트북 만족감 최고입니다!!! 가성비면에서 이만한 것을 찾아볼수 없을 것입니다.불량도 발견되지않았습니다 추천합니다,[]
21.02.20.,5,배송빠르고 좋아요,[]
21.02.20.,5,아주 좋습니다.,[]
21.02.25.,5,만족합니다,[]
21.02.25.,5,잘삿아요,[]
21.02.19.,5,요즘 비슷한 사양에 가격이 69만 이면 너무 착한듯 해요..성능도 좋고 조용 하고. . 하이닉스 기본 메모리에 ssd도 하이닉스 인듯 해요.. 잘 고른듯.. 작년에 인텔 9세대 6코어 거의 100주고 샀는데.. 차라리 이게 더 좋은듯 해요..,[]
21.02.20.,5,좋아요,[]
21.02.26.,4,"i5 들어있는 것을 구입해서 사용하다가 제품이 너무 마음에 들어서 AMD 들어 있는 것도 하나 더 구입했습니다.
둘다 좋지만 AMD 들어 있는게 갠적으로 더 좋은 거 같네요.
좋은 제품 감사합니다.",[]
21.02.20.,5,오늘 물건들어 와서 설치하고 쓸려고 준비하고 있어요 맘에들어요 저령이 잘산거 같아요,[]
21.02.16.,4,배송이나 제품은 좋은데 아들한테 주었더니 os가 안 깔려 있어서 다시 윈도우를 따로 구매했네요 운영체제까지 깔려 있는줄 알았는데 ........,[]
21.02.22.,5,좋은 가격에 좋은 상품 구매했습니다 감사합니다 번창하세요,[]
21.02.20.,5,좋은가격에 좋은제품 구매합니다,[]
21.02.22.,5,좋네요ㅎ 배송사만 어떻게 하면 참빨리받을수잇을텐데ㅜㅜ되게 아쉽네요ㅜ,[]
21.02.23.,3,대한통운 배송 주말빼고 5일 걸렸음. 판매자님 당분간 대한통운 쓰지마요.,[]
21.02.20.,5,저렴하게 잘 샀어요. 마음에 들어요,[]
21.02.17.,5,명절 끼었는데 생각보다 빨리 받았습니다. 하드 추가하고 하판이 살짝 울긴하는데 그거 외에는 찝찝한점은 없고 성능도 만족스럽습니다.,[]
21.02.19.,1,"배송도 느리고 무한 재부팅,블루스크린 고생한 기종 이네요",[]
21.02.19.,5,노트북보더니 회사지인들도 괜찮다고하네요.많이파세요,[]
21.02.11.,4,성능대비 가격도 괜찮고 디자인도 예쁘고 넘 만족해요,[]
21.02.08.,4,오래 기다려야 되는줄 알았는데 빨리 왔네요.,[]
