"839,870"
date,star_point,comment,photo
21.02.20.,4,"이번에 복학을 해서 외장 그래픽이 탑재된 노트북이 필요해 이 제품을 구입하게 되었습니다. 이 제품을 두달 전부터 눈여겨보고 있었는데 이번 빅세일 할인으로 드디어 구매하게 되네요^^
우선 제품 포장된 상태는 나쁘지 않았습니다. 프리도스 제품 구매는 처음이라 윈도우 설치하는데 힘들었지만 새벽까지 붙들고 있었던 결과 전력 소모 최적화까지 완료했네요. 대기 상태에서 배터리 타임 80퍼 기준 9시간 반이 찍혀있긴 하지만 그래도 실 사용시간은 5시간 이상은 가니 게임이나 그래픽 작업만 아니면 오래 사용할 수 있을 것 같습니다.
성능은 롤 국민옵(중옵) 기준 프레임 100 이상은 거뜬히 뽑아주고 최상옵에서도 80 이상은 나오네요. 한타할 때 조금 드랍 있는거 빼고 프레임은 괜찮게 나오는 것 같아요. 확실히 외장 그래픽이 탑재된 제품이라 저사양 게임은 무리없이 잘 돌아갑니다.
마감은 걱정했던 것과는 달리 무난한 것 같아요. 전원 버튼, 포트들이 비틀림 없이 잘 위치해있고 상판은 굉장히 고급스러워 보이는 외형이네요. 키보드 타건감도 손에 착착 감겨서 좋은데 전원 버튼은 뭔가 잘 안눌리는 듯한 이상한 체감이 드네요.
아쉬운 점은 발열, 소음, 화면밝기 정도인데 발열은 대기 상태에선 미적지근한 정도이고 부하를 걸기 위해 시네벤치를 돌려본 결과 최고 85도, 평균6 70도 사이에 찍히는 것을 볼 수 있었습니다. 그리고 팬이 이륙하는 소리가 들리긴 하는데 여기서 발열 제어가 좀 안되는 느낌이 들어요. 대기 상태로 나와도 팬이 한참 돌아갔는데 놋북 밑창을 만져보니 10~15분 뜨거운게 유지되드라구요. 밑창이 상당히 뜨거워지니 노트북 쿨러 하나 정도는 구매하시는게 좋을 것 같아요.
화면 밝기는 내부 환경에서는 큰 지장은 없지만 밝기가 좀 어두운 편이며 최소로 낮추면 아예 화면이 안보일 정도로 어두워지는데 이게 의도한건진 모르겠네요.
아무튼 이번 제품은 가성비 대비 굉장히 좋은 제품인 것 같아요. 삼성 아티브북을 7년 가까이 써오다 슬림5를 써보니 천사가 따로 없네요 ㅎ",[]
21.02.26.,5,"10일전 20만원 할인할때 잽싸게 구매했습니다. 기존 리뷰를 보니 램이 고정 8기가로 업그레이드 못한다는게 흠이라면 흠인데...8G 정도면 왠만한 프로그램은 다 돌릴 수 있기 때문에 큰 문제는 없다고 판단하고 구매했습니다. 초기 SSD 못잡는건 공지를 잘 못봐서 잠깐 헤멨는데 링크 보시면 드라이버 하나만 준비하면 되네요~영상작업이나 무거운 게임 돌리지 않는 이상 사실 8G 이상 잘 쓰지도 않습니다. 회사에서 해당 제품보다 낮은 사양의 노트북 사용중인데 각종 프로그램 10개 이상 돌리고 보안프로그램 덕지덕지 깔려도 잘 돌아갑니다. 게임, 영상 주로 사용 하시는 분들은 다른 제품 알아보는는게 좋고이외에는 올라운드 제품으로 사용 가능할것 같습니다. 그램같이 1Kg로 가볍진 않지만 이정도면 들도 다니기 무거운 편은 아닌거 같습니다. 그래픽도 이가격에 이 사양... 아마 못찾을거라 봅니다. 강추하고~ 8G / 16G 모델에서 선택하시면 되겠습니다. 왼쪽에 USB-C 타입만 있고 USB3.0 포트가 없는건 좀 아쉽지만.. 요즘은 대부분 C 타입으로 많이 나오니...뭐 단점은 아닌것 같습니다. 강추!!!!!",[]
21.02.16.,5,"상품 정보만으론 확인할수 없던 정보들 적겠습니다..1. 디스플레이 ntsc45짜리2. 노트북은 플라스틱인줄 알았는데 금속소재임3. 전세대는 키감 안좋다던데 이건 괜찮네요..4. 원팬쿨링구조, 문서만 할땐 문제 없는데 무거운거 돌리면 팬이 핑핑 돌아갑니다...5. 손자국이 많이 남고 상판에 전기올라옵니다.6. 추가 램슬롯 없습니다.구입에 참고 바래요~그리고 이번 인텔 11세대는 윈도우 설치시 ssd 인식이 안되는 오류가 있는것 같습니다.구글 검색후 인식되는 드라이버 설치를 통해 해결하시길 바랍니다.(유튜브에 바로 뜨더라구요)어쨋든 가격대비 만듦새도 좋고 pd충전 지원하고....삼성엘쥐 mx450 모델 대신 이거 사길 잘한거 같네요 ㅎㅎ패널만 더 좋았으면 완벽했을거 같은데... 그럼 또 슬림7프로 라인땜에 안되겠죠?여튼 세일가로 사실수 있다면 적극 추천드림니다!",[]
21.02.24.,5,"빅세일로 레노버 아이디어패드5 프리도스 제품 구매했네요. 사실 전 컴알못이라 후배한테 좋은제품 나오면 추천해달고 해서 샀는데.. 넘 잘산거같네요. 주변에서도 성능 좋은데 저렴한 가격에 잘샀다구해서 더 뿌듯! 일단 프리도스라 윈도우는 스스로 깔아야되네요. 컴알못이 까느라 고생했습니다. 문의 게시판에 보니 저처럼 첨에 화면보고 어떻게하는지 깜깜하신분들이 많네요. 일단 다른 인터넷 되는 컴터에서 usb 16기가 이상되는 제품 꽂아서 윈도우10 파일, 저장소 다운 받으셔서 이번에 산 컴터에 꽂고 전원 켜시면 바로 윈도우 설치화면으로 넘어가요 참고하세요상품페이지 조금 밑에 내리면 윈도우설치방법 블러그로 이동되는 배너있어요 거기에 상세하게 설명되있구요. 제조사 드라이버는 윈도우 다깔고 레노버 코리아 들어가셔서 다운받으면됩니다. 네이버에 레노버 드라이버 다운이라고 치면 상세한 글들 많아요. 윈도우 첨설치하는 사람은 헷갈려서 더 실사용 상세한글 올리면 좋을드해요.",[]
21.02.26.,5,"가성비 좋은 노트북을 찾아 3개월간 비교하고 또 비교한 결과 레노버아이디어패드5로 선택했습니다! 근데 왠걸 물량이 없어서 구하기 힘들더라고요ㅠㅠ예약판매로 구하긴 했지만 스마일데이할인행사때 저렴하게 구입해서 아주아주 만족스럽습니다. 키감: 아주아주 좋아요 너무 슬림한 노트북은 키가너무 낮게 들어가서? 손목이 오히려 더 아프더라구요,, 뭐랄까 아이디어패드5는 삼성노트북구형이랑 비슷합니다! 가격:가성비값이다! 그램하나 살 가격으로 아이디어패드는 2개사고 남은돈으로 다른부품 업그레이드 할수 있습니다. 화면크기 : 저는 무조건 15인치파였어요 ! 기존 17인치는 너무 크고 13인치는 보조숫자판이 없어서 사무용으로 아주 불편하더라구요. 단순휴대용이 아니라 집에서도 밖에서도 쓰는 풀타임 메인 컴퓨터로 제격입니다무게 : 무겁지도 가볍지도 않은 가성비가 느껴지는 무게입니다 들을만해용!총평 : 인생에서 평범한 동반자 찾기 참 어려우시죠? 저는 여기서 찾았습니다. 아이디어패드5랑 천년만년 함께하겠습니다!",[]
21.01.25.,5,"대학 입학을 앞두고 노트북장만에 있어서 엄청 오래 고민했습니다. 100만원이 넘어가는건 너무 부담스럽고 그렇다고 성능도 포기할 수 없어서 국내외를 포함해서 5개이상의 브랜드를 다 찾아봤습니다. 그러던중에 레노버 아이디어패드 슬림5가 타사에 비해서는 저렴하면서 성능도 제가 원하는 조건을 다 갖추고 있어서 선택하게되었습니다. 장단점을 정리해보자면 -장점 1. 배송이 빠릅니다(이틀만에 왔어요) 2. 디자인이 깔끔하고 촌스럽지 않습니다. 3. 베젤이 진짜 얇아요 4. 가격이 저렴한 티가 안나요 5. 키보드 디자인이 마음에 들어요(숫자키보드가 있는점, 백라이트가 잇는 점, capslk키에 불이 들어오는점) -단점 1. 저는 키감을 신경쓰지않지만 키감이 중요하신분들은 좀 아쉬울것같아요(좀 얇은 느낌?) 2. 윈도우 안깔려잇다는 점 그래도 저는 전체적으로 단점은 충분히 감수할만하고 장점이 더 많은 제품이라고 느꼈습니다. 제 주위에도 국내 제품보다 저렴한 외국제품을 살려는 지인이있다면 레노버 아이디어패드를 추천할것같아요!! 이 노트북으로 대학생활 잘 해보겠습니당~",[]
21.02.18.,5,2021년 2월 15일 디지털빅세일 이벤트중 추가옵션으로 16G PLUS 모델로 선택하여 램 16gb로 정말 착한 가격에 구매하였습니다.이 제품 보기전에 SLIM5-14ITL 제품을 알아보다가 14인치보다는 더 큰거 없나 찾아보던중 15ITL이 있는것을 알게되어 구입하게 되었습니다.이 제품은 온보드 제품이라 램을 추가적으로 넣을 수 없어 16기가램으로 추가를 할 시 같은 제품이지만 다른 모델인 SLIM5-15ITL Premiere plus 제품으로 오게됩니다.15일날 주문하였는데 16일날 바로 배송되어 엄청 놀랬습니다.아직은 간단한 문서작업으로만 사용하였지만 사용하면서 느낀것을 간단히 적어보겠습니다.window10설치시 11세데 인텔 타이거레이크 CPU는 바로 ssd나 hdd를 인식하지 못합니다.설치 전 인텔11세대 타이거레이크 윈도우 설치방법을 검색하셔서 확인하시는게 좋습니다.윈도우 설치시 무선랜카드가 자동으로 잡혀 따로 설치하려고 준비 않해주셔도 됩니다.바로 와이파이 연결하여 인터넷을 사용 할 수 있습니다.(유선 마우스 준비하시면 윈도우 설치시 편해요)윈도우 설치나 무거운 프로그램 설치시 팬이 심하게 돌아갑니다.간단한 작업일 경우에는 상관없는데 게임을 하시려면 쿨러사는것도 좋아보입니다.윈도우를 설치하신후에 LENOVO VANTAGE를 설치하시면 한번에 드라이버를 설치 할 수 있습니다.노트북 재질이 금속소재이며 생각보다 지문이나 손자국이 많이 남은것 같습니다.PD충전시 65W이상을 권장이므로 충전기 사실 때 확인하시기 바랍니다.다른 부분들은 아직 확인해보지 못하였지만 MX450외장그래픽을 가지고 있는 노트북중에서 가성비로는 이게 최고인것같습니다.이번 빅세일 기간에 좋은가격으로 사게되어 아주 만족합니다.,[]
21.01.13.,5,"멋진 외관이 먼저 눈에 들어옵니다.상판을 만져보니 고급스럽고 차가운 느낌이 입니다.15.6인치인데 작아보입니다. 기존 사용한 LG 15.6인치 보다 작아요.카메라를 막을수 있어서 편합니다. 기존에는 테이프를 이용했는데 기술의 발전인가요??이 모델을 구매한 이유중에 큰 이유 하나는 2.5인치 SSD가 설치 가능해서 였습니다.노트북을 구매하니 기본으로 설치하는 케이블과 나사가 동봉되어 있습니다.5T 별들이버 필수!!!! 입니다. 일반 십자나사가 아닙니다.(중요사항)나사풀고 설치하는 방법은 쉽습니다.베터리를 제거해야 설치가 가능합니다. 기존에 비슷하게 생긴 케이블이 설치되어 있고옆에 자리가 하나 있습니다. 거기에 설치하시면 됩니다.윈도우부터 설치해봅니다. 사이트에 설명이 나와있어서 설치를 쉽게 마무리 했고인텔 11세대 CPU여서 그런지 설치가 윈도우 설치가 빠르게 진행됩니다.기존 LG 노트북을 사용했는데 4년전 모델과 비교하기는 그렇지만 빨라서 매우 마음에 들고램이 온보드로 8G라여서 걱정했지만 제가 쓰는 부분에서는 5G를 넘어가지는 않네요.화면도 잘보이고 반사방지라 사무실에서 편하게 잘 보입니다.키보드 타건감은 좋습니다. 편하게 잘 쳐지고 부드럽습니다.백라이트도 조절이 되어서 중간으로 해서 사용중입니다.다만 저는 사무실 조명이 머리 위에 있는데 조명이 키보드에 비춰지면 잘 안보입니다.(백라이트를 무조건 켜야 보입니다.)터치패드는 재질이 부드럽고 잘 동작합니다.이제 레노버에서 제공하는 각종 유틸리티를 설치해봅니다.실제 사용을 하면서 팬소음은 기존보다 잘 안들립니다. 처음 바이오스 설치할 때만 매우 크게 들렸습니다.레노버 사이트에 모두 올라와 있으니 설치하시면 금방 끝납니다.(윈도우에서 자동으로 설치하기도 합니다.)보증기간은 24개월로 나옵니다.회사업무에 필요한 프로그램들을 설치해보고 실사용을 해봅니다.역시나 빠르네요;;; 물론 윈도우 특성상 사용하다보면 느려지기는 하겠지만 초기상태여서 그런지 매우 빠릅니다.무엇보다 기존에는 내장 그래픽이었지만 이제는 mx450 외장그래픽이어서 그래픽 관련 프로그램이 빠르게 동작하네요.저는 이제 죽어라 회사일만 하면 되겠습니다.전체적인 제품상태, 마감상태 , 또한 판매자님 응대(매우 친절합니다.) 모두 마음에 들었습니다.잘 사용하겠습니다.",[]
21.02.20.,5,"슬림 5 모델을 살 때 제일 많이 걱정했던 점이 2가지가 있었습니다. 첫 번째는 NTSC 45%인 점. 두 번째는 발열이었습니다. 첫 번째 문제 같은 경우에는 받고 나서 실사용을 해보니 생각보다 문제가 되지 않았습니다. 색감과 관련된 작업을 하지 않는 이상 충분하다고 판단됩니다. 다른 노트북과 직접 옆에 두고 비교하지 않는 이상 차이를 알 수 없을 거라 생각됩니다. 두 번째 발열 문제도 실사용 환경에서 걱정하지 않으셔도 됩니다. 일반적으로 간단한 문서작업이나 웹서핑, 인터넷 강의에서는 발열이 거의 없고 팬도 거의 돌아가지 않습니다. 당연히 도서관에서도 사용 가능합니다. 다만, MX450 그래픽 테스트를 위해 오버워치를 실행시켰을 때는 발열과 팬 소음이 꽤 있었습니다. 그래픽 옵션은 자동으로 중간 옵션으로 설정되었고 게임 또한 원활히 잘 돌아갑니다만, 게임은 역시 데스크톱이나 게이밍 노트북이 제격인 것 같습니다. 게임을 목적으로 구매하는 것은 비추천입니다. 종합적으로 가격 이상의 만족감을 주었기 때문에 추천합니다!",[]
21.03.03.,5,3월중 배송예정 이라고 해서 느긋하게 기다려야지 했는데 오잉 생각보다 엄청 빨리 배송이 되었네요기존에 사용중이던 e595나 s340에서 외장그래픽에 대한 아쉬움이 좀 있었던터라 그래픽 빨 좀 받아보자 싶어서 주문했는데 게임도 준수하게 돌아가고 간단한 영상편집도 수월합니다엔비디아 옵티머스 솔직히 좀 마음에 걸리긴 했는데 내장 외장 왔다 갔다 전환 잘 되면서 쓰는데 불편함은 없네요c타입 허브 이용하면 충전과 모니터 연결을 동시에 해냄을 통해 듀얼모니터 효과도 내고 부족할 지 모를 포트도 해결할 수 있으니 참고하셔도 좋을듯 합니다프리도스 모델이라 윈도우설치시에 판매페이지에 블로그 참고하셔서 설치하시면 수월하게 진행할 수 있구요M1 맥북 처럼 노트북 열자마자 켜지는거 기능을 바이오스에서 필요없을거 같아서 꺼놨다가 아쉬워서 다시 활성화 했습니다 빠릿하게 부팅되서 요긴한 기능이니까 바이오스 세팅에서 비활성화 할지 활성화할지 옵션 확인하실 때 참고하시면 좋을 거 같습니다,[]
21.02.26.,5,"1. 전반적인 마감이 너무 좋음. 노트북 겉면의 커버와 키보드, 패드 등이 볼수록 마음에 듦. 2. 키보드 백라이트 기능이 이 가격대의 노트북에서 보기 힘든 고급스러움을 더해줌. 3. 지문인식기능 매우 잘 작동함. 개인적으로는 스마트폰 지문인식처럼 인식 속도 빠르고 바탕화면으로 자동으로 넘어가서 매우 편리함.4. 윈도우 설치 과정 매우 쉬움. 처음으로 프리도스 노트북 구매하여 윈도우 설치해본 일반인임. 상품설명란에 자세한 설명과 링크가 있어 그대로 하기만 하면 됨. 레노버 벤티지 프로그램도 매우 유용하여 노트북 관리 편리함. 레노버 벤티지 프로그램 중 지능형 냉각 기능과 보존 충전 모드를 주로 사용함. 그리고 보증 기간 및 업데이트 유무도 안내하고 있어 괜히 믿음직스러움.5. 업무용 PC여서 게임은 다른 리뷰 참조. 잠깐 롤 돌려보았는데 매우 원활히 돌아감.6. 강추~! 꼭 사세요~! 생각보다 배송 빨라요~!",[]
21.02.24.,5,"슬림 5 모델을 살 때 제일 많이 걱정했던 점이 2가지가 있었습니다. 첫 번째는 NTSC 45%인 점. 두 번째는 발열이었습니다. 첫 번째 문제 같은 경우에는 받고 나서 실사용을 해보니 생각보다 문제가 되지 않았습니다. 색감과 관련된 작업을 하지 않는 이상 충분하다고 판단됩니다. 다른 노트북과 직접 옆에 두고 비교하지 않는 이상 차이를 알 수 없을 거라 생각됩니다. 두 번째 발열 문제도 실사용 환경에서 걱정하지 않으셔도 됩니다.  일반적으로 간단한 문서작업이나 웹서핑, 동영상 플레이에서는 발열이 거의 없고 팬도 거의 돌아가지 않습니다. 당연히 사무실에서도 사용 가능합니다. 다만, MX450 그래픽 으로 게임을 실행시켰을 때는 발열과 팬 소음이 꽤 있었습니다. 그래픽 옵션은 자동으로 중간 옵션으로 설정되었고 게임 또한 원활히 잘 돌아갑니다만, 게임은 역시 데스크톱이나 게이밍 노트북이 제격인 것 같습니다.  ssd 저장장치가 어느 제조사가 될지 몰랐는데 삼성이라 적당히 만족스럽습니다",[]
21.01.21.,5,"아이 원격 수업용으로 구매했습니다.
ASUS 비보북 S15 S533EQ 과 마지막까지 고민하다 이 모델을 선택했습니다.
CPU, 메모리, SSD용량은 동일한데.. GPU와 키보드, 입출력 단자 구성에서 선택이 갈렸습니다.
이 성능이면 원격수업, 과제, 오피스, 웹서핑, 유튜브용으로는 차고 넘칩니다.
어디 떨어트려 부수지 않는다면 4-5년은 거뜬할 것 같네요.
사용해보니 팬 소음도 거슬리지 않네요.
키 트래블은 조금 더 깊으면 어떨까하는데 아주 얇은 수준은 아니고 오히려 저가형 모델이라고 하기에는 구분감이나 부드러움, 저 소음으로 좋은 수준입니다.
전체적으로 가격 대비로 매우 훌륭합니다만 아쉬운점을 꼽자면..
메모리 확장불가 - 메모리가 보드에 납땜되어있고 확장슬롯이 없음.
색 재현율 - 가격 생각하면 납득이되지만 조금만 더 좋은 패널이라면.
색상 - 이 제품도 확이트 모델이 있으면 정말 좋을 것 같습니다.",[]
21.02.24.,5,"직업 상 여러가지 노트북을 많이 사용해 봤지만 다 회사에서 지급해주는 상위기종으로 보급형 기종은 사실상 처음입니다. 디자인적인 부분에서는 아이디어패드 슬림5의 빌드 퀄리티는 실상 타사 제품의 최상위 라인업이 아니라면 확연한 차이가 나지 않을 정도로 충분히 단단하고 고급스럽습니다. 특히 상판재질은 시각적으로나 촉감적으로도 아주 매트하게 만들어졌지만, 터치패드는 더욱 채도 차이가 많은 색상과 미끄러울 정도의 촉감으로 사용자에게 확연한 구분감을 느낄 수 있도록 만든 부분도 아주 훌륭합니다. 제품 외형에 대한 감상은 이미 동일 제품군이 워낙 많이 팔리는 기종에 다른 분들도 많이 언급하신 부분이니 저는 직접 사용해보지 않으면 확인하기 힘든 밝기 부분에 대한 걸 위주로 말씀드립니다.아래 사진에서 뒤에 켜져 있는 건 티비의 화면으로 완전히 암전된 상황이 아닌 불이 꺼진 실내에서의 화면 밝기 성능입니다. 컴터 메니아들의 눈에 익은 익숙한 커뮤니티의 진입화면인데 오렌지 색에 노란끼가 많이 보이는 건 lg g7폰의 보정 기능 특성입니다. 사진 순서 : 어두운 실내에서 40%밝기 / 어두운 실내에서 70% / 어두운 실내에서 100% 이하는 50w 정도의 led 조명을 켠 밝은 실내입니다. 밝은 실내에서 40% / 밝은 실내에서 70% / 밝은 실내에서 100%디스플레이는 재원상 300cd로 일단 실내에서의 밝기는 충분히 합격점을 줄만하며, 카페 등 조명이 밝은 곳이라도 70% 이하의 밝기로 충분히 실사용에 문제가 없을 것으로 보이며, 오히려 어두운 곳에서는 4~50%, 밝은 곳에서는 70% 정도일 때, 색감이 가장 자연스럽게 표현됩니다. 디스플레이 특성 상 가장 약하게 표현되는 부분은 빨간색인 것 같은데 제 경우에는 윈도우의 디스플레이 색교정을 사용해서 조금 보정을 해주니 확실히 나아진 것 같았습니다. 키보드는 레노버의 랩탑 제품군이 가장 높은 경쟁력을 가지고 있다고 생각하는 부분으로 최저가 라인업까지 타사 대비 확실히 좋은 키감을 가지고 있습니다. 이 제품 또한 확실한 구분감과 함께 부드러운 반발력을 가지고 있어서 장시간 타이핑에도 무리가 없는 제품이지만 개인적으로 1mm 정도라도 더 깊은 키감을 확보할 수 있다면 훨씬 더 나은 타이핑 환경을 제공할 수 있을 것 같습니다. 키보드 백라이트는 흰색 단색으로 제공되지만 충분한 광량이 2단계로 제공되고 동급의 라이젠 4500, 4700U 정도의 저전력 제품을 구매하려다가 유튜브나 각종 스트리밍서비스의 4K 지원에 대한 아쉬움과 때문에 인텔 + 엔비디아 조합으로 구매했는데 확실히 4K 스트리밍 시에도 버벅임은 물로 발열해소를 위한 소음 또한 거의 들리지 않을 정도여서 상당히 만족스러웠습니다.",[]
21.01.10.,5,"사용한지 보름정도 되었습니다
게임은 하지않고 강의나 유투브만 하고있습니다
배터리는 강의나 유투브 틀어놓으면 8-10시간 가는거 같습니다 근데 수명때문에 완충은 피하고 있습니다
레노버 화면이 누렇다는 글들을 많이 봤는데 애초에 눈나빠질까봐 야간모드를 꼭쓰고 밝기를 줄이고 사용해서 불편감을 모르겠습니다
영상편집같은건 안해서 8기가램으로 충분히 버벅임없이 사용하고 있습니다
다만 외장그래픽으로 잡아놔도 항상 내장만 돌아가는데 이건좀더 알아봐야할거같습니다
usb 포트가 2개뿐인건 아쉬웠지만 3개이상 꽂을일이 아직은 없었습니다
카메라 커버가 있는게 화상강의 끝났을때 그냥 덮으면 되어서 매우 편리합니다
무게는 갖고다니질 않아서 모르겠습니다
화면 디자인이 투박해보일때도 있지만 최대한 넓게 담기 위함이니 눈감아줍니다
팬은 가끔씩 조용히 돌아갑니다
문제가없다 보다는 만족스럽다는 느낌이 많이 들어서 추천합니다",[]
21.01.20.,5,"취업을 하게 되어 노트북이 필요하게되어 여러 회사 노트북을 비교하며 알아보던 중 삼* 노트북플러* 2 노트북과 레노버 아이디어패드 슬림5-15itl 노트북 두가지 중 고민하게 되었고,같은 성능에 레노버 노트북이 조금 더 가벼웠으며 디자인도 슬림하고 매트하여 너무 이쁜데 충전시간 가격 등 삼* 노트북 보다 가성비는 물론이며, 성능까지 조금 더 좋았습니다. 그리하여 레노버 노트북을 망설임 없이 구매하게 되었고, 현재는 집 컴퓨터로 즐겨하던 롤을 노트북으로 실행했던 결과 컴퓨터 보다도 더 빠르고, 적당한 그래픽 성능으로 원활하게 플레이를 할 수 있어 너무 좋았습니다. 롤을 오래하다보면 발열이 약간 있을 수 있어 노트북으로 게임을 할 시 쿨링패드 위에 올린 후 게임을 하고 있어요. 노트북 자체 무게가 가벼워 카페에 들고다니기에 업무하기에도 정말 좋습니다. 코로나가 끝나게 되면 노트북을 들고 카페에 가서 업무 하고 싶어지는 그런 노트북 입니다. 300nit 스펙으로 코딩용 노트북으로도 좋고 사무용 노트북으로도 좋은 것 같습니다. 사용하다 용량이 부족하면 추가 SATA 슬롯도 있기 때문에 추가적으로 용량을 증설가능하다는 점도 참 좋은 것 같습니다.. 첫 노트북 구매인데 너무 좋은 노트북을 구매하게 되어 10000000프로 만족하고 있으며, 지인들에게도 추천하고 싶은 노트북 입니다.",[]
21.01.19.,4,"이 노트북의 미디어 소모력은 최하 등급입니다. 디스플레이 사운드 모두 만족스럽지 못하죠. 하지만, 그밖의 모든 기능적 요소들이 전부 들어가 있습니다. 학생들의 어떤 과제도 할 수 있을 겁니다. 외장 그래픽카드와 타이거레이크 CPU를 탑재했으니까요. 이 CPU 성능은 가성비 게이밍 노트북에 들어가는 CPU에 비해 20%정도 밖에 안나는 수준이고, 그래픽카드 역시 타 경쟁품들에 들어가는 150,250,350보다 좋은 수치입니다. 디자인은 깔끔하고 군더더기 없어 본인의 취향대로 꾸미기 좋을 겁니다. 하지만 반대로 색이 잘 빠진 아름다운 디자인을 바라는 사람들에게는 별로일겁니다. 가장 핵심인 점은 이런 성능을 커버하는 하판설계입니다. 투파이프 열배출 구조를 가지고 있으며 열이 빠질 구멍도 충분히 뚫려있습니다. 뒷면은 고무로 처리되어 있어 미끄럼을 방지하며 책상과의 이격거리도 충분합니다.",[]
21.02.26.,5,"처음에 윈도우 설치할때 많은 어려움이 있었으나유튜브나 인터넷 차근차근 찾아서 진행하니 30분만에 완료했네요가격대비 성능 최고라고 생각하고있습니다.처음에 터치패드 등 레노버 홈페이지 들어가서 수동 설치 하여야되고가격대비 제질 성능은 최고입니다. 저는 롤을 하는데 롤을 오래하다보면 발열이 약간 있을 수 있어 노트북으로 게임을 할 시 쿨링패드 위에 올린 후 게임을 하고 있어요.노트북 자체 무게가 가벼워 카페에 들고다니기에 업무하기에도 정말 좋습니다. 코로나가 끝나게 되면 노트북을 들고 카페에 가서 업무 하고 싶어지는 그런 노트북 입니다.300nit 스펙으로 코딩용 노트북으로도 좋고 사무용 노트북으로도 좋은 것 같습니다.사용하다 용량이 부족하면 추가 SATA 슬롯도 있기 때문에 추가적으로 용량을 증설가능하다는 점도 참 좋은 것 같습니다..첫 노트북 구매인데 너무 좋은 노트북을 구매하게 되어 10000000프로 만족하고 있으며, 지인들에게도 추천하고 싶은 노트북 입니다.",[]
21.01.08.,5,"웬만한 fps 게임도 문제없이 잘 돌아가는 성능에 무게도 가벼우면서 메탈바디로 견고하고 마감도 깔끔합니다. 고속충전도 지원하면서 완충 시 외부에서 긴 시간 사용이 가능하니 전체적으로 굉장히 만족스럽게 사용 중입니다. 직업 특성상 외부에서 코딩작업을 할 때가 있는데 자택과 외부에서의 작업환경을 통일할 수 있어서 무척 좋은 거 같아요.그리고 한가지 굉장히 인상적인 부분이 있었는데, 상품 설명란에 그렇게 강조되어 있진 않지만 지문인식 기능이 대단합니다. 해당 모델의 전원 버튼에 탑재된 지문인식센서를 통해 윈도우 로그인을 지문인식으로 등록해 놓고 '전원버튼을 눌러 노트북을 기동'시키면 '전원버튼을 누른 찰나에 지문을 인식'해서 중간과정 없이 바로 로그인이 됩니다. 지문인식도 잘 되고 속도도 순식간이라서 부팅 시 로그인을 아예 신경 쓰지 않고 편리하게 사용하고 있습니다. 구매하시면 꼭 지문인식 기능을 사용해 보세요. 적극 추천합니다.^^",[]
21.02.25.,4,"3월 10일부터 순차 발송이라 맘 편히 기존 노트북을 사용중이었는데...갑자기 배송중 떠서 놀랐네요~ 하루만에 배송되서 오늘 받았구요레노버 슬림5는 디자인 공유 플렛폼이라.. 사양만 틀리고 외형은 똑같네요이상유무 테스트를 위해 윈도우를 설치하려는데....프리도스 제품으로 알고 있는데.... 도스가 설치되어 있지 않습니다.그냥 생 NVME 256G 만 장착되어 있을뿐.....후.... 바이오스에서 BOOT DEVICE 선택이 없습니다.... 에고...당연히 부팅하면 부트 애러 뿜뿜.... 부팅 후 F2 연타~ 시모스 들어가서 시큐리트 부팅만 바꿔주고(DISABLE)시모스 저장 후 재부팅..ESC 누르고 커맨더 창이 나오면WINDOWS USB 장착 후 CTRL + DEL 눌러서 또 재부팅하면 레노버 로고나온 후 설치모드로 들어갑니다.IRST를 미리 레노버지원센터에서 받아 두셔야 합니다.윈도우 설치시 저장장치 검색을 위해 IRST 설치 한후 윈도우는 설치가완료 됩니다.저는 일단 NVME 교체와 SSD 추가 장착을 위해 바로 하판을 열어 추가킷드와함께 모두 교체 했습니다.윈도우 설치 후 모든 드라이버는 수동으로 설치해야 합니다. 레노버 자동셋업... 완전... 안됩니다. ㅡㅡ;;무선랜부터 USB로 옮겨와서 인터넷연결해야 하구요수동 드라이브 설치시... 순서는 칩셋>터치패드,블루투스, 오디오 등 H/W 관련 순서마지막으로 인텔 그래픽드라이버 > NVIDA 드라이버 설치 하시면 됩니다.그리고 마이크로소프트 스토어에 들어가서 인텔 그래픽 컨트롤 제어판 설치 한후색감조정하고 마무리 하시면 됩니다.기존 노트북까지 2대를 뜯고 OS를 두 대 모두 설치 하느라.. 시간이 오래 걸렸네요역시 저가형 제품이라 그런지 장치가 자동으로 잡히는게 거의 없네요 .... ㅎㅎ기존 MSI는 윈도우만 설치해도 장치 따로 잡을게 하나도 없는데.. 자동으로 모두 잡아줘서..이건 좀 어려워 하시는 분들 계실지도 모르겠습니다.제글 보고 도움이 되시면 좋겠네요 저도 레노버 노트북은 처음이라..시간낭비가 좀 있었네요..자 그럼 모두들 생산성있는 시간 되시길 바랍니다.",[]
21.01.13.,4,쓰던 노트북이 갑자기 먹통이 되서 12월 중순부터 노트북 구매하려고 검색햇는데 핫한 르누아르는 그때도 예약중이라 빨라도 2월은 되야 구매가능하길래 기다리다 도저히 안되겟어서 어쩔수없이 타이거레이크로 구매하게됏어요타이거레이크에 대해 평이 너무 안좋아서 꺼렷는데 일단 오늘까지 이틀째 사용중인데 발열도 없고 괜찮아요 게임을 안해서 그런걸수도..외관도 생각보단 심플하니 고급져서 맘에 든데 확실히 두껍긴해요 2센치라ㅜ 한글키판이 넘나 궁서체라 웃겻고요?ㅋㅋ컴알못이라 프리도스는 처음 구매하는데 유투브랑 블로그보면서 햇는데 시간 좀 걸리긴햇지만 설치도 혼자 잘햇어요레노버 첨써보는데 악명높은 as가 좀 걸리긴하지만 잘 산것같아요 가격이 좀 글킨햐서 어쩔수없는 선택이지만 여러모로 만족하고 잘 사용할께요,[]
21.03.01.,5,늘 데스크 탑만 사용하다가 휴대성이 필요해서 노트북을 구입하게 되었습니다. 비싼 노트북을 구입하긴 어렵고 가성비가 뛰어난 제품에 평소에 동영상 작업도 필요했기에 여러 제품을 비교해보았습니다. 사람마다 다르겠지만 제 판단으로는 레노버의 아이디어패드가 가장 괜찮다고 판단하였습니다. 인텔 i5프로세서에 외장 그래픽카드가 장착 되어있고 ssd256g에 확장이 가능하다는게 매력적이였습니다. 램도 처음엔 8g로 주문하려고 했으나 때마침 옥션의 할인행사로 16g를 기존의 8g보다 저렴하게 구입 할수 있었습니다. 제품도 빠르게 배송이 되었구요.FreeDos제품이라 윈도우를 직접 설치하였지만 안내해주신대로 설치하니 문제없이 설치할 수 있었습니다.사용채감은 아직 첫날이라 확실하진 않지만 오피스 등 프로그램을 설치 하면서 느낀 속도는 아주 좋았습니다. 동영상 프로그램을 아직 돌려보진 않았지만 다른 후기등을 보면 문제없이 돌아간다고 하더군요. 제가 이제품을 선택한 가장 큰 이유이기도 하구요.좋은 제품을 저렴하게 구입하게 되어서 너무 좋네요.잘 사용하겠습니다.,[]
21.02.16.,5,"디지털빅세일 기회를 이용하여할인된 가격으로 2월 15일에 구입하게 되었습니다. 구매 바로 다음날 오전에 노트북이 도착하여 상당히 놀랐습니다.. 정말 감사합니다프리도스 제품이라 평소와 같이 윈도우 설치파일만 담긴 USB로 설치하려했는데 진행이 되지 않았습니다. 구매처 설명란에 올려져있는 블로그에 가서 설명을 참고하여 꼭 이 기종의 드라이버 파일도 USB에 담아 부팅해야합니다.보통 다른 노트북들은 윈도우 설치과정에서 팬소음이 매우 크게 들리나, 이 노트북은 정말 조용하게 돌아가는것을 확인할 수 있었습니다. 또한 MX450외장그래픽 덕에 간단한 공학프로그램(Auto Cad 등)을 사용하는데 문제없었습니다.얇고 가볍고 팬소음도 심하지 않으면서 어느정도 준수한 성능의 외장그래픽이 달린 모델을 찾으신다면 이 제품을 추천드립니다",[]
21.01.13.,5,오랫만에 노트북을 구매했어요. 새로운걸 살때는 기분이 좋아요...ㅎㅎ제품을 받아보고 윈도우를 까는데 하드가 인식을 안해서 순간 놀랐으나설명이 되어 있어서 쉽게 설치할수 있었어요.잠깐 사용해보고 느낀 장단점은....장점1. 생각보다 디자인이 깔끔하고 이뻐요.2. 베젤이 얇아서 작업및 시청 몰입감이 좋아요.3. PD 충전이 지원되서 활용성이 무척 좋아요.4. 충전기가 작아서 휴대성이 좋아요.(요즘은 다 작게 나오는듯)5. 외장그래픽이 있어서 왠만한 동영상 작업도 가능해요.6. 스피커가 위쪽으로 나와 있어서 음질이 나름 괜찮아요.7. 전에 쓰던 노트북에 비해 바닥 밀착성이 좋아 절대 안밀려요..8. 숫자키패드가 있어서 작업성이 좋아요.등등...단점1. 키보드감은 괜찮은데 방향키가 4개가 일자로 배열되어 좀 불편하고 한글각인이 개인적으로 안이뻐요.2. 통풍구가 바닥밖에 없어서 열배출이 약간 걱정이 되요.3. 확장성은 문안하지만 usb포트가 한두개정도 더 있었으면 좋았을듯 해요. (개인적으로 usb를 많이 써서 ㅎㅎ)이 정도구요.. 나머지는 가성비 좋은듯해요..지극히 개인적으로 느낀점을 적어 보았어요..^^,[]
21.03.03.,5,"예상했던대로 가성비 최고입니다.
에이수스 게이밍노트북으로 주문했다가 취소하고 이거로 다시 주문했어요.일반적인 PC사용용도 외 게임도 하고싶고 무게는 좀 적으면서 와이파이6 나 PD충전도 되고, 모든걸 적절히 받쳐주는 노트북을 찾다가 이걸 득템하게 되었네요.
4월 10 일이후 배송이라 해서 고민을 많이 했는데 다행히 오늘 받게 되어 감동의 물결입니다~~
외장그래픽 장착으로 웬만한게임 다 잘 돌아갑니다.
윈도우 깔때 SSD 인식을못해 잠깐 당황했는데 블로그보고 그대로 하니까 문제 없이 빠르게 설치되었어요.
노트북의 본좌 라고 생각됩니다.
뭐 빠지는게 없이 완벽해요.
저에겐 최고의 선물입니다.
사업 번창하시길 빌어요.",[]
21.02.26.,5,"램 8기가, 16기가 총 2대 구입했는데16기가는 바로 받았고8기가는 3월 배송 예정이라고 하셨는데주문하고 며칠후 받았습니다비슷한 스펙 씽크북이 가격 더 저렴한데외장그래픽, 디스플레이 차이 더라구요디자인은 씽크북이 한참 안된다고 봐요슬림5 그레이 색상 진짜 이쁩니다씽크북은 전부 메탈인거 같고슬림5 겉 상판만 메탈이고 키보드부터 플라스틱인데저렴한티 안나고 이쁩니다우레탄 느낌나는 플라스틱이라고 할까요제가 ASUS 르누아르 비보북도 사용하고 있는데르누아르보다 씨네벤치 CPU 점수가슬림5 16기가 모델이 더 높습니다8기가는 아직 측정 안해봤구요디자인도 비보북 전부 상판 화이트에 다른 부분전부 메탈이라 슬림5 받기전에는 비보북이디자인 이쁘다 생각했는데슬림5 받고 개봉해보니 비보북 보다 작으면서화면 크기는 같고 슬림5 그레이 진짜 디자인넘 예쁩니다MX450 외장그래픽으로 팬 소음 조금 있는게 단점이고 고주파 지지직 소리 없고 nvme 삼성이라 소음없음",[]
21.02.25.,5,저렴한 가격에 기능 좋은 노트북 구매했습니다. 설치하는데 인식 오류는 있었지만 홈페이지 설명이 잘되어 있어서 문제없이 설치 완료 했습니다. i5 인텔 11세대에 MX450 외장 그래픽으로 가벼운 3D돌리기 적당합니다. 매우 맘에 드는건 지문인식과 추가로 달수 있는 SATA슬롯 입니다. 이동성이 많이 없어 남은 하드디스크 사용하기 딱 좋습니다. 디스플레이 밝기는 제가 가진 레노버 다른 노트북 보다는 조금 어두운 것 같은데 사용하는데 전혀 문제는 없습니다 .색상과 디자인도 마음에 드네요. 발열은 생각보다 없고 조용합니다. 무게는 적당하다고 생각합니다. 무겁지도 않고 가볍지도 않고 그램이랑 이온 정도로 들고다닐만 합니다. 사무용이나 대학생 사용하기에 매우 좋습니다. 결론은 가성비 노트북입니다. 추천합니다.,[]
21.02.17.,5,디자인 -심플하고 싼티안나는 그레이색 매우만족성능 - 최고성능 모드에서게임안할때는 발열없고 매우조용게임할때는 미지근한정도에 팬소리 안거슬릴정도 발열심하다고 해서 걱정했는데 괜한걱정이였음.패널 - ntsc45% 별로다 얘기 많은데 아무 문제 없었음다만 빨간색이 약간 주황빛이 감도는건 있었는데 신경쓰일정도는 아니였음 솔직히 신경안쓰임 밝기는 최고밝기해봤는데 눈아파서 밝기낮춰서 사용중무게 - 무겁지도 가볍지도 않은 딱 들고다닐정도의 무게 만족함업무용이나 대학교과제용 노트북이 필요하면서 가끔 게임도 하실분들에게는 최고의 가성비 노트북입니다추천드려요참고로 배송도 주문한후 익일날 바로 와서 매우 만족!!!,[]
21.03.09.,5,"예상 외로 일찍 와서 프리도스인 이 제품을 컴알못인 제가 셋팅하게 되었네요 ~ 저희집 컴퓨터 전문가가 부재 중인 상황이라 왜관 깔끔하고 군더더기 없습니다 윈도 설치는 처음엔 안 깔려서 ㅜ 제가 부팅usb 잘못 만든 줄 알았네요 저희집 컴 전문가한테 전화해서 쉽다더니 이게 뭐냐며 화내고 단 뒤 usb 빼고 컴 끌려니까 인식을 하더라구요 헐 ,~ 결론은 제 손으로 컴이 작동하게 했어요 ~~ 이번주에 집에 돌아온 집 컴 전문가(?) 는 저의 가성비 노트북 고른 가격에 놀라더군요 ^^ 으쓱 ^^ 65만원에 조금의 가다림 ~~뒤 생각 외의 빠른 배송의 반가움 ~ 만족스런 쇼핑이었어요 가볍기는 뭐 그램에 비할 바 못 되지만 두 아이들 방에서 왔다갔다 옮겨져서 수업 잘 하고 있습니다",[]
21.03.04.,5,스마일 빅세일 할인가 받고 삼성카드 할인까지 받아서 67만원에 구매했어요 정말 가성비가 엄청나죠 거의 브랜드 노트북의 반 가격에 샀어요 제 친구들보다 돈 반밖에 안썼네요전 게임은 안하지만 그렇다고 비슷한 가격에 좋은 사양노트북이 있는데 인강용 노트북은 사기 싫었어요 빠르고 좋네요 ^^ 한 열흘정도 배송이 걸린것 같아요 그런데 다른 분들 얘기도 그렇고 블로그에 나와있는대로 해도 윈도우설치가 안되더라구요 하루 다 날리고 결국엔 아빠찬스 썼습니다...^^ 컴맹인저는 도대체 뭐가 문제인지도 몰랐는데 아빠지인분이 바로 설 치를 해주셨다는... 저는 아직도 왜그런건지 모릅니다ㅜㅜ 싸강용으로 샀는데 대학교 다니면서 잘쓰겠습니다 디자인이 고급스럽고 세련되서 너무 예뻐요,[]
21.02.07.,5,"살면서 처음으로 구매후기 작성합니다. 사용한지 보름이 조금 넘었는데 너무 만족하면서 쓰고있습니다. 외장그래픽을 비롯한 성능과 무게, 그 외에도 노트북 구매를 고민하시는 분들의 기준치를 이 가격에 만족시키는 제품은 레노버가 유일한것같습니다. 배송도 이게 왜 벌써왔지 싶을정도로 빨랐구요
롤,피파,오버워치 원활하게 돌아가고 발열이슈가 있었던거에 비해 실제 사용시애는 거의 없습니다
큰맘먹고 구매한 제품이라 걱정이 많았는데 상당히 만족스럽네요
사무용이지만 게임도 하고싶고 그렇지만 무겁지 않았으면 좋겠고 팬소음과 발열도 문제 없으면서 가격도 저렴하길 바라는 분들에게 꿈의 노트북이 출시된게 아닐까 싶습니다",[]
21.01.06.,5,10년만에 노트북을 교환했습니다100만원 미만으로 많은 제품 알아봤고 PD충전에 외장그래픽 카드 그리고 인텔 11세대라 구매했습니다동일한 성능의 14인치 제품에 16기가 램이 끌리긴 했습니다만 15.6인치와 업무상 꼭 필요한 숫자키가 있어서 선택했는데 잘 한 것 같습니다디자인과 색상도 깔끔하게 나왔고 신형이라 그런지 15.6인치이지만 베젤이 얇아서 실제 체감은 훨씬 작네요14인치 했으면 개인적으로는 후회 할 뻔 했습니다속도도 빠르고 사무용으로는 차고 넘치는 수준이고 롤 정도는 우습네요 오버워치도 무난하게 돌아갑니다생각보다 발열이나 소음도 적구요작년 연말에 행사중 구입해서 할인에 적립 포함하니 76만원 선에 구입했는데 가성비 오지네요다양도로 사용하기에 좋고 가성비로도 추천드려요,[]
21.01.15.,5,"아버지께서 거의 10년정도 사용하시던 노트북을 바꾸고 싶다고 하셔서여러가지 다양한 노트북들을 알아봤습니다. 브랜드 노트북은 성능은 좋지만 가격이 비싸서 망설여지더라구요.그러던 중에 이 노트북을 알게 되었습니다. 레노버라는 브랜드는 알고 있었지만 사실 절대적으로 신뢰가 가는 브랜드는 아니었는데요 이번에 노트북을 구매하고 아버지께서 너무 만족해 하시는 모습에 기뻤습니다.같은 성능의 브랜드 노트북을 사려면 꽤 큰 비용이 지출되어야했을텐데요, 가성비 좋은 노트북을 구매한것 같아 기쁘네요. 그리고 아버지가 노트북으로 보다 수월하게 작업하실걸 생각하니 좋구요.카메라 프라이버시 기능, 지문 인식 기능 등 유용한 기능이 있어서 좋고요, 화면 베젤이나 자판이 투박하다는 의견도 있지만 제가 보기에는 괜찮았습니다. 윈도우 설치 할 때 드라이버 설정을 상세페이지에 나와있는 블로그 보고 잘 하셔야되구요. 참고로 랜선 포트가 없기 때문에 처음에 레노버 드라이버 설치하실 때 다른 컴퓨터에서 다운로드 받으셔서 무선랜포트 드라이버 설치하시면 됩니다.오랜만에 아버지가 좋은 노트북을 구매하신 것 같아 제가 다 기쁘네요 감사합니다.",[]
21.02.25.,5,모든 브랜드의 노트북을 꼼꼼히 비교해보고 결정한게 이 아이인데 사실 사양은 저에게 차고 넘쳐요 ㅎㅎㅎ 근데 가장 결정력을 좌우한건 디자인이었어요.. 슬림3 사양만으로도 충분하지만 디자인을 포기하기가... ㅠㅠ 근데 때마침 빅세일까지 겹쳐가지고 나름 저렴한 가격에 득템했습니다~ 컴알못이라 네트워크 잡는것부터 드라이브설치하는것등등 누워서 떡먹는 정도는 아니었지만 어찌어찌 하다보니 다 켜지고 돌아가고 소리도 나고 하네요 ㅎㅎ 전체적으로 매우매우 만족스러워요~ 빅세일덕분에 가격이 아름다워서 더 만족스러운것도 큰거 같구요... 삼성 엘지가 아니라 많이 망설였는데 제 기우였나봐요~ 레노버? 충분히 추천할만합니다.. 제눈엔 이온 그램보다 더 예뻐보여요.. 원체 이런그레이색을 좋아해서..^^ 쨌든.. 매우 만족스러운 구매 하게되서 판매자분께도 감사드려요~^^,[]
21.02.17.,5,"기존 I5 8세대 LG 그램, I7 8세대 ASUS 비보북 쓰다가 넘어왔습니다. 사람들이 라이젠, 라이젠 하지만 그건 어디까지 저렴한 가격, 저전력이 장점이라서 이렇게 외장그래픽이 달린다면 이야기가 달라집니다.내장그래픽과 MX450은 게임에서 실 성능 두배정도 차이납니다.장점: 15인치, 풀키보드(숫자키 포함), 1135G7+MX450 중에서도 제일 괜찮은 GDDR6 25w, 적당한 무게, PD충전, 16g 램이라 5년이상 쓸 수 있을 것 같음단점: 액정 색재현력액정은 그램이랑 비교해보면 확실히 빨간색 표현력은 부족하지만 못봐줄 정도는 아니고 옆에서 다른거 놓고 일부러 비교하지 않는 한 큰 문제는 없다고 생각합니다.참고로 동급 삼성이나 엘지면 이거 1.5~2배 가격입니다.",[]
21.01.20.,4,윈도우 설치할때 진짜 애먹었습니다.ㅠ 우선 배송은 엄청 빨리왔구요 하루만에 왔어요장단점 말하자면 장점은 다른분들이 많이 하셨으니 단점만 적을게요1.키보드 방향키가 진짜 불편하네요;;2.디스플레이 밝기 다른분들은 뭐 괜찮다고 하시든데생각보다 그렇게 밝지는 않구요 야외에서 사용하면 불편할거 같네요3.디스프레이 화질 그..다른건 모르겠는데 빨간색이 약간 다홍색 처럼보여요;; 제가 딱 동영상 보자마자 느껴질 정도였습니다 디스플레이 민감하신분들은 진짜 고민하셔야 할듯요..4.키보브 레이아웃으 좀 넓은거 같아서 오타율이 있네요 이건 개인적인 생각입니다우선 어제 하루 느낀점이고요 삼성 이온이랑 진짜고민했는데 단점극복하는건 역시 가격이네요 생각보다 그렇게 안무거워서 남자들은 충분히 쓸듯요(그냥 두꺼운 책한권 드는느낌) a/s는 포기해야한다해서 기냥 고장안나고 쭉 썼으면 솧겠습니다 ㅠ,[]
21.02.20.,5,"최고의 가성비 노트북입니다. 대학교를 입학했을 때 산 삼성 노트북으로 10년을 버텼습니다. 사실 전 우리가 하루종일 사용하고 많은 기능이 들어가 있는 스마트폰이 비싼 건 이해했지만, 가끔씩 사용하고 예전보다 활용도가 줄어든 노트북에 돈을 쓰는 게 매우 아까웠습니다. 그런데 이 노트북은 매우 합리적인 가격에 뛰어난 성능을 갖고 있어 돈이 전혀 아깝지 않습니다. 오히려 이 가격에 이런 제품을 살 수 있다는 게 감사합니다. mx450이 달려있어 피파온라인, 롤은 충분히 돌아갑니다. 램도 업그레이드해서 16g 제품이라 기기에 무리가 가지 않네요. 디자인도 매우 깔끔하고 세련됐습니다. 15인치 제품이지만 무게도 무겁지 않습니다. 10점 만점에 10점인 제품입니다.",[]
21.02.18.,5,"빅스 첫날에 16기가 모델 75만원에 구매하였는데매우 만족스럽습니다.이전에도 리전 5 사용했었는데 무게가 많이 나가고 같은 인치대비 크기도 커서 휴대용 하나 더 구매했습니다비슷한 사양의 그램 or 이온 mx450 모델과 비교하면 가성비에서는 압도적이고유일하게 액정 품질이 떨어진다는 단점이 있는데전 외부 디스플레이를 주로 사용해서 제 사용환경에서는 문제가 없네요.그램16이야 화면 품질이나 해상도 , 조금 더 큰 크기 등 장점이 있지만이온 mx450은 얘랑 비교해서 비교우위가 거의 없다고 생각됩니다.만듦새도 괜찮네요 상판만 메탈이긴해도 어차피 하판은 외관상 중요치 않고 쿨링만 잘되면 되는 부분이니까요삼엘 살 바에는 슬림5 + 32인치 4k 모니터가 한 차원 높은 사용환경을 제공하는 것 같습니다.물론 삼엘 + 4k 모니터 면 더 좋겟지만 가성비도 조금 생각해야죠 ㅎㅎ",[]
21.01.27.,4,"일단 배송은 엄청 빠릅니다.. 배송은 대만족!!
이 노트북을 구매하면서 라이젠 4800 제품이랑 정말 정말 고민을 많이 했습니다.
하지만 노트북 정도는 4코어 8스레드 면 충분하다고 생각하여 노트북을 구매했습니다
두 번째 이유는 외장 그래픽입니다
충전하면서 간단한 롤 플레이 결과 100~144 프레임 정도 나왔습니다 정말 롤은 쾨적하개 플레이가 가능하더군요
발열은 롤 플레이(연습모드 10분 스킬 난사)
결과 최고 78도 ,최저 45도 확실히 발열이 있습니다 ..
(i5-1135G7 , MX450이라 어느 정도 발열은 예상하셔야 합니다)
롤 플레이 중 팬소음 평균 45dB 정도 들리고요.
웹서핑이나 문서 작성 시는 팬소음 안 들립니다!
(배그는 아직 실험해보지 못했습니다)
세 번째는 무게입니다 이 가격에 15.6인치에 1.67kg에 외장 그래픽까지 있다면 괜찮다고 생각합니다.
네 번째는 디자인입니다 외간 상 정말 잘빠진 모델입니다
슬림한 베젤도 맘에 들고요.
저는 키 패드를 선호하는 편이라 15인치를 선택했고
키 패드를 선호하지 않으신 분들은 14인치 추천드립니다.
키보드는 나름대로 ,, 스페이스바가 조금 작은 거 빼고는 만족합니다..
(지극히 주관적인 실험이며 생각입니다!)
요약
1. i5-1135G7+MX450 조합 짱짱
2. 롤 정도는 정말 잘돌아감.
3. 구매전 발열+팬소음 참고
4. 외간 상 고급스러운 디자인, 괜찮은 무개
5. 키패드 선호 15인치, 키패드 비선호 14인치 +스페이스바 작음
아 참고로 키보드 백 라이트는 fn+ 스페이스바입니다.
저는 처음에 헤매고 있었네요 ㅎㅎㅎ
+배그 훈련장 옵션 타협보고 60프레임 으로 플레이 가능합니다.. 온도 70~80 도 입니다.",[]
21.02.25.,4,레노버 슬림5 유튜브에 많은 유튜버들이 리뷰했는데 라이젠 르누아르가 아닌 인텔 11서대 타이거레이크와 mx450조합 간단한 게임과 간단한 영상편집도 가능 하네요! 3월10 이후 순차 출고라 생각도 안하고 있었는데 갑자기 배송시작? 배송을 받은후 첫느낌 일단 마감과 외관 퀄리티가 엄청 좋네요!지문인식 기능도 엄청 편리하네요! 단점은 ntsc45% 역시 좋은 게이밍 모니터와 비교하면 한참 떨어지긴하지만 이정도면 보급형 노트북에서 적당하다고 생각합니다! 발열은 생각보다 높지 않네요! 다만 게임중일땐 팬소음이 조금 거슬리는점 가격에 비해 좋은 노트북 같네요!요즘 코로나 때문에 온라인으로 하는 화상 수업이나 문서작업을 집에서 많이 하는데 당연히 잘돌아가요!,[]
21.02.16.,5,"노트북 사용할 일이 많아져서 20대 후반에 처음 구매하랴고하는데 가성비로 구매하고싶어서 한달정도 고민을 많이 했습니다.저는 컴퓨터에 대해 잘 모르기도 하고, 주로 동영상 보고 서칭하는 정도로만 사용할 예정이지만 하루라도 오래쓰고 싶은 마음에 최신노트북을 구매하고 싶었습니다.그래서 저의 기준은 세가지였는데 이 세가지를 다 충족하고 가격도 빅스마일클럽으로 저렴하게 세일해서 고민없이 바로 겟 했습니다.잘 모르지만 램도 넉넉하게 좋은거같아서 16기가로 변경해서 구매했는데 램슬롯이 없어서 처음부터 큰걸로 구매하길 잘했다는 생각이 듭니다. 깔쌈하니 좋아요^^ 1. 최신노트북2. 가벼울 것(이 노트북은 깃털처럼 가볍진않지만 얇아서 들고다닐만한 정도입니다. )3. 가격",[]
21.01.27.,5,"자녀 학습용 노트북으로 몇날몇일을 비교하다가 최종적으로 구매하게된 ""아이디어패드 SLIM5-15ITL Premiere i5""
우선 배송이 엄청 빨랐습니다.
결제하자말자 배송시작 메세지가 오더니 다음날 받았습니다.(후기쓰려고 접속하니 예약판매로 바뀌어 2월말에나 받을수 있는거보니 사길 잘한거 같네요^^)
박스 개봉하고 미리 준비해둔 윈도우 USB와 함께 상세페이지의 설치방법에 따라 하니까 별 문제없이 쉽게 설치가 되었습니다.
설치 후 윈도우 업데이트 시 소음이 심해 걱정이 됐는데 설치 완료하고나니 너무나 조용하고 발열도 거의 없네요. (인터넷보면 소음, 발열 이 심하다는 얘기가 좀 있는데 걱정할 필요가 없습니다. )
아무튼 프로그램들을 하나하나씩 다 설치하고나니 노트북이 더 좋아보이네요~
삼성노트북만 써보다가 처음으로 레노버 구매했는데 성능, 디자인 좋고 가볍고 슬림해서 대만족입니다!",[]
21.01.18.,5,"배송 미쳤다 시킨 지 이틀만에 오네요 예전에 레노버 게이밍 노트북 쓰고 만족스러웠어요 대신 게이밍인지라 많이 무거웠어서 이번엔 사양 좋고 가격이랑 무게 가벼운 노트북 찾았습니다 윈도우 탑제 안 된 제품을 시켜 터치패드 오류로 애먹었는데 레노버 홈페이지 설명서 보면서 드라이브 하나하나 다운 받으면 금방이더라고요 제가 쓰면서 느낀 1. 사양 좋다 (가벼운 게임, 포토샵, 영상 편집도 가능) 2. 가격이 싸다 (용량 업그레이드 해도 120 안) 3. 레노버 서비스 만족 4. 사양 좋고 게임 잘 되는 노트북치고 얇고 가볍다 1. 레노버만의 드라이브 설치로 처음에 애먹음 2. 화면 선명도 아주 살짝 부족하지만 그래도 괜찮음 아직까진 별로 못 느꼈네요 정말 가성비 노트북 강추합니다",[]
21.03.03.,5,"기존15인치 노트북보다 가볍고 좋네요. 1654g으로 나오네요. 디자인도 맘에 들어요.부팅도 빠르고 포토샵도 잘 구동되고 속도도 빠르네요.가성비 노트북중에 최고인거 같아요. 강력추천합니다. 그리고 처음 윈도우 설치할때 저장소가 보이지 않아서 당황했는데 상세에 나와있는 링크타고 가서 따라해서 쉽게 설치했네요.윈도우10 설치하고 여러가지 드라이버가 설치가 안되어 있어 레노버 사이트에서 자동드라이버 업데이트로 설치했는데장치관리자에서 2가지가 알 수없는 장치로 뜨는데 레노버 사이트에서 2가지 파일 다운받아서 해결했어요.(레노버 VPC2004 -> Energy Management 설치, 레노버 LHK2019 -> Fn and Function Keys 설치)",[]
21.02.28.,5,"아들 고등학교 입학선물로 적정한 노트북을 몇일간 고민하다가 삼성과 레노버 슬림5로 압축하여 비교 결과, 결국 가성비를 고려하여 슬림5로 결정하였습니다. 씽크패드는 제가 계속 사용하던 터라 레노버의 디자인과 성능은 의심의 여지가 없으나, 지마켓에서 워낙 저렴하게 프로모션을 해서, 혹시나 하는 의심이 들어 구매를 결정하는데 많은 시간을 소비하였습니다. 물건을 받고 괜한 고민이었다는 생각이 들 정도로 최고의 가성비를 보여주고 있습니다. 다만 키감은 역시 씽크패드를 따라오기에는 약간 무리가 있으며 중량이 약간 무겁다는 부분을 제외하고는 디자인, 성능, 모두 대만족입니다.",[]
21.02.17.,5,"일단 7년만에 바꾸는 노트북입니다.빅스 할인으로 75만원이라는 정말 합리적인 가격으로 구매할 수 있었네요ㅎㅎ지금 막 윈도우 깔고 한두개씩 테스트 해보는 중인데 속도도 정말 빠르고 성능 좋습니다! 이전에 1.85kg 노트북 썼었는데 무게는 눈에 띄게 가벼워지지는 않았지만 충분히 휴대 가능합니다.그리고 Lenovo Vantage라는 앱이 있는데 내 컴퓨터를 관리해주는 좋은 프로그램입니다. 소프트웨어도 이거 덕분에 주기적으로 업데이트 가능할 것 같아요~15인치 화면에 외장그래픽 달리고 최신 cpu, 무게도 괜춘한 가성비 최고의 노트북이라고 생각합니다.",[]
21.03.05.,5,제가 쓰려고 첫 번째로 구매했었고 이번에는 생일선물로 주려고 두 번째 구매했어요^^ 제가 쓰고 있는 첫 번째 노트북을 구매하기 전 제가 사야겠다고 마음먹은 노트북 중 윈도우랑 기본 프로그램을 깔아주는 무료배송 최저가는 여기였어요~ 문의하니까 답변도 빠르고 제가 사용할 용도에 맞게 좀 더 저렴한 노트북을 추천해주셨어요~ 판매자라면 좀 더 비싼 걸 팔텐데 말이죠ㅋㅋㅋ노트북을 사고 난 뒤에도 제가 잘못 사용하거나 궁금한 걸 물어봤을 때 톡으로 전화로 원격지원으로 도와주셨어요ㅠ ㅠ 잘못 사용했을 때도 고쳐주면 된다고 이것저것 만져보고 고장내봐야 노트북을 만지는 능력이 는다고 말씀해주셔서 컴알못의 마음(?)을 잘 이해해주신다는 생각이 들었어요ㅋㅋㅋ이번에도 선물받을 사람의 용도에 맞춰 추천해주셨어요~ 주위에서 노트북 산다고 하면 여기를 추천해주고 있어요! 비싼 삼성 등 노트북 사지 말고 여기서 가성비 노트북 사세요 : ),['https://phinf.pstatic.net/checkout/20210305_217/1614898332801NezGI_JPEG/review-attachment-42e41e60-f4bf-48fc-90f7-595a7fa55dba.jpeg?type=f287']
21.02.28.,5,"결혼한때 장만했던 10년된 컴퓨터가 이제 완전히 멈춰버려서 컴퓨터를 장만하려고 이리저리 뒤지다가 주변의 많은 분들의 의견과 권유로 노트북으로 하기로 결정했네요쫌 싼걸로 30만원대 노트북이 있길래 그걸로 살려다가 이왕에 사는거 한번사면 오래쓸것 같아서 이걸로 구매 했습니다.노트북은 딱히 써본적이 없어서 괜찮을까...싶었는데, 오~이런대박 빠름에 감탄했네요남편이 윈도우10 설치하고 자랑스럽게(?) ㅋㅋㅋ 인터넷되는거랑 이것저것 보여주는데, 완전 빨라서 넘 좋아요..돈쫌더주고 좋은거 사길 정말 잘한것 같아요.",[]
21.01.20.,5,"제가 2018 8월쯤 처음으로 맥북에 이어, 윈도우체제 노트북은 레노버를 처음 구매했었는데요, 그 당시 샀던 모델이 아이디어패드 330s 14인치 모델이었습니다. 그리고 현재까지 한 2년 반정도 쓴것 같은데요~그 당시 구매할 때 삼성이나 lg노트북은 레노버와 동일한 사양이었음에도 가격차이가 많게는 3배이상 차이나는 것을 보고최대한 돈을 아끼고자 반신반의 하는 마음으로 레노버를 샀었습니다.ㅎㅎ.. 그때도 인터넷 구매였구요..그런데 왠일, 생각했던 것보다 노트북이 너무 괜찮았습니다. 그 당시 살 때는 문서작업과 간단한 영상 작업, 웹서핑이 전부였기 때문에330s의 사양으로도 충분히 만족하고 쓰고있었는데요~ 이번에 포토샵으로 그래픽 작업 할일들이 많이 생겼고, 저도 노트북으로 작업을많이 하다보니 새로 노트북을 구매해야겠다 싶어 밤을 새서 알아보았습니다. 사실 처음에는 삼성플렉스2, 이온2 쪽으로 알아보고 있었는데유튜브에 노트북 전문으로 리뷰해주시는 분의 영상을 보고서, 좋은 노트북 고르는 법을 알게 되었습니다. 정말로 노트북을 잘 아시는 분들은 국산 노트북은 잘 안산다고 하시더라구요. 가격대비 가성비가 너무 안좋아서 ㅎㅎ..저는 이번에 노트북 사면서 다른것 보다 외장 그래픽 카드를 중점적으로 봣는데 구매하고 싶던게 mx450이었습니다.그리고 매일 들고 다니기 때문에 휴대성이 좋은 노트북을 찾고있었는데, 이온2와 레노버 아이디어패드15인치 저울질하다가결국 이 노트북으로 결정하고서 주말에 구매를 했습니다 ㅎㅎ..배송 월요일에 출발해서 화요일에 도착했으니까 빨리 왔구요.다들 인터넷으로 노트북 구매하실 때 배송문제 걱정하실텐데, 일단 레노버 박스 자체가 포장이 너무 잘되었습니다.그리고 판매자님께서 뾱뽁이로 잘 감싸줘서 정말 배송기사가 집어던지지 않는한 크게 문제 되진 않을것 같습니다.레노버는 프리도스 모델이라서 윈도우10 설치하는데 시간을 좀 잡아먹었네요ㅠ그래도 윈도우 있는 모델이랑 가격차이가 10만원 넘게 차이나니까 프리도스가 나은것 같아요 ㅎㅎ..판매자님께서 직접 안내문도 동봉해주셔서 도움 많이 됐습니다. 인텔 11세대 cpu / 외장 그래픽 mx450 / 램16g(추가함) / ssd512g(추가)키보드 스킨까지 총 구입비 1,072,340원 들었네요. 이정도 사양에 이 가격이면 정말 대박 아닌가요? ㅎㅎ 어쩌다보니 또 레노버를 쓰게 됐는데요~두번째 사용하는 레노버 유저로서 추천합니당!!",[]
21.02.28.,4,성명: 배정석폰: 010-8741-4960주문번호 : 3452428790주소: 경기도 남양주시 진접읍 양진로 1020번길31 궁의문a 102-303 일단 동급대비 가성비 좋은 제품을 구매한 것 같네요요즘왜 이렇게 비싼지 모르겠어요!!! 가격면에서 좋은 가격으로 구매했어요 디자인은 요즘 트랜드를 따라 슬림하고 가벼운 무게를 구현해서들고 다니때 예전에 들고 다니던 4kg넘던 제품보다 덜 얼굴 팔릴(?) 것 같아요 사양은 잘 모르지만 11세대로 최신 cpu라는 거고 ssd와 메모를 확장할 수 있는 슬롯이 있어추후에 사양 추가로 장기간 사용할 수 있을 것 같아요 배송은 3차 예약 판매로 구매했는데 3월 초순에 배송 될줄 알고 포기(?)하고 있었는데 주문한지 일주일도 안되어 배송이 되었네요 기다림의 고통(?)을 경감해 주셔서 감사합니다.오래 잘 쓰도록 하겠습니다.ps. 구매id가 뭔지 몰라서 주문번호 입력했어요ㅠㅠ;;,[]
21.02.24.,5,"일단 상품이 예상배송일(3/11) 보다 10일이상 빠르게 온 것에 만족합니다. 또한, 기존 노트북이 삼성꺼였는데.. 오래된 것인지 속도 차이가 장난이아니네여. 처음에 드라이버 설치할 때 조금 애먹기는 했지만 알려주신 방법으로 잘 설치해서 사용중입니다.레노버 드라이버를 깔고, 외장그래픽을 작동시켜 게임구동도 해보니 너무 좋습니다. 이런 노트북을 삼성이나 엘지에서 사려면 적어도 120만원 이상은 줘야할것같아요. 성능부터 디자인, 배터리타임 지문인식 모두 만족스럽습니다. 다만 휴대용으로 1.7키로를 들고다니기에는 악간 무리가 잇어보이니, 저처럼 집에서 줌이나 재택근무 하시는 분들이 쓰기에 만족스러울 것이라고 생각합니다. 즇은상품 감사합니다.",[]
21.02.23.,5,"기존 노트북으로 사용하다가 노후되어서 며칠동안 검색한끝에 가성비라는 레노버 슬림5 제품으로 결정했어요! 윈도우 설치해서
직접사용해보니 우선 부팅속도, 절전 전환속도, 인터넷 속도 매우 빠르네요. 그냥 기다릴필요 없이 바로 딱딱 되는 것 같아요 그리고 약간의 게임도 하고 싶은 마음에 외장그래픽 그것도 mx450이 탑재되어 있는 제품을 구매했는데 완전 고사양 게임말고는 다 무난하게 플레이 되는것 같아요. 한마디로 사무용 게임용 둘 다 되는 만능 노트북! 강추입니다.",[]
21.02.23.,5,"기존 노트북으로 사용하다가 노후되어서 며칠동안 검색한끝에 가성비라는 레노버 슬림5 제품으로 결정했어요! 윈도우 설치해서 직접사용해보니 우선 부팅속도, 절전 전환속도, 인터넷 속도 매우 빠르네요. 그냥 기다릴필요 없이 바로 딱딱 되는 것 같아요 그리고 약간의 게임도 하고 싶은 마음에 외장그래픽 그것도 mx450이 탑재되어 있는 제품을 구매했는데 완전 고사양 게임말고는 다 무난하게 플레이 되는것 같아요. 한마디로 사무용 게임용 둘 다 되는 만능 노트북! 강추입니다.",[]
21.03.07.,5,"새학기를 맞아 노트북 구매를 생각하면서..평소에 게임은 하지 않지만 시원시원한 성능이 있었으면 좋겠고 하지만 큰 금액을 들이긴 싫어서 그에 적합한 제품을 찾다가 이 제품을 찾았네요 너무 좋습니다. 11세대 i5인텔CPU에 mx450 그래픽 카드 장착이니 웹 서핑, 영상시청시 날아다니는 느낌이네요. pd 슬롯도 있어서 확장성 좋구요. 배송도 빨랐습니다. 3월 중순쯤에나 오려나 했는데 빨리 받았네요. 100만원 이하 모델로 보는 분들에게 적극 추천합니다.",[]
21.01.04.,5,"10년만에 노트북을 바꾸게 되면서 여러 대기업 노트북과가성비 노트북을 찾는 도중 이 제품을 발견 하게 되었어요주로 영상, 사무 작업, 웹 서핑 이 주목 적이였는데,이 가격 대비 이정도 스펙 찾을 수가 없더라구요 키감도 너무 좋고 무엇보다 막힘 없는 속도에 노트북 할 맛이 나는거 같아요디자인도 메탈 소재 그레이 색이여서 깔끔하고 고급스러워 보입니다.노트북에서 무게도 무시못하는데, 여러 리뷰를 보면서 구매 했던지라그램 보다는 조금 무겁지만 가벼운 편에 속합니다.처음 써보는 레노버 인데, 현명한 소비라고 생각하고 잘 사용할게요 감사합니다!!",[]
21.01.09.,5,3년전 구매한 lg gram을 사용중이다가 최근 재택근무도 늘구아이들 온라인 학습이 늘다보니 노트북 하나를 더 구매할 필요가생겼는데 막상 구입하려고 보니 lg나 삼성 제품의 최신사양은 기본이 100만원을 넘더군요.고민하다 몇달동안 미루고 있었는데 서핑중에 마침 레노버가 눈에 띄더굼요.인텔 11세대라니 헐... 다른 분들 추천글도 읽어보고 주변에도 물어보니 가성비가 엄청 좋은 스펙이어서 구매를 결정했습니다.아이들이 잘몰라서 레노버가 뭐냐고 하기는 했는데 유명한 회사인걸 아는분들은 다 알자나요 ^^잘 쓰겠습니다~~,[]
21.02.18.,5,아이들 학습용으로 노트북이 필요해 알아보던 시기에 좋은조건에 레노버 제품이 있어서 구매했어요.😊마침 카드 프로모션이 있어 스마일 카드로 초대 5만원 청구할인도 받았어요.최신 인텔 11세대로 i5 프로세서를 탑재하고 그래픽카드가 탑재되어있어 그래픽도 굿~!300nit 화면으로 더욱더 밝아보이는것 같아요.Dolby 사운드로 풍부한 스테레오 스피커는 물론 레노버의 장점인 사생활이 보호되는 기능이 탑재된 카메라까지~마음에 드는 기능들이 많은 노트북💻~가성비 최고로 추천해요~👍,[]
21.02.25.,5,오늘 집에 오니 노트북이 뙇~ 3월 10일에 발송된다던 공지와는 다르게 엄청 빨리 와서 기분 좋았어요 ㅋ 엘지와 삼성만 고집하던 제가 레노버를 선택하게 된건 바로 요즘 트렌드인 가성비 때문인데요~ 기대했던대로 아주 잘 돌아가네요~ ㅎ 그리고 기대했던거 이상으로 이쁩니다~ 저는 흰색만 고집하면 놋북을 썼었는데요~ 디자인과 색감이 엄청 이뿌네요~ 키보드 또한 타자감 좋고~ 숫자패드는 쫌 작지만 문서 작업때 아주 편하네요 ㅎ 다음 놋북도 가성비 좋은 레노버로 가야겠습니다 ㅎ,[]
20.12.29.,5,"정갈하게 포장되어 안전하게 도착했어요.프리도스 버전이라 처음엔 많이 버벅댔어요.포털사이트 검색으로 다 해결하고 윈도우설치 마무리 했습니다.베젤이 얇아서 노트북은 작게 보이지만 화면은 크네요.로딩 화면에 레노버라고 확실히 말해주고 있어요.윈도우 부팅시간은 두말 필요없이 빠릅니다.사은품인 정품무선마우스은 문제없이 작동되며,퀵차지 역시 성능이 좋네요.노트북을 10년만에 바꾸는거라 더할나위 없이 좋아요.레노버 명성답게 잘한 선택이였다 생각합니다.",[]
21.02.17.,5,"빅스마일데이에 많은 노트북이 있었지만, mx450와 깔끔한 디자인에 끌려 구매하게 되었습니다. 16G로 여유있게 구매하여 빨리 받을 수 있었고, 윈도우 설치할 때에는 생각보다 팬이 돌아가서 소음이 있었는데 평상시에는 조용합니다. 여기 소개된 블로그대로 윈도우 설치할때 cmd 이용했는데 clean넣으면 에러가 뜨더라고요. 저만 그런건지 몰라 좀 당황스러웠는데, 유튜브 검색해보니 파일 올라와있는게 있어서 그 파일 넣고 드라이브로드 찾아서 윈도우 설치했으니 참고하세요~",[]
21.02.26.,5,제 노트북 산 이후로 만족해서 새로운 버전으로 또 나왔다길래 엄마 노트북으로 스마일 할인받아 두번째 노트북 구매했습니다. ! 역시 좋습니다. 손수 프로그램 설치 하는 것이 조금 어렵긴하지만 좋은 가격에 좋은 제품 구매할 수 있어 좋았습니다. 엄마도 마음에 들어하시네요! 그램처럼 가볍진 않지만 여자도 들고다닐만한 무게입니다. 출장갈때나 카페 갈때 들고다닐만 합니다. :) 베젤도 얇고 화면이 커서 급한 업무 처리할 때도 잘 쓰고 있습니다. 보증기간은 메일로 보내면 구매일자부터로 바꿀 수 있기 때문에 꼭 하는게 좋은것 같습니다.,[]
21.01.17.,5,처음에는 이온2를 구입하려고 하였으나 외장그래픽까지 사용하려하니 가격이 너무 비쌌습니다. 이때 레노버 아이디어패드가 가성비 좋다는 말을 듣고 찾아보니 유명한 제품이길래 바로 구매하였습니다. 결과적으로 매우 만족합니다. 고사양 게임 외장그래픽으로 설정해놓으니 매우 잘 돌아가고 엄청 빠릿합니다. 색은 이거 하나라 아쉽지만 디자인은 나쁘지 않습니다. pd충전 지원에 포트들이 알짜베기로 구성되어 있고 80만원 대에서는 최강 제품이라고 생각합니다. 삼성 엘지말고 첨 사용해 보는데 후회없는 선택이였다고 생각합니다. 구입 추천합니다.,[]
21.01.23.,5,"집에 있던 데스크 탑이 오래되기도 했고 출장갈일이 많은 계속 자산반출 기안 승인받기 귀찮아서 구매했네요ㅋ노트북에 대해 잘 몰라서 구매하기전에 5일동안 검색하고 선택해서 회사 직원한테 물어보니 용도가 간단한 게임, 업무, 서핑이라면 이정도 사양면 충분하고 넘친다고 해서 구매했네요저같이 노트북에 대해 잘모르시는분들 한테 후기가 도움되었음 합니다.1.가격 : 제가 검색했을때 여기 노트플러스 판매자분이 가장 저렴했습니다. 검색하다보면 Slim3모델도 있는데 장단점이 있지만 저는 최신 Slim5 15pre 모델이 가장 좋겠다고 판단했습니다.2.배송 : 엄청빠릅니다. 전날 2시쯤 주문했더니 다음날 배송왔습니다.3.제품 : 저는 윈도우 미설치 제품을 구매했습니다. 윈도우미설치 제품 구매하시는분들 판매사이트에 드라이버 잡는거 설명되어 있습니다. 꼭 시키는대로 하세요ㅋ 드라이버 안잡혀서 윈도우설치 안되는 불량이라고 얘기하시는분들이 많았던걸로 기억나는데 시키는대로 하면 됩니다ㅋㅋㅋ속도가 엄청 빠르고 좋네요.디자인도 엄청 깔끔하고 좋습니다.구매하길 잘했네요. 진심으로 만족합니다.애들 다재우고 혼자 스타 빨무 새벽까지 하다 잤네요ㅋㅋ가성비 최고 노트북 입니다. 판매자님 감사합니다.",[]
21.01.14.,5,코로나로 인해 컴터 관련은 가격이 널뛰고 있고 물량도 딸려서 대기타야 하는 시국에 가성비 좋은 노트북이 빠른 배송으로 받아볼 수 있어서 너무 좋았습니다. 다만 인텔 11세대 CPU가 OS 설치시 인식이 안되는 문제로 설치하는데 번거롭긴 했네요. 그리고 기존에 쓰던 제품이 씽크패드라서 트랙볼? 이게 없는건 좀 아쉽네요. 그외 무게 및 가격대비 사양(특히 MX450)이 좋은 편인것 같습니다. 100만원 이하에서 휴대성과 그래픽이 나름 좋아야 한다면 더할나위 없을것 같습니다.,[]
21.02.16.,5,"구매 하루만에 배송 완료됐습니다. 안전하게 뽁뽁이 잘 포장되어서 도착했고, 상품 설명에 써져있는 대로 윈도우 설치하니까 잘 작동합니다. Lenovo Vantage를 설치하면 손 쉽게 드라이버가 자동으로 설치되어서 초기 설정도 매우 간단했습니다. 웹 서핑 및 문서작업 시에는 소음도 독서실에서 써도 될 정도로 조용하고, 외장그래픽도 달려있으니 다른 작업도 원활하게 가능할 것으로 보입니다. 저렴한 가격에 성능이 좋은 노트북이라고 할 수 있습니다.",[]
21.01.07.,5,전 노트북으로 갤럭시북 이온을 쓰다가 좀 더 고사양 노트북이 필요해서 바꾸게 되었는데 무게 크기 디자인까지 만족스럽네요.가격이 좀 저렴하게 나와서 큰 기대 안했는데 정말 가성비 좋은거같아요.그리고 충전기 크기도 중요하게 생각 하는데 생각한 크기만해서 만족스럽습니다(사진 첨부)그래픽 성능도 확실히 mx250을 쓰다 이번 아이디어패드 mx450을 써보니 체감될 만큼 성능향상이 많이 된거같아요.배터리는 하루밖에 안써봤는데 하루쓰는동안은 부족하지 않게 사용했습니다물리적으로 전면카메라 막을 수 있는건 정말 좋은 기능인거같아요 ~~,[]
21.01.21.,5,구매후 배송빠르게 도착했습니다. 기전에도 레노버아이디어노트북구매해서 6년정도 무리없이 잘 사용해서 이번에 새로구입하는 노트북도 고민없이 레노버 노트북 으로 구매했습니다. 제품 배송도 파손염려없이 잘포장되어 왔고 프리도스형으로 구매했는대 상품설명해주신데로 윈도우 설치하니까 초보자도 쉽게 설치할수있겠어요. 기존노트북과 같은 15인치로했는데 크기도 작아지고 슬림해져서 가지고 다니기도 편합니다. 이가격에 성능우수한 제품사게되어 좋으네요~^^ 가성비로는 제일좋은거 같아요~ 저는 게임은 하지않지만 그래픽작업을하는 직업이라 i7도 고민했는데 무리없이 그래픽프로그램도 잘실행됩니다. 노트북 잘산거 같아요. 잘쓰겠습니다.,[]
21.02.20.,5,"회사에서 사무용으로 사용하려고 구매하였고 유튭 추천에서 피파,롤,배그등 각종 게임 테스트 및 성능테스트에서 높은 점수가 나와서 구매후 성능 테스트 해보니 똑같이 나오네요 ! 역시 소문대로 착한가격에 성능 또한 좋네요 ! 회사에서 사용할 고 사양 프로그램들 역시 끊김 없이 잘 돌아갑니다. 택배도 첨부사진과 같이 흔들림 없이 고정시켜서 도착했으며, 설명서도 잘되어 있어서 사용하기 편했습니다. 주변에 노트북 산다고 하면 무조건 추천 할것 같습니다. 최고입니다 ! 굳굳!",[]
21.01.09.,5,"5년전에 삼성아티브북 첫노트북으로 사용하다가 노후되어서 며칠동안 검색한끝에 레노버 슬림5 제품으로 결정했어요!컴퓨터는 잘 몰라서 비교하고 결정하는데 정말 힘들었네요 ㅠㅠ우선 주문한 바로 다음날 도착해서 배송 매우 만족했구요 배송 상태도 튼튼하고 안전하게 잘 가져다 주셨어요윈도우 설치해서 직접사용해보니 우선 부팅속도, 절전 전환속도, 인터넷 속도 매우 빠릅니다그냥 기다릴필요 없이 바로 딱딱 되는 것 같아요그리고 다른 제품들과 다르게 내장그래픽이 아니라 외장그래픽 그것도 mx450제품이 탑재되어 있어서 완전 고사양 게임말고는 다 무난하게 플레이 될 것 같아요한마디로 사무용 게임용 둘다되는 만능 노트북!르누아르 씨피유 노트북이 거의다 품절인 지금 이 노트북이 최고의 선택이 될거 같습니다 강추!",[]
21.02.25.,5,3월 예상했는데 생각지도 않게 오늘 배송받았네요컴맹인지라 윈도우 설치하는데 약간 애먹었지만 유튜브나 판매사이트에 첨부된 블로그의 도움으로 그래도 잘 설치했어요^^정품인증을 받아야 하는데...일단 색감은 좀 건조한 느낌이예요.키감도 많은 분들이 얘기했듯이 조금 아쉽지만 일반적인 수준이라 생각됩니다.성능은 와~사무실pc에 비해 그냥 날아다니네요^^아이 입학선물로 빅스마일에 저렴하게 구매하게 되어 매우 만족합니다.전세계적으로 판매1위 회사라 들었는데 가성비로 이만한 제품 국내브랜드로 100만원이 훌쩍 넘어가는데 2/3가격으로 구매하게되어 매우 만족합니다!,[]
21.01.23.,5,"솔직히 삼성제품과 이 제품을 두고 긴 갈들과 고민을하다가
상품평을 보고 구매를 결심했네요.
어차피 구매하는거 사양도 좀 꼼꼼하게 따져봤는데
이 정도 스펙에 이 가격은 환상입니다.
처음 설명대로 USB에 프로그램 준비하고 설치를 했는데
아주 쉽게 되네요.
하시기전에 꼭 사이트 참고하세요.
설치속도도 빠르고 설치 후 와 ... 가성비 이 정도면 대박 .
모쪼록 딸내미 커피쏟지말고 술먹고 떨어뜨리지말고
오래 사용해줘 ... .
추천합니다.",[]
21.01.20.,4,1월17일 저녁때 주문했는데 1월19일 오후에 받았습니다.애들이 겨울방학이라서 노트북 구매를 알아보다가 조카가 레노버제품을추천해줬어 구매결정했습니다...아직까지는 3일정도밖에 지나지 않아지만 일단 외형상은 만족하고 더 중요한것은 이가격으로 이정도 스펙제품은 타 브랜드는 없을듯합니다.다만 아쉬운점은 인테넷 유선 연결코드가 없다는것이 좀 아쉽네요.그래도 제품 자체는 정말 만족하고 지금까지는 사용중입니다...사업 번창하세요^^,[]
21.02.20.,5,"기존에 르누아르 노트북 사용하다가 마침 할인하기에 구매했습니다.생각보다 배송이 굉장히 빨랐습니다. 설 직후 인데도요ㅎㅎ이전 노트북 사용하면서 가장 아쉬웠던 것이 내장그래픽이라 그래픽성능이 부족한 것 이었는데, 게이밍 노트북을 사기엔 게임을 자주 즐기지 않았습니다 보통 업무나 웹서핑 유튜브볼 때 사용했거든요.받자마자 테스트해봤는데 프레임방어 잘 되어서 기분이 좋네요이 노트북이 합의점을 잘 찾았다고 생각해요또, 인텔이 발열이 심하다고 해서 걱정했는데, 며칠 사용해보니 문제없는것 같습니다정말 만족합니다~",[]
20.12.24.,5,"레노버 amd 재품을 구매하려고 하였으나 재품수급이 잘 안되는거 같더군요.
여러군데 확인하다 인텔I5 11세대 노트북 pd충전및 지문인식 기능에 15.6인치 모니터 베젤도 만족하고 무게도 이정도면 가성비 좋은 노트북 이네요 . 여러가지 살펴보고 구매결정.
os설치할때 잠깐 버벅였는데 설치하고 드라이브 설정하니 잘됩니다. 가성비가 좋은 노트북 인정.
※ os 설치시 확인사항 (설치시 참고 하세요)
os설치시 UEFI usb 꽃으니
~ has been blocked by the current security policy. 이라고 나옴
조치방법 : cmon ->securiry -> Secure boot를 disalbed 후 usb인식잘되고 설치 완료 .",[]
21.02.18.,5,타 오픈마켓에서 신청한 slim3모델 출고지연으로 기약없는 기다림끝에디지털빅세일에 할인된가격에 구매하였습니다.출고지연될거라고 생각했는데 바로 배송이되어 놀랐습니다.상품 설명에 써있는대로 윈도우 설치후 잘 작동되며초기 설정도 매우 간단합니다.가격대비 마감 및 만족도는 매우 좋습니다. Pd충전 매우 유용합니다.무게도 적당하며 가성비 최고의 노트북입니다.2개 살까 고민하다 1개만 샀는데 2개살껄 아쉽네요,[]
21.02.25.,5,"15.6인치 노트북이 있지만 업무용으로 들고 다니기에 부피가 크고 무거워서 휴대성과 성능을 고려하여 레노버 아이디어 패드 SLIM5 제품으로 결정했는데 전체 크기는 작고, 화면은 크네요. 배송도 3월인줄알았는데 빨리받았네요. 무게,소음 크게 불편하지 않고 성능까지 받쳐주고 마우스와 가방까지 가성비 좋아요. 제 업무용으로 주로 사용하고 와이프랑 애까지 같이 등록했어요. 지금 결정하셔도 괜찮을 것 같아요. 물론 비슷한 가격대에 타상품도 고려해 보시구요.감사합니다.",[]
21.01.19.,5,"회사 업무상 짧으면서 길기도 한 파견을 가끔씩 나가게 되어서 큰맘먹고 구매하게 됐습니다. 구매 전, 지인들한테 스팩을 묻고 여러 모델들을 비교하면서, 이 모델의 유튜브 후기를 보고 구매를 결정했습니다.게이밍노트북으로써 무게가 2kg도 아니고 1.67kg로 매우 가벼우며, 메모리 그래픽 편의기능 모든면에서 우수하다 생각합니다.현재 SLIM5노트북으로 이 구매후기를 작성중인데, 키감 또한 매우 훌륭하네요. 타이핑 작업에 매우 적합한것 같습니다.내일중으로 업무도해보고 게임도 설치해서 실행해봐야겠네요 ㅎㅎ 인생 첫 노트북으로 너무 만족스럽고 잘 산것같아요. 감사합니다.",[]
21.02.17.,5,"2월 15일 10시에 주문하고 2월 16일 오후3시정도에 도착하였습니다.배송 정말 빠르네요^^제품자체는 슬림5 명성에 맞게 매우 만족합니다!타이거레이크가 발열이 심하다고 하길래 망설였었는데, 제품 받고 써보니 최고의 선택이라고 생각합니다.이 가격에 PD충전, 300니트 밝기, GDDR6 MX450을 만나볼 수 있다는 것이 신기합니다.무난한 디자인과 무게로 부담 더는 건 덤이고요.나만 쓰기 아까운 노트북! 자취방에 데스크톱 놓을 예정 없는 대학생들에게 강추합니다!!!",[]
21.01.02.,5,"이번에 구입한 레노바 노트북을 보고 15인치 맞나 싶을 정도로 작아보였으나, 가지고 있던 5년전 15인치 lg노트북을 보며 정말 좋아졌네요.성능대비 저렴한 가격에 속도도 빠르고 아직 발열이라던지 팬소음은 전혀 느낄수가 없네요..LG그램과 고민을 하며, 가성비를 선택했습니다. 잘한 선택인것 같습니다.이 가격에 이정도 성능에 이정도 마감이면 정말 만족 스럽습니다.15년식 레노보 u41을 보유하고 있는데, 아직 현역으로 잘 쓰고 있습니다.그 믿음이 이 노트북을 선택한 계기가 되었구요..아직 그래픽 성능을 다 확인해보지는 못했지만충분히 기대에 부응할 것 같아요.1월1일때문에 하루 배송이 늦엇지만 빠른배송 감사드립니다.사은품으로 주신 충전기 또한 충전 잘 되네요..",[]
21.02.03.,5,15인치라서 불편함도 없고 무게감도 가벼워 이동시 갖고다니기에도 좋습니다디자인도 깔끔하면서 예뻐 어디서든 꺼내기도 멋스럽구요게임이나 프로그램을 돌려봐도 버벅거림없이 잘 사용하고 있습니다.고민할필요없이 구입하셔도 후회안하실꺼구요ㅎㅎ요즘 노트북 괜찮다하는거 사려면 100만원은 훌쩍 뛰어넘는데 이정도 가격에이정도면 아주 잘산것같습니다^^,[]
20.12.24.,5,노트북이 너무 필요해서 사게 됐는데 주변에서 다들 이 노트북을 추천하더라고요. 아직 사용은 많이 못해봤지만 기본적으로 필요한 기능 대부분 있어서 편하고 가성비 너무 좋습니다. 만족스러워요 디자인 깔끔하고 키보드 누르는것도 괜찮습니다 장점은 대부분 상세정보에 있는 그대로라 상세정보 많이 참고하시면 될 거 같습니다.이건 단점은 아닌데 제가 아쉬웠던 점은 랜선을 꽂을 수 없어서 따로 구매했습니다 상세정보 보시면 알거에요 저는 그 생각을 못해서 구매하시는 분들 참고하라고 이 부분도 남겨요,[]
21.01.15.,5,"지인에게 가성비가 좋다고 추천받아서 산 제품인데 보면 볼수록 같은 생각이 들게 되는군요. 15인치의 모니터, 지문인식, 외장 그래픽까지 제가 원하던 옵션이 모두 있는 노트북인데도 부담스럽지 않은 가격에 구매했습니다. 게다가 SSD 추가 가능 모델이어서 옛날 노트북에 있는 SATA SSD를 추가할 수도 있겠네요. 다만 윈도우를 설치할 때 유선 마우스를 꼭 준비해야 한다는 것만 주의하면 되겠습니다.",[]
20.12.24.,5,우선 그래파이트 색상에 메탈이다 보니 고급 진 이미지가 있습니다 비록 레노버 드라이버 설치에 몇몇 힘든 점이 많았지만 사용을 해보니 가성비가 제일이었습니다 게임과 사무용을 번갈아 쓸 수 있고 알아서 성능을 조절해 배터리 효율도 뛰어납니다 300니트이다 보니 대낮에도 원활한 작업을 할 수 있었으며 키보드 백라이트를 통해 밤에도 자판이 잘 보입니다 사무용과 게임을 같이 하면서 디자인을 추구하시는 분들께 추천드리는 제품입니다.,[]
21.01.14.,5,가성비는 최고인 듯합니다. 372 GFLOPS을 기록하는 11세 인텔 i5 CPU! 1년전만해도 같은 i5가 212 GFLOPS 정도가 대세였는데 크게 향상된 것 같네요.화면도 넉넉하고 나름 날렵하게 생겼습니다. 슬림형으로 나온 1kg 안팎의 고가 노트북에 비교하면 무겁기는 하지만...다만 고등학교 들어가는 딸아이에게 사 주기에는 너무 칙칙한가라고 생각했는데 딸 아이가 스티거 몇장으로 예쁘게 변신시키더군요.,[]
21.02.18.,5,"평소 사려고 눈여겨 보던 상품인데 빅스마일데이에 아주 저렴하게 잘 구매했습니다.15인치 모니터에 mx450 외장그래픽 ssd 까지 기본 성능도 아주 좋구요무게도 들고다닐정도로 괜찮고, 간단한 게임도 잘 돌아갑니다.배송도 주문 바로 다음날 출고되어서 이틀만에 받았습니다다방면으로 사용원하시는 분들에게 강추드립니다",[]
21.01.05.,5,10년만에(정확히는 12년 이네요..)노트북 구매하게 되었네요처음에는 어떤걸 구매해야 하나 많이 고민하고 찾아봤는데 딱 보는 순간 마음에 들었습니다주문을 조금 늦게 해서 언제 받아 보려나 했는데 빠르게 보내 주셔서 잘 받았습니다ㅎㅎ바로 설치하기 위한 윈도우가 아깝지 않게 받게 바로 설치 했습니다색상도 실제로 보니 심플하면서 너무 이뿌고 부팅 빠른거 보니 감동입니다노트북 구매하실 생각이면 가성비 정말 최고입니다!정말 마음에 드네요!강추합니다!,[]
21.01.08.,5,5년만의 구매라 진짜 고민 많이 했습니다. 사무용 플러스 알파로 사용할 예정이라 그램 17이랑 엄청 고민했는데 비슷한 사양에 외장 그래픽까지 추가된 것 보고 결정적으로 구매 결정하게 되었습니다. 단점이라면 그램 보다는 다소 부족한 모니터 화질이 있겠지만 충분히 밝고 쓰는데 문제 없는 퀄리티라고 생각합니다. 이런 단점들은 가격 메리트로 모두 커버되는 부분이라고 생각하구요. 갓성비 노트북으로 강추입니다.,[]
21.02.17.,5,"이번 빅스마일데이 때 저렴하게 구매했습니다.램 추가 가격이 비싼 편이긴 했으나 온보드 제품인데다 이번 할인율이 괜찮은 편이어서 할만한 선택이었습니다.당장 고사양 작업을 할 생각은 없지만, 나중가서는 추가한 게 분명 후회가 되지 않을 것 같네요포장도 뽁뽁이와 스티로폼으로 잘 싸서 오고 설명서와 부속이 깔끔하게 배송됐습니다. 배송도 빨랐고 제품도 윈도우 설치 후 가동해보니 정말 마음에 드네요. 사진처럼 정말 깔끔히 잘 나왔습니다. 많이 파세요!!",[]
21.01.06.,5,"12월 24일에 구매하였습니다. 회사 업무용으로 함께 사용할 15인치 노트북을 찾아보던 중 해당 제품을 찾게 되었습니다.
전체적으로 디자인이 깔끔해서 좋고, 지문인식이 가능한 점이 마음에 들었습니다. 연휴 후 처음으로 사용했기 때문에 아직 오랜 시간이 지나진 않았지만, 실 사용시 키보드 착감도 좋았고 속도도 빨라서 사용하기 좋습니다. 좋은 옵션에 가격도 적당해서 구매하길 잘했다는 생각이 듭니다. 해당 모델 추천드립니다.",[]
21.02.26.,5,"가성비 노트북 찾던 중 빅스마일데이로 저렴하게 구매했어요 배송은 3월 넘어서야 올 줄 알았는데 갑자기 배송시작 알림떠서 놀랐습니다ㅎ 빠른 배송 감사드려요일단 상판은 메탈로 되어 있어서 더 깔끔한 느낌입니다 다만 지문이 좀 남아요 cpu 무리 안가는 인터넷서핑, 문서 작업 등에는 팬소음 적어요 거의 안들립니다 생각보다 발열이 있기는 했지만 예상범주 안이어서 감안하고 만족합니다이 가격에 pd충전, 300nit, mx450의 성능이면 가성비갑 노트북 아닐까요?ㅎㅎ 슬림5 구매한 선택에 너무나 만족하고 잘 사용하겠습니다",[]
20.12.25.,5,이번에 구입한 레노바 노트북 후기입니다. 일단 외관이 굉장히 깔끔해서 좋네요 블랙인데 은은한 광이나는 블랙이라 도시적인 느낌이 좋아요 무엇보다 좋은건 성능대비 저렴한 가격입니다기존에 쓰던 노트북에 비교해서 빠른 처리속도가 좋네요문서작성과 간단한게임용 노트북을 고민하다가 주문하게 되었는데사양으로 보면 베그같은 게임도 돌리는게 가능합니다이 가격에 이 성능은 정말 찾기 힘듭니다그간 삼성제품만 쓰다가 처음으로 레노바 제품을 구매하게 되었는데앞으로는 레노바 제품만 쓸거같네요추가로 빠른배송과 사은품도 좋았습니다,[]
21.01.29.,5,주문즉시 바로 발송해주셔서 빠른시간내에 받아볼수있었어요.노트북 디자인도 깔끔하고 군더더기 없어 예쁩니다.무게도 그리 무겁지 않아 이동시 갖고다니기에도 좋고화면도 크고 사용하는데 너무 좋네요가격도 요즘 노트북에 비해 저렴해서 강추합니다.잔고장없이 잘사용하고 있어서 재구매했는데 앞으로도 필요한 노트북은여기서 재구매할예정이예요,[]
21.02.26.,5,저번 스마일데이때 동생이 레노버 노트북을 샀는데 옆에서 사용하는걸 보고서 이번에 구매하게 되었네요 배송이 3월 초로 잡혀 있던데 이렇게 빨리 배송을 받을수 있어서 감사합니다^^ 제가 가지고 있던 노트북과 비교가 안되게 좋습니다 소리도 조용하고 발열도 적고 키보드 키감도 좋습니다 그리고 키보드에 불들어오는거 좋네요 충전에 빨리되서 신기 합니다ㅋ 단점은 추가 ssd를 설치하는게 조금 불편하네요 노트북 전체를 뜯어야해서요ㅠ 그리고 윈도우설치가 살짝 불편하기는 하지만 문제 없이 잘 설치 했습니다 결국은 가성비 최고의 노트북 같습니다 강추,[]
21.02.17.,5,이번에 대학교를 가게 되어서 노트북 한 대 구입할 예정이었는데 마침 레노버 슬림5 제품이 좋다는 평을 보았어요. 때마침 빅세일 기간이라 좋은 제품을 착한 가격에 가져갈 수 있어서 기분이 좋네요^^ 배송도 생각보다 빨리 와서 놀랐어요. 프리도스 제품이라 아직 윈도우는 설치 안해보았지만 특히 키보드 백라이트가 예쁘네요ㅎㅎ 오래쓸 생각이라 램도 16기가로 업그레이드해서 주문했답니다! 가볍고 좋은 제품 찾으신다면 이 제품을 추천드립니다!!!,[]
21.01.26.,5,회사 업무용으로 구매 했습니다. 몇 일 검색해서 찾아 보다가 100 넘지 않는 선에서 가격도 합리적이고 노트북 사양두 스펙도 좋다기에 질렀습니다. 급하게 필요하긴 했는데 마침 배송도 아주 빠르고화질도 좋구 화면도 깨끗하고 무엇보다 외관도 무척 마음에 듭니다.윈도우 까는게 좀 번거로웠지만~ 대체적으로 아주 만족합니다. 잘 사용하고 추천도 많이 하겠습니다.,[]
21.02.18.,5,"가성비 노트북이네요. 이 가격에 이정도 사양에 퀄리티는 레노버가 유일한거 같네요. 심지어 할인가 먹이면 안살 이유가 없겠네요. 아직은 많이 실사용하지않아 모르겠지만 이슈가 되었던 타이거레이크의 발열문제가 걱정이긴하네요. 하지만 깔끔한디자인, 퀄리티 준수한무게 무엇보다도 가성비면에서 충분히 살만한 메리트가 되겠네용",[]
21.02.25.,5,"레노버 MX450은 가격대비 성능이 좋은편이며, 테스트로 다운로드와 업로드 및 내가 아는 한도내에서 이것저것 실험해 봤습니다.상품평도 구입 노트북으로 작성중입니다. 내구성만 좋다면 오래 쓰겠네요.하지만 사진등록을 위해서는 핸드폰이 필요하겠어요. 잘쓰겠습니다. 감사합니다.",[]
21.01.20.,5,"하루정도 기다리고 받았습니다. 노트북은 굉장히 만족스럽습니다. 일단 키보드 숫자가 따로 되있는 부분이 메리트가 크고,많이 무겁지 않고 심플한 디자인 또한 오래 쓰기에 좋을 것 같습니다. 가성비 노트북으로 이만한게 있을까 싶네요.지금 예약구매 할까도 생각했었지만 언제 받을지 모를바에 이걸로 구매하시는 게 심신안정에 더 좋을 듯싶습니다.",[]
21.03.07.,5,개인 사무업무용으로 노트북이 필요해서 여기저기 비교하고 고민해서 어럽게 결정!! 대만족 입니다. 가성비 갑오브갑. 고민한시간이 아깝습니다. 고민하지마시고 구매하셔도 됩니다.디자인도 심플하고 15인치인데도 가벼워 휴대하기도 좋습니다. 타사 노트북 동일스펙과 비교한다면 가격도 매우 착하네요.,[]
20.12.27.,5,"배송 : 주문 다음날이 크리스마스라서 주문 다음 다음날 받았습니다.지방에 사는도 빠른 배송이 쵝오 입니당외관 : 디자인이 심플 하면 차콜색상이 이쁘게 떨어집니다.배젤도 얇고, 밝기도 밝아서 좋습니다.성능 : 구입 목적이 엑셀 업무용으로 이정도면 남고 남는 스펙 입니다.하지만 엑셀이 무거운지 로딩은 좀 있어용.8기가 램이고 온보드 타입이라서 고민 많이 했는데, 빠릿빠릿 하며, 이뻐서 마음에 듭니다.게임을 안돌려 봐서 발열 및 소음은 모르겠습니다만 제 패턴에서 쓰기엔 너무나 만족 합니다.PS사은품으로 받은 마우스랑 PD충전기 고맙습니당고민은 배송을 늦출뿐....언능 구매하세용ㅎ",[]
