"629,000"
date,star_point,comment,photo
21.03.23.,5,"매우 만족합니다. 우선,1. 외관 - 상판 메탈, 팜레스트 메탈, 하판 메탈느낌의 플라스틱으로 전체적으로 실용적이며 균형감 있는 바디 채용 (하판도 메탈 같기도 하네요)2. 성능 - 딱 라이젠 4000시리즈 급 - 앱플레이어 무난하게 사용 가능합니다. (다중 클라는 안해봤으나 세븐나이츠2 원활하게 돌아갑니다)3. 화면 - 딱 보급형 노트북. 250니트로 그렇게 어둡진 않지만 밝지도 않음. 만약 장시간 인강을 봐야하고, 컨텐츠의 양이 많아 계속 화면을 봐야한다면 차라리 슬림5로 가세요. 슬림5가 50니트 더 밝습니다. 이 차이는 밝은 카페나 외부에서 어느정도 체감이 됩니다.4. 포트 - 있을 거 다 있음. 오히려 넘치는 편. 다만 작년시리즈의 경우 우측 하단에 히든포트가 있어 마우스 USB를 항상 삽입한 채 사용 가능했지만 이번 라이젠 시리즈는 없습니다. 아쉽네요5. 슬림5와의 비교- 슬림 5경우 180도 오픈 안되고 와이파이6지원하지 않아 스펙상 밀려보이지만 슈퍼 스테디 셀러라 정보가 많고 셀프 업그레이드도 쉬울뿐더러 화면 밝기도 더 높습니다. (화면 밝기만 차이나고 색재현율은 두 모델 같습니다.- 그러나 그거빼고 모든 면에서 씽크북이 더 좋다고 봅니다. (씽크북의 경우 wifi6, 상위 블루투스버전, 렘확장성, 단단하게 보강된 포트 구성_마감이 슬림5보다 훨씬 좋아요)- 만약 검증된 제품을 원하시면 슬림 5로 가세요. 씽크북 15 라이젠 모델은 전문 리뷰가 별로 없습니다.6. 윈도우 설치 - 시작하자마자 F2연타 누를 필요 없습니다. 유에스비만 꼽으면 알아서 인식해서 저절로 다 넘어갑니다.7. 부팅 후- Amd 라이젠 드라이버 검색해서 4500U모델 최신 다 깔아주세요. (욘나 쾌적해짐)- 윈도우 정품 인증 후 마이크로소프트 스토어에 들어가서 레노버 Vantage 설치 후 실행해서 최적화하세요. 필수입니다.8. 렘추가 하드추가의 필요성 -보급형+라이젠4500정도면 렘 8기가로 다 할 수 있습니다. 이 노트북의 활용범위가 렘 8수준이에요. 나중에 정 부족하면 추가해서 사세요. 인강용으론 차고 넘칩니다- 하드추가 기본모델로 사고 나중에 필요하면 쿠팡에서 싸타 hdd 1테라 사세요. 그 정도 활용성의 노트북입니다. - 렘추가 하드추가할꺼면 상위모델로 가서 할인받고 사는게 답입니다.8. 한줄평- 화면이 아쉽지만 모든 보급형 디스플레이가 다 그렇다. 만약 장시간 화면이나 인강 시청해야할 경우 밝은 카페에서는 무리가 있으니 그냥 돈 더주고 300니트 이상으로 가는것을 추천- 4500U지만 어짜피 저전력모델이라 게임 장시간 못하고 그럴 용도도 아닌 노트북입니다. 게임하고싶으면 그냥 리젼 최저사양으로 구매하세요. 고작 10-20마넌 더 비쌉니다.9. 이런분께 추천 - 게임은 그냥 앱플레이어 모바일 게임만 한다. - 화면 무난했으면 좋겠다.- 키보드가 빛났으면 좋겠다 (E14의 경우 레노버 공홈에서만 백라이트 추가 가능- 지문센서가 전원에 통합되어 일체감이 있으면 좋겠다 (L14의 경우 패드 위에 네모처럼 있어서 일체감 구림. 공홈에서는 이 옵션 뺄 수 있음)- 그냥 A/S 생각 안하고 막 쓰다가 갖다 버리고 싶다.",[]
21.03.24.,5,"갑자기 노트북이 필요하던 차에 찾아보니 많은 제품이 예약구매 상황이었습니다. 제가 구매 할때 기준으로 삼았던 조건은 라이젠 4500U이상의 cpu 추가 메모리 슬롯 15인치 이상의 크기 PD충전 가능 여부 이렇게 였습니다. 다른 제품들에 비해 바로 배송이 가능 할것 같아서 구매 했는데 결과적으로는 대 만족입니다. 이렇게 저렴한 가격에 마음에 드는 제품을 구매 할 수 있어서 정말 만족스럽습니다. 개인적으로 추가 메모리가 하나 있었기 때문에 하판을 분해 해봤는데 하판 분해도 생각보다 어렵지 않아서 쉽게 추가 메모리를 장착 할 수 있었습니다. ( 앞쪽 4개의 볼트는 완전히 빠지지만 나머지 8개의 볼트는 하판에서 완전히 분리가 되지 않더라도 하판 분리가 가능 합니다. 저도 볼트가 안빠지는지 모르고 계속 돌리다 검색을 해보고 알게 되었습니다. ) 이 제품의 최대 장점은 발열과 2개의 PD포트라고 생각 합니다. 지금 3시간 이상 사용중인데 바이오스 업데이트 할 때 ？馨煮？ 팬 돌아가는 소리를 듣지 못한것 같습니다. 발열 제어가 잘되는 제품 이라는 생각이 들었습니다. 개인적으로 평소에 휴대하고 다니는 보조 모니터가 있는데 PD포트가 2개라 충전과 동시에 보조 모니터도 사용이 가능해서 너무 편리 합니다. 따로 HDMI케이블을 가지고 다닐 필요가 없어서 너무 편한것 같습니다. 이 제품이 도착전에 제일 걱정 하던 부분은 모니터 패널이었는데 250nit의 밝기를 가지고 있어서 많이 어둡지 않을까 하는 걱정이 있었습니다. 실제로 사용해 보니 걱정 하던것 만큼 많이 어둡지는 않습니다. ？한 느낌은 아니지만 사용하는데 있어서 불편함은 없는 정도 입니다. 모니터 패널이 조금 아쉽기는 하지만 착한 가격으로 이해 할 수 있습니다. 저는 레노버 싱크패드 L15, 슬림5 한성컴퓨터 5450모델 중에서 고민을 하다가 이 제품으로 구매 하였는데 저렴한 가격에 매우 만족스러운 선택이 된것 같습니다. 저와 비슷한 고민을 하시는 분들이 있을것 같아서 조금 길게 후기를 남겨 보았습니다. 바로 배송이 가능할때 구매하는것이 이득일 것 같다는 생각입니다.",[]
21.03.24.,5,"10일 정도 기다렸는데 제품 받으니 정말 좋아서 그동안의 기다림이 보상으로 이어진 것 같네요. 왜 가성비 짱이라고 하는지 알겠습니다.
아주 빠릅니다. 디자인 걱정했는데 고급스럽네요. 예뻐요.
앞으로 몇 년은 아주 짱짱하게 쓰겠네요. ^^","['https://phinf.pstatic.net/checkout/20210324_169/1616594587601SSTyy_JPEG/review-attachment-42fc7d64-3ceb-4b04-9ba8-2c8a400a4321.jpeg?type=f287', 'https://phinf.pstatic.net/checkout/20210324_40/1616594587604Q8YYY_JPEG/review-attachment-f9c40edd-d26d-4bff-884a-3ec553e50f0b.jpeg?type=f287', 'https://phinf.pstatic.net/checkout/20210324_41/1616594587652fTXc1_JPEG/review-attachment-072bd712-7a91-4dec-ad2e-57e34331b2cd.jpeg?type=f287']"
21.03.09.,5,"디자인- 예상 외로 깔끔하고 예뻤습니다. (씽크패드 보다 못생겨서 취소 할까 고민 했었습니다) 현재 4500u 노트북중 pd충전이 가능한 가장 저렴한 노트북 입니다. 3200램,ax200의 와이파이6,pd충전 3가지 만으로도 가성비 스펙은 최고입니다. 예약 구매라 기다리는 근 한달동안 다른 노트북 계속 봐왔는데 대안을 찾지 못했습니다. hp 2666램 4기가 40만원대 가성비 모델이 나왔었지만 결제 후 취소했습니다. 또 이 모델은 as보증기간 3년으로 연장이 단돈 만원인 것도 엄청난 장점! 이제 곧 세잔 노트북이 출시 되겠지만 국내에서 또 얼마나 품귀현상을 겪을지 예상 할 수가 없습니다. 5월쯤 빅스마일데이에 세잔을 저렴하게 구매할 수 있다면 최강 합리적인 쇼핑이 되겠으나 현 시점에서 르누아르 노트북 가성비는 이게 최고일듯! nvme ssd는 삼성꺼더라구요. 속도 테스트 사진 첨부합니다.",[]
21.03.24.,5,"(작년에 슬림5사서 써오고있고) 이번에 아버지껄 씽크북15G2로 맞춰드렸습니다. (슬림5대비) 포트구성이 더 좋았고, 180도까지도 되고 전원버튼도 더 커서 지문인식시 좋았습니다. 실내에사만 쓸껀데 밝기니트 50차이는 거의 느껴지지 않네요. 색상도 실버로 맘에든다 하시고 전반적으로 단단하고 밸런스가 좋은제품인거 같습니다.",[]
21.03.09.,5,"일단 현재 르느아르 4500U달고 나온 노트북중에 가장싼편인데 PD충전에 IPS, 백라이트 키보드까지 모두 장착하고 나왔네요 너무 좋습니다.한가지 아쉬운점은 기존 슬림3 노트북은 노트북 분해가 쉬워 업그레이드가 용이했던 반면에밑판이 너무 견고하게 붙어있어서 거의 업그레이드가 불가할정도로 빡세게 해놓은점이 너무 아쉽네요.암튼 가성비물건 빨리 보내주셔서 감사합니다^^",[]
21.03.07.,4,"아들 중학교 입학선물로 마련했는데 다행스럽게 금방 배송받았어요. 무게는 약간 무거운 감은 있지마, 집에서만 사용하면 크게 지장없어요. 일단 디자인은 투톤으로 맘에 들고 키보드 백라이트도 2단계로 조정되네요. 이 가격에 이정도면 가성비 좋습니다.",[]
21.03.08.,5,"배송 딱 약속대로 보내주셨음요포장도 튼실히 해주셨음놋북 색상도 무광,유광 투톤이라 괜찮은듯성능대비 가격 베리굿삼성엘지 사양 대비하면 70프로 가격수준숫자 키보드도 4열로 적당하니 좋으요단지. 밝기가 좀 낮은듯.Fn 기능중에 와이파이가 없는게 아쉬움",[]
21.03.24.,5,"레노버만 3대째 구입하네요.Slim3, 씽크패드, 씽크북.3제품 모두 만족하며 쓰고 있고, 원격수업과 재택근무로 1인 1PC가 필요해서,구형 노트북들을 레노버로 하나하나 교체했습니다.특이사항으로는 Slim3는 하드케이블을 별도로 제공했는데, 씽크북은 본체에 내장되어 있네요.",[]
21.03.23.,5,"배송 : 생각보다 물건이 빨리 입고되었고, 배송을 출발한지 만하루만에 받을수 있어 만족스러웠습니다. 물건 : 이미 유튜브/블로그등을 통해 성능은 알고 있었고, 기대보다 훨씬 빠르고 쾌적하게 사용할수 있었습니다. 특히 집에 DDR4 8G 메모리가 있어 배송을 받자마자 뒷판을 분해하여 추가하였는데, 뒷판 분해시 기스나 힌지 부러짐을 걱정하였는데, 수월하게 작업할수 있어 너무 만족스럽습니다. 메모리 추가 : 뒷판 분해시 10개의 나사를 풀고 모니터와 접히는 부분에 못쓰는 카드로 공략하면 쉽게 분리할수 있는 것 같습니다.",[]
21.03.09.,5,깔끔한 디자인에 메탈케이스 그리고 성능 좋아요.,"['https://phinf.pstatic.net/checkout/20210309_73/1615282256508Xx602_JPEG/review-attachment-6828a8aa-bbaf-4f5b-87dc-b0042410bea9.jpeg?type=f287', 'https://phinf.pstatic.net/checkout/20210309_219/1615282289163Qrula_JPEG/review-attachment-bcce907c-c1b2-4976-9f45-002e0d1af5d0.jpeg?type=f287', 'https://phinf.pstatic.net/checkout/20210309_223/1615282304739ko4pL_JPEG/review-attachment-2d3fbaa7-2612-409b-9696-645e46a48375.jpeg?type=f287', 'https://phinf.pstatic.net/checkout/20210309_214/1615282318235CRp2t_JPEG/review-attachment-9b91968e-c6f9-4a09-9a92-359a96a54b0d.jpeg?type=f287']"
21.03.07.,5,"빠른 배송과 착한 가격
지금 시국에 이 가격이라니 최고네요
마스크 감사합니다.","['https://phinf.pstatic.net/checkout/20210307_157/1615085946097rCcNj_JPEG/review-attachment-21ba289d-aaf4-46c7-92a0-5a7e0feb25e3.jpeg?type=f287', 'https://phinf.pstatic.net/checkout/20210307_79/1615085946358NRIDj_JPEG/review-attachment-e4aa711a-88ac-499b-96cb-49e2aebf36cd.jpeg?type=f287', 'https://phinf.pstatic.net/checkout/20210307_172/16150859466182Eoat_JPEG/review-attachment-62e8e848-352c-4d4f-a7d1-bfce12847cb1.jpeg?type=f287']"
21.03.24.,5,"생각보다 디자인 색상 마음에들고
가성비가 좋은제품 입니다","['https://phinf.pstatic.net/checkout/20210324_193/1616591053529xA54E_JPEG/review-attachment-08e3ea99-bff4-4183-8f89-27cc205217a2.jpeg?type=f287', 'https://phinf.pstatic.net/checkout/20210324_109/16165911085117HGQk_JPEG/review-attachment-dcaf64d3-02c1-497a-a6bf-09056dc68ed6.jpeg?type=f287']"
21.03.25.,5,디자인이쁘고 배송이 빨리와서 만족합니다,['https://phinf.pstatic.net/checkout/20210325_197/1616625558945RrNK3_JPEG/review-attachment-6fb126b5-d24d-4521-bb1f-d4673c40f566.jpeg?type=f287']
21.03.13.,5,긴급공수로 한달정도 일찍 받아서 좋네요. 앞으로 세잔이 차차 나오겠지만 기다리기도 지치고 이정도만 해도 충분한 성능이기에 잘구매한것 같습니다,['https://phinf.pstatic.net/checkout/20210313_153/1615619730828czWiF_JPEG/review-attachment-4a41e02a-ee9c-4d45-9837-fe5119c5282a.jpeg?type=f287']
21.03.08.,4,부하걸리지 않는 일반적인 목적에는 충분한 성능입니다,['https://phinf.pstatic.net/checkout/20210308_259/1615215040322U65U4_JPEG/review-attachment-0cfd5aee-d241-49ea-97e6-af351b1cfd59.jpeg?type=f287']
21.03.09.,5,최고의 제품을 합리적인 가격에 감사드립니다.,['https://phinf.pstatic.net/checkout/20210309_54/1615275612351ISrmi_JPEG/review-attachment-2017afec-c2b9-4a1a-8e7a-c26d09845720.jpeg?type=f287']
21.03.05.,5,"안전하게 잘 받았습니다~
좋아요~**",['https://phinf.pstatic.net/checkout/20210305_131/1614954852557b91U6_JPEG/review-attachment-a9506892-7064-4cdb-913c-532608027109.jpeg?type=f287']
21.03.10.,5,가격대비 성능이 좋네요,['https://phinf.pstatic.net/checkout/20210310_177/16153588194711PswY_JPEG/review-attachment-f72c96a0-4492-4aa4-929e-5a771a476563.jpeg?type=f287']
21.03.23.,5,"라이젠이 씨가 마른 지금 가성비로 구할수 있는 최선이네요 디자인 무난하고 C타입이 무려 두개에 배터리, 기타등등 확장성이 좋아 맘에 듭니다. 디스플레이, 무게가 살짝 아쉽지만 이 크기에선 납득할만하긴 합니다.",[]
21.03.24.,5,부팅 빠르고 인터넷 문서작업도 다 빨라요. 13인치로 엑셀할때는 답답했는데 15.6인치라 엑셀창 넓게 볼 수 있어서 좋아요. 대만족! 부팅은 10초 정도 걸리는 듯해요! 화면이 조금 어두운 듯 하지만 영상볼 때는 문제 없었어요.,[]
21.03.24.,5,예전모델보다는 확실히 슬림해졌고 무게도 줄었지만 체감상 잘모르겠어요. 투톤색상이 별로여서 망설였는데 받고보니 나쁘지 않내요. 가성비 좋은 놋북 인정,[]
21.03.24.,5,노트북 색상때문이 조금 고민하고 구매했는데사진보단 실물이 훨씬 이쁘고 고급지네요.부팅도 빠르고 스펙이 이정도면 뛰어나죠.잘쓸게요 ^^ 감사합니다.,[]
21.03.24.,5,디자인 깔끔한 편이고 이정도 가성비라면 마음에 듭니다.ssd 추가 장착하려고 개봉하는데 애를 좀 먹었지만정상 작동 잘 하고 있습니다.,[]
21.03.23.,5,23일 출고라서 25일 즈음 받을 줄 알았는데 바로 23일에 받았어요~ 부팅시 소리도 안나고 발열도 아직까진 없어요 무게감있고 좋아요 아이디어 패드 라인보다 더 튼튼한것 같아요,[]
21.03.24.,4,초등학교 온라인수업용으로구매가성비 좋은 제품 잘구매했습니다.성능이 아주 차고 넘칩니다. 겁나게 빨라요화질이 좀 걸리긴한데 이가격이면용서됩니다 ㅎ,[]
21.03.24.,5,생각보다 빨리도착해 사용할수 있게되었는데요. 기대한것 이상으로 가볍고 디자인도 맘에듭니다.,[]
21.03.23.,5,초등고학년 아이꺼로 구입한건데 만족합니다.내일 줌수업 노트북으로 한다고 큰기대하네요,[]
21.03.23.,5,슬림5살지 씽크북살지 엄청 고민했는데 잘 산 것 같네요 조용하고 속도도 빠르고 게임용으로 산건 아니지만 롤도 엄청 잘 돌아가고 빠르네요 완전 추천합니다!,[]
21.03.24.,5,씸크북이라 디자인이 올드하지않나 반신반의했는데 깔끔하고 고급져서 이정도가격에 이정도스펙은 없을듯합니다.,[]
21.03.24.,5,진짜 가성비 최고의 노트북이네요. 빠른배송 꼼꼼한 포장 좋았습니다. 그러나 추가로 구매한 마우스가 누락되었네요. 하지만 그 다음날 바로 배송이 되어 해결되었습니다. 보증3년 연장서비스는 어떻게 확인할 수 있나요??,[]
21.03.23.,5,라이젠 써보고싶었는데 너무 좋네요! 빨리받아서 더 좋았어요!!!,[]
21.03.23.,5,입고후 바로 다음날 도착했습니다. 램 업그레이드도 잘 되어있고 윈도우 설치 및 드라이버 설치도 문제없이 되네요ㅎㅎ 가성비로 좋습니다. 화면도 나쁘지않아요~ 지문인식도 잘 됩니당,[]
21.03.23.,5,배송도 빠르고 제품도 가성비 정말짱입니다,[]
21.03.23.,5,가성비 좋은 모델 아주 잘사용합니다 내구성도 확실하겠죠? 우선 이가격에 포트가 최선의 구성입니다~~^^,[]
21.03.24.,5,가격대비 성능이 아주 우수합니다.,[]
21.03.06.,5,젤 걱정한게 발열이었는데 별로 안써서 그런가 발열은 아직 안나는것같아요 키보드 타이핑감 맘에들고 소리도 조용해서 좋네요 제일 맘에드는게 배송 속도 겁나 빨라요 4시전에 시키면 바로 담날 오네용,[]
21.03.24.,5,배송도 생각보다 빨리왔고 만족스럽네요~~ 무게도 생각보다 적당하고 좋습니다. 디자인도 상당히 깔끔해요. 좋은 제품 감사해요,[]
21.03.19.,5,가격대비 매우 좋습니다.,[]
21.03.24.,4,장점 가성비가 좋은거 같네요단점 조금은 무거운 느낌이.. 있네요,[]
21.03.24.,5,오전에 퀵서비스로 받기로 하고 바로 받았습니다빠른 배송 감사합니다:) 오자마자 윈도우 설치하고 잘 돌아갑니다 줌 수업용으로 구매 했습니다 전에 쓰던게 워낙 느려서 ^^ 아주 빠르고 좋아요카메라 막음 기능 좋아요!!,[]
21.03.24.,5,가성비 최고의 노트북와이파이6pd충전빠릿빠릿한 cpu,[]
21.03.08.,5,"아주 좋네요. 가성비도 굿 입니다.
딱 한가지 아쉬움,
주사율이 높아진 폰때문에, 노트북 모니터가 아주 살짝 아쉽습니다.
그래도 별점 5개를 누른 이유는, 가격과 가성비에 비하면 이정도 아쉬운건 감수가 되네요.",[]
21.03.25.,5,"지난달에 구매하고, 부모님거 재구매 했네요",[]
21.03.13.,5,상품평은 컴 잘아시는 분들이 상세히 올린것같아요. 사양은 알고샀고 음향 음질 디자인 화질 모두 맘에 들어요.,[]
21.03.08.,5,가격대가 저렴하지만 마감이나 제품 자체는 매우 완성도가 있습니다.포장재도 딱 필요한것만 심플하게 되어 있네요.성능은 매우 훌륭합니다 만족요!,[]
21.03.06.,5,생각했던거 보다 아주 좋아요. 아들 인강용으로 구매 했는데 아주 좋아합니다.조금 무거운 느낌은 있지만 이동하지 않고 사용할꺼라 괜찮아요. 배송도 하루만에 도착했어요. 잘사용할께요.,[]
21.03.08.,4,뽁뽁이로 포장되어 왔지만 전면 모서리 부분에 찍힘이있네요반품시 오래걸리거 같아 그냥 쓰려고요,[]
21.03.24.,5,너무 만족스럽습니다. 가성비 킹왕짱이고 배송도 정말빨리되었어요 ㅎㅎ감사합니다 씨타입으로 충전되는것도 정말 좋네요 !!잘쓸게요,[]
21.03.08.,4,물량추가확보됐을때 바로구매해서 하루만에받아서 너무좋았어요코딩공부하느라 가성비좋은 노트북찾고있었는데 진짜 가성비 최고인거같아요ㅎㅎ일반 인강용이나 사무용노트북찾으시는분들에겐 최고인거같아요,[]
21.03.09.,5,자판키감이 괜찮습니다컴퓨터 속도도 빠르네요pd충전이 가능해서 좋습니다메모리 hdd ssd 확장 가능합니다지문인식 기능도 있어 좋아요,[]
21.03.07.,5,배송 빠르고성능 좋네요발열도 없고화질도 좋고조용하고 빠르고 가격대비 아주 훌륭합니다아이들 교육용으로 넘쳐나는듯합니다,[]
21.03.10.,5,씽크패드랑 씽크북중 고민했는데발열도 많이 없고 조용하고생각보다 만족스러워요4/8 예약배송 이었는데 빨리 받게되서 좋네요최고의 가성비 노트북 인거 같아요,[]
21.03.09.,4,AMD 첨 사용해 보는데 좋다는 예감이 드네요..개인용으로 사용하는 용도로 구매 했는데 만족합니다..,[]
21.03.09.,4,"배송은 정말 총알 배송입니다. 기본은 윈도우 OS 깔려있지 않습니다. 감안하여 구매하세요. 가격대비 성능 만족합니다. 키보드 모양, 타이핑 느낌, 전체적인 외부 비쥬얼 약각 맥삘이 납니다. ㅎㅎㅎ 잘 사용하고 있어요~~",[]
