"848,000"
date,star_point,comment,photo
21.02.04.,5,"아카데미 기간안에 사려고 12월중순부터 노트북을 구매하려고 했는데종류가 너무 많기 때문에 몇가지 조건을 정해서 고르려 했음.가격은 100만원 이하 제조사는 AS센터가 인근에 있는 삼성, LG, ASUS화면은 15인치아카데미 기간안에 구매를 해야하니 충분한 시간적인 여유가 있었음.연말 할인을 많이 하고 있었기에 1월달이 되면 더 할인이 될 줄 알았음.그러나 할인률이 더 나빠졌음. 게다가 예약판매 기한이 더 미뤄지는 문제들이 추가가 됐음.많은 모델중 더 추려야 할 것같아제조사는 삼성으로 확정.CPU는 11세대 i3와 10세대 i5 사이에서 고민했으나 등급자체가 다르니 i5로 확정모니터 패널은 IPS를 무조건 고집했으나, 가격적인 면에서 TN으로 양보.모델은 NT350XCR-AD5AS로 기본모델로 확정.가격추이는 이 곳 한사랑씨앤씨가 제일 저렴했고 쇼핑몰의 정책에 따라 계속 바뀌었다. 20년 12월말에 70만원초중반21년 1월에는 70만원 중후반2월이 어떻지 고민이었지만 분명 더 좋아지진 않을 것 같았다.하지만 카드사의 청구할인이 월초에 다시 시작한다면 만회할 수 있으리라....꾹 참고 2월 1일날 검색.... 인터파트에서 청구할인이 시작됐다.국민카드 10%청구할인~ 오예~ 여유돈이 있어 가방까지 추가해서 구입완료.기본 할인률은 다소 떨어졌지만 청구할인으로 더 할인을 받음.제품은 생각보다 얇았고, 컸음.13인치 노트북 사고나서 5년은 된것 같아서 그렇게 느꼈으나 그냥 좋음.상품평은 많이 봐서 패널이 좋은건 아니라는 건 알고 있고, 게임할 꺼 아니니, 고장만 아니면 만족함. 나도 삼성노트북 하나 장만했다! 마우스랑 패드는 사은품 가방은 옵션으로 추가구매.","['https://shopping-phinf.pstatic.net/20210206_10/f262ad6c-e539-4566-b5f2-bbf03149ab08.jpg?type=f287', 'https://shopping-phinf.pstatic.net/20210206_18/c5f333c7-92c8-42a0-b99e-aa12040a9e6b.jpg?type=f287', 'https://shopping-phinf.pstatic.net/20210206_12/cf10ea49-fa53-410f-a8e4-7ea1ae891787.jpg?type=f287', 'https://shopping-phinf.pstatic.net/20210206_24/1a73b666-266c-4195-9c35-312f13a92fa0.jpg?type=f287', 'https://shopping-phinf.pstatic.net/20210206_11/b7089a9d-a009-48e5-9963-4223204d82bc.jpg?type=f287']"
21.03.21.,5,"빠른 배송요..윈도우 정품 인증도 쉬웠어요 다만 동전으로 스크래치 긁어야한다는걸 미리 알았으면 더 간편했고, 하드 추가 장착했는데 인식이 안되서 따로 장치관리자로 설정해 줘야 했습니다. 하지만 전부 그 상세 설명페이지에 있는 블로그 보고 해결되어서 별 문제는 없었어요.","['https://phinf.pstatic.net/checkout/20210321_195/1616288213314cwXFC_JPEG/review-attachment-18f2d191-96ea-47bc-a195-91d6498d78c7.jpeg?type=f287', 'https://phinf.pstatic.net/checkout/20210321_122/16162882148623BSz8_JPEG/review-attachment-59b45831-7b1d-48a8-8e3c-bebf79d20063.jpeg?type=f287', 'https://phinf.pstatic.net/checkout/20210321_176/16162882149832GbfB_JPEG/review-attachment-7f3adce9-6831-4f90-bb73-6a117a1125f8.jpeg?type=f287', 'https://phinf.pstatic.net/checkout/20210321_204/1616288213380BXe1p_JPEG/review-attachment-90c23045-bdee-403c-8adb-35f9a24d7f84.jpeg?type=f287']"
21.03.18.,5,"배송도 완전 빠르고 상태도 완벽하구요

무엇보다 주말에 이벤트를 했었는데 딱 이벤트 하루전에 구매해서 아쉬워했는데 이벤트 메모리까지 추가로 보내주셔서 정말 감사해요

저렴한 가격에 정말 잘 샀어요

노트북이 인강이다 비대면이다 재고도 잘 없었는데 하루만에 완벽한 배송 정말 감사드려요!!","['https://phinf.pstatic.net/image.nmv/shopnbuyer_2021_03_18_0/ddd6d269-8787-11eb-9d12-48df379cca40_03.jpg?type=f287', 'https://phinf.pstatic.net/image.nmv/shopnbuyer_2021_03_18_0/e7d14bb1-8787-11eb-97dd-48df37ae3fca_03.jpg?type=f287', 'https://phinf.pstatic.net/checkout/20210318_196/16160301065733BVkG_JPEG/review-attachment-098674a5-184e-4539-bc18-12dba1e30605.jpeg?type=f287', 'https://phinf.pstatic.net/checkout/20210318_140/1616030106531wpcec_JPEG/review-attachment-294561ac-97ad-4cf4-86bc-66e9f13fc6be.jpeg?type=f287', 'https://phinf.pstatic.net/checkout/20210318_161/1616030106214VvArR_JPEG/review-attachment-85105f51-d87c-467e-a573-41a79c36053a.jpeg?type=f287', 'https://phinf.pstatic.net/checkout/20210318_150/1616030106237CRGlE_JPEG/review-attachment-35d47bb5-62d3-45d4-8987-6407263d119b.jpeg?type=f287']"
21.01.31.,4,"노트북 주문할 때 램 8GB추가하여 16GB로 확장, HDD 1T 추가, 키스킨, 데스크 램프를 함께 주문했습니다. 상품은 주문한 다음날 도착하여 배송은 빠른 편입니다. 함께 보내주신 USB를 이용하여 윈도우를 설치했고 정품인증도 받았습니다. 윈도우 설치할 때 Bios 설정에서 USB 부팅을 선택해야 하고, 윈도우 설치 이후에는 분할된 파티션을 통합하는 것이 좋고, HDD를 활성화시켜 주는 작업이 필요합니다. 윈도우 부팅 속도는 빠른 편이고 메탈 소재이므로 내구성이나 외관도 좋습니다. 그래픽 해상도가 좀 낮은 편이지만 일반적인 사무용으로는 무난한 것으로 보입니다.","['https://phinf.pstatic.net/checkout/20210131_292/1612068332535gVmsj_JPEG/review-attachment-f17fef87-8c2c-454c-b4d8-077c8d2bdc36.jpeg?type=f287', 'https://phinf.pstatic.net/checkout/20210131_188/1612068344791MNtP7_JPEG/review-attachment-203b8f13-0466-4184-8014-fac37307534a.jpeg?type=f287', 'https://phinf.pstatic.net/checkout/20210131_61/1612068355999F6OVJ_JPEG/review-attachment-1254a515-b9f0-4e97-b60c-36f4d9564f88.jpeg?type=f287']"
21.02.20.,4,"노트북을 많이 알아 봤는데 삼성 LG 대기업 제품을 쓰고는 싶고 사양이 좀 좋은것을 쓰고 싶은데 타제품들은 가격대가 있는데 이것은 가격이 70만원대라는거 그러면서 성능도 좋네요
무게가 조금 있는편이지만 가격대비 성능 무시 못합니다. 제가사고 예약판매 공지가 붙어서인지 많이 바쁘셔서 기본사은품 무선마우스가 안왔습니다 ㅠㅠ이 점 빼고 다 좋았어요","['https://phinf.pstatic.net/image.nmv/shopnbuyer_2021_02_20_0/a2e55dd6-735f-11eb-9d12-48df379cca40_03.jpg?type=f287', 'https://phinf.pstatic.net/checkout/20210220_285/1613813969489nDMD3_JPEG/review-attachment-1d55c1b9-e13c-4369-b5fb-3a7647469e20.jpeg?type=f287', 'https://phinf.pstatic.net/checkout/20210220_61/1613813977931ewTsn_JPEG/review-attachment-f01000e3-bf1e-440c-8f23-601daa34faa5.jpeg?type=f287', 'https://phinf.pstatic.net/checkout/20210220_105/1613814002834xS9v7_JPEG/review-attachment-7a18ce9c-09c6-44e4-9c0f-0091653be126.jpeg?type=f287']"
21.03.11.,5,1.8이 생각보다 무거운게아니였네요??? 1.2kg대 노트북이랑 별차이는없어요. 색도약간 티타늄색이기도하고 1.2보다 살짝더 무게감있는게 튼튼한것같은 느낌을주는것같아요. 접히는부분도 굉장히튼튼한것같아요. 포토샵잘돌아갑니다! 화면은 아무래도 안티글레어 이기도하고 엄청선명한느낌은 아니지만 간단한 문서작업위주로 사용할거라 문제는없네요. 가격대비 나름만족입니다.~,"['https://phinf.pstatic.net/checkout/20210311_128/1615471780879VEE9B_JPEG/review-attachment-627396fb-ca35-49a1-9b53-c970bc25ab97.jpeg?type=f287', 'https://phinf.pstatic.net/checkout/20210311_109/1615471795887CD4A8_JPEG/review-attachment-e8c258b4-0d7e-42d5-8b65-dcfe53688bfc.jpeg?type=f287', 'https://phinf.pstatic.net/checkout/20210311_191/1615471804323C1J7G_JPEG/review-attachment-06aeda91-b164-4ab3-974a-ad3d68406c5f.jpeg?type=f287']"
21.01.23.,5,"1.구매목적
인강/문서 작업용/연말정산 등 공공업무
게임은 하지 않음

2.사용 습관
이전 노트북 12년 사용(이전도 삼성 노트북 사용)
이전 노트북은 발열 속도 느림 등 문제가 있었고
제발 나를 죽여달라는 노트북을 외면하며
일년 이년 거의 식물인간상태로 연명하였으나
부팅하다가 중요한 파일 지우는 실수로
이제는 호상이다 싶어서 보내줌..

3. 선택이유
교체하려고 저렴한 30-50사이 노트북 보다가
30-50사이 노트북은 일년뒤면 좀 많이 느려지고
동시에 문서작업이 좀 어렵고
비슷한 성능의 중고 노트북 찾았으나
배터리의 단점이 있어서

그냥 어차피 오래쓸거 삼성으로 타야할거 같아
몇가지 모델을 비교해보았고

거의 밖에 가지고 다니지는 않아서
무게보다는 화면 인치, 성능에 집중
최소 i5, 8G이상 보려고함

여기서 옵션으로 16G업그레이드 추가하여 구매

4. 1주일 정도된 후기
하필 주문한 날 폭설기간& 로젠택배 코로나로
배송이 지연된다는 말을 듣고
아쉬웠지만 생각보다 그렇게 늦지는 않음
1-2일 걸릴거 한 3-4일 걸린느낌

도착하자마자 윈도우 10깔고
정품 구매하여 정품깔고 오피스도 깜
이외 연말정산 및 금융업무로 여러 가지 설치

속도: 그럼에도 버튼 누르고 5초 안에 켜짐
화면 인터넷 속도: 와이파이도 잘 잡히고
집에서 랜선 꽂아서 쓰므로
(랜선꽂을수 있게 되있는 점도 좋음)
속도빠르고 좋음

화면: 전에 쓰던 삼성 노트북은 글라스처럼 비치는 화면이어서 인강듣거나 문서작업시 좀 별로였는데 지금 화면은 그런점 없어서 좋음

무게 및 기타
기타 사은품으로 준 무선 마우스 아주 좋음
짱짱",['https://phinf.pstatic.net/checkout/20210123_50/1611407987683gnKuo_JPEG/review-attachment-3d374136-61aa-4dcc-8206-07cb7a89d492.jpeg?type=f287']
21.03.18.,5,"7, 8년 동안 쓰던 노트북 화면이 점점 맛이 가서 불안하던 차에 새 노트북을 장만했습니다.오랜만에 노트북 알아보려니 꽤 고생했네요.13인치는 아무래도 화면이 너무 작게 느껴져서 기존에 쓰던 것과 같이 15인치 중에서 알아보던 중에 사양도 적당하고 디자인도 마음에 드는 이 모델을 발견하여 구매하게 되었습니다.요새 가벼운 제품들이 많다 보니 처음 들었을 때는 좀 무겁다는 생각이 들었지만 쓰는 데 불편함 없을 정도입니다.화면 크기도 원래 쓰던 것이 15.6인치였는데 거의 똑같고 오히려 베젤이 얇아져서 더 커 보이는 효과도 있습니다.어두운 은색에 블랙 조합으로 디자인도 세련됐고 오히려 저처럼 하얀 플라스틱이 안 끌리셨던 분들은 더 마음에 드실 것 같네요.자판 백라이트 없는 게 조금 아쉽긴 하지만 주로 스탠드를 켜고 사용하니 괜찮을 듯합니다.휴대용보다는 데스크에 놓고 사용하는 용도로 적당한 사양과 가격 원하시는 분들이 구매하시면 만족스러우실 것 같습니다.",[]
21.01.22.,5,업무를 하면서 노트북을 잘 쓰진 않지만 7년 동안 사용하던 구형 노트북을 교체하기로 했다. 가성비가 좋다고 소문난 삼성 노트북 플러스. 모델명은 NT350XCR-AD5AS 으로 NT350XCR모델이 인기모델인듯 하다. 화이트로 주문했는데 기다림의 미학이라고 시간이 조금 걸렸지만 역시 너무나 이쁘다왼쪽 포트와 오른쪽 포트를 보니 다양하게 설치되어 있다.역시 신형노트북이라 Usb-c타입도 있고오른쪽에는 마이크로 sd카드도 된다. 핸드폰 사진 옮기기 매우 용이할 듯 ㅎㅎ컴잘못 이지만 고성능의 사양을 요구하지 않으나 요즘같은 비대면 시대에 온라인 화상 회의 등에 필요할 거 같아 구매하게 되었다.현재 윈도우 설치중인데 별 문제없이 설치 중이다 일단 빠릿빠릿하니 너무 좋다.개인적으로 카드할인 그리고 쇼킹딜 할인까지 더해서가격에 만족하고 소비자로서 충분한 혜택을 누리게 해준 서비스에 감사드린다.합리적 가격으로 고객에게 좋은 기회를 주신 삼성노트북과 한사랑씨앤씨에게 정말 감사드린다.(리뷰 수정)윈도우 부팅 동영상 추가했습니다.윈도우10 설치 후부팅해보니 부팅까지 9초밖에 안걸리네요!!하하 정말 잘 산거 같아요~,[]
21.03.18.,5,"배송빠르고 너무좋아요 잘산거 같아요
설치도 어렵게 하지 않아 금방
뚝딱했고요. 구성품자체가 대박 좋으네요.
삼성이라서 서비스 걱정 없어
구매했습니다
빠른시간 도착하여 더 만족합니다
답변도 금방금방 해주셔서 만족합니다
번창하세요옹","['https://phinf.pstatic.net/image.nmv/shopnbuyer_2021_03_18_0/cd0469f7-873f-11eb-a4f6-505dac8c385b_03.jpg?type=f287', 'https://phinf.pstatic.net/checkout/20210318_87/1615999357356YGR5L_JPEG/review-attachment-d041de6a-ceb8-417c-881b-696e18ace58a.jpeg?type=f287', 'https://phinf.pstatic.net/checkout/20210318_256/16159993573948r7w8_JPEG/review-attachment-99d19ead-104c-492e-9f6a-a454f619771e.jpeg?type=f287', 'https://phinf.pstatic.net/checkout/20210318_209/16159993573731YueF_JPEG/review-attachment-00157c0f-30c8-4a9f-bb01-d0eec1391384.jpeg?type=f287']"
21.03.01.,5,"인강,사무용으로 100만원이하 가격 적당한 노트북이 필요했는데 한달동안 검색해도 결정하기가 너무 어렵더군요ㅠ역시 잘모르면 AS가 쉬운 삼성이쥬ㅋㅋㅋ 컴퓨터를 잘몰라서 판매자분께 톡톡문의로 이것저것 물어보는데도, 너무나 친절하게 알려주셨고 윈도우 설치하는것도 블로그보고 쉽게 설치할 수 있다고 해도 혹시나 뭘 잘못누를까봐 개봉후 설치해주시는걸로 선택하였습니다ㅋㅋㅋ윈도우도 잘 설치되어왔고 화이트도 예쁘고! 무엇보다 동영상에서 보다시피 열자마자 부팅5~10초, 전원끄기 5초? 정도로 속도도 빨라요!
인강,동영상,영화,사무용 등 충분하다고 알려주셔서 믿고 구매했어요!

음..다만 아직 산지 2주도 안됐는데 한번 갑자기 꺼지더니 한10분동안 계속 켜봐도 안켜져서 고장난줄알고 당황했어용ㅠ일단 그뒤로는 다행히 잘되서 구매확정&동영상찍고 리뷰작성 중인데 또 그런증상이 있다면 판매자님께 문의드리고 후기리뷰남기겠습니다^^
그래도 판매자님의 믿음직한 답변으로 걱정없이 잘 쓰고 있습니당 많은도움이 되길바래용~♡",['https://phinf.pstatic.net/image.nmv/shopnbuyer_2021_03_01_0/1990101f-7a61-11eb-af82-505dac8c38f5_03.jpg?type=f287']
21.03.14.,5,몇달전에 화이트색상 구매해서 사용중인데 가격대비 괜찮아보여서 이번에는 플래티넘티탄으로 구매했어요. 예약판매라 2주정도 기다려서 받았네요. 아이들 줌수업용으로 구매했는데 좋아요. 이제 아침마다 서로 새 컴퓨터 차지하겠다고 싸울일 없겠네요^^,"['https://shopping-phinf.pstatic.net/20210316_23/06050705-79b7-4997-94a2-0fc73db76178.jpg?type=f287', 'https://shopping-phinf.pstatic.net/20210316_22/7f1a9e54-4f0f-4411-8bbe-7304a6d54b0d.jpg?type=f287', 'https://shopping-phinf.pstatic.net/20210316_14/869ca631-def9-4240-a4c5-e262e15bf59b.jpg?type=f287']"
21.03.15.,4,배송이 아주 빨랐어요. 목요일 주문하고 토요일에 받았네요. 입고 후 순차배송이라고 해서 월요일쯤 올 줄 알았는데 생각보다 빨리 왔네요. 처음 부팅하고 소음이 너무 커서 반품하려고 했는데.. 윈도우 설치 초기라서 그렇다는 답변을 받고 다시 사용하니 소음이 사라졌네요;; 제품 받으신 분들은 참고하세요^^ 티단으로 주문했는데 깔끔하고 좋네요. 하나 더 가지고 있는 그램은 흰색이라서 때가 좀 잘 타더라구여. 화질은 확실히 좀 떨어져요. 그래도 가성비 노트북으로는 만족합니다.,"['https://phinf.pstatic.net/checkout/20210315_249/1615781968362jrxJF_JPEG/review-attachment-a88f7042-57d6-407c-a23d-a64afa7a9705.jpeg?type=f287', 'https://phinf.pstatic.net/checkout/20210315_213/1615782025363MRsaE_JPEG/review-attachment-e59b234d-994a-4ba9-8480-a5816785252b.jpeg?type=f287', 'https://phinf.pstatic.net/checkout/20210315_135/1615782041568JYqGd_JPEG/review-attachment-a0ae869a-a2b4-4741-9932-ee6be585ed8a.jpeg?type=f287']"
21.02.17.,5,"삼성 노트북 NT350XCR-AD5AS 구입 완료.
가격, 품질, 서비스 등 모두 만족합니다. 전화도 친절하시고, 제품은 삼성이라 믿을 수 있죠. 그리고 키보드, 액정, 사양 등 모두 만족만족합니다. 액정 크기도 만족이고, 스펙도 이정도면 적정합니다. 친절 빠른 배송에도 감사드립니다.","['https://phinf.pstatic.net/checkout/20210217_50/1613559329725cdcvI_JPEG/review-attachment-c307ae4a-8abf-4885-bceb-80b72d1933da.jpeg?type=f287', 'https://phinf.pstatic.net/checkout/20210217_210/1613559363357qa0KC_JPEG/review-attachment-d0b66600-e4c8-43a7-b1ea-9605a03e4048.jpeg?type=f287', 'https://phinf.pstatic.net/checkout/20210217_192/1613559391234ThxRR_JPEG/review-attachment-01c4b754-e16c-48f7-889e-20b2f948953a.jpeg?type=f287', 'https://phinf.pstatic.net/checkout/20210217_78/16135594111841qAtV_JPEG/review-attachment-ecf0ce65-a09a-4101-882d-e41bef50904a.jpeg?type=f287', 'https://phinf.pstatic.net/checkout/20210217_175/1613559417120LYQ2V_JPEG/review-attachment-a757a855-8bef-4f58-bbb4-d54b2390fd22.jpeg?type=f287']"
21.01.31.,5,두 아이 실시간화상수업 때문에 구입했는데 화상수업 끝나고 왔네요--; 봄부터 쓰면 되죠 ^^;집에서 줌 해봤는데 잘되더라고요전에 쓰던 노트북이 화이트인데 깔끔하긴 하지만 때가 잘타기도하고 늦게 온다고해서 선택한 색인데 맘에 들어요~ 때도 안타고요 노트북 엄청 알아보고 고민하다 샀어요 레*버 살까하다가 복불복이라기에 혹시나 모를 as때문에요 (전에 엘*노트북 쓰면서 as받은적은 없지만요) 11절이라 행사하니 저렴한 거겠지 하고요 근데 카드할인되는 카드가 없어서 최저가는 아니여서 아쉬웠어요 윈도우도 잘 설치 되고 아이 원격수업용으로 이정도면 괜찮지 싶어요처음에 온 화면이 어두워서 밝기 좀 조절했고 두세시간 써도 발열감은 없네요 소리도 크지 않고요 무게나 두께는 가지고 다닐게 아니라서 크게 상관없는데 그리 무겁게 느껴지진 않았어요 주신 마우스는 튼튼해 보이진 않지만 그냥저냥 쓸만은 한거 같아요^^,[]
21.02.20.,5,삼성 노트북을 이렇게 저렴하게 구입할 수 있다는건 행운입니다. 우선 포장은 과대포장이 아닌 아주 적당한 친환경종이박스가 전부입니다. 그래도 내부에 스티로폼으로 단단히 고정되어 있어요. 외관은 가격대가 의심스러울만큼 알루미늄에 무광아노다이징 도장되어 고급스럽습니다. 메모리도 기본8기가로 언제든 확장가능하고 ssd도 256기가로 언제든지 맘만 먹으면 자가 업그레이드 가능한게 큰 장점입니다. 그것도 뒷커버만 잘 벗기면 말입니다. 속도도 최신 cpu인만큼 무거운 프로그램만 아니면 아주 쌩쌩 잘돌아갑니다. 최소 4년은 거뜬히 버틸 것 같네요. 화면베젤로 무베젤은 아니지만 충분히 얇아 심플합니다. 그리고 액정화면은 사실 약간 흐릿하나 이건 가성비 노트북이라 충분히 문제없어 보입니다. 아무튼 대만족이네요.,[]
21.03.15.,5,"고등학교 입학하는 아들의 기숙사 입소를 결정하고 노트북을 새로 장만하기로 결정.사용중이던 노트북은 오늘 뻗어도 이상하지 않을정도로 상태가 좋지않아서...인강, 원격수업, 과제작성을 사용 용도로 두고 모델을 탐색해보니 너무나도 많은 모델과 성능;;;저가메이커 노트북 가격대비 가성비 매우 좋았지만아직 조심성이 부족해 기존 사용중이던 노트북도사용부주의로 서비스를 두어차례 받았기 때문에서비스를 최우선에 두고 초이스!NT350XCR-AD5AS 이 모델이 가장 적합하다고 결정하고 쇼핑몰 서치.여러 쿠폰이 적용되어 매우 저렴한 가격에 구매함.흰색이 확 눈에 띄게 이뻤지만긁힘이나 때타도 표가 덜나는 그레이로...2주정도 소요되어 도착한 노트북!저렴하게 구매해서 만족.제품성능 만족.후회없는 선택입니다.",[]
21.02.22.,5,"삼성이 이 가격이라니 동생이 묻지도 따지지도 말고 사라고해서 세일 첫날 구입했어요ㅎㅎ세일 안했음 다른거 샀을거에요~~ㅋ데스크탑이 편해서 노트북 살일이 없었는데 코로나 때문에 재택근무에 딸램이 EBS교육방송까지 컴퓨터 사용이 늘면서 이참에 딸램이 노트북 하나 장만했네요 사용감은 속도 빠르고 동영상 씽씽 잘 돌아가고 자판도 넓어서 좋아요 화면은 밝기 75 정도 해놓고 사용중인데 좀 뿌옇고 어두워서 눈이 피로해요인터넷 쇼핑할때 컬러가 좀 애매한데 노트북, 데스크탑, TV, 핸드폰 중에 노트북이 젤 부정확했어요 쇼핑은 핸드폰으로 하는걸로~ 문서작업, 인터넷강의가 목적이니 목적에 맞게 잘 사용해보도록 하겠습니다참 삼성혜택에 시원스쿨 영어강의도 신청했답니다 한달 사용이지만 공짜로 체험할 수 있어서 좋네요^^",[]
21.01.30.,5,"구성품은 심플하네요.본체와 어댑터, 간단 사용설명서가 들어있어요.무선 마우스와 마우스패드는 구매처에서 주는 사은품이에요.CPU는 i5 코멧레이크 인데요,요약하면 인강 듣기에는 무리 없는 문서작업용 가성비 CPU입니다. 램도 8GB 라서 고사양 게임이나 그래픽작업 같은 특수 환경 아니면 문제없어요. 저는 SSD 256GB (M.2 NVMe) 타입인데요,온라인 수업용이라서 용량이 부족하진 않아요. 화면은 15.6인치 Full HD 디스플레이인데요,요즘 대세답게 적당한 크기 같아요. 요즘은 베젤(모니터 바깥쪽 여백)이 얇아서15.6인치도 크기가 많이 작아져서 좋은 것 같아요.개인적으로 이전에 쓰던 13인치는 너무 작았고17인치는 들고 다니기 너무 버거웠어요.(가방에 안 들어감 ㅋ)이런 분들께 추천!- 인강용 노트북을 저렴하게 구매하고픈 분- 가성비 노트북을 원하는 분- 문서작업, 동영상감상을 주로 사용하시는 분",[]
21.01.28.,5,어머니께서 사용하시던 오래된 노트북의 와이파이가 고장나서 선물로 드리려고 구입했습니다. 구입한지는 2주가 되어가는데 깜빡하고 있다가 뒤늦게 상품리뷰를 씁니다. 11일에 주문해서 로젠택배 코로나 문제로 16일쯤에 수령했습니다. 여유로운 마음으로 기다렸구요..^^ 아마 11절 행사로 저렴하게 구입했었나? 그랬던거 같아요. 잘 기억은 나지 않네요. 리눅스 버전으로 구입해서 도착하자마자 윈도우 10 설치했고.. 가지고 있는 설치파일이 예전꺼라 업데이트 하느라 시간이 꽤 걸렸네요~^^ 추가로 SSD 1TB 증설했습니다. 바닥에 SSD와 RAM은 쉽게 뜯을수 있는 구조라 아주 간편했어요. 다 마음에 드는데 가성비로 구입한거라 그런지 외관이 약간 저렴이처럼 보이는 경향이 조~금 있었습니다. 그래도 어머니께 선물해드리니 좋아하시더라고요^^ 문제없이 오래오래 사용하시면 좋겠습니다. 기분 좋은 구매였습니다.,[]
21.01.22.,5,삼성 노트북 이번에 2번째로 사는 건데 확실히 좋아진게 느껴지네요. 인강들을 때나 간단한 웹서핑 할 때 좋습니다. 게임도 어느정도는 돌아가서 가끔씩 할 만 한 것 같습니다. 두께도 얇아서 가방에 넣고 다니기도 좋네요. 삼성노트북 앞으로도 잘 쓰도록 하겠습니다.,"['https://shopping-phinf.pstatic.net/20210124_20/832943b9-de98-4b7e-8f16-20991ed2e466.jpg?type=f287', 'https://shopping-phinf.pstatic.net/20210124_7/0b20524a-f395-47d7-af05-d456053b91de.jpg?type=f287', 'https://shopping-phinf.pstatic.net/20210124_2/625149a0-8ad1-48cf-adfa-e0a2c76e829d.jpg?type=f287']"
21.03.01.,5,"삼성 LG 고민하다가, 감자기 이 노트북이 엄청나게 싸져서 구매했어요. 정말 터무니없는 가격이었죠. CPU도 i5라서 정말 맘에 들고요, 디자인도 처음에는 실망했는데, 오래 쓰다 보니까 단정하고 점점 맘에 드네요.일단 가격이 엄청나서, 그리고 A/S 잘되니까 질렀네요.처음에 도착했을때, 약간 싸보이긴 했는데, 좀 오래지나고 쓰다보니까 만족스럽네요. 그리고 이 가격에 이 성능이면 만족하죠.노트북 무게, 고가 노트북대비 무겁긴 한데, 어짜피 요즘 코로나때문에 밖에 들고다니지 않다 보니까, 별로 상관 없는 것 같고, 집에서 거치해 놓고 쓰기 좋네요.모니터도 처음에는 적응 안되었는데, 윈도우 상에서 좀 만져주니까 쓸만하네요. 그래도 맘에 안드시는분은 HDMI 단자 있으니 모니터 연결해서 쓰시면 될 듯 하네요.가성비가 좋아서 추천 드립니다.",[]
21.01.14.,5,"폭설로 택배 대란인 상황에서도 주문후 이틀만에 받이볼수 있어서 감사합니다.
아이들 온라인 수업 학원 수업때문에 서브 노트북으로 구매한건데. 좋은 제품 저렴하게 산거 같아 감사합니다.
삼성 제품이라 믿음이 더 가고 사은품으로 보내주신 마우스 등도 잘 배송되었습니다.
주 사용자가 될 아이도 아주 만족해하고요.","['https://phinf.pstatic.net/checkout/20210114_193/1610593769884X15WT_JPEG/review-attachment-80c8a98d-b451-4c22-be4c-96699e35186a.jpeg?type=f287', 'https://phinf.pstatic.net/checkout/20210114_82/1610593770073FoyYr_JPEG/review-attachment-ba148096-554c-4fe3-87b8-3f7051c6b192.jpeg?type=f287', 'https://phinf.pstatic.net/checkout/20210114_173/1610593770335JS8vO_JPEG/review-attachment-e8a547cb-ccfd-4ffa-aca0-bd2f3fd6a623.jpeg?type=f287', 'https://phinf.pstatic.net/checkout/20210114_32/1610593770679Le12N_JPEG/review-attachment-4aa593b4-55ca-4766-ab3f-554389df83e7.jpeg?type=f287']"
21.03.22.,4,노트북이 필요해서 검색중에 마침 지마켓에서 세일도 하고 있어서 구매했습니다. 이거랑 하위스펙 모델도 고민했지만 예전hp쓰던게 별로였어서 이왕 좀 더 나은걸 사자 해서 구매했습니다. 사실 3월 부터 사용해야 했는데 구매시기가 아카데미페스티벌과 겹치고 새학기라 필요한 학생들이 많을거라는걸 생각하지 못하고 주문해서 배송이 오래걸린다는 문자를 보고 어쩔 수 없지 생각하고 있었는데 예상날 보다 하루 일찍와서 뜻밖에 선물인듯 했습니다. 일단 많이 사용해보지 않아서 제대로 된 후기라고 하기도 뭐하지만 빠르고 영상을 오래 시청했는데도 노트북에 열감이 많이 안느껴지더라구요 저는 윈도우도 함께 구매해서 따로 설치하는 번거로움은 없었지만 초반 세팅하는것만으로도 버벅했기 때문에 윈도우 추가구매는 잘한 선택인거 같습니다. 더 써봐야지 알겠지만 오래오래 잘 썼으면 좋겠습니다.,[]
21.03.18.,5,"타사제품과 같은 사양으로 비교했을때 (인텔코어i5-10,메모리8GB,저장장치 256GB)월등히 가격면에서 갑갑이다!!-장점다만 원도우가 깔려있지않은 번거로움이 있으나(리눅스제품으로 스스로 깔아야하는 번거로움)-단점정품인증 가격20만원을 아끼면서 적은시간으로나같은 컴맹도 쉽게 따라할수있도록 안내되어있다 시선을 사로잡는 티타늄색상의 깔끔한 솔리디티 디자인과 누구나 쉽게 할수있는 업그레이드!50대 주부인 나지만, 자격증준비를 하면서 하나하나 알아가는재미가 솔솔 하다그리고 확실히 커져서 터치감ㅈ이 편해진 패드가 마음에든다",[]
21.02.22.,5,"아버지가 컴터를 하시고싶으시다길래 노트북을 하나 장만해드렸어요.이리저리 가격비교하고 많은 검토 끝에, 화면 크고 디자인 좋고 무게도 적당하고(그램 같은거 보다야 당연 무겁지만.. 들고다닐껀 아니니..)무엇보다 어르신들은 혹여 고장나면 A/S가 늘 걱정인지라...삼성 노트북으로 골라서 사드렸습니다.마침 세일도 많이하고있어서 만족스러운 가격에 구매할수 있었네요.쓰시다가 저장용량이 좀 부족하다 하시면 하드하나 사서 달아드리려구요. 보통 노트북들이 확장성이 떨어지는데...요 NT350XRC -AC5AS 모델은 손쉽게 업그레이드를 할수 있는 슬롯이 있네요. 맘에 듭니다. ㅎㅎㅎ사진들 중에 마지막 사진은 풀사이즈 키보드랑 크기 비교한 사진이예요.사이즈가 커서 데스크탑용으로 집에서 쓰기에도 딱 좋네요.",[]
21.02.18.,5,"중학교 입학하는 학생 학습용으로 구입 했습니다.
삼성 제품중 중저가 제품 알아 보다가 적당한 성능과 가격인것으로 판단하고 구입했습니다.
배송은 빨랐고 액정필름, 키보드 스킨등고 함께 주문해서 그런지 별도의 박스에 담겨 배송 되었습니다.
OS 가 리눅스 제품이라 준비해둔 윈도우10 usb 로 윈도우 설치했습니다.
설치후 인식되지 않는 드라이버는 앱스토어에서 samsung update 프로그램 설치하고 나서 간편하게 인식할수 있었습니다. (그래도 홈페이지에 드라이버 미제공은 좀 아쉽습니다.)
키보드 타자감은 개인적으로는 맘에 들지 않네요. 너무 낮게 만들어서 그런지 타이핑감이 별로네요.
포트가 C타입외 USB가 2개만 제공 되서 조금 부족한 감이 있습니다.
성능은 i5 10세대에 nvme 라서 성능은 만족스럽습니다.
업그레이드도 간편하게 할수 있게 되어 있어 확장성도 만족스럽네요.
총평하자면 괜찮은 성능과 확장성, 아쉬운 포트수와 키보드 입니다.
행사로 기존 판매가격보다 저렴하게 구입했네요.
일반적인 용도로 추천합니다",[]
21.01.23.,5,깔끔한 화이트인데 광이 반짝반짝나는 화이트가 아니라 더 심플하고 예쁘네요 너무 반짝이면 촌스러울까봐 내심걱정했는데 맘에 쏙듭니다화이트선택후 바로 배송해주셔서 좀놀랐어요2주이상 걸릴거라 예상하고있던때라~ 구매 바로다음날 배송시작이라 놀랐습니다 처음 윈도우설치가 좀 어려워서 고생했지만 설치후 테스트해보니 만족스런 속도와 화면 크기네요15인치 화면이라 영화볼때도 몰입감이 좋아요처음 구매시 업그레이드를 할수있어서 편한점이 좋아서 선택했는데 정말 잘한거같아요 따로 하려면..ㅠㅠ판매할때 윈도우 설치도 같이해주시면좋으련만저같은 컴맹은 한참 해멨답니다그리고 키보드또한 우측 숫자판이 있어서 편하고좋네요숫자판은 살때 생각못해본거 였는데 막상받아보니 너무 편하고 실용적입니다 15인치이상부터 있는걸 몰랐네요10년을 꽉채운 노트북으로 더이상 수업을 안들을수있어서 아이들이 너무 좋아하네요계속 써봐야 알겠지만 앞으로도 이정도면 충분히 학습용이나 업무용으로 충분할것 같습니다고민하고 계시다면 가성비로 최고이니 선택하세요~,[]
21.02.07.,5,삼성노트북NT350XCR-AD5AS구매후기요즘 코로나 19 확산방지를 위하여 화상회의 많이 하실겁니다문서작업과 화상회의 게임은 스타크래프트만 사용합니다고사양이 필요한 게임은 하지않기에 노트북 서칭을 시작합니다지방에 살고 있고 AS를 생각하니 대기업 2제품군으로 좁혀졌어요가성비 갑 삼성세일페스타 기간삼성노트북NT350XCR-AD5AS을 선택한 이유는 타사 동급대비 가격도 저렴하지만 퀄리티는 떨어지지않아서입니다CPU는 i5 10세대 메모리는 DDR4 8G하드는 기본256이지만 전 512G로 업그레이드 했어요디스플레이는 15.6'웹캡과 내장형 마이크 화상회의 잘 돌아갑니다사은품 무선마우스와 패드도 잘 사용하고있어요 기본형은 70만원대 512G로 업그레이드시 80만원대 와우 타사는 100넘어가는데 가격 짱조아요 ㅎㅎ앞으로 영상을 많이 찍을계획이라 512로 했어요이부분은 외장하드를 사용해도 됩니다^^오늘 OS설치하고 테스트 완료했어요 정말 가성비짱이라 매우만족합니다구매에 참고하세요 내돈내산임다^^,[]
21.01.26.,5,"삼성 노트북 플러스 NT350XCR-AD5WA 구매했어요 ^^집에 컴퓨터가 있지만 고장도 많고.. 코로나로 인해 아이도 수업을 온라인으로 학습하고..와이프도 주식공부한다고 컴퓨터를 사용하고.. 여차여차해서 노트북을 구매하기로 하였습니다. 50만원에서부터 200만원선까지 HP, 레노버, 삼성, LG 등 여러모델을 알아보던중.. 지인의 추천으로 NT350XCR-AD5WA 노트북을 알게 되었고.. 다행히 11번가에서 할인적용되어 730,000원에 구입을 하게 되었습니다. 솔직히 TN패널이라 조금 걱정이 되긴 했습니다. 하지만 막상 구입하고 화면을 직접 봤지만 IPS 보다 깔끔하지는 않지만.. 주식보고.. 동영상보고.. zoom 학습하는데는 전혀 문제가 없어보이네요.. 솔직히 한단계 낮은 NT350XCR-AD3AW모델이 20만원정도 저렴해 맘에 들었지만.. 아무래도 i3 보다는 i5가 나을거 같아서 NT350XCR-AD5WA 모델을 구입을 했습니다. 아무튼.. 10년 쓸생각인데.. 나름 잘 선택한거 같습니다.",[]
21.02.19.,5,작년한해 코로나로 학교원격수업을 해보니 아이둘있는 집은 노트북한대 더 필요하더라구요..둘다 같은 시간에 원격수업시작하면 난감했거든요~각자 태블릿이 있긴하지만 제가봐도 수업시 화면이 작아 수업내용이 잘 안보이고 역시 큰화면으로 봐야 제대로 수업할수있는것 같아 노트북 한대더 들였어오~~올해도 원격수업들어갈꺼같아 미리 알아보고 구매하였지요~~전자제품 사용해보니 as의 최고는 삼성이기에 다른 브랜드는 우선순위에 두지않았어요~학교 줌수업으로도 사용하고 아이가 컴퓨터에 관심도 많아 요 제품으로 선택하였는데 최고의 선택이였네요~~~거기다 행사까지 해서 너무 좋은 가격으로 구매하게되어 너무 만족합니다~~거기다 배송도 빠르고 사은품도 주셔서 아이에게 커다란 선물이 되었습니다~새해 복 많이받으시고 번창하세요~~,[]
21.01.23.,5,"하루만에 배송되어서 깜짝 놀랐어요.
중학생 되는 딸 입학선물이에요.
컴알못인데 여기저기 알아보고 검색하고 사양 꼼꼼히 비교해서 결정했어요.
윈도우 정품인증시 조금 애먹었는데 비교적 쉽게 했어요.
한컴오피스도 잘 설치했어요.
색상도 맘에 들어요. 딸이 좋아해서 저도 저도 좋습니다.
궁금한게 있어 전화했는데 꼼꼼히 친절하게 잘 설명해주셨어요.감사합니다.잘쓸께요.","['https://phinf.pstatic.net/checkout/20210123_219/1611406117886xPNQI_JPEG/review-attachment-947b3aca-9d8d-49db-b130-54411b35af0e.jpeg?type=f287', 'https://phinf.pstatic.net/checkout/20210123_128/16114061399912YUVF_JPEG/review-attachment-8ceafd4c-ad63-4f15-9d8d-00390f7aa15c.jpeg?type=f287', 'https://phinf.pstatic.net/checkout/20210123_61/1611406128548UeKFQ_JPEG/review-attachment-5b01e06a-e05d-461a-938c-abc17b6aff30.jpeg?type=f287']"
21.03.13.,4,아이가 탭을 이용해서 수업을 들었는데 올 해 부터 시간이 확대되어 노트북을 구매하게 되었습니다. 메인으로 쓰는 데스크탑이 있었기 때문에 줌수업 인터넷 서치 정도만 되는 사양을 골랐고 마침 지마켓에서도 세일 해서 아주 저렴하게 구입했어요일단 화이트색의 깔끔한 외관이고 화면도 15인치라 큼직하니 수업 듣기 딱 좋습니다. 다만 정말 아쉬웠던건 TN패널이었습니다.사실 액정패널까지는 고려하지 않았던터라 잘 몰랐는데 사양 좋은 데스크탑을 쓰다 보니 이 패널이 정말 거슬리더라구요그래서 오늘 바로 사설 업체서 액정 업그레이드까지 마쳤습니다. 속도도 빠르고 외관 좋고 액정까지 제 마음에 쏙들게 바꾸니 가성비 갑입니다. 사진은 액정 업그레이드 전 사진이고 아마 사진으로는 액정 패널까지는 잘 표현되지는 않는 것 같네요..,[]
21.02.20.,4,"우선 용도는 올해도 집에서 온라인 수업을 들어야할 아이들의 온라인 강의용입니다.그래서 cpu, SDD, 화면 크기 등을 고려해서 삼성 15인치 노트북 NT350XCR-AD5AS로 결정했습니다.혹시나 용량이 모자랄까봐 HDD만 하나 추가했네요.쿠폰 적용하니깐 가성비가 확 올라가네요^^배송은 삼성박스(?)에 한 번 더 포장되어서 다른 추가제품이 담겨져 왔습니다.외관은 은색 메탈이어서 고급져 보이고 단단합니다.단 프리도스이기 때문에 컴퓨터를 전혀 모르는 분들은 약간의 노력이 필요합니다.다 설치 하고 나니, 속도도 빠르고 만족합니다.",[]
21.02.21.,5,"G마켓 / 삼성전자공식[삼성-Mall]에서신학기-디지털할인으로 599,000에 구입했어요.옵션가 10원으로 화이트로 구입했어요ㅋ그레이보단 훨 나은듯ㅋㅋ사은품인 무선마우스도 화이트로 왔고,쇼핑몰프로모션상품인듯한 패드도 함께 와서주변기기 신경안써도 되니 넘 간편합니당!게임용으론 부적합하다는데 게임은 안하고인강하고 문서와 인터넷, 2D그래픽작업용도로 구입한 건데15.6인치 화면크기는 좋은데데스크탑, 핸드폰, 패드, 요 노트북중요 노트북 화질이 제일 부정확해요.인강과 문서작업을 주로 할것같네요.내인생 '첫'노트북인데 최종으로 맥북프로구입까지 갔었는데,직관적인 성격이유도 있고, 일반학교나 회사용으로는 윈도우되는 노트북이 낫겠더라구요.타사노트북구입했다 국내제품으론 삼성이 더 낫다는관계자말을 듣고 결제취소하고지난 금욜오전 신청했는데 담날토욜오후에 총알배송===333받았어요ㅋㅋ가성비 좋고 속도도 빠른 편입니다.저는 이동가능한 정품윈도우10도 구입해서판매자분이 직접 설치한후 배송해주셔서정품등록후 사용하고 있습니다.",[]
21.02.23.,5,원래 작년 빅스마일데이때도 노트북을 구매하였는데 이번에는 와이프가 노트북 하나 필요하다고 해서 별 기대도 하지않고 무심코 지마켓에 로그인하였더니 때마침 빅세일 기간이라 노트북을 검색하던 중 수많은 노트북 제품 중에 요녀석! 바로 NT350XCR-AD5AS모델이 유난히 끌려서 구매를 하게되었습니다 . 특히 무엇보다 브랜드가 SAMSUNG이라는게 가장 큰 매력으로 다가왔구요. 행사기간이라 배송이 늦을거라 생각하고 다음주까지는 오겠지하고 있었는데 생각치도 않게 빠른 배송에 놀랐습니다 .도착하자마자 수월하게 세팅도 하고 이번 기회에 저렴하게 잘 주문한 것 같습니다. 디자인도 사진으로 봤던것보다 슬림하고 키판 배열도 깔끔하고 심플하여 와이프가 아주 만족합니다. 같이 동봉되어 온 마우스도 맘에 들고요. 다음번에 또 기회가 되면 주변 지인들에게 추천하고 싶을 정도입니다 . 잘 쓰겠습니다. 삼성 화이팅! 감사합니다.,[]
21.02.01.,5,NT350XCR-AD5AS 사무용으로 사용하기에 적당한 노트북 추천.웹카메라가 있어서 화상회의나 문서작성 인강용으로 적당한 노트북을 찾던중 가성비가 좋아 선택하게 되었다.기본제품은 윈도우가 설치되어 있지 않으니 윈도우를 추가 구매하면 된다.제품하단을 전체 분리하지 않아도 소켓만 열면 메모리 또는 하드디스크 업그레이드가 편하게 되어 있다.키스킨은 필수구매 새제품인데 키보드에 음료라도 쏟으면 원하지않은 지출이 발생한다.노트북 가방도 포함되있지 않으니 필요하다면 별도로 주문해야한다.게임용이아닌 업무용으로 단순작업을 불편없이 사용하기에 충분한 성능이라고 본다.,[]
21.02.17.,5,구성물은 노트북 심플하게 본체와 충전용 어댑터 그리고 제품보증서 및 설명서가 같이 동봉되어있습니다키보드 자판은 생각보다 타감이 좋습니다 지금 리뷰를 진행하면서 타이핑 중인데 아주 괜찮습니다그리고 숫자패드도 같이 있어서 사무용으로 쓰기에 적합하다고 생각합니다화면도 15.6인치로 큼지막합니다최초 부팅시 프리도스로 리눅스os가 설치되어 있습니다사양도 기본 i5 프로세서에 메모리가 8기가가 장착되어있어서 작업 환경이 아주 빠르고 좋습니다노트북 뒷판을 전부 까지 않고도 손쉽게 교체 업그레이드가 가능할 수 있도록 구멍을 만들어놔서 손쉽게 교체 및 업그레이드가 가능할수 있게 만든것도 아주 좋았습니다,[]
21.03.14.,5,"아버지가 노트북이 필요하셔서 구매하게되었습니다.가격대비 성능이 정말 좋다고 생각합니다.게다가 삼성브랜드라서 추후 A/S 필요할때도 걱정할 필요없어서 좋을 것 같아요.구입시기가 조금 늦어져서 2주 조금 넘게 기다려서 받았는데그만큼 인기가 많다는거죠.그래도 예상보다 빨리 도착했네요. 인내하며 기다린 보람이 있습니다.게임이나 디자인 작업할 것이 아니라면, 이만한 가성비 최고 컴퓨터는 없다고 봅니다.디자인 고급지고 성능이 너무 마음에 드네요.가격도 착하고 주변분들에게 적극 추천하고 싶습니다.",[]
21.02.25.,5,"스마일 행사로 할인쿠폰 팍팍 먹여서 플렉스 했어요.
집에서 문서 인터넷 간단한 사진편집용으로 쓰고 가끔 가지고 나갈일도 있어서, 고가 초경량은 아니지만 삼성노트북 플렉스를 구매하길 잘 한 것 같아요.
화이트옵션에 화이트 마우스까지.
15인치 화면에 얇삭한 키보드와 커서키도 맘에 드네요. 윈도우10은 미리 준비해두면 되겠어요.
상세페이지에 윈도우10 다운로드 부터 설치까지, 삼성 드라이버와 소프트웨어도 안내가 잘 돼 있어 초보자도 할 수 있겠어요.
아, 이 노트 플렉스는 컴알못 누나에게 추천하고 대신 구매해줬어요. ^^",[]
21.02.25.,5,부모님이 가끔 사무용으로 사용하실 컴퓨터가 필요해서 데스크탑이랑 노트북 고민하다 구매했습니다.15인치 대화면 i5 cpu 8기가램 ssd 장착에 삼성 제품이 이 정도 가격이면 정말 가성비 너무 좋고도 남는 제품인거 같습니다.사진보다 실물 디자인이 훨씬 더 괜찮은거 같고 색상이 아버지 주문으로 그레이 선택 했는데 정말 깔끔하고 심플해서 좋네요. 오래 봐도 질리지 않을 색상일거 같고 오랜만에 정말 만족할만한 쇼핑이네요.디지털데이 이용해서 가격도 저렴하게 잘 구매했습니다.서비스로 주신 패드 마우스 잘 사용하겠습니다!,[]
21.02.20.,5,기존에있던 엘지노트북 10년돼서 키보드도 안먹고 엄청 느려져서 새노트북이 필요했어요 제가 게임을 하거나 그런것도 아니라 고사양은 필요없고 문서작업이나 인터넷정도 잘 되는걸로 가성비따져 알아봤는데 삼성이 젤 낫더라구요집에서만 할거라 화면도 커서 오히려 좋구요화이트 넘 예쁘구요 ㅎㅎ어제 주문했는데 오늘 오후에 도착이라니 엄청 빨라요 ㅋㅋ 화질도 좋구요 깔끔해요속도도 빠르고요윈도우설치도 금방했고 삼성꺼라서 드라이브설치도 쉽네요^^ 숫자자판도 오른쪽에 따로 있어서 넘 편해요디자인 성능 모두 만족스럽고가격도 엄청 저렴하게 구매했습니다^^,[]
21.03.13.,5,"2021년 2월 23일 구매하였고 2021년 3월 12일 배송 받았습니다. 너무 오래걸려서 취소를 할까 말까 고민 많이 했었지만 다른곳 검색도 해보고 주말에 가전 행사하는 곳도 가봤지만 같은 사양에 이가격은 없어서 기다리기로 결정하였습니다. 받아보니 기다리길 잘한것 같아요. 포장 깔끔 하구요. 배송도 저녁시간에 된다고 문자오더니 예정시간 보다 빨리 오전에 받았습니다. 윈도우10, HDD 1테라 추가해서 구매했는데 설치 다 되어와서 정품 인증만하면 되고 편했습니다. 소음 얘기하시는 분들 계시던데 많이 거슬리는 정도는 아닙니다. 인강용으로 쓰시기엔 정말 가성비 갑 맞는것 같습니다. 사은품으로 주신 무선마우스도 화이트라 더 좋구요. 할인쿠폰 뜰때 저럼히 구매해서 더 좋습니다. 상품문의 답변도 빨라서 좋았습니다.저는 구매 적극 추천합니다. 번창하세요~^^",[]
21.02.22.,5,"막내도 이번에 입학하게 되어서, 노트북을 하나 더 살 필요가 있을 듯 하여.. 폭풍 검색과 조언을 듣고 가성비 괜찮은 NT350XCR-AD5AS 구입하게 되었습니다. 프리도스라 윈10 USB 만들고 윈10 설치하니 빠릿빠릿 잘 돌아가네요!!^^ 요즘 나오는 고성능 노트북에 비해 무게는 무거운 편이구요. 소음은 거의 느껴지지 않습니다. 어짜피 들고다닐 용도로 구입한건 아니라 무게는 많이 신경쓰이지 않네요~~^^ I5에 SSD256 에 이정도 가격이면 진짜 넘넘 괜찮은듯! 저 살땐 화이트가 없어서 메탈로 샀는데ㅎㅎ 메탈도 괜찮네요^^",[]
21.02.24.,5,"인터넷카페에서 핫딜 정보를 얻어 구입하게 되었는데, 가격 대비 완전 만족합니다. 컴알못이라 잘 모르는데... 기존에 쓰던 i3보다 확실이 빠릅니다. 색상도 고중학교 입학하는 딸아이 온라인 수업용으로 구입했습니다. 54만원에 구입해서 2가지 빼고 다 만족하는데, 하나는 색상(화이트 구입하고 싶었지만 그때는 없었음), 다른 하나는 두께(조금 두꺼운 느낌 ^^;;)NT350XCR-AD5AS 가성비 노트북으로 대박입니다. 사은품으로 주신... 마우스도 넘 좋아요(특히, 그립감)더 좋은 상품 많이 판매해주세요.",[]
21.01.09.,5,"학원 수업용으로 쓰기위해 한달 정도 시장 조사한 후에 선택한 컴퓨터 입니다 . 첫째 가성비가 뛰어 날것. 둘째 A/S가 잘 될것. 셋째 지금 6년째 쓰고 있는 컴퓨터 보다는 성능이 뛰어 돈날것 넷째 지금 하고 있는 업무어를 효율적으로 할 수 있을 것. 홈쇼핑과 그리고 오프라인을 다 둘러봐도 여기서 11번가 각종 쿠혼 혜택, 특이 매력적이었던 22개월 무이자 혜택으로 부담없이 컴을 고를 수 있었습니다. 배송은 약간 느렸지만, 이건 이미 공고한 것이고 택배사에 입고된지 이틀이 지나서야 받을 수있었습니다. 택배로 오기에는 저에게는 고가의 물건이어서 엄청 걱정했지만 아직까지는 잘 작동하고 있습니다. 세련된 디자인 ,부팅 속도 완전 빠릅니다. 음향 좋습니다. 그러나 발열감이 지금 쓰고 있는 컴보다는 더 나고 소리도 조금 더 나오는것 같아요. 아마도 베젤이 얇아서일까요? 그래도다른 비싼 컴퓨터보다는 돈을 덜 들였으니 제발 고장안나고 잘 쓰여졌으면 좋겠습니다. 참고로 키보드판이 제가 생각했던 것보다는 작아서 두터운 제 손이 감당이 될지는 더 두고 봐야 겠어요. 멋진 노트북을 잘 배송해주셔서 너무 감사합니다.",[]
21.03.11.,3,NT350XCR-AD5AS 구매했어요.오랜 고민 끝에 노트북을 장만했습니다. 제품 품절로 배송이 3주 가까이 걸린 것 외에는 상품 마음에 듭니다. 배송예정일이 21. 3.12일 이었는데 오늘 바로 왔네요. 기다린 보람이 있습니다. 사이트에서 안내해 준 윈도우 설치 방법대로 설치하고 부팅을 하니 제대로 작동이 되네요. 무엇보다 2021.3월 제조해서 보내주신 신제품이라 중고품이 아닐 거 같기때문에 더욱 더 마음에 듭니다.색상은 화이트로 하길 정말 잘 한 것 같아요. 시원시원해보이고 각진 것이 업무하기에 유용하고 좋을 거 같아요. 편리합니다. 동봉해 주신 마우스 패드와 마우스 잘 쓰겠습니다.포장도 이중 박스로 되어있어 마음에 듭니다.,[]
21.03.19.,5,"요새 코로나로 인해서 온라인 수업을 하는데요
그래서 노트북이 급하게 필요하게 되었습니다.
어떤 노트북이 좋을지 고민하였는데 마침 세일도 진행하더라고요
그래서 이때다 싶어서 리뷰가 좋은 노트북을 찾았는데
NT350XCR-AD5AS 이 노트북이 가성비가 좋다고 하여
구매하게 되었습니다.
인기가 너무 많아서 한달가량 기다렸는데요
기다린 보람이 있습니다.
화이트랑 기본 색이랑 고민하다가 기본이 더 고급져 보여서 샀는데요. 색도 대만족이고 상품도 깔끔하고 강의도 잘보이고 제가 사용하는 툴도 잘 되어서 완전 만족입니다. 노트북 구매하시려는 분에게 강추입니다.
가성비 노트북 필요하신분 강추입니다.",[]
21.01.30.,5,택배대란이 검색어에 뜨고 혹시나 내 노트북이 멈춰있지않을까?했지만 2일째되는날 바로 영접했습니다! 포장이 일단 너무 안전하게 왔었구요13년부터 8년째 삼성노트북을 쓰고있었는데 그때 당시와 비슷한 70만원대의 가격대지만 i5 성능과 다른 스펙들은 비교가 안될정도로 좋아서 앞으로 행복하게 쓸일만 남았습니다! 재택근무할때도 좋고 게임에도 나쁘지않게 여러용도로 가능할것같아요!윈도우설치는 블로그에 잘나와있으니 누구나 문제없이 할 수 있습니다!,[]
21.03.12.,5,"기존 노트북이 너무 느려 새로운 노트북을 보다가 저렴한 가격으로 이벤트를 하여 구매를 하였습니다.I5 10세대, 8GB에 256 GB NVMe SSD 를 56만원에 구입이라니 정말 괜찮은 조건이었습니다.예약 판매이다 보니 오래 기다려야 한다는 불편함이 있었지만 어차피 아이 인강을 대비한 것이라 3월에 받아도 상관이 없었거든요.조금 기다리고 80만원 노트북을 56만원이면 정말 기다려 볼만 하죠.12일부터 배송된다고 하셨는데 전 11일 받았어요.받자 마자 윈도우 설치 및 셋팅을 해 보았는데 좋은 CPU이다 보니 정말 빠릿빠릿하네요.정말 가격 대비 품질 짱입니다.갓성비이네요.^^흰색이라 더욱 깔금해 보이고 정말 좋은 것 같아요.",[]
21.03.16.,5,동영상 강의와 과제용으로 가성비 넘치는 노트북이 없나 고민하다가마침 세일해서 60만원에 살수있길래구매해봤어요사은품으로 무선마우스와 키보드패드가 와서 너무 마음에 들어요힐링쉴드랑 노트북 가방이랑 파우치 함께샀는데 그것도 사실 잘한거같아요컴퓨터 잘 못하는데 윈도우 설치방법 친절하게 안내되어있어서그대로 진행했더니 윈도우 설치되었어요다 설치된노트북사면 비싼데 이건 윈도우설치하고 업데이트하는방법도 잘 안내되어서 마음에 들어요노트북 속도는 큰 기대 안했는데 아주빠르고발열도 없는거같고 배터리도 괜찮은거같아요특히 삼성 as가 믿을만해서 아주 좋아요아주 노트북 잘 구매한거같네요!!,[]
21.02.20.,5,"넘~~ 맘에 들어요~ 직장에서 준 노트북만 쓰다가 집에 하나 구비해야 되서 여기 저기 다 들어가보고 비교하며 고심했는데 옥션에서 디지털 세일 행사를 하여 좋은 제품을 싸게 구입했네요~ 회색이 물려서 하얀색으로 했더니 넘 깨끗해서 이쁘구요~ 램은 16기가, SSD는 512기가로 했어요~ 윈도우도 fpp로 구매했구요~ 홈쇼핑같은데서 cpu 펜티엄이나 i3 복합기랑 블루투스 이어폰주면서 비슷한 가격대에 판매하던데 저는 사양을 높이는게 더 좋은것 같아요. 키보드 먼지쌓이는게 싫어서 실리콘 키스킨 추가하고 노트북가방도 구매했어요~ 이틀만에 배송되었는데 조금 늦게 구매했으면 예약 구매해야해서 한달 뒤에 받는걸로 바꼈더라구요. 옥션에서 판매 1위 찍어서요~ ^^ 사람들 다 좋은 조건인줄 알고 많이 구매하나보다 했어요~ ^^",[]
21.02.22.,5,신학기 맞아서 노트북을 구입하려고 하는데 타이밍 좋게 지마켓에서 할인하는거 있죠. 이 참에 정말 사고싶은 노트북이 할인하는거에여. 삼성에다가. 시피유는 I5 로 되어 있는데 가격이 50만원데 라니????? 바로 구입했습니다. 배송도 하루만에 다음날에 와서 더욱 좋았어여. 오픈한후 보니 역시 삼성이라는 말이 나올정도로 깔끔한 디자인 부팅 버튼을 누루니 조용하게 시작되는것이 있죠. 무게도 가볍고 충전단자도 가벼워서 들고 다니기 아주 좋을거 같애요. 요즘 최신 노트북이 이렇게 저렴하고 멋지게 나와서 아주 좋습니다. 잘산거 같애요. 추천합니다. 오랫동안 잘살 거 같애요. 사은품으로 마우스도 주시고 노트북이 15인치인데 이렇게 가벼워서 최신기술의 발전을 느낍니다. 추천합니다.,[]
21.02.20.,5,"노트북이 하나 필요해서 고르던 중 선택했습니다.배송이 빨리왔네요 주문이 폭주해서 몇일 걸릴 것 같았는데.배송 이중 박스 포장으로 잘 왔구요.마우스, 패드 하나씩 동봉되어 왔습니다.예전에는 가방이 증정되었는데 이젠 증정이 안되죠 ㅎㅎi3 급으로 하려다가 10여만원 차이면 앞으로 사용을 생각해서 i5급으로 결정했습니다.듀얼코어와 쿼드코어 차이라서 가능한 쿼드코어 정도는 되는게 좋습니다.램 8기가.. 전반적인 인터넷 사무용 무난한 사양입니다.디자인도 예쁘고 15인치 큰 화면에 다 무난무난 하고 삼성이라는 AS등...물론 가성비 사양을 따지자면 요즘 AMD프로세서 탑제한 타 브랜드가 더 좋겠지만... 무난한건 삼성인것 같아요.윈도우 설치해서 구동해보니 속도 빠르고 좋습니다.드라이버 설치도 삼성제공소프트웨어 설치하면 한번에 설치 가능하니 편리하구요.!추천합니다.!",[]
21.03.13.,5,"3월12일 발송예정이었는데 9일에 받았어요. 일정보다 빠르게 와서 기분이 더 좋았습니다.
초등생 딸 아이 신학기 선물로 이 스펙을 저렴하게 구매해서 살수있어서 너무 좋았습니다.
속도 빠르고 성능 좋고 맘에 안드는게 하나도 없네요.
색상을 흰색으로 주문할걸 하는 아쉬움이 남긴한데 그래도 딸아이 줌수업 이제 패드나 데스크탑으로 안하고 노트북으로 한다고 많이 좋아하네요.
선물로 주신 무선마우스도 맘에들어요. 강추합니다~!!",[]
21.02.20.,5,삼성이나 엘지 중에서 그램이나 이온보다는 저렴한거 사고 싶어서 LG 울트라 pc랑 플러스2랑 고민했는데 할인기간에 더 좋은 조건으로 구매할 수 있어서 이거로 구매했습니다. 일단 코어가 i5라 응답도 빠르고 좋아요. 무게는 그램 쓰다가 써서 그런지 무겁기는 한데 이 가격에 이정도면 괜찮다고 생각해요. 화면도 15인치라 좋습니다. 배송도 빨리 왔고 문의 남기면 답변 빠르게 달아주셔서 좋았어요. 색상 랜덤이지만 무선 마우스도 주셔서 좋습니다. 그램이나 이온 사기 부담스러우시면 삼성 노트북 플러스2 추천드립니다! 참고로 저는 윈도우랑 키스킨 추가 했어요.,[]
21.02.26.,5,갑작스레 노트북이 필요해서 여러가지로 알아보던중 지마켓/ 삼성몰에서 (NT350XCR-AD5AS )가성비 짱짱인 노트북을 발견하고 바로 결제 후 수령해서 쓰는중인데 완전 만족하고 있습니다^^일단 배송이 너무너무 빨라서 너무너무 좋았구요 포장도 정말 꼼꼼하게 되있어서 맘에 들었습니다 사진처럼 마우스랑 마우스패드를 사은품으로 주셔셔 좋았구요 윈도우설치 후 인증까지 하고 여러가지 실행 해보니 쓸수록 만족도가 높아지고 있습니다 그리고 부팅이 정말 빠르고 15.6인치의 큰 화면도 유튜브를 볼때도 너무 좋고 문서 작성시에도 너무 좋습니다 많이 무겁지 않아서 휴대성도 좋고 컬러도 그레이로 잘 선택한 것 같습니다 소음도 거의 없구요 키패드도 넓어서 정말 좋습니다 그동안 알아봤던 노트북들은 가격차이가 심하고 너무 비싸기만 해서 별로였는데 가성비 짱짱!!! 저는 여러가지로 정말 만족하고 있습니다,[]
21.02.21.,5,작년에 아이들 온라인 수업한다고 오래된 노트북들고 끙끙대서 이번에 새로 구매했습니다. 컴퓨터에 무지해서 이사이트 저사이트 둘러보기도하고 여러매장 들러 상담도 받아봤지만 결정을 못하고 있었죠.솔직히 한달 넘게 고민했습니다.그게그거 같고 별다른것같지 않은데 가격차이도 심하고..우연히 지마켓을 둘러보다 평이 좋길래 들어와봤드니 어라? 사양도 좋고 가격은 더 좋더라구요.집에서만 사용할거라 무게는 크게 신경 안써서 더 좋았어요.진작 NT350XCR-AD5AS를 알았으면 더 좋았을걸^^와~~배송도 진짜 빠르고 속도도 진짜 빠르네요.외관도 메탈릭하고 자판도 타자감 좋아요.강추합니다!!!모두 사세요!!!,[]
21.02.19.,5,"아버지 간단한 서류작성용으로 구매했는데요
색상 넘 맘에들고 제가 화이트 써봤는데 때가 많이타는편이라서 색상은 실버톤이 깔끔해보이네요
화면도 적당하게 인치 맘에들구요
무엇보다 삼성제품을 좋아하고 믿을만해서
무조건 삼성제품 중에서 구매했는데 가격도 너무 착하고
업글도 쉽게 할수 있어서 좋은거 같아요
윈도우 설치받아서 바로사용할수있어서 편리했고
마우스랑 패드 무료고
저는 키스킨 화면필름 구매했어요
전체적으로 울아부지가 쓰기엔 아주 가격도 맘에들고 제품도 튼튼해서 맘에들어여",[]
21.02.25.,5,3월달에 오는줄 알았는데 3일만에 도착했습니다! 쿠폰 먹여서 싸게 구입했는데 디자인도 생각보다 훨씬 고급지고 불량없고 성능도 만족합니다! 액정 패널 시야각이 조금 답답한 면은 있으나 감안하고 구매했기 때문에 큰 불편은 없습니다.추가구매한 키스킨은 저렴하긴 한데 그만큼 키보드와 일체감이 떨어지는 것 같습니다. 다른 제품으로 바꾸시면 더 좋을것 같아요.잘 쓸게요!,[]
21.02.25.,5,오래도록 써왔던 데스크톱 컴이 교체시기되 되어 고민 끝에 노트북 검색을 해보던 중에 평소 자주 이용하던 G마켓에서 빅세일 행사 중임을 알고서 꼼꼼히 살펴보던 중에 삼성 노트북 플러스 NT350XCR-AD5AS를 만나게 됐어요. 지마켓에서 구매했던 제품은 늘 만족할 수 있었던데다 컴퓨터만큼은 믿고 쓸 수 있는 삼성제품이기에 매우 만족합니다. 배송이 늦어져 3/12일에 배송된다해서 좀 더 빨리 주문하지 못해 아쉬워하던 중에 2/21에 주문했었는데 놀랍게도 오늘(2/25) 제품도착예정 문자를 받고서 설레는 기분으로 즐거운 기다림의 시간을 보냈어요^^배송 기사님이 근처에 왔다고 전화주시고... 딩동~ 벨이 울려 나가자 본인 유무 확인까지 하시고 제품을 전달해주시더군요~^^ 이전에 물려받아 쓰던 거의 초기모델 중고 노트북도 삼성제품이었는데 처음으로 구매한 삼성 노트북! 후회없는 선택이 될 거라고 확신합니다~!!^^,[]
21.02.26.,5,노트북 넘 잘 샀다고 주위에서 칭찬을 많이 들었어요...이가격에 사양도 넘 좋은거라고 지인은 노트북 백마넌 넘게 줬을거라고 하길래 금액이야기하니 거짓말이래요..ㅋㅋ컴조립하시는 분도 이가격이면 자기도 사달라고 하시더라구요...업글하고 받았는데 속도도 장난아니게 빠릅니다..넘 뿌듯하고 넘 좋은 제품 구매할수 있어 고맙습니다.혹 또 할인행사가 있으면 지인이 바로 구매해달라고 하네요..사업번창하시고....소문 많이 낼께요...,[]
21.02.18.,5,"엄마가 공부하신다고 사용하시던 노트북이 오래되어 새로 구입한 모델이 NT350XCR-AD5AS입니다.삼성의 리커버리가 포함된 윈도우 설치를 포함해서 구입했어요~가격이 저렴해서 구입하는데 부담이 없었고,막상 실물로 보니 디자인도 깔끔하고 화면도 커서 부모님이 너무 좋아하시네요~강의용으로 구입을 한건데 정말 가성비 최고인 듯 합니다!대학생때 삼성노트북 리커버리가 되어 포함되어있었어서기계치인데도 불구하고 오랫동안 잘 사용했었어요!구매 추천합니다^.^",[]
21.02.21.,5,"가격이 삼성 이벤트 가격 할인해서 무지 싸게 산 것 같습니다.
며칠 전에 같은 사양 74만원 주고 샀습니다.
삼성전자 삼성 노트북 플러스 NT350XCR-AD5AS
저는 616,440 원에 구매 했어요.. 카드 추가 할인하면 4만원 이상 더 저렴하게 구입할 수 있는데 적용할 수 있는 카드가 없었네요.. 그래도 이번 삼성 이벤트 기간에 가성비 있게 구매해서 불만 없습니다.
11세대 i5 라서 속도도 마음에 들고, 8Gb, 256 SSD 사양이 고사양이라 망설임 없이 구매 했습니다.
이왕에 외장하드도 T7 1TB 구매해서 노트북에 써 봤는데,, 엄청 속도가 빠르더라구요..
그래서 외장하드 1개 더 추가 구매 해서 사용하고 있습니다. 무게 때문에 13인치 화면을 살 까 하다 NT350XCR-AD5AS 노트북 성능 때문에 구매 했는데 아주 만족합니다.",[]
21.02.19.,5,흰색 재입고 예정이 없다고 해서 구매했는데 생각보다 이쁘네요그래도 흰색이 이쁜거같긴합니다. 빠르게 구매한 덕인지 빨리 받아서 기분좋네요일단 사무용으로 사용할거라 i3도 괜찮았지만 가격이 너무 훌륭해서 i5로 구매완료!!!정말 만족스럽습니다!! 오자마자 윈도우 설치하니 삼성관련 프로그램 좋네요!! 이래서 삼성삼성 하나봅니다판매자 질문 응답속도도 빠르고 물건은 조금 오래걸렸지만 만족할수밖에없네요~~솔직히 같은 가격에 다른 대안도 많았지만 삼성의 A/S값이라고 치면 오히려 싸다고 느껴저서 바로 구매했네요번창하세요~,[]
21.03.14.,4,"가성비로 괜찮은 노트북임에는 분명한놈입니다. 메모리램은 꼭 8G에서 16G로 업글하시면 가성비 사용기간이 조금은 늘어날것 같이요>> 요즘 저장장치용량은 종류나 사용용도에 따라 다양하기때문에 기본 용량도 괜찮다고 판단을 해서 기본 용량을 사용하고 있습니다. CPU는 일체형이기 때문에 1~2년 성능 좋게 사용하시려면 i7이상으로 가시는게 좋지 않을까 판단이 되고, 저는 가성비를 우선 하였기에 이제품을 구매 하였습니다.",[]
21.02.20.,5,아이 원격수업용 갤탭이 고장나서 탭 사려다가빅세일 기간에 가격 좋은 노트북 추천 받아서 구입했는데아이가 좋아하네요.총 16기가로 구입했어요. 아이 혼자 쓰는 거니 ssd는 256으로메탈이라 좀 자판 있는 부분이 어두운 느낌이긴 하나속도 빠르고 가격 좋고 만족스러워요.윈도우 미설치 제품이라 집에서 깔았어요. 학생 원격학습 및 과제작성에 딱이네요. 제 업무용으로 좋을 듯고요.,[]
21.03.18.,5,초3아이 온라인 줌수업을 해야해서 작년부터 노트북 검색했는데 적당한 가격에 적당한 사양 노트북이 없어 6개월 가까이 구입 못하다가 이번에 구입했네요. 브랜드도 삼성이여서 as걱정없고 노트북 옵션도 화이트 추가해서 받았더니 무광에 무게도 가볍고 괜찮은것 같아요. 코로나로 어디든 온라인수업때문에 적당한 가격 노트북 구하기가 힘들었는데 카드할인과 쿠폰덕분에 잘 구매했어요. 감사합니다.,[]
21.03.17.,4,배송만 빠르면 넘. 좋았을것 같아요. 흰색 보다는 은색이 나은듯 하여 선택 했는데 그것도 아주 좋았던것 같아요..가성비가 일단 좋아서 만족 하고 속도도 괜찮은 듯 해요. 집에서 문서 작업 할 용도. 아이들 수업 할 정도로 딱인 듯 합니다. 오래 기다렸는데 크기가 큰 것도 만족해요. 화면이 커서 아주 보기 좋네요. 다만 들고 다닐 용도라면 좀 힘들 것 같기도 합니다. 저는 모든걸 따져 봤을때 이정도면 만족해요!!,[]
21.01.25.,5,"윈도우7 지원이 끝나면서오랫동안 사용해 오던 PC,,와는 작별을 하고새로 노트북을 구입하게 됐어요.정말 오래 고심하구 고르고 고르다이 제품을 선택했습니다.주문하고 이틀만에 노트북 도착.설레는 마음으로 박스 개봉하고 전원을 켜니 바로 화면이 뜨더군요. 부팅 속도가 이렇게 빠를수가..정말 놀랐네요.이제 새로운 마음으로 자료들 정리해 놓고 앞으로의 작업이 기대되네요.제품 정말 마음에 듭니다.최소 5년 이상 아니 그이상 오래 쓸 수도 있을듯 하네요..리얼 후기입니다~^^",[]
21.02.22.,5,노트북이 필요했지만 비싼 가격때문에 망설이다가 괜찮은 가격으로 올라와서 고민하다가 구입했어요. 집에서 사용하는거라 너무 작은것보단 적당한 크기를 원했는데 직접 받아서 보니 딱이네요. 속도도 빠르고 화질도 좋고 만족스러워요. 제가 구입할땐 화이트도 있는지 몰랐는데 깔끔하고 이쁘겠어요. 회색은 시크하면서 깔끔해요. 만족스러워요. 배송도 완전 빨라요. 주문후 다음날 집에 도착했어요.,[]
21.02.03.,4,아이들 인강듣던 컴터가 고장나서 노트북 구매하기로했다컴알못이라 어떤거 살까하다가 기능도 기능이지만 as가 2순위~ 삼성으로 정하고 가성비 찾다가 11번가 11절 행사때 잘구매했다~~ 사양좋구 업그레이드까지 했다 빠르다 단지 패널이 ips가 아니라 굉장히 고민했는데 생각보다 나쁘지않았다 들고다는거보다 집에서 쓸꺼면 괜찮은듯 ..문서작업.인강용. 가끔하는 게임도 잘돌아간다,[]
21.03.11.,5,"삼성 노트북 플러스 NT350XCR-AD5AS , 이번에 구입했는데, 아주 좋고, 매우 만족합니다 ^^전에 쓰던 것도 삼성 노트북이었는데, 믿고 쓰는 브랜드라 이번에도 삼성 노트북만 봤습니다. 구입시기가 조금 늦어져서 2주 조금 넘게 기다려서 받았는데,,,그만큼 인기가 좋아서겠지요, 그래도 예상보다는 좀 일찍 도착했고,,, 인내하며 기다린 보람이 있습니다. 게임할 것이 아니라면, 이만한 가성비 최고 컴퓨터는 없다고 봅니다.",[]
21.03.21.,5,"화이트색상 사려고 할인 기다렸어요.실버보다 때는 더 타긴 하겠지만 집-카페에서만 쓸거고, 노트북 가방에 넣어 다닐거라서 괜찮을거 같아요.실물 매장에서 봤는데 화이트가 이쁘더라구요!무게도 옛날 노트북에 비하면야 가벼워요~배송은 공지대로 3.12에 발송됐어요.택배 박스는 슬림한 박스에 넣어서 왔어요.2월에 할인이 많이 됐었는데 지금은 올랐네요.할인 당시에 변동이 워낙 잦아서 혼란스러웠는데 그래도 제품은 잘 되니까 만족해요.",[]
21.03.15.,4,배송 너무 늦게 왔으나 비교적 저렴하게 구입한 줄 알았는데 아무런 파일이 깔아 있지 않아 윈도우10과 MS오피스 별도로 구매해서 생각보다 깔다보니 각각의 비용 별도로 들고 제대로 프로그랭이 안깔려 당황했어요 이제는 잘 사용 중입니다 속도 빠르고 용량도 커서 사무용으로 좋네요,[]
21.01.20.,5,부모님께서 간단한 업무용으로 쓸 노트북을 알아보다가 마침 11절 타임특가 행사로 해당 모델이 떠서 가격 사전 비교 후 구매하게 되었어요. 선착 문화상품권 1만원 이벤트가 있는지 몰랐는데 해당돼서 그것도 문자로 받고 선물하기 옵션 사용해서 오케이 캐시백 추가 적립도 받고 알찬 쇼핑이었어요. 프리도스 모델이라 윈도우 키 사서 깔았는데 잘되구요. 생각보다 가볍고 발열도 없고 좋네요. 지금도 행사 특가 중인거 같은데 11절 가격과 2만원 정도 밖에 차이도 안나고 최저가이니 여기서 사세요. 저도 바로 발송인줄 알고 있다가 5일째 발송 지연 때문에 전화문의 했었는데 연결 좀 힘들었지만 친절 응대해 주셨고 답변 보다는 빨리 받았어요.,[]
21.01.24.,5,"인터넷 강의용으로 갑작 스럽게 필요하여 큰맘먹고 구매 했습니다. 외부 포장은 골판지로 내부는 뽁뽁이 및 스티로폴등으로 꼼꼼하게해다 주셨네요. 배송은 정말 빨랐어요. 전날 주문했는데 다음날 바로 도착할정도 엄청 빠른 스피드입니다. 사진처럼 기본 구성품외에 마우스패드,마우스도 같이 배송되어 왔고, 저희는 윈도우 미장착으로 요청하였고, 어렵지않게(?) 윈도우프로그램 별도구매 설치 USB로 깔수있었습니다. 그리고, 가성비가 참좋은것 같아요. 부팅 속도도 엄청 빠르고요.",[]
21.02.27.,5,"아버지 생신선물로 노트북을 사드리려고 했는데이번에 할인받아 살 수 있어서 이걸로 결정했어요.일단 가성비는 좋구요 크기는 만족합니다.무게는 다소 아쉬운정도구요, 화면은 많이 아쉽긴해요 tn패널ㅎㅎ그래도 이 가격에 이 정도 스팩에 대기업 브랜드는 사실 구하기가 어렵긴 하져잘쓸께요!!",[]
21.03.11.,5,작년 코로나로 온라인을 수업을 해보니 노트북이 필요하겠다 생각했어요.데스크탑은 카메라도 필요하고 이래저래 불편하더라구요. 이제 한창 인강도 들어야 하고 과제도 해야 하는 시점이라 새 노트북을 사기로 결정했습니다.윈도우10 설치하고 오피스 깔고 천천히 하니 좋더라구요~^^컴맹도 할 수 있습니다~ ㅎㅎ화이트가 깔끔하고 쓰기도 편해요. 너무 무거우면 어쩌나 걱정했는데 가볍고 크기도 적당해요. 포장도 꼼꼼하게 왔고 예상보다 빨리 도착했어요~^^,[]
21.03.01.,5,사무용으로 한글 및 엑셀 등 문서작업과 동영상시청을 주로하기 위해 이 노트북을 구매하였다. 제품사양이 게임을 제외하고는 아무 어려움 없고 속도도 만족스럽다. 메모리와 hdd 확장슬롯이 1개씩 있어서 메모리는 나중에 업그레이드하기로하고 1테라 hdd를 구매해서 diy로 쉽게 장착해서 마무리했다. 배송이 빠르고 가격은 동급대비 가장좋다.,[]
21.03.13.,5,대부분 인터넷이나 문서 작성용이라 비싼건 필요 없었는데 행사가로 올라온 삼성 노트북을 때마침 잘 샀어요.구매자가 많아 예약 발송이라고 해서 느긋하게 기다리고 어제 받았어요. 몇년 만에 바꾼 노트북이라 전보다 엄청 빨라진 속도감에 우선 만족하고 있어요. 이것저것 비교 많이 했는데 삼성AS 보고 그냥 구매했어요. 무난하게 사용하기 좋아요.,[]
21.03.21.,5,"오래된 노트북으로 겨우겨우 버티다가 이번에 좋은 기회를 잡았네요.
배송도 빠르고 깔끔하고 좋네요.
이가격으로 이런 제품 있을수 없는 일인데.
정말 마음에 쏙 듭니다.
i5에 8기가 램 메모리니깐 속도도 잘나오고
기계적인 충격에 강한 저장장치인 m2 256GB라서
더더욱 마음에 듭니다.
무선 마우스도 서비스로 받아서 좋았네요.",[]
21.03.15.,5,삼성 노트북 플러스 NT350XCR-AD5AS 노트북 잘 받았습니다. 예약판매라 12일 발승예정인데 13일 토요일 받았으니 생각보다 빨리 온듯합니다. 무선마우스와 마우스패드도 사은픔으로 잘 왔고 그 외 추가 주문한 것도 아직 확인 전이지만 잘 장착되었겠지요. 저렴한 가격에 구매하게 되어 판매자님께 감사드립니다~^^,[]
21.02.23.,4,"우선 행사기간이라서 저렴하게 구입 할수 있어서 좋네요
고민을 많이 했는데 무게 가벼운것을 할까
아니면 이정도 할까 고민 하다가 크게 가지고 다닐 일도 없을꺼같아서 이기종을선택을 했습니다 . 다니는 회사에 쓰는 모델하고
거기 비슷해서 윈10깔고 고민 해서 복원솔루션까지해서
지금 잘사용 하고 있네요 .마우스는 블랙이 왔네요",[]
21.02.18.,5,중학교 들어가는 아들주려고 여기저기 찾다가 세일하길래 샀어요 cpu i5여서 어느정도 빠른거 같네요메모리 8gb로 쓸만합니다 캐시도 좋고요디자인은 예뻐요 화이트였으면 더좋았을것 같은데 품절되서 아쉽지만 그레이로 했어요슬림하고 괜찮습니다. 어짜피 갤북처럼 들고다닐건 아니니까요,[]
21.02.18.,5,어제 구매후 오늘 받았습니다.이중 포장되어 왔고 박스 개봉하니 사은품인 마우스와 마우스패드와 함께 삼성 노트북이 박스 미개봉상태로 잘 도착했습니다.비교적 부속품이 간단하네요.전원연결선과 본체 그리고 설명서 끝.사은품에 그 흔한 노트북 파우치가 안들어 있어요.있어도 안쓰는데 없으니 아쉽네요.ㅎ도스상태로 와서 곧바로 윈도우10 홈을 설치했습니다.물론 파티션도 하구요.빠릿빠릿한게 잘되고 좋아요.만족합니다.색상이 실버라 조금 중고틱하지만 얇고 가벼워요.,[]
21.02.20.,5,아이가 원격수업을 할때 탭으로 하는 것이 늘 마음에 걸렸었습니다.몇날 며칠 가성비 대비 좋은 가격을 검색하던 중에 드디어 디지털데이를 맞아 그런데 삼성노트북이 좋은 가격이 나왔더라고요 외적으로 이쁜 색상과 각진 모양도 무난하고요 멋진 모양보다는 튼튼하고 무게가 무겁더라도 이동없이 가성비 대비 최고로 싸다고 생각합니다. 마음에 꼭 듭니다. 아이가 원하는 모든 조건이 충족되었습니다. 잘 쓰겠습니다.,[]
21.02.28.,4,"주말에 구입해서 수욜날 오후에 받았습니다. 주말에 7%카드할인 된다길래 취소하고 다시 구매하려했더니 카드할인 적용이안되네요. 스마일회원인데 적립금 12,000원 날렸네요. g마켓측에 문의, 행사는 예고없이 종료 될수 있답니다. 어이없지만 그래도 노트북 구입 잘 한거 같네요. 문서작업,인강,2d그래픽작업용으로 구입, 며칠 사용해봤는데 무리없이 잘 돌아가네요. 소음도 거의 없구요. 가성비, a/s까지 고려해서 최종 삼성 초이스! 후회없네요! 만족합니다.",[]
21.01.23.,5,큰아이 중학교 졸업선물 입니다. 최소 5년은 사용할거라 많은 시간 찾아보고 고민하다 이제품을 선택하고 구입하였습니다. 프리도스라 윈도우 설치를 제대로 할 수 있을까 걱정도 되었지만 생각보다 간단히 문서작업용 프로그램까지 설치 항였습니다.가끔 아빠도 사용할수 있어 사무용 스펙으로도 충분한거 같습니다. ssd라 부팅속도도 빠르고 아이 동영상강의시 끈김없이 잘 돌아갑니다.배송도 구매후 3일만에 도착했음로 만족합니다.좋은제품 저렴하게 구매한거 같아요. 감사합니다,[]
21.02.08.,5,삼성 노트북 플러스 NT350XCR-AD5AS 퓨어화이트 선택했는데 실물이 이쁘네요 스펙은 인텔10세대i5 cpu 저장공간 256GB ssd 메모리8GB 15인치 안티-글레어웹서핑하고 공부하는용도로 구매했는데 알맞게 잘구매 했네요펜티엄급 노트북사용하다가 i5쓰니 신세계네요성능 좋고 빠르고 베젤이 앏아 가벼워서 휴대하기도 좋고 아주 만족합니다 사은품으로 무선마우스랑 마우스패드 같이왔네요그리고 포토리뷰 남기면 한컴오피스팩도 준대요,[]
21.03.22.,5,고딩 메가***인강듣는데 끊김없고 잘 됩니다. 학교 과제제출 하기 적당합니다. 문서작업에도 편하고 자판소리도 작게 나서 도서관에서 사용해도 조용하니 좋았어요. 터치패드부분이 넓어서 마우스 없이 쇼핑하기도 편하고 좋았어요.사은품 마우스는 탈깍소리가 커서 무소음마우스로 구매했는데 아쉬웠어요.전체적으로 부팅빠르고 영상 재생 잘되고 문서작업 잘됩니다.,[]
21.03.17.,5,3월 12일 발송예정일로 구매했는데 중간에 3월 19일로 변경되어서 급한건 아니니천천히 기다리고 있었는데 3월 12일에 받았어요.첨에 윈도우를 따로 사야하나 고민하다 안되면사지하고 판매자님 설명에 따라 하다보니 쉽게설치되어서 아주 편하게 사용중이네요^^카드할인까지 받아 가장 저렴하게 사서아주 만족합니다^^,[]
21.01.20.,4,"한달동안 고민끝에 가성비 갑이라는 리뷰들을 보고 인강용으로 구매했어요인텔i5에 램 8G, SSD 256 최신기본사양으로 화면도 15인치, 1.8kg 이라 요즘 가벼운 노트북에 비하면 조금 묵직(?)하지만 슬림해서 그닥 무거워 보이지않고 아~~주 좋아요화면이 커서 시원시원하고 열자마자 자동부팅 기능도 있어서 좋으네요 함께 챙겨주신 무선마우스와 패드도 감사합니다처음 구매하는 노트북이라 엄청 고민했는데 배송도 빠르고 티탄이라 고급스러워요",[]
21.03.17.,5,"색상을 화이트로 변경하고, 메모리 최종 16GB, HDD 500GB 추가했습니다.화이트 색상은 매트한 느낌이 나서 고급스럽고, 화면 크기는 유지하면서 프레임이 좁아져서 들고 다니기도 괜찮을 듯한 크기입니다.상품평에 소리가 크다는 분도 계셔서 걱정했는데, 제가 받은 노트북은 소리가 조용조용 하고요,속도도 괜찮고, 전반적으로 만족스럽습니다~",[]
21.03.22.,5,"삼성전자 삼성 노트북 플러스 NT350XCR-AD5AS
키스킨, 파우치, 액정보호필름(2매) 까지
추가로 구매 했습니다.
램은 기존 8기가가 있지만
새로 8기가 구매해서 추가 장착했고
남던 SSD 120기가도 빈 하드 자리에 장착했습니다.
추가 작업은 작은 드라이버 하나만 있으면'
간단하게 되더군요.
딱히 게임은 안하는지라
속도 잘 나오고 편안하게 잘 쓰고 있습니다^^",[]
21.03.11.,5,안 가지고 다니고 집에서만 쓸거라 무게는 크게 신경 안 쓰고 샀어요. 노트북 색이 은색인데 깔끔하고 예뻐요. 윈도우 설치 걱정했는데 블로그에 올려주신 설명 보고 하니까 전혀 어렵지 않게 잘 설치했습니다.가성비 좋은 노트북 잘 산 것 같아요! 사은품으로 보내주신 마우스패드랑 무선마우스도 잘 쓰겠습니다.,[]
21.02.08.,5,오래된 노트북을 두아이가 쓰다보니 많이 낡고 느려져서 오랜동안 찾아 선택한 노특북 입니다. 무게를 포함한 휴대성을 제외하면 나무랄데 없는 가성비 입니다. 삼성노트북이니 A/S걱정은 없겠죠^^ 제품 업글도 수월하게 할 수 있어 좋구 윈도우 드라이버로 자동으로 잡히니 번거롭지 않습니다. 좋은제품 많이 파세요^^,[]
21.02.19.,5,가성비 좋은 제품 찾고 있었는데 딱 맘에 드는걸 찾았어요.원도우 정품을 따로 구매 해야하지만 설치까지 해서 보내 주시니 참 좋네요그램같은거보단 아니겠지만 무게도 의외로 가벼웠어요비싼 제품인지 모르고 택배 아저씨가 문앞에 두고 가셔서 살짝 불안 하긴 했는데 무사히 잘 받았습니다,[]
21.03.19.,5,"레노버와 삼성 노트북 중 고민하고 있던 중 특가로 좋은 가격에 구매했습니다. 가성비 좋은 노트북이고 삼성의 디자인과 회사에 대한 신뢰가 제품 구입을 결정한 이유입니다. nvme ssd라서 sata방식 데스크탑보다 부팅속도 빠르고, 윈도우10 설치 후 드라이버 찾기도 편리합니다.",[]
21.01.25.,5,"아들 초등학교를 들어가게 되면서 학교줌수업및 인강용 그리고 한글편집용.. 으로 구매를 하게되었는데 진짜 가성비갑이고 성능도 너무 만족해요. 다른곳보다 가격면이나 서비스도 좋고, 일단삼성제품이라 A/S는 걱정없을거 같아요^^물론 갈일이 거~~~의 없겠지만~~ 그리고 빠른 배송도 한몫 했고요~ 암튼 아들이 너무 좋아하네요~ 자기꺼냐고 계속 물어보고~다른분도 고민마시고 사무용 인강용 생각하시면 성능 충분합니다~",[]
