"1,053,490"
date,star_point,comment,photo
21.02.23.,3,"- 사실상의 예약 주문인데 확인하지 않고 주문했다가 한 달만에 수령. 구매전 배송일이 30일까지 걸린다는 내용을반드시 확인할 것을 권함



- 디자인은 호불호가 갈릴 수 있지만 깔끔하고 예뻐 보임. 다만 색상이 화이트뿐이라 선택의 여지가 없다는 점이 아쉬움.



- 삼성노트북 브랜드를 감안하고 사실상 최저가인 롯데몰 할인률까지 감안하면 가격적 만족도는 높은편.



- 성능은 딱 기대한 만큼이었음. 무난함. 다만 게임 보다는 영상편집을 고려해 MX450이라도 없는 것 보다는 낫겠지 싶었지만, 딱히 없어도 아쉬울 게 없었을 듯.



- 최악은 액정패널임. 아무리 보급형이라지만 색재현율이나 밝기, 주사율 모두 일반적인 가성비 노트북과 비교해도 너무 차이 남. 그래픽 및 영상용으로는 절대 비추.",['https://shopping-phinf.pstatic.net/20210224_15/7f3176c0-c560-4dc3-b81a-b0ad7d5e9277.jpg?type=f287']
21.02.28.,5,"삼성 노트북 PLUS2 [NT550XDA-XF59W](2021.1월 출시)을 구매했습니다.
좋은 제품을 적절한 가격에 구입할 수 있어서 좋았습니다.
배송도 엄청 빨랐어요.
배송되는데에 시간이 걸릴 것이라고 해서 다소 걱정했습니다만, 주문 후 이틀만에 바로 배송받았습니다.
색상은 흰색으로 깔끔하고 고급스럽게 보입니다.
적당한 무게감이 느껴집니다.
SSD 256GB와 8GB의 메모리, Intel Core i5 11세대이며,
외장하드와 메모리를 쉽게 추가할 수 모델이며 외장 그래픽을 사용합니다.
윈도우 10이 장착되어 있는 제품이라서
배송 받은 후에 몇 가지 설정을 해 주면 바로 사용할 수 있습니다.
다만, 노트북에 키스키이나 노트북 가방은 포함되어 있지 않습니다.
별로도 구매해야 한다는 점은 좀 아쉽습니다.
자판은 예전에 나온 노트북의 자판 보다는 넓습니다.
자판의 간격이 넓어진 대신, 숫자키에서 별도로 '+', '-'키 등이 없어서 다른 키와 조합해서 사용해야 합니다.
이 점은 다소 불편하게 느껴질 수도 있습니다.
삼성전자 다운로드 센터에 가서 Samsung Recovery나 Samsung 업데이트를 다운 받아서 설치하면
훨씬 더 유용하게 컴퓨터를 사용할 수 있습니다.
적극 추천합니다.",[]
21.03.10.,5,"배송이 4주 걸린다고 했는데 주말 포함해서 일주일만에 받았어요.
설치기사님이 인터넷 할 수 있게 설치 해 주셔서 편하게 사용할 수 있었습니다.
이 모델에 대한 후기가 별로 없어서, 주문은 했지만 그래도 조금 걱정 됐었는데 만족합니다.
문서작업하고 인터넷 하는데 큰 무리 없을것 같습니다.
다만 조금 묵직해서 가지고 다니는데 조금 무거울 수 있을것 같습니다. 주로 집에서 사용하는 저에게는 만족합니다.",[]
21.03.24.,5,때마침 세일할 때 사서 원래 가격보다 저렴하게 잘 산 것 같아요. 더 가벼운 거랑 이거랑 엄청 고민했는데 이게 또 무거운 편도 아니고 밖에 노트북을 들고 나갈 일이 잘 없고 가격이 이게 더 싸서 이거 샀어요. 가성비있게 잘 산 것 같아요.,[]
21.03.23.,5,"생각보단 가볍진 않지만 문서용으로 잘 쓰고 있습니다.
윈도우 깔려서 오구요 기사님이 친절하게 다 설치해주시고
한셀도 깔아주시고 편리하네요
상담원원격도 되구요 새벽2시까지이용가능
폰이랑 미러링도 되고 세상좋네염 대만족..",[]
21.03.20.,5,집에 데스크탑컴이 맛이 갔어요ㅠ 노트북 이동성이 좋고해서 주문했네요~~,[]
21.03.15.,5,"상품설명에 배송이 오래걸린다해서 그런줄알았는데
3일만에 받았네요 굳!",[]
21.03.22.,5,3주 걸린대서 그냥 잊을때쯤 오겠지 했는데 3일만에 와서 되게 좋았어요!,[]
21.03.23.,5,온라인 수업때문에 구매했어요 좋네요,[]
21.03.17.,5,배송빠르고 좋네요. 잘산거같아요,[]
21.03.24.,5,"조용하고, 가벼워서 좋아요",[]
21.03.04.,5,"구매한지 3일만에 받았어요 2주 예상했는데
설치 기사님도 정말 친절하셨습니다
사양 꼼꼼하게 체크한후 결정한 제품이라
만족스럽습니다",[]
21.03.19.,5,"저는 배송 4일만에 왔습니다^^ 설치 기사님도 너무 친절하시고 제품 가성비가 좋아서 잘 쓸것 같습니다!

매우 만족합니다!",[]
21.03.22.,5,실제 모델이 더 이쁘고 배송도 빨라 일찍 받았습니다..!! 배송 기사님도 친절하시고 소프트웨어까지 설명해주시면서 완벽하게 깔아주셨습니다~~,[]
21.03.10.,5,1주일 안으로 빠르게 배송되고 성능 좋아요.,[]
21.03.12.,5,가격대비 너무 괜찮은제품,[]
21.03.15.,5,9일 주문 13일 도착 무지 빨리 배송되었어요. 빠른 배송 감사합니다.,[]
21.02.26.,5,배송은 예상대로 한달걸렸지만 제품은 가볍고 좋아요,[]
21.02.21.,5,가성바가 매우 좋습니다.,[]
21.02.21.,5,잘받았습니다. 좋네요,[]
21.03.01.,5,30일 걸린다고 해서 설마했는데 정말 30일 걸렸지만 가격이 메리트라서 참고 기다렸어요.,[]
21.02.15.,5,동생이 노트북 필요하대서 알아봄. 오늘 받았는데 그럭저럭 괜찮다 함. 1월 30에 결제.,[]
