"1,670,000"
date,star_point,comment,photo
20.11.12.,5,아주 심플하고 조약돌같은 느낌의 청파란색의 느낌이 맘에 드네요,"['https://phinf.pstatic.net/checkout/20201112_55/1605160077064COoEI_PNG/review-attachment-bbeb69cd-c2bc-461a-acdd-0e166e30a00f.png?type=f287', 'https://phinf.pstatic.net/checkout/20201112_265/1605160084601pGsuL_PNG/review-attachment-05688959-87c3-4079-aac6-641d4bd54f47.png?type=f287']"
21.02.28.,5,너무너무이쁩니다~^^*아주마음에들어요,['https://phinf.pstatic.net/checkout/20210228_178/1614481629525OzqUo_JPEG/review-attachment-e1ee41ef-f546-48ba-9069-f5ea54b204ce.jpeg?type=f287']
21.01.04.,5,외관도이쁘고 속도도 빠르고 좋아요,['https://phinf.pstatic.net/checkout/20210104_239/16097671608819QaWL_JPEG/review-attachment-db22bba5-d7e3-4864-9a0d-e96555762398.jpeg?type=f287']
20.12.07.,5,배송도 빠르고 제품 안전하게 받아 너무 다행입니다 잘쓸게요,['https://phinf.pstatic.net/checkout/20201207_140/1607309111202NHAxP_JPEG/review-attachment-4a340929-aaf6-4372-8443-010604a1bde1.jpeg?type=f287']
20.12.03.,5,전그냥 다좋아요 특히 터치화면 ㅋㅋ 근데 무거워요,['https://phinf.pstatic.net/checkout/20201203_276/1606993758827nCDJq_JPEG/review-attachment-9bca63d4-1c42-4d24-b6b8-47f51554fad5.jpeg?type=f287']
20.11.24.,5,배송도빠르고 친절한 안내 너무 좋았습니다 다음에도 이곳에서 구매하고싶습니다,['https://phinf.pstatic.net/checkout/20201124_216/1606223260270BLgW6_JPEG/review-attachment-7f9956b0-1ac7-4a05-8d66-db7c3ac93665.jpeg?type=f287']
21.03.04.,5,"믿음의 삼성
기술의 삼성
갤럭시 북 플렉스",[]
20.11.18.,5,"완벽한 SSD 교체와 친절한 안내 그리고 특급배송!!!!!쏭쏭쏭
감사합니다.",['https://phinf.pstatic.net/checkout/20201118_239/1605686961637wYJaY_JPEG/review-attachment-4ae16463-e30e-4568-b082-ad9ae5ea9dfe.jpeg?type=f287']
20.11.01.,5,정픔그대로 박스그대로 자루와서용 금방놔성7ㅇ,['https://phinf.pstatic.net/checkout/20201101_272/1604210055238ivXoa_JPEG/review-attachment-19df277b-9f84-45d2-9180-23960f6da0fa.jpeg?type=f287']
21.02.01.,5,아주좋아요만족합니다,[]
20.12.20.,5,빠른배송과잘사용하고있어요,[]
20.01.04.,5,플렉스와 휴대폰 dex 사용하려면 c to c 케이블 사용하세요~ 매우만족!!,"['https://shopping-phinf.pstatic.net/20200106_9/de013926-a961-4ceb-a747-4a79c48d05ef.jpg?type=f287', 'https://shopping-phinf.pstatic.net/20200106_0/0ec6c9db-214e-4afc-ad38-0b06e3a29be5.jpg?type=f287', 'https://shopping-phinf.pstatic.net/20200106_5/19bc4785-9d5e-4cde-ac54-10dfe58a0abf.jpg?type=f287']"
20.12.01.,5,잘 받았습니다. 감사합니다.,[]
20.07.22.,5,"배송빠르고 작동잘돼요
마우스 패드는 없네요?",['https://phinf.pstatic.net/checkout/20200722_184/1595390240959NADTw_JPEG/review-attachment-89217870-4fb9-4b4f-aa7e-308bf9a93d25.jpeg?type=f287']
20.03.18.,5,너무 예뻐요ㅠㅠ다만 두번째사진이 무슨용도인지 모르겠어요,"['https://phinf.pstatic.net/checkout/20200318_96/1584496976578md1rq_JPEG/20200317_182431.jpg?type=f287', 'https://phinf.pstatic.net/checkout/20200318_275/15844969848248aKEP_JPEG/20200317_203543.jpg?type=f287']"
20.07.08.,5,배송도 빠르고 좋아요,['https://phinf.pstatic.net/checkout/20200708_169/1594175265964hNBXq_JPEG/review-attachment-8342bd8a-b742-43e2-b319-8a67f48ddfea.jpeg?type=f287']
20.10.02.,5,역시. 노트북은 삼성이네요 ~,[]
20.09.22.,5,"좋은 가격에 빠른 배송까지~ 완전히 만족스럽습니다!
감사합니다",[]
20.09.14.,4,배송 빠르고 잘 받았습니다.,[]
20.08.21.,5,느려지는 느낌 없이 잘 쓰고 있습니다.,[]
20.05.09.,5,너무 싸게 잘샀어요♡♡♡ 좋아요 비싼값해요,['https://phinf.pstatic.net/checkout/20200509_155/1589002993862fwDJ5_JPEG/1589002981172598779174520537068.jpg?type=f287']
20.07.23.,5,"퀵으로 빠르게
보내주셔서 감사합니다",[]
20.07.15.,5,노트북은 이제 삼성이 대세지요,[]
20.02.21.,5,배송이 빠르고 상품이 좋아요.,['https://phinf.pstatic.net/checkout/20200221_43/1582277412325MQojh_JPEG/1582277404208.jpg?type=f287']
20.06.25.,5,전화로 계속 연락을 해주시면서 입고&발주 예정을 말해주셔서 좋았습니다.,[]
20.06.13.,5,너무 좋아요 배송도 엄청 빨라요 짱임,[]
20.05.10.,5,상품이 아주 마음에 듭니다. 잘 사용하겠습니다. 사은품도 안전하게 배송부탁드리겠습니다.,[]
20.04.24.,5,신속한 배달 안전한 포장 사용하는 작은놈의 만족도 모두 굿 입니다,[]
20.04.30.,5,고장나지 않았어요~,[]
20.03.30.,5,가격은 좀 쎄지만 디자인 너무 예쁘고 화질 진짜 좋아요,[]
20.04.07.,5,좋습니다! 2in1노트북,[]
20.03.23.,5,고장이 나지 않고 좋아요. 배터리도 오래 갑니다.,[]
20.03.29.,5,"노트북~ 너무 잘고른듯하네요~
굿~^^",[]
20.03.05.,5,배송도 빠르고 제품도 안전 하게 도착 했어요와이프가 잘 사용하고 있어요,[]
20.03.30.,5,좋아요x100000000,[]
19.12.30.,5,*강추!!!정확한 제품*빠른 배송 감사합니다,[]
20.01.11.,5,"부품구하기가 어렵네요

주문하고도 한달정도 기다려야 한다네요 ㅋㅋㅋㅋㅋ",[]
