"1,149,990"
date,star_point,comment,photo
21.03.25.,1,"상품은 제가 원하던 거 주문해서 잘 받았습니다. 배송도 빨랐고요
그런데... 상품 포장상태 이게 뭐죠?
정말 너무 하시는거 아니예요? 한두푼 하는 것도 아니고 어떻게 150만원이 넘는 제품 배송을 이렇게 해주시는거죠? 가뜩이나 제껀 2TB 까지 추가해서 상품도 꽤 무거웠는데 그 흔한 뾱뾱이 하나 없이 이렇게 배송해 주실 수가 있어요!
만원짜리 귀걸이를 사도 이렇게 배송안해요. 적어도 옆에 싸서라도 오죠.
충격 흡수에 대해 대비를 해 주셔야 되는거 아닌가요?
아빠 선물로 드렸던건데, 아빠도 받고 뭐라할 수도 없고, 당황스러운지 웃으시더라고요... 무거운 상품을 이렇게 배송하시면 어쩌자는거예요. 업그레이드도 했고 그래서 교환도 안된다는데 저희 아빠가 쓰다가 일찍 고장나면 그땐 나몰라라 하시는거 아니예요? 사장님, 정말 상식적으로 생각을 해보세요 2Kg 정도 되는 가전제품을 누가 이렇게 포장을 해주나요.
정말 생각할 수록 화가 나네요.

아빠가 나이가 있으시고, 새로운 출발을 하게 되어 정말 기쁜 마음으로 좋은 선물 해드린건데, 오면서 이리치이고 저리치이고, 택배아저씨도 여기로 던지고 저기로 던지고 했을텐데... 그리고 저희 집 앞에도 눕혀져 있던데 이게 세워진 상품이 아래로 떨어졌을지 어떻게 아나요? 아니면 박스라도 작은거 써주시던가요. 정말 기분나쁘고 불쾌합니다. 새로운 제품으로 교환해 주시거나, 아니면 일년내 고장나면 그거에 대한 AS를 해주신다거나 어떠한 대책이 있어야 하지 않나요? ... 정말 생각할 수록 속상하네요",['https://phinf.pstatic.net/checkout/20210325_298/1616636066009CW7mV_JPEG/review-attachment-aec8aff8-f3e2-45f6-b039-9f783164d38f.jpeg?type=f287']
21.03.25.,5,"아직 오래 써 보진 않았지만 우선 부모님이 만족하십니다. 화면 크고, 고장 없이 오래 사용할 수 있길 바랍니다. 어르신들은 역시 삼성....
그런데 밑에 장착하라고 동봉되어 온 브라켓? 이거는 필수인지 모르겠네요. 필수는 아니겠죠?","['https://phinf.pstatic.net/checkout/20210325_57/1616675976542F7aiX_JPEG/review-attachment-247651b7-4a9c-4135-a9f4-cb2edca4deb7.jpeg?type=f287', 'https://phinf.pstatic.net/checkout/20210325_140/16166760386683P19i_JPEG/review-attachment-4fdb5aef-6e07-4804-8e7c-89c8cb998e8a.jpeg?type=f287']"
21.03.24.,5,배송도 빠르고 상태도 괜찮네요,['https://phinf.pstatic.net/checkout/20210324_11/1616514001671QHdJG_JPEG/review-attachment-b9b9b4ec-333a-497b-aa19-7933be0445e7.jpeg?type=f287']
21.03.21.,5,"배송도 빠르고 직원분들 친절하시고
노트북 성능좋고 만족합니다%",['https://phinf.pstatic.net/checkout/20210321_117/16162963940372vY8q_JPEG/review-attachment-23af370a-88a7-499f-8afc-d8719554b3b6.jpeg?type=f287']
21.02.25.,5,노트북 디자인 깔끔하고 속도 빠르고 좋습니다!,['https://phinf.pstatic.net/checkout/20210225_57/16142265963301wUYN_JPEG/review-attachment-e2529fb7-648c-483b-bb9f-bc993413ab62.jpeg?type=f287']
21.02.25.,5,"좋아요ㅎ 잘샀습니다^^
빠른배송 최곱니다.",['https://phinf.pstatic.net/checkout/20210225_206/1614217325562f05Wg_JPEG/review-attachment-c792c234-b6ac-4f98-95b2-08635bf26266.jpeg?type=f287']
21.01.21.,5,2중포장으로튼튼하게잘옴 맘에듬,['https://phinf.pstatic.net/checkout/20210121_205/1611197151761ebePh_JPEG/review-attachment-3e413475-8595-47a2-968c-bdfda7c4ceba.jpeg?type=f287']
21.03.18.,5,선물용이였는데 잘 쓰고계십니다,[]
21.03.03.,4,좋은제품 성능이 마음에 들어요 배송은 빠르지 않지만 포장이 잘되어 있어 좋아요,[]
21.03.24.,5,"빠른 배송,
친절하게 잘 응대해주셔서
감사했습니다.
잘 쓰겠습니다.
좋은 나날 되세요.",[]
21.03.22.,5,잘 받았습니다 감사합니다,[]
21.03.12.,5,"배송 정말 빠르고 컴도 좋아요.





























ㅂ",[]
21.03.08.,5,배송 빠르고 상품 좋아요!,[]
21.03.06.,5,"빠른배송 감사합니다.
영상회의용으로 구매했는데 카메라 화질이 좋아서 마음에 드네요",[]
21.03.12.,5,엄청 빠른 배송에 좋은 놋북 칭찬합니다 ㅎㅎ,[]
21.02.21.,5,배송도 빠르고 노트북도 맘에 들어요.,[]
21.02.26.,5,주문후 신속히 잘 받았습니다,[]
21.02.15.,5,아들대학교선물로사주었는데 너무좋아하네요 배송도빠르고요,[]
21.02.25.,5,가성비가 우수합니다. 배송도 총알배송입니다. 감사합니다.,[]
21.01.20.,5,노트북 검색만 한달했는데 ㅎ 가격.디자인.성능 다마음에 들어서 검색하고 어제 결재했는데 오늘 왔어요완전 좋아요 ㅎ 또 구매할께요 번창하세용,[]
21.01.17.,5,배송도 빠르고 상태 좋은것 같아요.. 만족합니다.,[]
