"1,624,740"
date,star_point,comment,photo
21.03.21.,5,"생각보다는 빨리 받았고 주소를 잘못 적었는데 미리 연락주셔서 다행히 잘 받았습니다.
가볍고 쓰기 편하게 잘 나온것 같아요.
박스가 단촐해서 사은품이 없나 했더니 기본구성이 안에 다 되어있고 설치도 어렵지 않았어요.
파우치가 생각만큼 좋지는 않지만 슬림하네요.
덕분에 집에서 간단한 업무 잘 보고있습니다","['https://shopping-phinf.pstatic.net/20210322_23/bd83199c-cb2b-43bb-a045-1a5e5012eb02.jpg?type=f287', 'https://shopping-phinf.pstatic.net/20210322_13/25463bb7-f0c1-496c-b0d8-1667e6c1b88d.jpg?type=f287']"
21.03.04.,5,배송이 많이 지연 될줄 알았는데 넘 빠르게 와서 우선 기분이 좋습니다. 개봉해서 보니 넘 깔끔한 디자인에 가볍고 그래서 기분이 더 좋아지네요. 전원 넣었는데 부팅도 슝~~ 금방 되니 아주 기분이 좋습니다. 매우만족하며 강추강추입니다^^,"['https://shopping-phinf.pstatic.net/20210305_10/a3a0720e-d0d7-4920-a666-52151259530f.jpg?type=f287', 'https://shopping-phinf.pstatic.net/20210305_5/a07eb8aa-6497-4555-9f62-695f28e7efef.jpg?type=f287', 'https://shopping-phinf.pstatic.net/20210305_15/43fcbbe5-30d2-46c8-b29b-4537512ef2e9.jpg?type=f287']"
21.02.26.,5,"배송은 엄청 늦었는데 제품은 정말 좋네요.. 엄청가볍고 키 터치감도
정말좋아요. 기다린 보람이 있네요. 화면 베젤이 엄청 얇아서 화면이
커보이고 키보드 라이트도 들어오고, 엄청 빠르고 너무 좋네요
학교에서도 유용하게 강의 들을때도 좋을거 같고, 같이 받은 블루투스
마우스도 부드럽고 이뻐요","['https://shopping-phinf.pstatic.net/20210227_23/88076312-3026-41b5-8231-0624e3c11778.jpg?type=f287', 'https://shopping-phinf.pstatic.net/20210227_8/4af8339a-7d55-4073-a7e3-951768516d9a.jpg?type=f287']"
21.03.10.,3,"주문후 2주뒤에 배송받았습니다
다행이 학습 시작전에 도착해서 나름 고맙더라구요
제품은 딸이좋아하는 흰색이어서 좋구
화면크기도 적당해서 수업들을때 편안합니다
오피스는 개인적으로 설치했습니다
아직까지는 문제없어보입니다",['https://shopping-phinf.pstatic.net/20210311_14/0f980415-0c17-4a4d-aec7-caf0e4a4d6de.jpg?type=f287']
21.02.26.,5,"삼성에서 기사님께서 미리 연락주시고 직접 배송해주시고 설치까지 해주셨어요
기대하지않았던 서비스여서 감사했어요
제품은 얇고 가벼워서 튼튼한 느낌은 없지만 실제로는 튼튼하겠지요
몇년만에 노트북사는거여서 가벼워진거보고 놀랐어요
예전 13인치보다도 가벼운거같아요 두개필요해서 함께구입햇는데 색상에 둘다 화이트여서 케이스로 색상달리해서 구분해놨어요 같이놓여있으니까 헷갈리네요",[]
21.02.04.,5,빠른배송에 진짜 너무 놀랐어요 ㅎㅎ받자마자 신나서 열고 바로 사용하였습니다 ~ 박스를 뜯음과 동시에 홈쇼핑에서 같은모델 판매하는데 순간 얼음 됐었는데 ㅎ 비교해보니 여기서 산게 훨씬 잘 한거더라고요이전에 13인치정도 쓰면서 모니터가 작다보니 자동으로 몸은 앞으로 가지고 거북목이 됐었는데 ㅠ확실히 큰 사이즈를 쓰니 사용감도 너무 좋아요 ㅎ무게도 무거울까 걱정했는데 이 사이즈에 이무게면 뭐~ 핸드폰처럼 항시 들고 다니는거 아니면 괜찮을거 같아요 좋은제품 판매해주셔서 감사합니다 ~꼭 후기 체택되서 프린터 받았으면 좋겠습니다 (사은품때문에 후기를 쓴건 아닙니다 ㅎㅎ )앞으로도 좋은제품 많이 판매해 주시고 번창하세용,[]
21.02.17.,5,받고 깜놀 어쩜 이리도 이뿐지~노트북이 너무 필요했어요CPU 따져보고 용량도 따져보고 그러다 홈쇼핑에서 이제품을 봤는데 14만원?이 더 비싸고 배송도 뭐 4주는 기다려야한다 그러고 솔직히 사은품때문에 홈쇼핑에 구매하려했는데 사은품도 솔직히 좋은것도 아니고 똑같은사양인데 사은품때문인지 14만원가량 더 비싸서 고민고민하다가 그냥 여기서 구매했는데 잘한것같아요 작동잘되고요 보고만있어도 행복하네요,[]
21.02.16.,5,설전 구매해서 좀 걸릴줄 알았는데 15일 직접배송으로 바로 받았습니다. 가볍고 깔끔한 디자인에 딸애가 선택했는데 역시나 만족해하네요.,"['https://shopping-phinf.pstatic.net/20210217_17/990027d4-d99d-4b20-a043-d621944b5eb8.jpg?type=f287', 'https://shopping-phinf.pstatic.net/20210217_9/856dc221-e711-4504-8537-abba6a7104cc.jpg?type=f287', 'https://shopping-phinf.pstatic.net/20210217_12/cab36fda-64a7-424c-b04f-be5e5b032798.jpg?type=f287']"
21.02.18.,5,"명절이 있어서 늦게받을줄알았는데 빨리받았고
배송기사분도 친절하시네요~
제품은 별로말할건없고 사양그대로 이며
윈도우포함이라 따로구매안해도되서 가격또한 좋은구매였습니다.","['https://shopping-phinf.pstatic.net/20210219_1/60fd197c-6674-4cd5-a189-22f86f4d0a52.jpg?type=f287', 'https://shopping-phinf.pstatic.net/20210219_4/4c767780-69e0-4d91-b54d-8a14628709e1.jpg?type=f287', 'https://shopping-phinf.pstatic.net/20210219_10/31690313-ed4d-4d37-af96-c19137aa4423.jpg?type=f287']"
21.03.12.,5,"일주일정도 써본 결과 발열도 소음도 괜찮아요
속도도 빠르고 무게도 가벼워요
배송도 오래 걸릴거라 예상했지만 배송도 괜찮았고
기사님이 오셔서 친절히 알려주셨어요","['https://shopping-phinf.pstatic.net/20210313_14/0240aaed-3124-49d3-a0e1-bec4f5d63500.jpg?type=f287', 'https://shopping-phinf.pstatic.net/20210313_9/87ed793c-2beb-4176-87d0-a14ad7fc2413.jpg?type=f287']"
21.02.28.,5,그램 18년도모델사용하다가 이번 이온2 모델로 구매하게됐는데 정말 그램만큼 인기가 많은 이유가 있네요!,"['https://shopping-phinf.pstatic.net/20210301_10/75947f46-42b1-430c-ba3a-ecc4cf548394.jpg?type=f287', 'https://shopping-phinf.pstatic.net/20210301_8/4380dd8a-d123-4a93-8945-bb2603db3773.jpg?type=f287']"
21.02.16.,5,"다른분들 상품평이 늦게(2주정도) 받았다고해서 배송이 늦게구나 생각했는데 3일만에 받았습니다
어제 삼성전자에서 직접 전화오고 오늘 아침에 받았네요
화이트라 깨끗하고,가볍고 정말 좋습니다 저렴하게 잘 구매했습니다.","['https://shopping-phinf.pstatic.net/20210217_3/5f38b99d-6014-43e1-b8a4-82b8225109ef.jpg?type=f287', 'https://shopping-phinf.pstatic.net/20210217_26/cbb3b53c-f150-45aa-b455-26bb70edb967.jpg?type=f287']"
21.02.10.,5,화면이 깔끔해 사용하기 좋습니다.,"['https://shopping-phinf.pstatic.net/20210211_12/5fd33b13-584c-4ded-a1cb-6ce29740cdae.jpg?type=f287', 'https://shopping-phinf.pstatic.net/20210211_0/f389d639-b860-469d-8bfd-55ac292223e2.jpg?type=f287']"
21.02.09.,4,오래 기다리긴했지만 싸게 잘 샀고 너무 예뻐요 후기 보니까 소음이 좀 있다고했는데 파도소리처럼 소음이 좀 있네요 근데 초반만 좀 그런것같아요 배송기사분도 너무 친절하시고 좋았습니다! 힌지부분도 너무 예뻐요~,"['https://shopping-phinf.pstatic.net/20210210_1/180c869c-a15b-4f67-a197-fe58a88bddf6.jpg?type=f287', 'https://shopping-phinf.pstatic.net/20210210_0/19527a14-ba26-40e5-bd49-11919b988f42.jpg?type=f287']"
21.01.23.,5,"화상수업때문에 급하게 퀵으로 받을수 있게 주문했습니다
배송료 만원정도에 한시간도 안되서 바로 받았네요 제품은 양품이었고 전체적인 디자인도 깔끔하고 만족합니다
무게도 가지고 다니기에 적당한 수준이네요","['https://shopping-phinf.pstatic.net/20210124_15/292bff90-7ea7-46ec-bcd8-db6012db2927.jpg?type=f287', 'https://shopping-phinf.pstatic.net/20210124_20/d8cec14c-dc61-43c5-9190-e414846d75a9.jpg?type=f287']"
21.01.31.,5,졸업 선물용으로 준비했습니다,"['https://phinf.pstatic.net/checkout/20210131_7/1612057712251daU0S_JPEG/review-attachment-20351890-d8e4-4fc4-9832-f8895523098d.jpeg?type=f287', 'https://phinf.pstatic.net/checkout/20210131_126/1612057713075YyJfC_JPEG/review-attachment-748893b7-6b37-44bb-8a58-8f29195a0fa6.jpeg?type=f287']"
21.01.22.,4,"중학생용으로 샀는데, 충분한 스펙입니다. 디자인도 이쁘고, 빠르고, 디스플레이, 성능 좋아보여요. 삼성노트북 구매혜택도 있던데, 꼼꼼히 챙겨 쓰면 좋겠네요.","['https://shopping-phinf.pstatic.net/20210123_22/3e7220aa-1461-4b1a-80bb-5cf38586b0d9.jpg?type=f287', 'https://shopping-phinf.pstatic.net/20210123_8/becb8dae-549e-47d8-8c7d-fe9e4fac02aa.jpg?type=f287']"
21.03.24.,5,너무 예쁘고 가벼워요! 다만 발열시 팬 돌아가는 소리가 상당히 크네요ㅠ 그거말고는 다 만족스러워요!!,['https://shopping-phinf.pstatic.net/20210325_20/f10c72ee-e7f1-4b07-92f1-988df5ba10d6.jpg?type=f287']
21.03.25.,5,이온북 가볍고 얇고 예쁘고 좋네요,['https://shopping-phinf.pstatic.net/20210326_15/38c13c3f-3883-420c-9be5-3784466fb746.jpg?type=f287']
21.03.07.,5,선물로 줬는데 아주 만족하면서 쓴다고 하네요. 강추,['https://phinf.pstatic.net/checkout/20210307_52/1615119260223cAcWj_JPEG/review-attachment-a1429565-6bad-48f1-81a7-fd6692b14efd.jpeg?type=f287']
21.02.22.,5,"조카 초등입학선물로 구입했어요~
코로나 시대에 온라인 수업을 해야하다 보니
초등1학년도 컴퓨터 필수인 시대가 되었네요 ㅜㅜ",['https://phinf.pstatic.net/checkout/20210222_41/1613985166856Ycquy_JPEG/review-attachment-0299e162-7ed2-425d-a3fe-e6e11a03467a.jpeg?type=f287']
21.02.27.,5,배송은 느렸지만 싸게 사서 조아요 윈도우 깔려서 온다는 게 엄청난 장점!! 개강하고 잘 쓸 거 같아요,['https://shopping-phinf.pstatic.net/20210228_13/ae982132-7e1c-412d-8c1e-73c5b35b31f5.jpg?type=f287']
21.02.26.,5,배송 많이 늦었지만 온라인 수업전 도착해 다행~~,['https://shopping-phinf.pstatic.net/20210227_15/2f65f200-533d-4a45-9a2b-a275ca0294a7.jpg?type=f287']
21.03.09.,3,배송빠르네요 근데 사은품이 좀 아쉬워요.,['https://phinf.pstatic.net/checkout/20210309_104/1615287371355iDPNx_JPEG/review-attachment-bd01da2e-dfac-4c86-9e32-0142aeb03f86.jpeg?type=f287']
21.03.02.,5,"깔꼼하고 이쁘고 가볍고 터치감 예~~술입니다~~
잘쓰겠습니다아~^^",['https://shopping-phinf.pstatic.net/20210303_24/bb4d4ee2-17bd-4d62-9471-5fbf2bb3967b.jpg?type=f287']
21.02.28.,5,"배송 하루 만에 왔어요 ㅠㅠ 개감동
빨리 보내주셔서 넘 감사드립니당",['https://phinf.pstatic.net/checkout/20210228_146/1614495718441QFPac_JPEG/review-attachment-d3baf868-9a52-4596-a6b8-d61f9b03473e.jpeg?type=f287']
21.02.20.,5,아주좋아요 새학기에잘 사용할것 같습니다...ㅎ 시스템중에 삼성 덱스 가 가장 편리할것 같습니다.,['https://shopping-phinf.pstatic.net/20210221_6/2c7c2b4b-0f2c-4075-945f-87eba9af190d.jpg?type=f287']
21.02.26.,5,"가격은 저렴하고 배송은 좀 걸렸습니다
색상도 깔끔하고 괜찮은것 같습니다",['https://shopping-phinf.pstatic.net/20210227_16/eae49707-45fe-4995-953b-0455866e9aeb.jpg?type=f287']
21.02.16.,5,"오프라인에 비해 좋은 가격에 구매할 수 있었습니다.
qled다보니 화면이 정말 선명하게 보여요!",['https://shopping-phinf.pstatic.net/20210217_14/c43c6c58-e2d0-4b34-907d-45533e4500a3.jpg?type=f287']
21.02.10.,5,"배송이 많이 늦어서 좀 그랬지만.....
제품은 너무 좋아요. 가볍고, 이쁘고, 착한 가격에~",['https://shopping-phinf.pstatic.net/20210211_25/53c96f0e-0b2b-4232-86c5-6502e6316c8b.jpg?type=f287']
21.02.10.,4,가볍고 화면도 선명하고 좋네요. 대학생 노트북으로는 그만인 듯.,['https://shopping-phinf.pstatic.net/20210211_10/21d2164e-0b65-4321-a7f2-9ec201c482df.jpg?type=f287']
21.02.09.,5,"삼성전자 물류센터 파업으로 늦게 받았지만, 깔끔하고 좋아요.",['https://shopping-phinf.pstatic.net/20210210_4/7d97f56c-2a6c-4517-9eee-596410001543.jpg?type=f287']
21.02.13.,4,배송이 2주 걸린거 같네요 상품을 알아보고 골랐으니 좋아요,['https://shopping-phinf.pstatic.net/20210213_10/fc077c78-2a42-4886-808b-329c91d5793a.jpg?type=f287']
21.02.11.,5,배송은 늦었지만 가볍고 조용합니다,['https://shopping-phinf.pstatic.net/20210212_25/ee56d42d-a0fd-4681-bb78-94289ff9949b.jpg?type=f287']
21.02.17.,5,"하이마트 오프라인보다 더 착한가격에 정품 2019 ms office까지
이온2 넘 좋아요😍😍😚",['https://shopping-phinf.pstatic.net/20210218_2/e7779ca1-157f-4140-9218-703720db9096.jpg?type=f287']
21.02.09.,5,진짜 이쁨. 화이트색깔 잘뽑았네요.,['https://shopping-phinf.pstatic.net/20210210_4/b682b34c-9645-44df-9ca8-12985a64f917.jpg?type=f287']
21.02.19.,5,돈 조금 더 주고 가벼운걸로 샀어요 ㅎㅎ ssd가 조금 작아서 추가해야 되지만 그래도 싸게 잘 산것같아요 윈도우 포함이라 따로 안깔아도 되고 좋아요!!배송도 생각보다 빨리 왔어요,['https://shopping-phinf.pstatic.net/20210220_18/1fbaa2d1-6814-45fd-b0e0-e5137c21d8d7.jpg?type=f287']
21.02.19.,4,제품은 만족스럽습니다. 그런데 배송이 오래걸여서 개선되었으면 좋겠어요. 그리고 하이마트 온라인몰 고객센터 및 1:1 상담이 연결이 안되서 불편하였습니다.,['https://shopping-phinf.pstatic.net/20210220_8/21387bad-c060-4098-bfba-b37a55e0a509.jpg?type=f287']
21.02.17.,5,가볍고 빠르고 좋네요 ㅎ,['https://shopping-phinf.pstatic.net/20210218_14/8ab47ceb-d3da-431b-be6a-fd3452876bae.jpg?type=f287']
21.02.15.,5,저렴하게 잘 샀어요.,['https://phinf.pstatic.net/checkout/20210215_134/1613393210637fYwn3_JPEG/review-attachment-e424ef9c-7659-4f6f-8f0f-b84dad582184.jpeg?type=f287']
21.02.17.,5,"일요일에 주문하고 수요일 오전11시경에 받았습니다. 3일째 되는날에 받았네요..배송해주시는 분이 직접 설치 및 확인까지 해주시고, 친절하게 안내해주셨습니다..노트북 깔끔하구요..가볍습니다. 좋은 가격에 잘 샀습니다...~",['https://shopping-phinf.pstatic.net/20210218_24/76ef223e-7785-43ee-8887-f142565428c8.jpg?type=f287']
21.02.04.,5,선물하려고샀는데 깔끔하게 포장되어있어서 좋네요,['https://phinf.pstatic.net/checkout/20210204_212/16124261929122WPXC_JPEG/review-attachment-56d052a0-7edd-4370-8f5f-bc8e8fe66c25.jpeg?type=f287']
21.02.16.,5,너무 마음에 들어요! 생일 선물로 보낸거고 마음에 들어합니다 :),['https://shopping-phinf.pstatic.net/20210217_18/17ced1f6-b3b6-419c-b01d-581c0c383ff0.jpg?type=f287']
21.01.23.,5,"배송이 지연중이라고 톡이와서 늦을줄알았늣데
빠르진 않지만 적당히 잘 받았습니다.
13인치랑 15인치 고민하다 이걸로 샀는데
15인치로 사길 잘했네여
선물용으로 샀는데 가볍고 좋네여",['https://shopping-phinf.pstatic.net/20210124_24/71d32433-13f5-4e73-8d78-d6bf3339471b.jpg?type=f287']
21.01.22.,5,배송이 빨라요. 요즘 삼송에서 마우스랑 파우치 기본으로 제공하네요.,['https://phinf.pstatic.net/checkout/20210122_192/1611291147941sVw7e_JPEG/review-attachment-df7869c1-e552-4cc2-b4d7-3506e3a9d715.jpeg?type=f287']
21.01.23.,5,배송이 좀 늦엇지만 해상도도 좋고 가볍고 좋습니당.,['https://shopping-phinf.pstatic.net/20210124_22/fa692677-e00c-43f2-adf5-dfc1313b2e9c.jpg?type=f287']
21.01.27.,5,일반 택배가 아니라 전문배송기사님이 오셔서 좀 놀랐어요. 생각해보니 당연한 건데 그래도 뭔가 대접(?)받는 느낌이라 좋아습니다.,['https://shopping-phinf.pstatic.net/20210128_4/a6f88a8a-35c0-4b47-94b5-ffd5f959e09e.jpg?type=f287']
21.01.24.,5,가볍고 선명하네요 넘좋아요,['https://shopping-phinf.pstatic.net/20210125_29/f520b812-bfeb-4f31-a98a-83e5a063ddfd.jpg?type=f287']
21.01.18.,5,"케이스랑 마우스도 다 들어있어요
생각보다 늦게 와서 아쉽지만
상품은 맘에 들어요",['https://shopping-phinf.pstatic.net/20210119_23/8b4d5c6f-eaf8-4774-87d7-1c15b2fe7e4d.jpg?type=f287']
21.01.06.,5,"삼성 2021 신제품 이온2 너무 빠르고 가볍고
조용하고 좋습니다 ~!!",['https://shopping-phinf.pstatic.net/20210107_28/83ecd0f4-42dc-473d-aa9b-5ca496c0f5e5.jpg?type=f287']
21.01.21.,5,"가볍고 좋습니다.. 배송은 생각보단 빨리 왔습니다
감사합니다",['https://shopping-phinf.pstatic.net/20210122_4/02cbc8b7-f09f-455e-8325-1e1f5dec6f7e.jpg?type=f287']
21.03.23.,5,제품을 받아보니 크기도 적당하고 디자인도 깜끔한게 좋습니다.,[]
21.03.08.,5,"생각보다 빠른 배송와서 좋았고 오래된 노트북 사용하다 아이들 교육땜에 새로운 노트북 장만했는데 속도, 무게, 성능 등 정말 좋네요.. 게다가 행사기간이다보니 조금 저렴한 가격으로 장만. 만족합니다.",[]
21.03.10.,5,"아버지 편히 쓰시도록 하나 장만해드렸습니다.
다른 가성비 외국 브랜드도 많지만, 깔끔한 디자인과 포장, 부속품 구성 등은 확실히 국내 브랜드가 좋네요.",[]
21.03.05.,5,"다른제픔과 비교한후 선택했는데 구매결정 잘한것 같아요.
제품도가볍고 화면도넓어서 좋아요.
대만족입니다.",[]
21.03.04.,5,"배송 하루만에 잘 도착했고 본품박스속에 무선마우스,충전기,검정색파우치가 함께 들어있네요. 무선마우스 득템ㅎㅎ
화질좋고 속도빠르고 가볍고 흰색이라 깔끔하고 대학생 쓰기에 넘넘 좋아요~",[]
21.03.08.,2,설치서비스가 별로여서 다음에는 안사요,[]
21.03.12.,5,약간 소음이 있지만 대체로 만족합니다,[]
21.03.09.,5,제품 견고하고 성능도 아주 좋습니다,[]
21.03.07.,5,배송도 빨리 오고 노트북도 좋아요.,[]
21.03.11.,5,잘쓰겠습니다.,[]
21.02.28.,2,"택배라 조금 불안했는데 다행히 안전하게 도착했네요~포장도 꼼꼼하게 하신 듯. 다만, 제품을 꺼내보니 화면 위쪽 캠카메라가 있는 쪽을 중심으로 굴곡이 져 있고 옆에서 보면 구불구불하네요.",[]
21.02.28.,4,색상도 화이트라 깔끔하고 화면도 커서 좋습니다,[]
21.02.26.,5,가볍고 좋아보입니다 대학새내기에게 선물했어요 색상 블랙도 있었으면 좋겠어요,[]
21.02.26.,5,깔끔하고 생각보다 가볍고 이쁜것이 좋아요~^^,[]
21.03.01.,5,배송이너무느린건최악이지만상품굿,[]
21.02.20.,5,좋은 제품 저렴히 잘 샀어요,[]
21.03.02.,5,잘 사용하고 있습니다,[]
21.02.18.,5,최신 상품이라 성능 좋네요. 배송도 빠르고 좋아요.,[]
21.02.10.,5,가볍고 속도도 빠르고 모양도 비쁘고,[]
21.02.16.,5,"배송도 빠르고, 좋아요. 잘 쓸께요",[]
21.02.17.,5,빠르고 정확하네요.. 좋아요,[]
21.02.17.,5,감사합니다,[]
21.02.09.,5,전화응대도 친절하게 잘 해주시고 당일 배송까지 너무 만족합니다.그리고 다른곳보다 저렴하게 구매 잘한것같아 또한번 기분이 좋아요.많이 파시고 번창하세요~^^,[]
21.02.17.,4,좋은 상품 잘 사서 잘 사용하겠습니다. 구우우ㅜ우우우웃,[]
21.02.18.,5,빠른 배송에 감사합니다,[]
21.02.18.,5,빠른 배송 감사합니다,[]
21.02.02.,5,사용하기좋고 가벼워서 좋아요,[]
21.02.10.,5,배송ㆍ서비스 아주 만족입니다ᆢ판매자님께서 아주 친절하시고 세심하게 해 주셔서 퀵서비스로 아주 빠르게 잘 받았어요ᆢ감사합니다ᆢ적극 추천합니다^^,[]
21.01.27.,5,2주 기다린 사람도 있대서 걱정했는데 예상 외로 빠르게 받았어요. 만족합니다. ^^,[]
21.01.25.,4,"학생사용목적인데, 적절한 사양으로 구성되어 가성비 괜찮아보입니다.",[]
21.01.24.,5,배송이 좀느렸지만 제품은 만족합니다.가볍고 이쁘네요.,[]
21.01.23.,5,화상수업때문에 급하게 주문했는데 빠르게 도착했네요 제품도 깔끔하고 좋네요,[]
21.01.23.,5,배송이 조금 늦었지만 너무좋습니당 !!!!,[]
21.01.21.,5,"조카 선물로 구입했는데 생각보단 빨리 왔네요
조카가 엄청 기다렸습니다",[]
21.01.18.,5,잘 받았고 아주 예뻐요,[]
21.01.18.,5,"배송도 빠르고 설치 기사님도 친절하시고, 노트북 자체도 마음에 들어요!",[]
21.01.22.,4,"성능, 디자인 모두 만족합니다. 배송은 일주일 걸렸는데, 전문기사님이 친절하게 배송해주셨어요. 다만 화소 불량이 있어 교환신청 해주셨네요.",[]
21.01.06.,5,노트북은 가볍고 좋아요,[]
21.01.06.,5,"제품 빠르게 잘받았습니더.
삼성 신제품 이온2 너무가볍고 선명하고 좋습니다",[]
21.01.20.,5,.,[]
