"330,280"
date,star_point,comment,photo
21.03.21.,5,"배송 빠르고 상품 좋아요
가격대비 대만족 입니다
부팅이나 읽기 속도는 프리미엄 급
제품과 비교했을때 솔직히 많이 빠르진 않아요 ᆢ하지만 가격적인 면에서는 not bad입니다ᆢ화질도 조금 어두우나 뭐
이런것들이 아쉽담 프리미엄 노트북 사시길
권합니다 ᆢ
가성비로 사시길 추천합니다
중고 놋북도 ssd에 4GB램 정도가 30초반대
가격이더라고요 그에 비해 새 제품에 ssd확장
가능한 제품을 구매할 수 있단점이
큰 메리트라 봅니다
좋은 제품 많이 파시고 번창 하세요",[]
21.03.12.,5,싼 가격에 잘 산거 같아요. 처음 물건 받고 윈도우 설치 창이 떠서 당황하긴 했는데.. 어찌 어찌 잘 설치 되었네요.. (물어보는 말에 무조건 아니요 라고 한건 비밀. MS계정 안만들고 싶으시면 인터넷 연결 안하고 설치 필요). 그래픽 성능 때문인지 줌 수업할때 배경그림이 좀 불안합니다. 보이다 안보이다.. 그래도 이정도 가격에 이런 디자인 이런 성능 괜찮습니다.,[]
21.03.13.,5,급하게 당장 필요했는데 당일 바로 보내주셔서 정말 감사합니다ㅠㅠ 업무차 사용해야 하는데 숫자키패드까지 있는 노트북이라 너무 편해요! 가성비 최고입니다 배송도 빠르고 노트북도 좋고 가격도 좋고 다 좋아요 주변에도 추천할 거에요^^,[]
21.03.15.,5,아들녀석 온라인 수업 때문에 구매했는데 가볍고 예쁘고 좋아요. 아이도 좋아해서 기뻐요^^ 빠른 배송 감사합니다.,"['https://phinf.pstatic.net/checkout/20210315_66/1615772024363yI4VT_JPEG/review-attachment-c1c6a790-c4cc-4d71-a69a-47c940e01102.jpeg?type=f287', 'https://phinf.pstatic.net/checkout/20210315_94/1615772024902PdNMa_JPEG/review-attachment-8ec28eba-af2c-42a9-905d-9deeb31a893f.jpeg?type=f287']"
21.03.06.,5,가성비 갑. 문서작성 인강용으로 손색이 없네요 가격 생각하면 5점이 맞습니다 화면도 커서 좋네요 다만 들고다니기엔 좀 무겁네요 그러나 가격이 깡패라 다 용서됩니다,"['https://phinf.pstatic.net/checkout/20210306_291/1615010785903Uhu7e_JPEG/review-attachment-14e53a2e-4adf-4a72-bd16-5e174314bbb6.jpeg?type=f287', 'https://phinf.pstatic.net/checkout/20210306_120/1615010810927JLQjr_JPEG/review-attachment-937efd5c-1aea-4fac-a273-2ebbfe96d7ed.jpeg?type=f287']"
21.03.09.,5,"급하게 주문했는데 빠르게 도착했어요!
저렴한 가격에 좋은 상품 구입했습니다","['https://phinf.pstatic.net/checkout/20210309_106/1615282085549QIEB1_JPEG/review-attachment-a99a276d-e572-42d3-8aa2-19657c452e1d.jpeg?type=f287', 'https://phinf.pstatic.net/checkout/20210309_185/161528208575930eE1_JPEG/review-attachment-1ff2874f-094c-4562-9924-831b14015a56.jpeg?type=f287']"
21.03.22.,5,배송도 빠르고 아주 좋습니다,['https://phinf.pstatic.net/checkout/20210322_246/1616395242277y0pND_JPEG/review-attachment-e47b524c-e0b6-4700-86aa-6dc04f927445.jpeg?type=f287']
21.03.15.,5,아이 줌수업용으로 샀어요,['https://phinf.pstatic.net/checkout/20210315_208/1615777798955LFwSi_JPEG/review-attachment-779d8079-ad24-4ee7-b07f-e587369e41cd.jpeg?type=f287']
21.03.18.,5,감사합니다 잘쓸께요,['https://phinf.pstatic.net/checkout/20210318_257/1616041813100vXKKk_JPEG/review-attachment-722e6a4a-ea15-4b74-b8d5-9e5aa9fdc239.jpeg?type=f287']
21.03.06.,5,당장 다음주부터 온라인수업때문에 급하게 구입했는데 배송도 빠르고 인터넷 사용도 아직까진 무리가 없네요,['https://phinf.pstatic.net/checkout/20210306_183/1614997149200oUXHJ_JPEG/review-attachment-079db04a-e3b8-4d6d-aa57-15124ff39cf2.jpeg?type=f287']
21.03.04.,5,아직 사용해봐야 알겠지만 일단 잘 됩니다.,['https://phinf.pstatic.net/checkout/20210304_151/1614843659094fJNNh_JPEG/review-attachment-32b8349d-1d5b-4177-9b67-90440641055b.jpeg?type=f287']
21.03.07.,4,영화 감상 및 인강용으로 구매했습니다. 화면이 크고 화질이 좋아서 만족합니다.,['https://phinf.pstatic.net/checkout/20210307_210/1615044554256rjHVK_JPEG/review-attachment-0745cb18-9a65-4f56-af65-ff1b55f5c9df.jpeg?type=f287']
21.03.13.,5,너무 이쁘고 성능도 좋네요!!!!,['https://phinf.pstatic.net/checkout/20210313_135/1615600794424Hv1t1_JPEG/review-attachment-dc693ec3-916b-4a1f-86d1-fd2866587b3f.jpeg?type=f287']
21.03.03.,5,가격대비 성능이 좋습니다,['https://phinf.pstatic.net/checkout/20210303_272/1614765086411DTMrd_JPEG/review-attachment-8cf60f9c-06ec-40f8-b590-311166ceb667.jpeg?type=f287']
21.03.13.,2,"배송빠르고좋아요 제품은아직모르고요
셀러론이라서요",['https://phinf.pstatic.net/checkout/20210313_7/1615600128991FX0XE_JPEG/review-attachment-1a09c7db-e607-4a25-b2ee-279fde2b73b1.jpeg?type=f287']
21.02.25.,5,어머니가 이번에 사이버대학에 입학하셔서 축하 선물로 드렸습니다. 저렴한 만큼 아주 빠르진 않지만 웬만한 기능은 전부 원활하게 잘 돌아갑니다. 잘 쓰겠습니다~,['https://phinf.pstatic.net/checkout/20210225_138/1614216331747xEmEb_JPEG/review-attachment-a45c0a0e-0505-42a7-b402-c418d1c3e03b.jpeg?type=f287']
21.02.25.,4,적당합니다 학생 인강용 인터넷용 좋아요..,['https://phinf.pstatic.net/checkout/20210225_149/16142563023003Ah5D_JPEG/review-attachment-3e802c39-6321-4cb1-ab2a-845d3d3b8c36.jpeg?type=f287']
21.03.01.,5,너무 이쁘고 만족합니다^^,['https://phinf.pstatic.net/checkout/20210301_116/1614575611143s9DOe_JPEG/review-attachment-d63f17bb-1b7c-4244-a51a-82761287d837.jpeg?type=f287']
21.03.20.,5,집에서 인터넷하구 영화 보려구 구매했는대 매우 만족스럽네요!,[]
21.03.15.,4,화면이 넓어서 시원시원하네요. 가족이 보자마자 디자인 예쁘다고 했어요. 윈도우 설치도 무사히 쉽게 잘 마쳤습니다. 잘 쓰겠습니다.,[]
21.03.16.,5,"가성비가 아주 갑입니다
윈도우10까지 포함된 부팅빠르고속도 또한 준수합니다
이 가격에 이 정도성능이라면 유쾌합니다",[]
21.03.15.,5,배송 빠르고 상품 좋아요,[]
21.03.19.,5,빠른배송감사합니다.,[]
21.03.10.,5,어머님이 필요하시다고 해서 구입했는데요 너무 좋습니다. 당연히 ssd를 꼭 추가로 구입하는걸 추천합니다.,[]
21.03.09.,5,좋은가격에 구매한거같아서 만족스럽습니다!,[]
21.03.04.,5,"이가격에 원도우까지.
인강용추천",[]
21.03.09.,2,성능이 너무 나빠서 인감이나 사 사무용으로 쓰기는 너무 적극 하지 않습니다,[]
21.03.13.,5,가성비 최고! 감사합니다~~,[]
21.03.03.,5,빠른 배송 굿 맘에 들어요,[]
21.03.05.,5,너무나 마음에 쏙듭니다.,[]
21.03.07.,5,아주 좋습니다 굿굿,[]
21.03.08.,5,사용한지 얼마되진 안았지만 괜찮아요. 잘 사용할께요,[]
21.02.27.,4,"인강용 대박
중고대학신입생까지 무난해요
단 온라인게임은 늦어요
캠화질이 회소가 낮아요",[]
21.02.23.,5,부팅 빠르고 웹서핑과 동영상 시청 정도는 무난하게 됩니다. 가격대비 만족스러운 성능입니다. 모니터 화질이 선명해서 좋습니다.,[]
21.03.02.,3,아이 온라인수업 때문에 주문했는데 잘 쓰고 있습니다.,[]
21.02.27.,4,엄마가 필요해서 사드렸어요 잘쓰면 좋겠네요,[]
21.02.24.,5,배송도빠르고 사용하기도편해요,[]
21.03.01.,4,배송빨라요 가게용으로 삿어영,[]
21.02.19.,5,가성비 좋아요. 아이 학습용으로 구매했어요,[]
