"311,880"
date,star_point,comment,photo
20.10.17.,5,"화요일 새벽에 주문해서 수요일 오후2시전에 받았습니다!(서울)
뾱뾱이 여러겹으로 둘러쌓여서 왔어요
배송 속도 안전 만족합니다

SSD64 추가했습니다

문제은행 사이트에서 문제 선별해서 프린트 작업+한글에서 아이들 수업 일지
정말 딱 이정도 만 하고자 산 노트북이에요
음향 동영상 게임 할일 없고 잘 아는 분야 아니라 그래픽 이라던가 디테일한 기능 부분에서의 설명은 못하겠지만..
딱 제가 필요로 하는 일 해내기엔 무리없는 노트북이예요! 인터넷 접속 완만하구요

다만~~~~ 이 정도 뿐이여도 SSD추가 안했으면 불편함 있었겠구나 정도는 감지합니다~
미묘하게 버벅거림, 늦음은 다소 있어요

아주 단순한 기능 할지라도 SSD는 꼭!!! 추가하시는게 노트북 사용하고자 한다면 속 편하실겁니당","['https://phinf.pstatic.net/checkout/20201017_212/1602910143508MVWrh_JPEG/review-attachment-70396340-5401-44cd-a7bf-53581391f7ff.jpeg?type=f287', 'https://phinf.pstatic.net/checkout/20201017_7/1602910183851MPRFP_JPEG/review-attachment-fe6fc268-a848-4f42-9232-266a2f4c2b3a.jpeg?type=f287', 'https://phinf.pstatic.net/checkout/20201017_74/1602910184369LeB2t_JPEG/review-attachment-5ddb0b2f-4745-4d6a-904b-007d40bad280.jpeg?type=f287', 'https://phinf.pstatic.net/checkout/20201017_236/1602910185065qiNQY_JPEG/review-attachment-ed45eaaa-8e67-4e1f-967d-fb0036f09485.jpeg?type=f287', 'https://phinf.pstatic.net/checkout/20201017_100/160291018701194CjI_JPEG/review-attachment-c2bd5b65-6968-4772-a83a-a0ce8723b01e.jpeg?type=f287']"
20.06.02.,5,"검색을 좀 많이 하고 구매했어요.너무 포장을 대충해서 온다는 후기, 불친절하다는 후기가 꽤 있었는데 그건 몇년전 후기고 최근 후기는 다 좋더라구요. 뽁뽁이로 세겹 감싸져서 왔고 제품도 문제없이 좋습니다.
전에 쓰던게 13플라스틱같은?소재라서 그거보다는 당연히 무겁지만 이 제품만 그런거도 아니구요. 컴맹이라 긴장하면서 전원 눌렀는데 금방 설정했어요!
자세한 설정단계는 사진밑에 달았어요.

가끔씩 있는 안좋은 후기가 전류가 흐르는거같다,
저는 아직 둘 다 느끼지 못 했구요!
만족입니다!
A/s기간도 길어서 안심이에요.
만족하는 가성비노트북입니당!추천해요!

아 파우치는 무난한데 냄새가 심해요.
냄새에 둔한 편인데 너무 심함
근데 별로 개의치않아요ㅎㅎ
참고하시라고 씁니당","['https://phinf.pstatic.net/image.nmv/shopnbuyer_2020_06_02_0/c0fbaef3-a49a-11ea-a4a6-48df379cc9e4_03.jpg?type=f287', 'https://phinf.pstatic.net/checkout/20200602_239/1591079576825Nkhc4_JPEG/20200602_145818.jpg?type=f287', 'https://phinf.pstatic.net/checkout/20200602_98/1591079576674GmY5M_JPEG/20200602_145940.jpg?type=f287', 'https://phinf.pstatic.net/checkout/20200602_205/1591079576603pbA9X_JPEG/20200602_150004.jpg?type=f287', 'https://phinf.pstatic.net/checkout/20200602_5/1591079576888Bjxeg_JPEG/20200602_145732.jpg?type=f287', 'https://phinf.pstatic.net/checkout/20200602_81/1591079577077578t0_JPEG/20200602_145610.jpg?type=f287']"
20.10.30.,4,"배송은 주문하고 바로 다음날 왔고 뽁뽁이 여러겹 으로 포장해주셔서 안전하게 배송된 것 같아요.
윈도우 설치는 순서대로 하다보니 어렵지 않게 잘끝났고 오피스 프로그램도 무료로 제공되어 정말 좋았어요! 인터넷속도는 빠른 건 아니지만 일반적인 검색용으로는 양호한 수준이라고 생각했습니다 배터리는 느낌상 완충하고 7-8시간 가는 거 같은데 일단은 여러 변수에 따라 다른 것이니 다시 한번 봐보려고 합니다
디자인 깔끔하고 이 정도면 가벼운 편이라 만족하고, 문서작업과 인터넷 검색용으로 고민 많이 하고 산 건데 일단 3일 정도 써본 느낌은 잘 구입한 것 같다는 생각입니다.","['https://phinf.pstatic.net/checkout/20201030_79/1604033683259yL2aD_JPEG/review-attachment-d96d950a-e58b-4225-8563-96ea170f0551.jpeg?type=f287', 'https://phinf.pstatic.net/checkout/20201030_150/1604033738042eETm9_JPEG/review-attachment-3f9fb3ea-1f02-4aa4-9d1d-b48a67bb4bb5.jpeg?type=f287', 'https://phinf.pstatic.net/checkout/20201030_83/1604033680436VQt6z_JPEG/review-attachment-7b07fae2-e8e5-4697-bdbf-1e6594cc0945.jpeg?type=f287']"
21.02.06.,1,"삽십얼마에서 원래 기본가보다 거의12만원돈 더주고 잘써보겠다고 이것저것 추가하니까 더아깝네요 60만원조금안되게 주고샀는데 세상에 유튜브하나 트는데 한오백년걸리다니ㅋㅋㅋ..이럴줄 알았으면 그냥 20만원돈 더주고 홈쇼핑에서 삼성노트북살걸 그랬나봐요 이래서 브랜드브랜드 하나보다했어요 게임되는건 바라지도않았는데 산지 첫날부터 유튜브도 느리게 버벅이더니 이틀째엔 틀어지는것도 버벅거리고 엉망진창
비싸게 돈주고 하나배워가네요 이름없는거 함부로 사는거 아니라는걸.","['https://phinf.pstatic.net/checkout/20210206_260/1612589377393j5RWj_JPEG/review-attachment-71d86f6c-3ca2-4925-b983-492f6866625c.jpeg?type=f287', 'https://phinf.pstatic.net/checkout/20210206_227/1612589382456Gi6Bl_JPEG/review-attachment-4dce8be3-563e-424a-adad-569da694116e.jpeg?type=f287']"
20.07.07.,4,"배송은 금방 왔는데 아무리 저렴해도 노트북인데 취급주의 스티커도 없이... 뽁뽁이로 감싸주시긴 했는데 스티커 하나 붙여주셨음 해요! 처음 상자 개봉하니 색상이 너무 예쁘고 가벼워서 들고다니기 편했어요. 문서작업위주로 하고 인터넷 할꺼라서 저렴한 노트북 찾았는데 윈도우랑, 오피스 무료라 너무 좋아요. 인터넷은 느리진 않지만 유튜브 사이트가 접속부터 느려요. 동영상 시작되면 끊기지 않고 잘 되는데 그 전까지가 좀..
그래도 가성비 갑인건 인정이요!","['https://phinf.pstatic.net/checkout/20200707_172/1594128925710IcgWC_JPEG/review-attachment-d39bcc0b-77a7-42e8-bb7e-3219d27d7672.jpeg?type=f287', 'https://phinf.pstatic.net/checkout/20200707_200/1594128925696Cb07E_JPEG/review-attachment-53b50230-4a45-48c8-861e-1cc9dda6e71d.jpeg?type=f287', 'https://phinf.pstatic.net/checkout/20200707_284/1594128925701aOh64_JPEG/review-attachment-1bd5fe7e-8ad8-4fb3-afd9-bd21cb859344.jpeg?type=f287']"
21.01.11.,4,"지난주에 잘 받았습니다.
갑작스런 폭설로 늦게 도착하나싶었는데 다행이 많이 늦지않게 받았구요. 단, 너무 추웠던탓에 얼음짱같이 차갑더라구요;; 조금 녹인후에 셋팅을해보았는데 처음 해보는 작업였던터.. 지금도 맞게 셋팅된건지 모르겠어요. 특히 엑셀,워드 등 정상셋팅된건지...ㅠ 우선 써보고 한달후기 이후에 남겨볼게요. 가성비 놋북은 맞으나 역시 속도나 그래픽은 좀깨지는것같아요. 인터넷서취, 문서작업용으로 이용추천해요.",['https://phinf.pstatic.net/checkout/20210111_13/1610341786299qXrX0_JPEG/review-attachment-9470eca5-b000-4db0-88e7-a1ee1ab56194.jpeg?type=f287']
21.01.20.,4,"일단 가격이 제일 마음에 들었습니다
문서 작업 위주로 사용하려 찾아보다가
노트북들이 가격대가 좀 나가서 부담스러웠는데 30만원대의 가격으로 구매할 수 있어 좋았습니다. Ssd를 추가할까 하다 안했는데 그건 좀 후회되더라구요. 설치한거라고는 크롬밖에 없는데도 버벅거리고 파일을 다운로드할 때는 다른 기능 수행함에 있어 어려움이 좀 있습니다 . 아직 하루밖에 안됐지만 좀 더 지켜보고 추가하도록 하겠습니다.",['https://phinf.pstatic.net/checkout/20210120_114/1611105939226SUzy0_JPEG/review-attachment-89fb5b5f-c789-4581-99b7-cbd12b9f44f0.jpeg?type=f287']
20.11.29.,1,"처음 구입하고 충전기 꽂으면 누전이 되서 따끔따끔 했는데, 반품 문의하니 그냥 쓰라고 하네요..해외 파견근무로 노트북 가지고 출국하는 바람에 할 수 없이 그냥 들고 나왔는데, 점점 상태가 안좋아져 부팅시간도 길어지고 있고, 사용중 다운되는 횟수도 늘어나네요.해외에서 와이파이 접속 해서 일할 것이 많은데, 접속도 좀 느리네요.HDMI 단자 여부 확인 못한것은 내 실수네요...없는거 알았으면 안샀을텐데....괜히 구입했다는 생각이예요.128G 로 파티션 증대도 괜히 했구요..내년 1월말에 귀국 예정인데, 그 때까지만 사용 잘되길 빌뿐입니다. 그냥 조금 더 비싸더라도 다른 상품을 사는 것을 추천합니다....(스톰북14 메탈 type 입니다.)",[]
20.10.13.,5,"지난 주에 구입했는데 우선 주문하고 배송이 진짜 빨랐어요. 제품 패키지도 심플하고 디자인이 예뻐서 좋더라구요. 윈도우도 설치되어 있어서 기본 설정 몇 번만 하면 바로 사용이 가능해서 편했고, 아무래도 가격대가 저렴한 편이라 너무 빠르지는 않았지만 인터넷을 하거나 용량이 작은 이미지를 편집하는데 무리없는 것 같아요. 계속 사용해봐야겠지만 문서작업하기에 가성비가 좋은 제품이 아닐까 생각드네요! 꾸준히 잘 사용해볼게요 :)",['https://phinf.pstatic.net/checkout/20201013_273/1602558352020d7nDz_JPEG/review-attachment-a1a2d5a4-be61-44a3-8c1d-465d6fbcfdc6.jpeg?type=f287']
20.11.17.,5,이거 전에 스톰북14 오피스를 쓰고 있었어요. 오래 써서 그런지 고장이나서 새로 사게 되었습니다. (원래 스톰북14 오피스로 다시 살까했는데 이제는 판매하지 않는 것 같더라구요.) 대학생이라 노트북 들고 다닐 일이 많은데 밖에서 잃어버려도 부담되지 않는 가격이기도 하고 노트북이나 컴퓨터는 잘 모르긴 하지만 가격대비 좋은 노트북인 것 같아요! 색깔이 생각했던 것 보다 진한 색이어서 좀 당황했지만 그래도 예쁘네요!,['https://phinf.pstatic.net/checkout/20201117_54/1605604424669wilkp_JPEG/review-attachment-f7160e2d-eb63-4813-9fed-13b164c3601c.jpeg?type=f287']
20.06.16.,4,"장점: 일단 사진에서 보이듯이 예뻐요 얇고 색도 너무 예뻐요 진한 핑크아니고 인디핑크라 더 예뻐요 가격대비 괜찮고 한글 인터넷이 다 무료라는게 너무 최고라고 생각합니다 제가 컴알못이라 화면색이 안좋거나 이런것도 모르겠고 전반적으로 만족 그리고 배송빠름
단점: 조금 느림 원래 쓰던 컴퓨터가 진짜 느리던거라 저는 괜찮은데 빠른컴퓨터 쓰시던분들은 조금은 불편할거라고 생각. 그리고 약간 전류? 흐르는거 같은데..이거 제 착각인가요..? 노트북 끝부분에 팔이 닿으면 쪼금 따가워요..이거 착각인가용...???전만그래요?? 근데 심한거아니구..귀찮아서 그냥 쓸거같은데 쨌든 그래요..",['https://phinf.pstatic.net/checkout/20200616_62/1592300018669dEmsr_JPEG/23A13FFF-E269-4EC1-B7CE-CE8A5F517F4A.jpeg?type=f287']
19.11.07.,5,뽁뽁이로 이중 포장되어 안전히 왔어요. 다만 박스에도 취급주의 이런거 하나 붙였으면 더 좋았을걸 싶네요.무게는 1.35kg라는데 실제 재보니 1.4kg이고 꽤 묵직한 느낌입니다. 원도우 업뎃하는데 2일 이상 걸렸네요. 오피스는 바로 사용가능합니다. 속도나 와이파이도 괜찮아요. 가격대비 가성비는 최고네요. 길게 사용하며 고장여부나 AS 등은 지켜봐야 같아요.,"['https://shopping-phinf.pstatic.net/20191118_7/0f760a1b-5a80-4469-9f21-bffea21c20f5.jpg?type=f287', 'https://shopping-phinf.pstatic.net/20191118_17/9278f62d-45b5-4d52-b12c-c751b30b2a3b.jpg?type=f287', 'https://shopping-phinf.pstatic.net/20191118_2/b9015b92-0913-4e00-acbb-1b59e8900f4f.jpg?type=f287', 'https://shopping-phinf.pstatic.net/20191118_19/7acdf2bb-e804-464b-91f5-a031062d8296.jpg?type=f287']"
20.05.02.,5,"아이들 인강으로 구매했는데..배송도 빨리오고
인터넷도 바로바로 연결되고..인강 및 인터넛동시에해도 끊김현상도 없어서 잘쓰고있습니다. 다만 기본구성품에 마우스와 패드가 없는줄 알았다면 추가구매할껄했네요~ㅎ
아직사용한지 한달이 안되어서 더써보고 후기남길께요~번창하세요~^^","['https://phinf.pstatic.net/checkout/20200502_295/1588421976471xK0UU_JPEG/1588077858608.jpg?type=f287', 'https://phinf.pstatic.net/checkout/20200502_165/1588421983155CS5zw_JPEG/1588077869389.jpg?type=f287', 'https://phinf.pstatic.net/checkout/20200502_123/1588422009487sseN0_JPEG/1588421995590.jpg?type=f287']"
20.03.21.,3,"저렴하고 슬림한 디자인은 장점이긴 하나 인터넷 속도가 좀 느려요. 와이파이 아니라 랜선 연결했는데도 기존 쓰던 노트북 보다 좀 느립니다. 인터넷은 크게 사용하진 않을것 같아 큰 영향은 없을 듯 하구요. 사자마자 윈도우 10 오류로 고객센터 연락했었습니다. 전화 받아주신 분은 잘 알려주셔서 감사했지만, 새 상품이 오류가 나니 앞으로 잔고장이나 사용중 오류가 계속 나는거 아닌지 걱정스럽네요. 오늘 2일째 사용으로 처리해야 할 업무가 있어 전원켰는데 지문인식이 계속 안되서 종료 후 재부팅해도 지문 인식이 안되더라구요. 재종료 재부팅해서야 지문 인식이 겨우 되었네요. 급히 업무 봐야할 때 이럴까봐 상품에 대한 만족도가 많이 떨어집니다. 업무용 프로그램외에 설치한건 아무것도 없는데도 사용이 원활치가 않네요. 일단 좀 더 사용해본 후 후기 첨부하던지 할게요.22일 후기.어제인 21일과 오늘까지 3일연속 오류가 나네요.매일 이렇게 오류가 나는걸 어떻게 쓰라는 건지 모르겠네..",[]
20.01.08.,5,일주일에 한번 다른 곳에 이동해서 작업할 일이 생겨서 알아보던중 컴퓨터를 잘아는 동생이 가성비좋고 가벼운 제품이라며 추천해줘서 믿고 구매했어요 ssd 256으로 구매했는데도 카드할인까지 받아저렴하게 구매했는데 윈도우즈와 오피스 정품이 설치되어있어 너무 만족스럽네요 조만간 고등학교기숙사에 가게될 아들도 같은 제품으로 사주려고 생각중이에요,"['https://shopping-phinf.pstatic.net/20200110_0/f27f420d-3cb4-4266-b2c8-9c246f79e2ab.jpg?type=f287', 'https://shopping-phinf.pstatic.net/20200110_25/7b1b8cf7-77a1-4519-ac6b-332e94a5e4a1.jpg?type=f287', 'https://shopping-phinf.pstatic.net/20200110_18/8318eebf-fc51-4263-922a-a2467116587a.jpg?type=f287']"
20.07.02.,3,"사실 아직 겨우 하루 사용해보고 있는 중이라 평을 하긴 그렇습니다만, 처음 켜자마자 발열감이 있고, 반응이 확실히 느립니다. 인강용으로 샀는데 좀 답답합니다. 이미 뜯었고 사용 시작해서 가성비 생각하고 이해해보려 합니다. 부디 오랜 기간 무탈하게 사용이 가능했으면 좋겠습니다. 그리고 빨간 코드는 좀 촌스러워요 ㅠㅠ 아 그리고 의아한 것이 제품을 열어볼 때 타사 전자제품을 사면 테이핑이 확실히 되어 새제품을 첫 개시한다는 확신이 드는데, 그렇지 않았습니다. 제품을 꺼내보는데 정확한 테이핑이 없던 것이 마음에 걸립니다.",['https://phinf.pstatic.net/checkout/20200702_84/1593622086363JfSHa_JPEG/1593622065294.jpg?type=f287']
18.12.13.,5,오전에 주문하고 바로 받았습니다 128기가 추가 했구요 충전기도 추가 주문했어요. 해외로 나갈일이 있어서 가성비 좋고 가벼운 노트북 찾고 있었는데 열심히 검색한 결과는!!! 아이뮤즈 스톰북이었습니당 우선 얇고 가볍고 전체적으로 매끄러운 디자인이 고급스러워 보여서 좋아요(사실 기능보다 디자인을 더 보는 편이라) ㅎㅎㅎ 어디든 들고 다닐 수 잇을거 같아요 바로 켜서 문서 작업이랑 인터넷 작동 시켜보니 빠릿하게 잘 됩니다. 이정도면 충분한거 같아요ㅎㅎ 아 집에있는 스피커랑도 연결해봤는데 잘되네요 c 타입 고속 충전기로 충전하니까 충전 속도도 빨라요 추가 구매하길 잘 한것 같습니다. 사무실 밖 외근이나 문서 작업 웹 서칭 같은 기본적인 작업 하실 분들이라면 정말 이가격에 충분히 만족할 것 같습니다. (시험 삼아 드라마도 보고 영화도 봤는데 불편함 없어요 굿뜨) 고민고민 한 시간이 아까울 정도 ㅋㅋㅋ 좋습니다 잘 쓰겠슴니다,"['https://phinf.pstatic.net/checkout/20181213_291/1544704099917tKJjB_JPEG/20181213_182914.jpg?type=f287', 'https://phinf.pstatic.net/checkout/20181213_75/15447041063069gihK_JPEG/20181213_182954.jpg?type=f287', 'https://phinf.pstatic.net/checkout/20181213_180/1544704111148ghwLT_JPEG/20181213_183000.jpg?type=f287', 'https://phinf.pstatic.net/checkout/20181213_274/1544704119505mS933_JPEG/20181213_183054.jpg?type=f287', 'https://phinf.pstatic.net/checkout/20181213_229/1544704124704YIn3e_JPEG/20181213_183114.jpg?type=f287']"
20.11.18.,5,"WiFi로 사용 가능한 제품입니다. zoom회의, 문서 작업, 간단한 검색을 위해 구입했기에 만족스럽네요. 사용한지 딱 1주일 되었는데 zoom 사용에 지장 없고, 카메라 화소도 얼굴이 너무 세밀하게 보이지 않아서 오히려 만족합니다. 키보드 감도 괜찮아서 부드럽고 소음도 거슬리지 않네요. 지문 인식 기대하지 않았는데 좋습니다! 무리하게 바라지 말고 간단하게 사용한다면 만족스러울 겁니다.",[]
19.11.15.,3,메인 노트북이 있고 휴대할 수 있는 세컨 노트북용으로 구매했습니다. 싼 노트북으로 찾던 중 이 브랜드로 알아보게 되었고 상품qa를 보니 c단자를 통해 보조배터리로 충전 가능한 제품이 이 제품이라서 선택하게 됐다. 액정 흐릿한 느낌이고 속도는 이미 알고 있었다. 좀 답답하다. 아무튼 큰 기대하지 않고 샀다. 써보다가 정 안되겠다 싶으면 되팔 생각이다. 아무튼 가성비를 까져서 샀다,"['https://shopping-phinf.pstatic.net/20191118_10/0e92aaaa-ed31-4734-b706-8464ef9e4428.jpg?type=f287', 'https://shopping-phinf.pstatic.net/20191118_6/7739769b-e744-4deb-a56e-91be83c788cc.jpg?type=f287', 'https://shopping-phinf.pstatic.net/20191118_0/9240f4e3-630a-4513-a35b-98eb38fce8ef.jpg?type=f287']"
21.01.09.,4,가격대비 구성이 좋아요. 사용에 불편함도 없고요.그런데 제가 1월 7일에 노트북을 받고 오늘이 1월 9일인데 5월 3일 검색 기록이 있네요....혹시 리퍼거나 반품은 아니겠죠?사용에 지장 없으면 별 상관안하는데 배터리 수명에 영향줄까봐 걱정이 조금 되네요...,[]
20.10.13.,4,윈도우 +오피스 소프트웨어 가격포함한 넷북이라 생각하면 충분한 가성비 그리고 겉은 이쁨 근데 업데이트 처음 하니까 1시간 30분 좀 넘게걸림 다하고 한컷찍은건데 너무 오래걸림. 그거때문에 별4개 윈도우를 업데이트 해서 설치되어있었으면 함,['https://phinf.pstatic.net/checkout/20201013_243/1602596429584e2z40_JPEG/review-attachment-baa7bc38-6cb9-4dc3-952c-9077ca3c35d5.jpeg?type=f287']
20.09.06.,5,집에서 사무용으로 쓰려고 알아보다가 사게 되었는데 가격도 착하고 또 저렴한걸 사면서 걱정했는데 사길 잘한거 같아요ㅎㅎ 가성비노트북이 맞는 말이네요ㅎㅎ 인터넷 속도는 딱히 답답함을 느낄 정도로 느리지 않았고 빨랐어요ㅎㅎ,"['https://phinf.pstatic.net/image.nmv/shopnbuyer_2020_09_06_0/973013b5-f033-11ea-9b5a-505dac8c38f5_03.jpg?type=f287', 'https://phinf.pstatic.net/checkout/20200906_249/1599391636032RwD4C_JPEG/review-attachment-ee9c51b4-76a4-40fe-8d93-89461e0a56d4.jpeg?type=f287']"
20.10.20.,5,"이렇게 이뻐도 되나 싶을정도로 색이쁘고 가볍고블로그용, 인강용으로 사용하기 좋아요!!진짜 가벼워서 휴대하기 편하고 사이즈도 딱 괜찮아요색도 로즈골드라 더 고급지고 이쁘네요가격도 저렴한데 윈도우에 오피스까지 기본으로 깔아줘서 사용하기 너무 좋습니다~~^^사진이 색을 못따라가네요ㅠㅠ",[]
20.10.08.,5,"인터넷 느리다는 말이 많아서 걱정했는데 저는 그런 거 하나도 못느끼고 잘 쓰는 중입니다 ㅠㅠ 딱 문서용, 검색하는 용도로 산 거라 되게 가성비 만족하고 잘 쓰고 있어요! 그리고 실버그레이로 주문했는데 재고가 없어서 늦게 출고 되는 점 미리 알려주셨고 원하면 바로 출고 가능한 색깔로 변경 가능하다고 안내 도와주셔서 저는 로즈골드로 바꿨습니다! 원하던 색이 아니라 조금 걱정했는데 되게 예쁘고 만족스러워요! 친절하게 안내도와주신 점, 가성비 노트북 모두 다 만족!",[]
20.09.01.,5,"어제 점심시간에 노트북을 시켰습니당 ! 오늘 오전에 집 근처로 왔고 방금 따끈따끈하게 배송이왔네여~~


디자인도 깔끔하고 많이 무겁지 않은 편이네여~!

다른 저렴한 노트북들은 ssd카드를 사면 삽입이 안된상태에서 오는데 좋았습니당 ㅎㅎ

또 유선 마우스랑 ㅎㅎ

요즘같이 코로나로 학교 수업이 인강으로 진행이 되어서 저렴한 노트북을 찾고 있었는데 딱 입니당!!

저렴한 인강, 과제용 노트북으로 추천합니당!",['https://phinf.pstatic.net/checkout/20200901_118/1598945883162FXAYb_JPEG/review-attachment-c8a93c16-c23d-4a23-86fc-f62ca345fab0.jpeg?type=f287']
20.02.11.,5,"받자마자 바로 개봉했는데 조립하면서 생긴건지 작은 기스들이 있어서 조금 신경이 쓰였어요;; 그런데 제품은 진짜 좋아요^^ 윈도우 설치와 바로 ms정품인증으로 넘어가고 컴터 로그인시 지문인증까지 알아서 척척 넘어갑니다 속도면도 만족하고 크기와 무게, 화질 등 다 마음에 듭니다 이정도 가격에 이런 제품 어디서 살수 있는지 정말 잘 구입한거 같고 주변에 추천하고 싶네요~♡♡ 전체적으로 다 맘에 들지만 작은 기스; 맘에 걸려서 오티만 부분만 사진 첨부 했으니 참고해주세요",['https://shopping-phinf.pstatic.net/20200213_7/6b9caabd-d8d7-4145-a77d-ed1bfe29b6c2.jpg?type=f287']
20.12.19.,4,"아직 켜보기만해서 제대로된 후기는 아닐수있습니다
불량은 없는거같고 속도는 좀 느리네요
전기가 오른다는 후기가 좀 있던데 충천하면서 여기저기 만져보는데 오르는거같기도하고 아닌거같기도하고 알쏭달쏭..
키스킨은 괜히 주문한거같습니다 냄새도 심하고 키보드랑 좀 안맞네요
그외에는 다 좋은거 같습니다",[]
18.12.07.,4,배송은 바로 다음날 되어서 빨랐습니다.포장도 양호하고 복구솔루션 usb도 잘 왔습니다. 받자마자 부팅 후 업데이트를 하는데 설병서에서 한두시간 걸린다 했는데 업데이트도중 다시시작하니 생각보다 빠르게 업데이트가 되었고 계정등록 후 정품인증을 했습니다. 오피스도 윈도우 계정등록 후 사용가능했습니다. 지문인식 등록도 하고 사용하기 전 준비과정을 모두 마치는데 생각보다 오래 걸리지 않았습니다. 다만 절전모드에서 화면으로 인식되어 켜지기 까지 반응속도가 느린 듯한 느낌입니다. 그외 업데이트나 다른 프로그램 다운로드 속도 등은개인적으로 아직 크게 불편하진 않았습니다 .아직 사용첫날이라 더 써봐야겠지만 전체적인 평으로는 만족한 구매였다고 생각합니다. 한달 후 다시 평을 하겠습니다.,"['https://phinf.pstatic.net/checkout/20181207_109/1544122277573qjt9t_JPEG/20181206_184648.jpg?type=f287', 'https://phinf.pstatic.net/checkout/20181207_148/1544122278362622e6_JPEG/20181206_184811_HDR.jpg?type=f287', 'https://phinf.pstatic.net/checkout/20181207_102/15441222783920sakx_JPEG/20181206_184831.jpg?type=f287', 'https://phinf.pstatic.net/checkout/20181207_215/1544122278757xFb6s_JPEG/20181207_035056.jpg?type=f287']"
19.09.20.,5,약 한달반정도 사용하고 후기 남겨요. 장점부터 말씀드리자면 우선 ssd가 달려있어서 그런지 부팅속도가 매우 빠르고 인터넷 사용할때도 불편함 없이 사용합니다. 지문인식이 되어 편리해요 :) 두번째로 오피스 사는 돈이 사실 너무 아까워서 오피스가 포함된 노트북이라하여 망설임 없이 구매했던 이유가 큽니다. 처음 사서 바로 오피스부터 실행하였는데 영문으로 나와서 매우 당황스러웠지만. 이유는 어찌된지 모르겠지만 하루가 지나니 한국어로 잘 쓸수있었어요.(별다른 조치를 취하지 않았는데 알아서 바뀌었어요.) 세번째로 노트북 부팅시 에러가 났습니다ㅡ 별다른 충격이나 사용상 무리를 주지 않았는데 .. 한달이 채안된시점에 에러메시지가 떠서 당황스러웠지만 (이용에는 지장이없는 에러메시지였어요) 아이뮤즈 카카오톡 친구추가해서 고객센터에 문의하니 해결방법에대해 세심하게 알려주셔서 너무 감사드렸고 신뢰도 생겼습니다. 단점이 있다면.. 충전기를 꽂아둔채로 이용할시 자판외 부분이 전기가 흐릅니다. (키패드.마우스 패드는 전기가 안올라요) 저는 보통 인터넷 강의 듣거나 유튜브영상 볼때 굳이 패드에 손댈일없을때만 충전기 꽂아두고 쓰고 그 외에 타자부분 쓸일있을때는 충전기 뽑아서 씁니다. 배터리는 사용하는 방법에따라 다르겠지만 저는 좀 빨리 소모되는거같아요... 정확히 시간은 안재봤으나 그냥 맘편히 충전기 꽂아쓰는거를 추천드려요. 두번째로 발열 제가 처음산노트북이라 다른것과 비교는 못하지만 . 앞서 말씀드린바와같이 영상보는 용도로 쓸때는 책상에두고 손댈일이 없어서 쓰는데 크게 지장은 안가지만 문서작업 오래하시는 분들은 참고하세요. 세번째로 소음 음... 아무 소리 안나는 상태로 스피커 최대로 키우면 나는 기계음같은 소리가 날때가 있어요. 모든 볼륨을 다꺼도 그 소음소리가나서 신경쓰이는데 영상을 틀어둘때는 이 소음이 안나서 (소리에 묻히는건지 모르겠지만) 이 부분도 저는 감안해서 씁니다만 ㅜㅜ 불편한부분이네요.. (항상 나는거는 아니고 인터넷창틀때나 소리가 없는 환경인데도 소리가날때가 있어요... 매번그런게 아니고 언제ㅠ그런소리가 나는지몰라서 그리고 어떻게 없앨수있는지 몰라서 불편하네요ㅜㅜ) 결론적으로 저는 우선 품질도 우수하다고 생각해요. 아이뮤즈라는 브랜드를 이 노트북을 사며 처음 알았는데 다른 제품을 구매하더라도 사용해보고 싶은 마음이 생길정도로 만족도가 큽니다. 타사의 초경량 노트북과 수치상으로 비교하면 조금은 두껍고 무겁다 생각하실있겠지만 사용하는데있어서 두껍다거나 무겁다거나 생각이 안드네요. 장점과 단점을 다 고려해봐도 저는 재구매의사가 있을정도로 추천을 드려요.,[]
20.09.08.,5,"배송빠릅니다
아버지께서쓰시려고비싼노트북필요없다며
검색하시더니구매하게되었습니다
일단제가봐드릴수없는상황이라어떠한지는정확히
알수없지만주말에내려가서보려고합니다
사용후기는주말에한번더올라겠습니다
아버지께서괜찮다고하십니다",['https://phinf.pstatic.net/checkout/20200908_10/15995466418399BGiE_JPEG/review-attachment-dd7c62c9-61d8-469f-bf7f-5160b74458e3.jpeg?type=f287']
21.01.07.,5,잘받았습니다. 배송이 엄청 빠르네요.디쟌이랑 색상 이쁘고요.인터넷연결 랜선꽂는곳이 없어서 당황했으나와이파이 안되는곳 없으니 패스요.ㅎㅎ가성비 좋다는평 많던데 그런것 같아요.잘쓰겠습니다.아. 오피스 싹 깔려있는데 영문이라....ㅋ어찌할지 고민해 봐야겠어요.수고하세요~,[]
20.06.12.,3,"가격은 괜찮은데 속도는 느리긴합니다
Sd도추가했는데.. 배터리는 오래가진않구요 충전시 노트북에서 전기옵니다 디자인은 이쁘구요 얇지만 무게감은쫌있습니다 지문인식 반반으로 잘 인식될때있고 안될때있습니다 간단한문서작업 서핑 인터넷강의용으론 괜찮을것같네요",['https://phinf.pstatic.net/checkout/20200612_181/1591930228435Sn9ya_JPEG/20200612_115003.jpg?type=f287']
21.01.18.,5,리뷰 늦게써서 죄송하구 너무너무 만족합니다 정말 감사하게도 윈도우 설치에 office상품들 설치까지 무료로 다해주셔서 받자마자 바로쉽게 쓸수있었구요 지금까지도 잘사용하구 있고 노트북도 핑크핑크하니 완전이쁘구요 ♡♡♡ 무엇보다 이 착한가격에 이쁜 노트북을 살수있게 해주셔서 정말감사해요 !!!!!사장님 오래오래 장사해주세요 앞으로는 노트북은 꼭여기서 사려구요,[]
20.11.30.,4,"배송 엄청 빠르게 보내주셔서 감사합니다.
윈도우랑 오피스 기본적으로 내장되어 있는게 매우 편하고 좋네요
초등학생 조카 온라인 수업용으로 구매했는데 가격 대비 가성비 딱 인것 같구요
새제품인데 지문 등록해도 지문인식이 잘 안되더라구요ㅜㅜ
PIN번호로 사용해야겠습니다..",[]
18.11.13.,5,"깔끔한 디자인! 학습, 사무용 최적화 노트북입니다! 박스 포장이 매우 깔끔햇습니다. 박스만 보아도 제품에 많은 정성을 기울였다는 것이 느껴졌습니다.개봉하니 깔끔한 디자인의 스톰북14아폴로가 들어있습니다! 사진보다 실물은 밝은 색상이며 훨씬 고급스러운 느낌이 납니다. 특히 타자감이 마음에 들었습니다. 너무 낮지 않고 확실한 키감을 느낄 수 있습니다. 카페에 들고가서 문서작업을 하면 저절로 글이 쓰여질것 같은 예쁜 가성비 노트북입니다! 고급스러운 스틸 느낌을 좋아하며, 오피스가 필요한 분이라면 비슷한 타사 브랜드보다 스톰북 추천합니다! 가성비 최고입니다!!","['https://phinf.pstatic.net/checkout/20181113_49/1542114251714aq6jG_JPEG/KakaoTalk_20181113_173828465.jpg?type=f287', 'https://phinf.pstatic.net/checkout/20181113_275/1542114252043L1NAI_JPEG/KakaoTalk_20181113_173828710.jpg?type=f287', 'https://phinf.pstatic.net/checkout/20181113_131/1542114252227SiSQl_JPEG/KakaoTalk_20181113_173829015.jpg?type=f287', 'https://phinf.pstatic.net/checkout/20181113_255/1542114252383kVQXH_JPEG/KakaoTalk_20181113_173835631.jpg?type=f287']"
21.01.09.,4,"배송은 엄청느리고 노트북 속도는 생각만큼 느리네요.
금액대비 괜찮아요. 일단 얇아서 좋네요. 2일에 구매신청 4일에 배송시작 도착은 8일에 ㅠ
제품은 맘에듭니다. 간단한 문서 작성만 생각하고 구매 하신다면 아주 좋은 제품인것 같아요.^^",[]
18.11.16.,5,"LG그램 살까?(지름신).. 고민하다가 문제는 ""총알""*3너무 부담이 되고, 실 사용 용도가 고려 해봤을 때,웹서핑, 동영상, 쇼핑, 간단한 문서 작업용이기에 이건 아니다!! 고심 끝에 아이뮤즈 스톰북 14아폴로 요놈이 눈에 확 들어 왔습니다.모든게 마음에 들었으나 저장공간 32GB... 허걱!! 허나 M.2 2242 규격 SSD 장착이 가능하기에 SSD는 업데이트 해주는 센스~ 타사 제품보다 SSD 업 비용도 추가 세일하여 가성비 대비 쵝오가 아닐까..즉, 나에게 최적한 된 노트북이구나 여기가 끝이 아니더군요~기본 윈도우10 + 오피스 탑재, C-Type 및 각종 포트...무엇보다 디자인이 맥북을 닮아 쏙 맘에 들고, 득탬한 기분^^이상","['https://phinf.pstatic.net/checkout/20181116_210/younhak81_15423618853786PSRD_JPEG/WeChat_Image_20181116184940.jpg?type=f287', 'https://phinf.pstatic.net/checkout/20181116_199/younhak81_1542361885867SGhpu_JPEG/WeChat_Image_20181116184958.jpg?type=f287', 'https://phinf.pstatic.net/checkout/20181116_53/younhak81_1542361886214e1LS0_JPEG/WeChat_Image_20181116185014.jpg?type=f287']"
20.07.02.,4,"잘 쓰고 있어요!
영상 볼 때 처음에 살짝 버벅 거리고 전체화면 누르거나 작은 화면 누르거나 그럴 때만 약간 버벅거립니당.
큰 문제는 없어요~
흔히 단점으로 써있던 전류,소음 문제는 없습니당.
발열은 왼쪽만 살짝 있고 오른쪽은 발열없이 차갑네요",['https://phinf.pstatic.net/checkout/20200702_253/1593694180341RrylJ_JPEG/c1931d0dbe538587cc94e728b270c5e9.jpeg?type=f287']
18.07.18.,5,"가격대비 완전 만족스럽습니다 일단 노트북하나와 충전기하나로 구성된 박스를열고 충전기는 저가 품 답게 허술해 보이지만 노트북을 켰을때 이가격에 산제품이 맞나 싶을 정도로 깔끔한 인상이었고 인터넷연결도 괜찮았음. 윈10이 기본으로 깔려있어서 박스풀자말자 사용 가능하고 인강용으로 산지라 원하는 동영상 재생도 만족스러움. 간단한 작업용 으로는 싸게 잘산것같음. 일주일 사용해본 결과로는 무게감 있는 작업을 돌리면 하드 추가한곳에 발열이 심하긴 하지만 액정 화질, 키보드 키감, 무게, 크기 다 만족스러운 제품 입니다. 고사양으로 만들어 엘지 그램과 경쟁해 봐도 재미있을거같은 노트북이네요.","['https://phinf.pstatic.net/checkout/20180718_81/ms9941037_1531914409839PD0fJ_JPEG/PRREW_6215713737247341125.jpg?type=f287', 'https://phinf.pstatic.net/checkout/20180718_261/ms9941037_1531914431593J4kKf_JPEG/PRREW_4572062173182028281.jpg?type=f287', 'https://phinf.pstatic.net/checkout/20180718_195/ms9941037_1531914491369UCnI8_JPEG/PRREW_3395998674866825715.jpg?type=f287', 'https://phinf.pstatic.net/checkout/20180718_39/ms9941037_1531914515402ln3qv_JPEG/PRREW_3388385851113070420.jpg?type=f287']"
19.04.25.,5,노트북 알아보다가 스톰북이 가성비가 좋다고해서 13/14/15 다 알아보다가 14로 결정했어요 서류작업이랑 프린트랑 영화다운만 받아서 스톰북14s랑 아폴로랑 고민 하다가 아폴로로 픽!!! ssd카드는 128기가로 변경 원했는데 자체변경조건으로 구매하고 파티션도 변경되어서 구매했어요!! 윈도우10이 처음접하는거라 어렵긴했는데 맥북이랑 원리가 비슷해서 금방습득했어요~ 아 그리고 팁으로는 설명서를 잘 읽어보시고 윈도우 설치하시면 큰 무리없이 진행가능해요~! 배송은 2일 걸렸어요!! 굿굿 스톰북구매하고 리뷰남기면 사은품준데요~ 구매한김에 이벤트도 신청해서 사은품 받기!!,"['https://shopping-phinf.pstatic.net/20190428_18/0d6359df-785b-460f-8f18-f1ecbf13534e.jpg?type=f287', 'https://shopping-phinf.pstatic.net/20190428_28/63982b49-9b07-43ed-81ec-09b830a857e0.jpg?type=f287', 'https://shopping-phinf.pstatic.net/20190428_10/7b5fdddd-92d5-44fc-84b0-3de13ea7ddb2.jpg?type=f287', 'https://shopping-phinf.pstatic.net/20190627_2/a966c1df-943b-4ead-b415-edeb83f118a5.jpg?type=f287']"
18.12.21.,5,"이 가격에 가볍고 크기도 적당하고, 심지어 오피스와 윈도우까지!!!

조건이 너무 좋아서 친구 추천받아 구매하게 되었습니다!

받기 전에 기계에 대한 다른 부족한 부분이 있을까봐 걱정했었는데

막상 사용해보니 정말 잘샀다는 생각밖에 안들어용!

크지도 않아 영상보기도 너무 좋구요! ㅎㅎ

아폴로에는 지문에 c-type 단자 등 편리한 기능도 많아서 편하게 사용하고 있습니당

메탈 디자인도 너무 세련되고 !","['https://shopping-phinf.pstatic.net/20200214_22/0dc2ce03-6a66-4750-93d4-f81adfd3b1cf.jpg?type=f287', 'https://shopping-phinf.pstatic.net/20200214_8/701f3255-18dd-4936-a963-39dd7c2dea04.jpg?type=f287', 'https://shopping-phinf.pstatic.net/20200214_16/73187138-39ce-41ef-a68f-14e716cf0058.jpg?type=f287']"
19.11.05.,5,일단 배송빠른데 문앞에 던지셔서 깨졌을까봐 놀랬어요 취급주의포스터필요한듯요~포장상태양호하고 메탈외관 넘이뻐서 호감도업이네요설치하라는대로 잘한거같은데 오피스프로그램전체가 영어로만 나오고 한글로 바꾸는작업이 잘안되서내일 전화로 도움요청해보려구요 오피스 평생라이센스 있다는데 활용설명서가 없어서 당황중이네요 ㅎㅎ 256기가 업그레이드라 용량도 걱정이 없습니다저렴하게 잘산것같아요문제없이 몇년 잘사용하길 바래보아요~^^,['https://shopping-phinf.pstatic.net/20191118_15/01c8f03f-e9a3-4bde-8575-1a5bd558247d.jpg?type=f287']
20.04.19.,5,"배송은빠른데 박스에 취급주의스티커가 없어, 택배기사님이 문앞에 툭 두고 가서 걱정됐는데 제픔 파손은 다행히 없네요
리뷰에 많이 느리다 버벅거린다고 해서 바로 인터넷 해봤는데 생각만큼 느리지 않아서 좋아요
처음 MS오피스 정품인증절차 따라서 실행 했는데 에러 발생되서 짜증이 치솟았는데 MS고객센터연결해서 정상 인증됐습니다
노트북 구매전 카톡 상담은 너무 친철해서 만족했습니다. 크면 큰돈이고 작다면 작은돈이지만 제발 고장 없이 잘 사용하길 바래봅니다",[]
20.02.06.,3,우선 배송이 정말 빨랐던것같아요! 그런데 제 손가락이 이상한건지 지문 등록을 해놨는데도 지문인식이 안되네요ㅠㅠ (어쩌다 한번은 됐었어요!) 그리고 os 처음 인증하고 활성화할때 제가 네이버 검색하고 대충 했는데 뭐가 잘못됐는지 잘 안돼서 결국 ms고객센터 전화해서 거의 1시간는 원격으로 문제해결했던것같아요.. 다른분들은 꼭 잘 알아보시고 인증절차 밟으세요ㅠㅠ 무튼 그래도 노트북 예쁘도 가볍고 잘 쓰고 있습니다!,['https://phinf.pstatic.net/checkout/20200206_60/1580959497599adD3Q_JPEG/08E0196A-9094-488F-AC73-5126E47E58DD.jpeg?type=f287']
20.08.20.,4,간단한 문서작업용으로 구매했습니다 ssd 추가 돼서인지 크게 답답함이 느껴지거나 하진 않아요. 배송 빠르고 ms 오피스 있지만hwp 한글작업은 따로 프로그램 깔아야 되는 것 같아요.. 저는 한컴오피스만 필요했는데 이게 없네요 ㅠㅠ,[]
20.05.06.,5,"레시피 정리하는 문서전용 랩탑이 필요해서 찾아보다 구매했는데, 가성비 괜찮네요! 문서 프로그램이랑 윈도우 정품 깔려있어서 아주 좋았습니다.사이즈도 컴팩트하고, 프로그램들 돌아가는 것도 빠르구요. 부담없는 선물용으로도 좋을듯해요!",[]
19.06.17.,5,얼마전에 인강용으로 구매 했는데 가성비가 좋아 추가로 1대 구매 했습니다. 발열이 처음에많이 심하다고 생각는데 win10 업데이트가초기에 많이 진행되어 발열이 심하고 업데이트 및 초기화 이후는 많이 줄어 듭니다. 어댑터가 마음에 들지 않아 usb dp 어댑터 추가 했는데 디자인이 이쁩니다. 아이 둘 에게 한대 씩 주니 많이 좋아합니다. 윈도 설치시에는 오피스가 영문 메뉴이다가 설치 완료되면 한글메뉴로 변경됩니다. 가성비 좋아 강추 합니다,"['https://shopping-phinf.pstatic.net/20200724_24/3872f112-2f0a-4003-bc06-2bb14a90089a.jpg?type=f287', 'https://shopping-phinf.pstatic.net/20200724_23/e481f64d-1e07-444e-9062-d17f8710fc1b.jpg?type=f287']"
19.12.07.,5,어제 시켰는데 오늘 도착! 배송 진짜 빠르구요 심지어 토요일인데 배송해주셨어요 로젠택배요~그리고 얇기가 진짜 얇네여 근데 생각보단 무겁지만 이정도도 안무거우면 노트북이 아니라 탭이나 아이패드같을거 같을거 같아요 무게는 당연히 사이즈대비 체감할수 밖에 없구요 정품윈도우 인증하고 문서작업이 위주여서 구매한거라 엑셀켜봤는데 깔끔하게 잘되구여! 집 와이파이 잡아서 하고 있는데 빠르고 대만족입니다. 서비스로 주신 잭도 잘쓸게여 감사합니다~~!많이 파세요,['https://shopping-phinf.pstatic.net/20191212_4/96a8667d-29ae-4051-be6d-504683e8b5f6.jpg?type=f287']
19.11.06.,5,가장 짧은 문구로 표현하면 기대이상요즘 친구들이 쓰는 말로는 가성비 완전 짱입니다가격이 어무저렴하여 반신반의하고 주문했는데.....아들녀석 그램 180만원(OS프로그램 없는)에 사 주었는데후회막심우리 사무실 업무용으로 쓸까 생각 중에 있습니다.,['https://shopping-phinf.pstatic.net/20191118_13/c6bc1658-9c2a-4e56-b25d-7615c9718956.jpg?type=f287']
19.03.12.,5,"진짜 가성비 좋다는 말이 딱인거 같아요!!메모리도 추가하니까 넉넉하고 좋네요~웹, 오피스가 있어 문서 작성하기좋고 동영상 플레이도잘되고 좋아요~ 무게야 당연히 가볍고 두께도 손가락보다 얇아요 ㅎㅎ 단점은 화면필름이랑 상판필름을 구매하기 쉽지않네요ㅠ0ㅠ","['https://phinf.pstatic.net/checkout/20190312_46/1552321897310I2BVM_JPEG/03742186-4FF2-43AE-9ECF-B1DC4BE47C71.jpeg?type=f287', 'https://phinf.pstatic.net/checkout/20190312_62/1552321897910qIOzi_JPEG/9FC56521-2B8C-4FA1-B531-72EFE56D9BCA.jpeg?type=f287', 'https://phinf.pstatic.net/checkout/20190312_119/1552321898386wQlw8_JPEG/A06B3345-0A12-4EE5-BA14-7E6861C8E1F7.jpeg?type=f287']"
18.02.21.,5,스톰북14아폴로 사용후기 인터넷 검색결과 가성비 좋다는 내용을 보고 구입했습니다1. 디자인- 슬림하면서 메탈바디 아주 고급스럽습니다 맥북 저리 가라 할정도 입니다 디자인 아주 이쁩니다 2. 화면-화질 완전 좋네요 저희 아이 인강 들을려고 구입한건데....화질이 좋으니 영화 많이 보네요^^3.성능.-듀얼코어 cpu지만 학생용으로는 딱입니다 발열도 거의 없고 팬소음도 없어요와이파이 속도도 엄청 빠르네요배터리는 만충전시 10시간이니 문제없이 넉넉하네요하드 128GB로 업글해서 구입했으니 넉넉해서 좋네요각종 단자도 많아서 다양하게 적용할수있네요단점-충전케이블이 너무 짧고...싸구려틱 해보여요이건 좀 아닌거 같아요 개선해주셨으면 합니다원가 얼마나 한다고....ㅜㅜ터치패드 질감이 좀 떨어지네요장점-가격대비성능 학생용으로 너무 좋아요스피커 구석구석 숨어있어 4개 라네요영화볼때 음질 괜찮네요지문인식 기능도 좋구요키보드 터치감도 좋구요얇고 디자인이 아주 죽여줍니다 ㅎㅎ고급스럽다팬소음이 없다발열이 없다OS 가격으로 노트북을 공짜로 얻다 ㅋㅋMS오피스도 주고 짱 좋네요총평-30만원대 노트북으로서는 최강 가성비가 아닌가 생각해봅니다게임용이 아닌 문서 작업이나 인터넷 사용하기에는 넘치는 성능학생들이 쓰기엔 좋은 노트북의 최강자(노트북 가방이 있었으면 참 좋겠네요?^^),"['https://phinf.pstatic.net/checkout/20180221_183/1519141437494cW8Wg_JPEG/PRREW_2322858684264021279.jpg?type=f287', 'https://phinf.pstatic.net/checkout/20180221_62/1519141443985h7LxX_JPEG/PRREW_7982791611360067074.jpg?type=f287', 'https://phinf.pstatic.net/checkout/20180221_258/1519141455479vbOzd_JPEG/PRREW_4962334089330085020.jpg?type=f287']"
19.02.24.,5,"전체적으로 디자인이 고급집니다. 실제로 보지않고 사는거라 반신반의하면서 샀는데 맘에 듭니다 .요기가 검색결과 가장 저렴해서 더 좋았구요 !장점 : 가성비 갑(윈도우10, MS오피스 깔려있고 ssd탑재된 거라 저처럼 컴에 대해 잘모르는 사람들에겐 강추, 동영상 인강이나 문서작업용으로 추천드려용, 디자인깔끔)단점 :LG노트북을 쓰던참에 써브용으로 샀던거라 생각보다 무겁고 화면 해상도가 조금 아쉽네요.터치패드가 새거라 그런지 좀 뻑뻑하다는 느낌있네요 ~ 허나 마우스사용하면 불편한것도 모르겠네요.암튼 대만족입니다 .",['https://phinf.pstatic.net/checkout/20190224_145/1551016005206n3u26_JPEG/20190224_213112.jpg?type=f287']
18.08.21.,5,가성비 갑이예요👍 대학생이 된 딸아이 리포트와 웹서핑용도로 저렴하면서도 가성비 좋은 노트북을 고미고민하다 스톰북14아폴로로 구매했어요^^ 배송 엄청 빨랐구요^^포장도 얼마나 깔끔하고 꼼꼼하게 보내주셨어요 스톰북14아폴로의 장점중 하나 윈도우와 오피스도 간편하고 빠르게 깔았구요워낙 힘이 없는 아이라 기존에 있던 노트북을 많이 무거워했는데 이건 가벼워서 좋다고 하더라구요^^ 속도도 엄청 빠르데요,"['https://phinf.pstatic.net/checkout/20180821_109/dsy1838_1534855763479IWJYv_JPEG/PRREW_7711714805517071471.jpg?type=f287', 'https://phinf.pstatic.net/checkout/20180821_294/dsy1838_1534855769912uRSyK_JPEG/PRREW_7710577709553388871.jpg?type=f287', 'https://phinf.pstatic.net/checkout/20180821_64/dsy1838_1534855776200JphVr_JPEG/PRREW_3314406575527729761.jpg?type=f287', 'https://phinf.pstatic.net/checkout/20180821_228/dsy1838_1534855783095Cluoo_JPEG/PRREW_2171239330582929051.jpg?type=f287']"
19.11.09.,4,노트북 배송오자마자 여러가지 만져봤는데 디자인도 너무 이쁘고 고급져 보이면서도 가볍고 아주 좋은거 같아요 그리고 오피스랑 윈도우도 기본으로 구성되있다는게 큰 장점인거 같아요 거기에 IPS패널이면 더할나위 없져 ㅋㅋㅋㅋ근데 다만 아쉬운거는 처음 사용해서 그런지 인터넷이 느린거같더라고요 와이파이 잘되는 곳에서 했는데도 페이지 로딩 시간이 거의 한 7초 이상 걸리는거 같더라고요 처음이라 그런건지 잘 모르겠지만 사용을 계속 하다보면 알게되겠죠?? 아무튼 이 문제점만 개선된다면 정말 최고의 제품입니다 ~~,[]
19.01.19.,5,노트북이 필요해서 여러날 고민했는데 결정하고 배송받고 보니 작은고민거리 해결된것같네요. 가지고 다니기에 그다지 부담이 없을것같네요... 보조배터리로 충전가능한 C타입 USB가 있어서 선택했어요..그래서 받자마자 휴대폰 충전기로 충전해보았는데 안되네요...ㅠㅠ / 왜그런가 인터넷 찾아봤더니 C타입용(PD) 아답터가 있어야하네요(참고하세요) .. 같이 구매할걸 그랬네요... / 경제적인 가격에 업무용으로 사이즈도 적당하고 두께도 얇고 좋은것같네요.... 그리고 지문인식이 있어 편하네요.. / 혹시 크기참조하라고 네임펜같이 사진찍었으니 참고하세요...^^,"['https://shopping-phinf.pstatic.net/20200724_18/4f1342c2-a8c6-42c9-b27b-89f81d098b6b.jpg?type=f287', 'https://shopping-phinf.pstatic.net/20200724_7/924565f0-fee6-47e4-a15a-3fced494c321.jpg?type=f287', 'https://shopping-phinf.pstatic.net/20200724_5/bf4d7743-68ce-4c6e-ae7e-fd2feb682a07.jpg?type=f287']"
18.11.22.,5,구매후 2일만에 도착.용도는 사무용으로 사용하고자 구입했습니다.잦은 외근으로 외부에서 급하게 처리할 업무들이 많다보니 구매하게 되었습니다.아무래도 저가라 큰 기대는 안했는데 받자마자 심플한 외관에 만족.윈도우며 필수프로그램들 등록 설치완료..우리 딸아이가 자기도 필요하다며 사달라는데 사용해보고 괜찮으면 이번에 대학들어간 둘째놈꺼랑 해서 구입할 생각입니다.,"['https://phinf.pstatic.net/checkout/20181122_47/1542890810829CDl7b_JPEG/20181122_213846.jpg?type=f287', 'https://phinf.pstatic.net/checkout/20181122_205/1542890818109If2fz_JPEG/20181122_213825.jpg?type=f287', 'https://phinf.pstatic.net/checkout/20181122_87/1542890824767PXN77_JPEG/20181122_213739.jpg?type=f287']"
20.04.09.,4,"노트북 가격대 그에 걸맞는 수준입니다.
조금 무리해서 좋은걸 살 걸 후회됩니다 ^^;
한달간 사용해봤을땐 배터리 저감등의 문제는 없습니다.
단순 서핑, 뱅킹, 영상시청이 조금 버벅거린단 느낌이지만.. 가격대비 나쁘지 않습니다.",[]
19.01.26.,5,가볍고 좋네요. 높은 사양이 아니라 걱정했는데 인터넷 등 용도로는 충분한것같아요 용량업글은 필수구요. 이쁜대신 스크래치가 잘 날것같아 걱정이네요. 주로 집에서 쓸거라서 키스킨추가구입했구요. 충전기외에는 구성품이 없어서 필요한것들은 구입해야할듯요. 가격대비 가성비는 좋아요,"['https://shopping-phinf.pstatic.net/20200724_27/696290fb-7346-4277-88e1-e85d6e6b8900.jpg?type=f287', 'https://shopping-phinf.pstatic.net/20200724_19/40a7df25-fe15-42f6-9e68-f5700fac31e2.jpg?type=f287', 'https://shopping-phinf.pstatic.net/20200724_24/fcad0dff-e2ed-4a3e-b5d7-c3241a0cb82d.jpg?type=f287']"
19.07.26.,2,"디자인, 속도, 화질은 다 마음에 들었는데 밝기가 전반적으로 너무 누렇고 노트북에서 자주 쉭? 자글자글? 하는 이상한 소음이 크게 들려서 매우 거슬려요 특히 동영상 볼때 그 소음이 게속 들려서 집중을 못하고 있어요ㅜㅜ 그리고 사용한지 30분도 안되었는데도 발열이 노트북 아랫부분까지 뜨끈뜨끈하게 올라와서 타자 치는데 더워 죽는지 알았어요ㅜㅜ 참고로 노트북 받고 첫 작동한 상태에서 그런 거예요ㅜㅜ+ 저소음, 저발열이라고 해서 믿고 샀는데 하자가 아니라니!!구매하시기 전에 꼭 이 부분 주의하시고 구매하세요ㅜㅜ한달 더 사용해보고 또 솔직한 후기 남길게요소음은 동영상을 통해서 확인하세요~~",['https://phinf.pstatic.net/image.nmv/shopnbuyer_2019_07_26_0/a039ec28-af6c-11e9-aebb-48df37269ee2_05.jpg?type=f287']
18.11.25.,1,"14일에 구매해서 15일에 받았고 여태까지 총노트북 한 5번 썼을까말까한데지금 집에서 일하려고 노트북 키니까 무한 재부팅....^^하 진짜들고 다닌 적 없고처음 사무실에서 받은 날 집에 들고가려고 (10분거리) 이동한게 전부고제가 워낙 제 물건을 엄청 아끼는 스타일이라과도하게 충전을 시키지도 않았고함부로 던져놓은 적도 없고노트북 안끄고 그냥 잔 적도 없습니다.교환, 수리 다 필요없고 환불 받아서 좋은거 살래요.토요일에서 일요일로 넘어가는 새벽이라월요일에 바로 본사에 전화하려고요.수령일 포함 14일 전이니 제품 불량인거 확인 후 환불해주세요;ㅎㅎ+아침에 일어나니 미친듯한 소음이 나서 잠깼어요 (충전X)노트북 터지는줄동영상이라 잘 안들리는데실제로 들어보면 진짜 깜짝 놀랄 정도로 크게 나서 강제 종료 했어요제 평생 최악의 후기는 처음","['https://phinf.pstatic.net/image.nmv/shopnbuyer_2018_11_25_0/e5959a31-f040-11e8-87e6-28b4484d5a8e_03.jpg?type=f287', 'https://phinf.pstatic.net/checkout/20181125_169/likey365_1543084543424ONnRI_JPEG/image.jpg?type=f287']"
18.12.19.,4,"생각한 것보다 얇아서 놀랐고 키보드 터치감도 좋습니다. 와이파이 연결해서 쓰고 있는데 가끔 버벅이긴 하지만 이 가격에 이 정도면 괜찮은 것 같아요.. 게임이나 고사양프로그램 돌릴 계획없이 서핑이나 문서작업, 동영상 강의 보는 용도로 산 거라 만족합니다.고급진 색감으로 흠집도 잘 나지 않을 재질이라 마음에 들어요.같이 산 무선마우스는 마우스패드없어도 잘 됩니다. 근데 제가 처음 해 본거라 그런지 오히려 터치가 조용해서 터치가 된건지 모르겠어서 힘줘서 꽉 누르고 그런 일을 반복하게 되네요 ㅋㅋ 쓰다 보면 익숙해지겠죠.. 만족합니다",['https://phinf.pstatic.net/checkout/20181219_165/15452272714503nghF_JPEG/%C4%C4%C7%BB%C5%CD.jpg?type=f287']
18.12.12.,5,인터넷 강의나 웹서핑용으로 노트북 알아보다가 스톰북으로 결정했습니다. 생각보다 가볍고 슬림한 디자인에 놀랐네요... 와이파이로 인터넷쓰니 속도도 괜찮은듯? 하네요... 근데 크롬으로 사이트 들어가니 한글이 안쳐지네요... 네이버 검색 해결법으로 안되고... 이것만 해결되면 좋은데... 암튼 잘 쓰겠습니다.,"['https://phinf.pstatic.net/checkout/20181212_170/1544569883617HuiJu_JPEG/20181212_080945.jpg?type=f287', 'https://phinf.pstatic.net/checkout/20181212_259/1544569888380Rzq8O_JPEG/20181212_081000.jpg?type=f287', 'https://phinf.pstatic.net/checkout/20181212_287/1544569892367e8g4Q_JPEG/20181212_081026.jpg?type=f287']"
19.09.11.,5,"맥북os사용하다가 윈도우가 필요해서 급하게 샀는데 기대보다 더 좋아요! 외관도 깔끔하고 가벼워요! 들고다니면서 인강이나 문서작성용으로는 충분히 좋다고 생각합니다~
급하게 필요한거였는데 추석전에 주문해서 혹시나 안올까 걱정이 되어 카카오톡으로 문의 드렷는데 답변도 바로 친절히 답하여 주시고 배송도 바로 다음날 받앗네요! 감사해요~",['https://phinf.pstatic.net/checkout/20190911_8/1568183033354teF5d_JPEG/ED83399A-2AEC-46E2-B761-CF7A4468F23B.jpeg?type=f287']
19.08.08.,4,배터리가 이상있는 제품으로 와서 받자마자 as택배보내고 수리 기다리고 하면서 업무용으로 급하게 산건데 시간이 많이 지나서 다시 받았습니다. 그럼에도 별을 하나만 뺀 이유는 as기사님이 친절하고 믿음직스럽게 일처리를 해주셨기 때문입니다. 제품은 써보니 다른 분들 상품평처럼 화질이 살짝 아쉽고 조금 느린 기분도 들고 하는데 노트북을 처음 써보는거라 데스크탑이랑 비교하면 안돼겠죠. 가격대비 윈도우랑 오피스랑 다 있는 점만 해도 엄청난 제품같습니다.,[]
18.07.09.,3,"결론은, 가성비는 정말 뛰어나지만, 이 가격대의 제품 마무리와 키감은 각오하시고 사용해야 합니다. 문서작성, 글쓰기 용, 유튜브, 넷플릭스 감상용으로는 참 좋은 제품이라고 생각합니다.문서 작업용으로 구입했습니다. 영상이나 이미지 편집은 물론이고 게임도 전혀 고려 안하고 있으므로 이것보다 더 좋은 걸 구입할 필요는 없었어요. 윈도우 정품과 오피스 정품이 기본 옵션이라는게 아무래도 큰 메리트였구요. 먼저 장점은1. 가성비. 이 가격에 이 옵션은 아무데도 없을겁니다 2. 지문인식. 이게 의외로 편하고 빠릅니다. 현재는 로그온 하는 데에만 사용 중인데 분명 사용처는 늘어나겠지요. 3. 괜찮은 패널 상태. 유튜브, 넷플릭스 주로 보고 합니다. 화면 밝기 최대한 으로 하면 꽤나 화사한 화면을 즐길 수 있어요. 4. 정품 오피스. 다운이나 설치할 필요도 없이 사용자 등록만 하면 정품 오피스를 사용할 수 있습니다.아직도 오피스 실행시 자신의 아이디나 이름을 볼 수 없는 분들이 분명 있을텐데, 정품 사용자로서 이런걸 경험하면 불법다운로드 제품은 사용 못합니다. , 백도어의 위험도 없으니까요.그러나 아무래도 저가의 한계를 벗어나지 못한 부분이 분명 존재합니다. 주로 제품 검수에 관련한 내요입니다.사진 업로드 순서대로 아쉬운 점을 얘기할께요. 1. 저 카메라 위에 휘어져 들어간 부분이 있습니다.카메라 조립시 발생한건지, 이동중 발생한 건지 모르겠지만, 약간 움푹 파여있는게 눈에 꽤 거슬립니다. 2. 패널 위의 흠집저 부분에 어떻게 흠집이 발생할 수 있는지 모르겠는데. 이게 좀 굉장히, 아니 가장 크게 거슬립니다. 화면이 켜져있을 때는 물론이고 화면이 꺼져있는 상태에선 저 하얀 흠집이 정말 눈에 잘 들어옵니다. 이 제품 구입하고서는 가장 크게 실망한 부분입니다. 이 회사는 그래도 꽤 제품 검수가 잘 이뤄진다고 생각했는데 이런건 정말 검수 차원의 문제라고 생각합니다. 3. 패널의 간격이 고르지 않음. 사진은 화면 오른쪽 경계인데, 이게 왼쪽과는 간격도 다를 뿐더러., 조립이 잘 못된 느낌이 들정도로 약간 떠 있는 상태입니다. 덜렁거릴 정도면 반품을 했을텐데 그정도는 아니지만, 역시 이 가격에 큰걸 바라기엔 좀 아니구나... 하는걸 잘 느낄 수 있는 부분입니다. 4. 이상한 키보드 배열과, 키감보통은 화살표 상단 방향키의 크기를 줄이고 시프트 키를 살릴텐데, 이제품은 게이밍용도도 아니면서 화살표를 살렸네요. 덕분에 쌍자음 칠때마다 시프트 키의 위치가 정말 의식을 잘 해서 눌러야 합니다. 익숙해지면 괜찮겠지만 그래도 이건 좀 비정상스럽다 싶을 정도의 키보드 배열입니다. 그리고 키감이.... 거의 10년 전에 샀던 아수스 넷북의 키보드 보다도 안좋아요. 쫀득한 느낌이 전혀없고 되게 헐거운 느낌. 키가 픽픽 힘없이들어가는 느낌이 참 별로예요. 겉보기엔 괜찮아 보이는 데 눌러보니 되게 실망스럽습니다.",[]
19.10.15.,5,중학생 딸 아이가 사용하는 노트북이 오래되어 자꾸 에러가 생겨서 새로운 노트북을 알아보던 중 알게된 아이뮤지 스톰북14아폴로... 가격도 저렴하고 아이가 사용하기에 적당한 사양인거 같아 주문하게 되었네요. 배송도 빠르고 성능도 괜찮은거 같아요. 당분간은 걱정없이 사용해도 될거 같네요. 128G로 업글해서 구매했습니다. 잘 쓰겠습니다. 혹시 나중에 고장이 생기면 A/S 잘 부탁드립니다~~~,[]
19.06.04.,5,배송 완전 빠르고 속도도 생각보다 빠릅니다.실제로 보면 더 괜찮고 메탈이어서 그램보다는 조금 무거우나 일반노트북 대비 가벼운 편입니다약간의 열이 있어 오래 사용시에는 쿨링을 위한 받침대가 팔요 해 보입니다. 모양이나 가성비는 좋아 추천합니다,['https://shopping-phinf.pstatic.net/20200724_4/868ded04-b4e4-477a-81f8-41201886aff4.jpg?type=f287']
19.04.10.,4,가성비 짱 제품!! 다른 비싼 노트북에 뒤쳐지지 않습니다 ㅋㅋㅋ 가끔 유튜브 용량 큰 거 볼때 사알짝 멈추는 감이 없지 않아 있는데 와이파이 탓도 있는 것 같기 땜에 괜찮다 생각하고요 역시 오피스가 있어서 과제하기에 짱입니다 대학생들 추천!! 겉모습도 이 가격대라 생각 못할 만큼 좋습니다리,['https://phinf.pstatic.net/checkout/20190410_34/1554822732139zxfEc_JPEG/KakaoTalk_20190410_001055864.jpg?type=f287']
18.12.16.,5,"문서작성용으로 정말 완벽합니다. 취업준비하면서 구매했는데요, 만족합니다. 우선 14인치라 화면도 답답하지 않으면서 무게가 가벼워서 휴대성도 정말 좋습니다. 계속 노트북 들고 서서 이동했는데 들고다닐 만 했어요. 또, 무엇보다 문서작성용으로 구매한지라, 윈도우 및 오피스포함된 구성이 더더욱 좋았습니다. 인터넷사용이나 프린터 등 답답함 없이 잘 사용중입니다. 물론 ssd는 추가했습니다.p.s 지문인식도 쓰다보니 정말 편해요:)노트북 휴대가 잦은 취준생이나 대학생분들께도 정말 추천해드리고싶어요!!",['https://phinf.pstatic.net/checkout/20181216_268/1544889933232SztDv_JPEG/7DA16A8B-7DC1-4EE1-A631-6D1C4214E893.jpeg?type=f287']
19.03.27.,5,고딩 두 딸을 위해 2대를 구매했습니다....반신반의하고 주문하고 다음날 배송되어서 너무 빠른 배송이라 첫 기쁨!~개봉하면서 슬림하고 풀메탈의 자태에 두번째 기쁨!~SSD 128G 파티션변경에 따른 엄청 빠른 부팅에 새번째 기쁨!~이젠 사용하면서 누릴 수 있는 사용감 만족을 마지막 기쁨으로 기대해봅니다!~~~~참! 상품평에 따른 파우치를 받을 수 있다는 기대감까지~~~~,"['https://shopping-phinf.pstatic.net/20210326_0/aaf3f547-65df-4a59-9811-7923aade7389.jpg?type=f287', 'https://shopping-phinf.pstatic.net/20210326_29/87c740cb-3a47-402b-a217-6b10c905ba25.jpg?type=f287']"
18.07.01.,5,중학생이 된 우리아들 첫노트북 선물을 사주려고 알아보다 우연히 발견한 스톰북아폴로 14라는 노트북을 우연히 발견하게 되었어요 처음보는 제품이라 반신반의 상품평도 나쁘지않고 괜찮아보여서 구매를 결정하게 되었습니다. 물건을 받아본 순간~ 우와~~ 색상도 너무 고급스러워보이고 터치감도 좋고 들고다니기도 가볍고 이 가격에 이런제품을 구입하다니 너무 횡재한 기분이 드네요 안에 탑재되어있는 프로그램도 좋고 아이도 너무 좋아하네요^^ 앞으로도 이런제품 많이 나왔으면 하는 바램입니다. 번창하세요^^,"['https://shopping-phinf.pstatic.net/20200124_26/d7bdddbb-fea3-4907-bacd-b929a58872ad.jpg?type=f287', 'https://shopping-phinf.pstatic.net/20200124_22/ad2ddfff-eab9-4290-9867-badacae7414b.jpg?type=f287']"
19.01.09.,5,"다른노트북을 많이 안써봐서 비교는 어렵지만와이파이만 잘 잡혀있으면 속도 전혀 안답답해요다만 자판속도가 느린지 계속 글자한개씩 빼먹어요화면크기,전체사이즈는 너무 작지않고 딱좋아요인강용으로 필요해서 산거라 아주 적당합니다소리가 아예 안나진않고 가스소리정도로 나요14S 화이트랑 고민했는데 이것도 예쁘네요!",['https://phinf.pstatic.net/checkout/20190109_8/klmeya_1546978173056zxXEs_JPEG/20190109_045929.jpg?type=f287']
18.02.20.,5,"딸애 대입선물과 제 현장미팅용으로 2대를 똭! 딸애 대학생활 하며 쓸 가성비 좋은 노트북을 찾다가 발견한 스톰북유툽, 후기 등등 알아보다 상담원님과 상담해 보고 너무 좋은거 같아 제 현장미팅용으로 쓸거랑 해서 2대를 구입했어요~물론 고성능의 노트북과 비교는 불가 하지만 조금의 업그레이드를 하니 충분히 사용할만 하네요^^ 1대의 고성능 노트북가격도 안되는 금액으로 2대를 구입했답니다^^적극 추천드려요^^","['https://phinf.pstatic.net/checkout/20180220_298/thezonei_1519096639334mwqwe_JPEG/%EB%85%B8%ED%8A%B8%EB%B6%81-_%EC%8A%A4%ED%86%B0%EB%B6%81_14_%EC%95%84%ED%8F%B4%EB%A1%9C-01.jpg?type=f287', 'https://phinf.pstatic.net/checkout/20180220_49/thezonei_1519096639584s9xHc_JPEG/%EB%85%B8%ED%8A%B8%EB%B6%81-_%EC%8A%A4%ED%86%B0%EB%B6%81_14_%EC%95%84%ED%8F%B4%EB%A1%9C-02.jpg?type=f287', 'https://phinf.pstatic.net/checkout/20180220_168/thezonei_151909663974946zbg_JPEG/%EB%85%B8%ED%8A%B8%EB%B6%81-_%EC%8A%A4%ED%86%B0%EB%B6%81_14_%EC%95%84%ED%8F%B4%EB%A1%9C-03.jpg?type=f287', 'https://phinf.pstatic.net/checkout/20180220_295/thezonei_1519096639938gpuT5_JPEG/%EB%85%B8%ED%8A%B8%EB%B6%81-_%EC%8A%A4%ED%86%B0%EB%B6%81_14_%EC%95%84%ED%8F%B4%EB%A1%9C-04.jpg?type=f287', 'https://phinf.pstatic.net/checkout/20180220_281/thezonei_1519096640146LxwLj_JPEG/%EB%85%B8%ED%8A%B8%EB%B6%81-_%EC%8A%A4%ED%86%B0%EB%B6%81_14_%EC%95%84%ED%8F%B4%EB%A1%9C-05.jpg?type=f287']"
18.09.18.,4,가성비를 고려한다면 최고가 아닌가 싶습니다. SSD를 적용해서 빠른 부팅속도와 인터넷과 문서작성용으로는 적정한 성능을 보유하고 있습니다. 게임용으로 사용하기에는 성능에 무리가 있구요..노트북 발열은 삼성이나 LG제품보다는 발열이 좀 있습니다. 펜리스타입이라 그럴수고 있지 않은가 싶기도 하지만 LG제품중 펜리스타입에서 발열과 비교했을때는 발열리 많은 편입니다. 그렇다고 사용이 아주 불편하다거나 그럴정도는 아니구요.. 발열이 발생하는곳은 터치패드 오른쪽부문입니다. 냉각시스템설계시 노트북얖단부문으로 설계를해서 그런지는 모르겠는데요... 노트북 후단으로 설계를 했으면 하는 아쉬움이 있네요.. 그외에는 크게 불편함은 없구요.. 마이크로SD카드를 이용해서 저장공간의 추가확보도 필요할것 같습니다. SSD 128G 는 사용하다보니... 저장공간의 부족이 느껴지네요.. 그렇치만 종합적으로 고려해 볼때 심플한디자인 및 적정한 무게.. 성능등 괞찬은 제품이에요..,[]
19.02.01.,3,안전하게 빨리 도착해서 놀랬네요..설명서가 따로 없어서 셋팅하는게 좀 어려웠지만 검색해가며 무사히 마쳤네요..모양이나 무게 모두 괜찮은데 USB포트가 너무 약하네요..무선마우스 연결하니 포트가 좀 덜렁거리네요..c타입 usb로는 충전이 안되더라고요..ㅠ 제가 잘못한건지는 모르겠지만..일단 인강용으로 구매한거라 사용하는데는 문제 없네요..전원선을 연결하면 노트북 자체에 정전기 흐르듯 징징거림이 느껴지지네요..ㅠ 가격이 워낙 저렴하니 감안하고 써야할거 같아요.. 일단 빠른 배송에 저령하게 잘 산거 같아요,[]
18.07.08.,3,처음으로 노트북을 구입했는데 제가 아는 지인분이 안계셨으면 프로그램도 깔지 못하고 했을겁니다.속도도 느린것 같다고 하고 여러가지로 프로그램 때문에 고생했네요.처음하시는 분들은 정말 힘들것 같네요.용량이 부족하다고 계속 노트북에 떠서 파티션변경할려고 셀프복구솔루션 usb를 아이뮤즈본사에서 29000원에 구입하여 실행했는데 3번이나 했는데 아예안되네요.다운 받는데 3번하는데 5시간 넘게 걸리고 노트북이 아예 되지 안네요.정말 화가나고 하네요.구입한지4일 밖에 안됬는데.내일은 직접 일산에 있는 서비스쎈타에 갈려고 합니다.,"['https://shopping-phinf.pstatic.net/20200214_2/4fe47558-5288-477d-a1d2-3e37c7523f96.jpg?type=f287', 'https://shopping-phinf.pstatic.net/20200214_10/85d78a27-9274-45d0-91cd-8935f245693c.jpg?type=f287']"
19.08.30.,5,"기계치인 저도 설명서 따라서 설치하고 구동하는데 문제 없었습니다. 다만 같이 무선 마우스를 주문했는데 usb포트가 자꾸 빠져 아예 그 부분을 빼고 사용하고 있어요... 마우스 검수 잘 하셔야 할 듯...

하지만 노트북에서는 완전 만족하기에 5점 드립니다~!!!",[]
19.10.14.,5,빠른 배송으로 받았습니다. 이 가격에 오피스까지 주셔서 너무 감사합니다. 하지만 한글이 없어서 조금 아쉬웠습니다~ 그래도 가성비는 최고 충전하는 것도 괜찮고 터치감도 좋고 특히 타자 칠 때의 터치감이 좋습니다. 그리고 무게감도 제가 들기엔 조금 무거웠으나 괜찬습니다~^^ 만족하고 있습니다~^^♡ 많이 번창하세요~,[]
19.07.24.,5,택배가 빠르게 왔는데....갑자기 휴가를 갔다오는 바람에 경비실에서 늦게 찾아와서 이제 사용해 보았어요~ 깔끔한 외관에 빠른 성능에 ....너무 마음에 들어요~ 회사에서 따로 개인용으로 사용하려고 주문한건데 괜찮아서 업무용으로 하나 더 구입 생각중이네요^^,[]
18.07.31.,5,"디쟌 진짜 예쁩니다!
전류가 느껴진다해서 좀 걱정했는데 충전 중에도 아직 못 느꼈구요.
윈도우에 오피스에 까지 설치 돼있어서 바로 사용하기 좋네요.

그동안 계속 노트북 검색하다가 처음으로 아이뮤즈 노트북 사용하려고 구매했습니다. 잘 사용할게요~~","['https://shopping-phinf.pstatic.net/20200214_12/1331e844-785c-413a-9574-67d691532374.jpg?type=f287', 'https://shopping-phinf.pstatic.net/20200214_5/750db642-320c-4c78-8816-5b0025bce4d9.jpg?type=f287', 'https://shopping-phinf.pstatic.net/20200214_3/97f3f753-c00b-4a78-ab7e-a2b36fc430ad.jpg?type=f287']"
18.08.20.,3,서류작업 하려고 구매했는데 .. 배터리가 오래가지 않네요 노트북을 꺼놓아도 배터리가 닳는거 같아요 보조배터리로 충전이 된다는데 충전표시도 안뜨고 충전이 안되는것 같아요 고장인가요? 보조배터리 충전은 어떻게 하나요 배터리가 생각보다 빨리닳아서 불편하네요 충전기 들고다니고 싶지 않아서 구매햇는데.. 전용선으로 충전하면서 사용하면 손목닿는 부분이 무서울 정도로 저릿저릿하네요 화면큰게 좋아서 구매했는데 여성이 들고다니긴 버거운것같네요 그외 엑셀이나 윈도우가 포함이 되어있는데도 저렴한 가격이라 마음에들고 가끔 타자치는게 너무 빨라서 버벅일때 있지만 쓰다보면 나아지고 영화보는데도 문제없고 인터넷 사용도 조금 늦게 뜨긴하지만 사용에 지장은 없네요 가격도 타 업체들보다 훨씬 저렴해서 가성비라고 불릴 만 해요 오래 쓸수 있음 좋겠네요 보조배터리 충전 어떻게하지..,[]
19.03.08.,2,"금일 스마트픽으로 배송받았습니다.
안그래도 직접 수령하기 전에 해당 점포에서 매장물품인 줄 알고 택배박스를 뜯었던 흔적이 있어 속상했는데,
집에와서 사용하려고 보니 액정화면에 실금이 가서 미세한 화면떨림이 보이니 더 속상하네요.
혹시 몰라 깨짐현상을 동영상으로 촬영해두었고, 캡처하여 첨부합니다.
하이마트에서 좋은 기억이 많아 온라인구매도 했는데 상당히 아쉽습니다.
빠른 처리 기대하겠습니다. 감사합니다.",['https://shopping-phinf.pstatic.net/20200214_29/dc689a03-ac45-44df-bde6-f7aad87800d5.jpg?type=f287']
18.03.07.,4,"스톰북14아폴로 상세 구매후기. 인기 있는 제품이라 구매하였습니다. 구매과정이 순조롭지 못하였으나, 판매자 두별통상과의 원활한 전화통화가 되어서 추천 드립니다.제품 A/S 관련해서는 두별통상은 모르고 아이뮤즈와 따로 연락해야되는점 참고하시고, 아이뮤즈는 절대 통화 안됩니다. 카톡 플러스 친구로 얘기가 좀 되네요.제일 중요한 점 :1) SSD 추가구매시 정품 윈도우10, 오피스를 SSD로 옮기려면 아이뮤즈에서 판매되는 SSD셀프 복구 솔루션 29000원짜리 구매하거나, 택배로 주고 받고(공임비 25000원+택배비) 해야합니다.2) SSD장착후 SSD 활성화가 안되어...(설명서대로 해도 안됩니다.) 제가 따로 검색하여 인식되게 하였습니다.(3일소요) 처음부터 SSD 추가하는 구매자에게는 바로 SSD에다가 OS 설치해주면 좋겠습니다. 또 복구솔루션 구매해야되고..(29000원) 일이 많이 번거럽습니다. 마지막으로 포토 구매후기 노트북 가방 주세요~ 이벤트 메세지 삭제하였던데 끝난건가요? 그래도 하나 주세요~ 이거 보고 주문한건데ㅠㅠ","['https://phinf.pstatic.net/checkout/20180307_206/1520388585964DhCrI_JPEG/1.jpg?type=f287', 'https://phinf.pstatic.net/checkout/20180307_250/1520388586210jQPmv_JPEG/2.jpg?type=f287', 'https://phinf.pstatic.net/checkout/20180307_29/1520388586436AuHjw_JPEG/3.jpg?type=f287']"
18.09.20.,5,가성비 좋은 노트북 아이들 인강용으로 2월에 구입후 잘 사용하고 있다가 하나더 구입했습니다. 아이들이 각각 하나씩 사용하게 하려구요. 가격대비 성능도 만족스럽고 오피스도 기본으로 깔려있어서 더 좋습니다.디자인도 깔끔하고 가벼워서 다들 만족하시리라 생각이 드네요. 다만... 엊그제 구입했는데 오늘 아이뮤즈 사이트보니 이것저것 선물패키지를 주네요. 하루이틀 차이로 못 받게되어 아쉬운 맘...ㅎㅎ 전 키스킨도 지난번거랑 두개나 더 구입했어요.,['https://phinf.pstatic.net/checkout/20180920_199/oxygen6_1537428655451X2OSz_JPEG/PRREW_2814752272670739876.jpg?type=f287']
18.02.15.,3,"실상은 40만원대 노트북 - 장점1. SSD를 구매하지 않을 경우 가격이 매우 저렴하다.2. 디자인이 아주 훌륭하다.3. 무게가 정말 가볍다. 이 가격대에 이 성능 기준, 이정도 되는 무게를 찾아보기 힘들다.많은 사람들이 아이뮤즈의 성능만 보고, 가성비라 하기엔 부족하다 하지만, 걔네들이 대신 추천해주는 노트북들 보면 대체로 무게가 1kg 후반대이다.4. 지문인식이 된다....! - 단점1. 충전 하면서 사용하면, 금속 테두리 부분에 전류가 흐른다. 덕분에 손목이 찌릿찌릿하다...2. 충전기 선이 매우 짧다. 정말 너무 짧다. 아이뮤즈 특성이다. 충전기 선 좀 넉넉하게.. 제발...!3. cpu 성능.. 가성비도 좋긴 하지만 듀얼코어는 좀 너무했다. 약간 가격을 올리더라도 쿼드코어로 가는 편이... 너무 성능이 이도저도 아니게 나왔다.4. ssd를 구매하면 진다. 추가로 3만원을 내지 않으면, os를 ssd로 옮겨주지 않는다. 윈도우 깔지 모르는 사람들은 꽤나 불편할거다.",['https://phinf.pstatic.net/checkout/20180215_40/1518670605044THzO2_JPEG/P20180213_235314187_277C4A81-E1E1-47C4-A45E-FC5D75DAE0FE.jpg?type=f287']
18.07.31.,5,"일단 5일 정도 사용해본 후기 입니다.
5일 동안 사용해 본 전반적으로 나쁘지 않았지만 아래 사항들은 별로였습니다.
얇아서 가벼울줄 알았는데 생각보다 무겁습니다.
기존에 사용하고 있는 노트북이 15.6인치에 ODD까지 있어서 무거운편인데 무게감이 많이 차이나지 않습니다.
가끔 인터넷 연결이 끊김니다.
인터넷이 문제니 충돌이니 뭐니가 아니라 동시에 다른 노트북과 핸드폰은 잘만 끊김없이 잘만 됩니다.
그리고 충전시 전자파가 흐릅니다.
타자 치다보면 키보드 아래쪽이 손바닥 아래쪽이 닿는데 느낌이 이상해서 손으로 스윽 만져보니 전자파 흐르는게 엄청 느껴집니다.
그리고 작업하다가 노트북 모서리에 팔쪽이 가끔 스치는데 찌릿해서 아프더라구요.
전자파가 제일 큰 불만입니다.
전자파 완전 싫은데 전자파가 흐른다는건 문제 있는거 아닌가요?
원래 이런건지 어쩐건지 다른 노트북 쓰면서 전자파 흐르는건 처음이네요.
후기 길게 안쓰는데 안쓸수가 없네요.",[]
18.06.22.,5,디자인 심쿵 가볍고 얇음 게임빼고 부족함없음물론 고사양 컴퓨터들처럼 빠릿빠릿하진않지만 동영상 영화 인터넷서핑하는데는 전혀 스트레스받지 않아요 스타크래프트도 잘 돌아감ㅎㅎ다만 프로그램 인스톨시 느린감이 많이있지만 감수할만합니다. 소음도 전혀없구요~~단점은 화면 끝부분쪽으로 빛샘현상들이 있어요 불량은 아닌것 같고 거슬리진 않습니다좌측하단쪽에 발열이 꽤 있어요 ~노트북이라 어쩔수없는듯?게임할꺼아니면 가성비 강추 !,['https://shopping-phinf.pstatic.net/20190221_24/10d3fc49-9db7-436e-b97a-3d577035935e.jpg?type=f287']
18.12.22.,2,고민하다 괜찮다는 평이 있어 구매했는데.. 추천하고 싶은 상품은 아니네요.. 제가 문서작업이랑 웹서핑 조금 쓰는 정도인데도 용량 엄청 작아서 이것저것 추가로 구매하다보니 배보다 배꼽이 더 커졌네요..ㅠㅠ 이럴바엔 차라리 제대로 된 컴을 사시는게.. 갠적으로 고민해보시고 구매하시길..,['https://phinf.pstatic.net/checkout/20181222_58/1545470577466lPneb_JPEG/F5D178F0-4DF2-4B83-8CFA-AB9EDEF96873.jpeg?type=f287']
19.03.07.,5,"주문한 다음날 받아 볼 수 있어 번개 배송입니다.노트북이 가볍고, 윈도우10과 MS오피스 프로그램들이 다 내장되어 있어즉각 사용하기에 너무 편해요.저는 스톰북13을 지난 1월에 구입했는데 좋아서스톰북14도 구입했어요.스톰북14는 집에서... 스톰북13은 갖고 다니려고요^^",['https://shopping-phinf.pstatic.net/20210130_4/3b015c23-9fdc-46e0-beff-1c2dfd51cf44.jpg?type=f287']
19.03.11.,5,배송도 엄청 빠르고 뾱뾱이도 빙빙 둘러져서 안전하게 왔어요!!굉장히 가볍구 지문인식이 엄청 편해요 근데 좀 하다보니 발열이 약간 있더라구요 심한건 아니고 따뜻해졌네?!정도..괜찮은것 같아요!!근데 제가 컴맹이라ㅠㅠ윈도우 10 쓰는게 너무 어려워요ㅠㅠ그래도 인생 첫 노트북이라 너무 신나고 좋고 재밌네요ㅎㅎ일단 계속 써봐야 알겠지만 지금은 너무 좋아요!!!,['https://phinf.pstatic.net/checkout/20190311_5/1552231464178Wq2eW_PNG/1552231442696.png?type=f287']
18.08.03.,5,"저번에 다른 노트북을 기본 32기가짜리로 샀다가 1년도 못쓰고 용량이 부족해져버려서 용량추가했더니 딱 맞네요!! 서브노트북이나 과제용으로는 딱인 거 같네요 들고다니기 좋은 무게이고 단점은 겉면이 조금 날카로워서 피부가 연약한 어린아이들이 쓰기에는 아닌 거 같아요 중학교 이상부터 추천합니다. 게임은 전혀 못할 정도의 수준이니 진짜 과제용! 요즘 부모님들이 애들이 게임할까봐 비싼 컴퓨터를 못 사주시는 것 같은데 스톰북 14 아폴로는 과제에 필요한 워드와 파워포인트가 기본 설치&평생무료사용 가능해서 프로그램 문제로 골 썩지도 않고, 어차피 이걸로는 게임 못 돌리니깐 놀 걱정도 안심!",[]
18.02.11.,5,정말 마음에 들어요! 쓰던 노트북이 고장나서 몇달 동안 아이뮤즈 상품중에서 고민하다가 드디어 결정했네요ㅠㅠㅠ 이 상품을 선택하게 된 제일 큰 이유가 무료 MS Office 였는데요. 정말 만족스럽네요... 이 가격에 무료 오피스라니...아직 바빠서 자주 쓰진 못하고 잇지만 너무 젛네요 생각보다 빠르고!! 그리고 제가 라이트 유저라 성능보다는 외관 정말 많이 보는데.. 너무 예뻐요!!!! 컬러도 질리지 않고 로고도 심플하게 잘 있구요!! 만족만족합니다 ㅎㅎㅎ 단점은...이게 제꺼만 그런거 인지 모르겟지만 화면이 깜빡깜빡 거린다는거????? 아무것도 안하는데 깜빡거리네여.....ㅠㅠㅠ,"['https://shopping-phinf.pstatic.net/20200214_28/7d725816-2bef-4c70-81ad-c7ba6744ed4c.jpg?type=f287', 'https://shopping-phinf.pstatic.net/20200214_3/3cc6f0d7-9afc-4a78-b939-1d8bb389851f.jpg?type=f287', 'https://shopping-phinf.pstatic.net/20200214_1/2b604b7d-4573-4918-9060-f4918e808481.jpg?type=f287']"
18.08.25.,4,"노트북 이번에 처음 사는건데 삼성, LG 이런 대기업들만 알지 아이뮤즈는 처음이라 좀 걱정했어요.
군데 막상 받고 3일간 사용해보니까 정말 좋더라구요^^ 동영상도 끊김없이 잘되고 소리도 좋습니다.윈도우랑 오피스까지 공짜니 정말 좋네요. 잘샀습니다!","['https://shopping-phinf.pstatic.net/20200214_22/b6648ea1-c4da-460a-91c6-696c8e6a07c9.jpg?type=f287', 'https://shopping-phinf.pstatic.net/20200214_14/638e50ab-357e-4f7f-8d79-e5900d53646e.jpg?type=f287']"
19.03.07.,4,가격대비 매우 좋습니다... 그런데 충전시키면서 하면 전류가 흐르는게 느껴집니다 모서리에 팔이 닿으면 전기 느껴지면서 따가움... 원래 몸에 가끔 전기 흐르는게 느껴져서 크게 대수롭진 않지만 매번 이러면 불편할 것 같기에 별 하나 뺐습니다,['https://phinf.pstatic.net/checkout/20190307_172/155196548664247dPe_JPEG/0C2A85BA-4E96-42EF-AC9E-BCEF0A63E2B0.jpeg?type=f287']
18.06.09.,5,"직장인입니다. 회사 노트북은 보안프로그램 때문에 개인적인 용도로 쓸수가 없어서 집에서 오피스 좀 사용하고 차량 네비 업그레이드를 위한 용도로 저렴한 피씨를 구매하다가 그래도 노트북은 싼게 비지떡이라고 좋은거 사라는 지인의 만류에도 불구하고 샀는데, 지인한테 큰소리 점 치려고요.
너무 좋습니다. 부팅빠르고 벌써부터 하나 더 사서 매형한테 선물할까 합니다. 번창하세요!!! (아. 크기도 적당. 특히 매우 얇아서 좋아요. 진짜 짱 ㅠ)

첨부사진은 캠핑장에서 나혼자 산다을 보려 세팅중인...",['https://shopping-phinf.pstatic.net/20200124_1/725e63c6-7810-4143-933f-a1c7e62db1a1.jpg?type=f287']
19.02.01.,5,기존 삼성이나 LG 제품 노트북사용자였는데크게 다를것 없이 불편한 점도 없었습니다.바데리 사용을 알아보기 위해서 충전만땅으로 꺼질때까지 확인해보았는데거의 풀시간 6시간30분 사묭하니바닥이 되더라구요..괜찮은 것 같습니다.이거저거 마구 창띄우고 영화돌리구 그랬는데도 오래사용되네요만족합니다가성비는 진짜 최곱니다.,[]
19.01.05.,5,"배송빨라요ㅇ~집에서 웹서핑이나 문서작업등 간단한업무용으로 구입했는데가성비너무좋네요~용량은 SSD추가해서 큰무리없이 사용할수있을것같아요~가볍고 심플한 디자인도 맘에들구 맥북비스므리한느낌나요 ^^근데 밤에 불꺼놓고 봤더니 검정화면에서는 모니터 상단가이드라인부분으로 빛이 내려오는것처럼 보이네요,,,불량인지 원래그런건지요..사용하는데는 불편감없어서 일단 사용해보고 다시 리뷰남길께요",[]
18.04.24.,5,가성비하나로 다 용서가 되는 물건 아답터가 말도 안되게 부실합니다.거의 3만원짜리 중국산오락기에나 딸려올 듯한 물건이네요.첨부된 아이뮤즈로고 스티커는 u자가 너무 잘 휘어집니다.노트북케이스는 마지막 다듬기가 잘 안된듯 좀 거칠고 날카롭습니다.사운드는 다소 찢어지는 듯한 소리가 나지만 주로 헤드폰을 사용하므로 넘어가고 아무리 그래도 pc인데 32gb하드는 정말 적습니다. 근데 가격이 싸니까 그냥저냥 용서가 됩니다.더불어 마치 맥북에어를 연상시키는 디자인은 3m반경내에 접근하기 전까진 뽀대도 납니다.전반적으로 라이트하게 갖고놀기엔 이만한 물건이 없고 아이패드프로 100만원씩넣어서 유튜브질하느니 이게 더 낫다고 봅니다.어차피 별거 안하잖아요 다들.,[]
18.12.29.,5,cpu자체 한계는있지만그냥 가볍게쓰기에 좋습니다.40만원가량주고샀지만 ㅋ결코 작은금액은아니에요. as가 좋길 기대해봅니다.글고악세사리가 넘비싸요 microhdmi도 다이소가면 오천원이고 usb허브도 사천원인데 악세사리값을 좀비싸게받는거같네요 파우치도 무료증정하는게 좋을거샅아요 같이산 파우치 냄새가나서 못씁니다.. 그래도 노트북 자체는 라이트하게쓰기엔 괜찮습니다~,[]
18.09.14.,4,"이용 속도는 확실히 기대하시긴 어려울 것같구요.. 인터넷 쓰는 속도도 좀 로딩 걸립니당.. 오피스하고 윈도우 옵션이 맘에 들어 샀어요~! 화면은 시원하게 크구여, 지문인식도 편리하네요. 무게는 (여자기준으로) 많이 가볍지는 않고 두손으로 들고다닐 정도에요. 두께는 얇아요!",['https://shopping-phinf.pstatic.net/20190628_10/e67afe45-3f6d-452c-9f18-85149d7da921.jpg?type=f287']
