"1,499,000"
date,star_point,comment,photo
21.03.16.,4,제품 받아서 사용을 약 5일정도 했는데 제품의 성능은 가격대비 매우 좋습니다. 스피커가 아래 있어서 영상시청시 불편할줄 알았는데 생각보다 시청하는데는 전혀 문제가 되지 않네요. 하지만 발열은 생각 이상으로 뜨겁다고 느꼈습니다. 제가 노트북 쿨러를 사용하고 있는데도 매우 뜨겁습니다. 겨울에 게임을 하다보면 손이나 발가락이 시려워서 보일러를 키는 경우가 가끔있는데 이 노트북을 사용하면 손이 시려워서 보일러를 틀일은 없을것같네요. 그리고 추가 특이점으로는 고사양게임을 할때 키보드 인식에 약간의 딜레이가 있다는점입니다. 순간순간이 중요한 fps 게임을 할때에는 그부분이 마이너스가 되지 않을까 싶네요.,[]
21.03.05.,5,"성능에 비해 2kg이면 가볍고 쓸만한 것 같습니다.
어댑터 무거운건 어쩔수 없네요.
hansung 로고만 디스플레이 하단에서 없으면 좋을 것 같네요.
발열 제어도 훌륭하고 만족스럽습니다.
요새 데스크탑 gpu 가격이 미쳐서.. 데스크탑 맞추느니 노트북으로 했고, 가끔 나가서 코딩하기도 괜찮네요.",[]
21.02.24.,5,"이 가격에 이 정도의 성능을 내는 노트북은 없는 것 같습니다.
대기업 제품의 세심함은 덜하지만, 한 달 전 산 그램16(11세대 i5에 비교하면 속도가 거의 2배 이상입니다. 다만, 3D게임에서는 비교가 불가네요.
그램에서는 아예 실행이 되지않는 게임이 이노트북에서 144hz로 무난히 돌아갑니다. (3D게임 돌리면 팬이 미친듯이 돌긴합니다.)
포토샵, 엑셀.. 등 일반적인 사무용 프로그램은 거의 같은 수준입니다.
일러스트레이터는 속도차이가 좀 나네요.
그램16 11세대 i5/16램/512SSD와 비교했습니다.",[]
21.02.18.,5,"택배 받는 순간부터 영상촬영하면서 꼼꼼히 살펴봤는데 별문제 없는 듯
바이오스는 2021.02.15일자 최신버전 설치되어있음
홈페이지에 들어가서
모델명 검색해서 드라이버 뜬거 일단 다 깔았는데
아직까진 사용상 별문제 없는 듯 보임
https://www.userbenchmark.com/UserRun/39985248",[]
21.03.05.,5,한성은 언제나 최고입니다,"['https://phinf.pstatic.net/checkout/20210305_202/1614874313344yYW00_JPEG/review-attachment-0d558c4e-6244-47a4-8b47-a2976138144c.jpeg?type=f287', 'https://phinf.pstatic.net/checkout/20210305_58/1614874313793G25ey_JPEG/review-attachment-f6d4cd9f-c482-49a7-b4b0-e9bf56a585bb.jpeg?type=f287']"
21.03.02.,4,"보통 게이밍 노트북 구매하면 작은거라도 서비스를 끼워주는게 보통인데, 없어서 아쉽지만..그래도 물건이 잘 왔네요!","['https://phinf.pstatic.net/checkout/20210302_92/1614678728645S2hhB_JPEG/review-attachment-ec22de72-3c67-4bce-9e42-bc44fe4b3d01.jpeg?type=f287', 'https://phinf.pstatic.net/checkout/20210302_75/1614678741069ahkcN_JPEG/review-attachment-121fac93-56e1-443e-bb56-241a6ccd2e0e.jpeg?type=f287']"
21.03.23.,5,빠른 배송과 성능적인 부분에서 마음에 들었습니다!,['https://phinf.pstatic.net/checkout/20210323_214/1616425878770pNCz7_JPEG/review-attachment-804cbcf8-1a8d-4d92-a68d-ad5b524d4a36.jpeg?type=f287']
21.03.25.,5,성능도 빠릿빠릿하고 초기 불량도 없네요 만족합니다 ㅋㅋ,['https://phinf.pstatic.net/checkout/20210325_22/1616644007184TXppA_JPEG/review-attachment-e1f62b6a-61fb-4bf6-82a6-7f66223884e3.jpeg?type=f287']
21.03.20.,5,가성비 지립니다 tgp 부스트 모드시 130w 짱입니다,['https://phinf.pstatic.net/checkout/20210320_75/1616223060567djElh_JPEG/review-attachment-3df29db8-b7c0-4ced-9fdb-85966b51094b.jpeg?type=f287']
21.03.19.,5,좋아요 좀 오래 써봐야알거같아요,['https://phinf.pstatic.net/checkout/20210319_240/1616122033836l7yNJ_JPEG/review-attachment-2a6fe3e0-f6ee-4b9e-beb9-c8cb9d00ed10.jpeg?type=f287']
21.02.21.,5,"노트북 첨으로사서 쓰는건데 키보드랑 디자인이 마음에
들어요.",['https://shopping-phinf.pstatic.net/20210222_7/73540155-ef53-47c8-aba6-a0046db8eb2a.jpg?type=f287']
21.02.27.,5,설치도 고객센터 다운로드센터를참고하여 바이오스최신버전 업데이트후 윈도우설치등 기본설치드라이버 잘설치하여잘사용중입니다 좋습니다 감사합니다 🙏,['https://phinf.pstatic.net/checkout/20210227_224/1614433622837Fu4gv_JPEG/review-attachment-2e56c678-f3c8-434d-a2ff-d289f7dd4ed3.jpeg?type=f287']
21.03.02.,5,가격과 성능이 정직합니다! 마음에 들어요 소음도 작고 프로그램도 잘 돌아갑니다~,['https://phinf.pstatic.net/checkout/20210302_30/1614692962793C8a7e_JPEG/review-attachment-18815e45-1490-4ce5-af3f-981fec972ee8.jpeg?type=f287']
21.03.02.,5,노트북인데 성능도 좋고 진짜 맘에드네요,['https://phinf.pstatic.net/checkout/20210302_24/1614660386582cKicR_JPEG/review-attachment-e5cfa014-240c-4093-a7cd-1ae68148e444.jpeg?type=f287']
21.02.19.,5,제품 잘 받았습니다.,['https://phinf.pstatic.net/checkout/20210219_288/1613685135520e1fuz_JPEG/review-attachment-c586e5c3-3968-47ba-8dcf-dd69008dd826.jpeg?type=f287']
21.03.25.,5,무게가 생각한 것보다 체감상 무겁긴한데 마감도 훌륭하고 디자인도 좋네요,[]
21.03.25.,5,"성능으로 보면 역시 최고

르누아르 개꿀",[]
21.03.25.,5,배송빠르고 제품좋아요,[]
21.03.19.,5,가성비 갑 노트북.,[]
21.03.08.,5,"가성비는 말할것도 없고,
우려했던 마감. 우수함.
소음. 게임할땐 당연히 소음이 좀 있지만
오피스모드에선 매우 조용.
디자인은 사진들 보다 실물이 훨씬 이쁨",[]
21.03.20.,4,가성비가 좋습니다. 배송에 대한 내용을 알려줘서 괜찮았습니다.,[]
21.03.03.,4,"주문제작이라 배송은 늦었지만 가성비 좋은거 같습니다.
디자인툴 사용용도로 사용하려고하는데 좋은거같네요.
다만 충전 커넥터가 좀 큽니다.
이사양 돌리려면 어쩔수없져",[]
21.03.11.,1,윈도우설치 요청했는데 전산문제로 안해줘서 1점이네요 ㅎㅎ 컴터는 아직써보진않았습니다,[]
21.03.05.,5,배송이 생각보다 빨리와서 놀랬고 이 스펙에 이가격이면 가성비 완전 좋습니다!,[]
21.03.05.,5,크기도 적당하고 가볍고 성능도 만족스러워요,[]
21.03.06.,4,오랫동안 잘 쓸수 있으면 좋겠습니다,[]
21.03.05.,5,상품 잘 받았습니다.,[]
21.03.08.,5,잘 사용하겠습니다~,[]
21.02.23.,5,깔끔한거 좋아해서 하단의 마크도 지우고 싶은데 방법을 모르겠네여. 그것말고 성능적으로는 매우 추천합니다. 배송도 빠르고요,[]
21.02.21.,5,"잘 받았습니다.

홈피의 인스트럭션에 따라 드라이버들을 순서대로 설치하고나니 모든게 깔끔한 새 컴퓨터가 되네요.",[]
21.03.01.,5,윈도우 설치땐 펜소음 심했지만 게임및 작업땐 조용하고 윈도우와 드라이버 설치시 홈페이지에 나온그대로 따라하면 문제되는일 없었음,[]
21.02.23.,5,디자인 셈플하고 성능 좋네요. 마감처리 걱정했는데 잘 되있고 마음에 듭니다. 가성비 좋은것 같습니다,[]
21.02.24.,5,아직 뜯어보진 않았찌만 생각보다 배송이 빨리 왔어여 빨리 윈도우깔고 해보고 싶네요.,[]
21.02.27.,5,배송은 기다렸지만 괜찮아요.,[]
21.02.26.,5,"제품 상하지 않게 포장이 아주 잘 되어 왔습니다.
제품 마감도 아주 좋구요, 성능도 괜찮습니다.
예전보다 한성 품질이 훨씬 더 괜찮아진 것 같아요. :)",[]
21.02.18.,5,"이 저렴한 가격대에 이 정도 성능 찾기 힘듭니다
그리고 외형이 심플해서 아주 깔끔하네요",[]
21.02.21.,5,노트북을 실제 사용해 보니 가상비 최고의 노트북 입니다.,[]
21.02.18.,5,아직 잘 모르겠지만 좋네요,[]
