"2,079,000"
date,star_point,comment,photo
21.03.01.,5,"급한 마음에 당일 방문 수령을 했어요. 매장 위치가 다소 의아한 곳이긴 했는데, 안내, 제품 설명 모두 너무나 친절해서 부담 없이 이거 저거 다 물어 볼 수 있었어요. 키스킨 파우치, 무선마우스 사은품까지 다 꼼꼼히 챙겨 주셨습니다. 집에서 윈도우설치하고, 이거저거 만져보고 사진 찍고 그러느라 지금 리뷰 올립니다. 일단 디자인 멋지고, 4K OLED 화면 진짜 화려합니다. 불량화소가 있나 체크해봤는데, 완전 무결점이네요. 4K라서 픽셀 나간 거 찾기 무척 어렵습니다. 그만큼 고해상도 화면이죠. 게다가 구하기도 힘들고, 웃돈으로 거래되는 3060 그래픽이 내장되어 있어 완전 만족입니다. 다들 잘 아시듯이 3060 하나 가격만 해도 장난 아니죠. 이 때문에 노트북이 싸게 느껴질 정도죠. 8코어 i7이라 속도도 빠방. 16기가 메모리라서 그래픽용도로 쓰기에도 적당합니다. 메모리 슬롯 2개라 나중에 교체하면 되고, 추가 SSD도 달 수 있다고 합니다. 구성품에 SSD 써멀패드도 있어요. 프리도스라서 윈도우 구입해서 설치하셔야 합니다. 이때 꼭 기가바이트 홈페이지에서 관련 드라이버와 프로그램 다운받으셔서 설치하세요. 배터리 관리, 키보드 LED 효과, 팬 작동 등 다양한 관리를 할 수 있게 해줍니다. 무조건 필수 설치!!! 배터리는 8시간이지만, 고사양 게임 한다면, 당연히 확 줍니다. 2시간 이내까지 떨어지긴 하는데, 워드 같은 것은 모드를 바꿔서 사용하면 훨씬 오래 사용 가능합니다. 어쨌든 좀 더 써봐야 배터리 노하우가 생길 거 같습니다.PD 충전까지 되었으면, 딱인데 이게 좀 아쉽네요. 단점이라면, 무게. 노트북 성격 상, 게이밍 노트북 쪽이죠. 그래픽에도 좋은 사양입니다. 그러다 보니 휴대성은 떨어집니다. 2kg 이라고 나와 있는데, 실제 측정해보니, 약 2.2kg이고, 어댑터가 0.8kg 정도라 같이 가지고 다니면, 3kg 넘습니다. 발열을 위해 통풍구가 많이 나 있으므로 물이나 커피 흘리면, 절대 안됩니다. 저도 사기전에 고민 많이 했지만, 이 가격에 휴대성, 고성능 사양 모두 잡기는 힘들죠. 전 사양쪽으로 정했습니다. 좋은 곳에서 좋은 제품 잘 산 거 같아서 기쁩니다.","['https://shopping-phinf.pstatic.net/20210302_26/1fbcb693-8520-4458-825b-dec6d192258f.jpg?type=f287', 'https://shopping-phinf.pstatic.net/20210302_23/e7b74b71-39fe-4b6c-a1f9-c093a22adcfd.jpg?type=f287', 'https://shopping-phinf.pstatic.net/20210302_2/f4bc952e-a4ae-4d30-9c33-6ed111f934f1.jpg?type=f287', 'https://shopping-phinf.pstatic.net/20210302_1/19b30fea-b3db-42a0-9580-8f9fd41d6660.jpg?type=f287', 'https://shopping-phinf.pstatic.net/20210302_4/7ca40877-a820-4441-8eb9-ff917e764edf.jpg?type=f287']"
21.02.24.,5,"4K OLED 말이 필요없습니다. 받아서 화면키는순간 와..라는말이 절로나옵니다. 주사율이 60hz라서 걱정했는데 저는 fps같은 게임을하지않기？？문에 신경쓰이지는 않습니다. 저는 방문수령으로했는데 예약판매였지만 입고즉시 연락을주셔서 빠르게 노트북을 받아볼 수 있었습니다. 타이핑 키감좋고 LED화려하고 노트북상판에 은은하게 들어오는 에어로 led까지 완벽합니다. 베젤리스라서 영상시청시 몰입감도좋고 지금 리뷰작성하는공간이 제 방에 LED등을 환하게켜놓고 노트북밝기는 70으로 작성하고있는데 글레어패널이지만 비춰지지않습니다. 글레어패널도 장단점이 있는만큼 구매시 고려해보시는것도 좋을것같아요. 웹캠은달려있지만 각도가 좀 아쉬워서 사용을 잘할지는 모르겠습니다. 그래도 없는것보다는 좋고, 무엇보다 A사가 고주파이슈가있는데 이제품은 조용하네요. 팬소음이 살짝 거슬리기는하는데 조절가능하고 이정도 사양을 돌려주려면 당연하다고 생각합니다. 팬소음이 높을수록 성능도 좋아지니깐요. 디자인도 깔끔하고 얇은데 무게는 생각보다 있습니다. 제가 기존에 S사 아티브북을 사용해서그런지 체감무게는있지만 가방에 넣고 다닐거라서 만족합니다. 하나더 아쉬운점은 pd충전이없다는건데 썬더볼트 달려있어도 이 출력을낼 pd충전이없다고는하는데 RTx30시리즈가 들어가있는 이와 비슷한 사양이나 윗사양이 들어가있는 A사도 pd충전이 지원되는거보면 좀 아쉽긴합니다. 아직 실사용한지는 얼마안되었지만 이 몇몇 아쉬움들이 영상시청이나 화면만보면 싹 사라집니다. 이 제품을 게이밍으로 쓰시는분들은 없겠지만 게이밍으로 하실거면 아직 출시가안된 같은제품 fhd 144hz급으로 가시는게 좋을것같습니다. 대부분 그래픽이나 영상작업용으로 구매하실거라 생각합니다.",[]
21.03.22.,5,늦은 시간 제품 문의부터 자세하게 설명해 주셔서 구입했어요~~ 배송도 빠르고 제품도 파손 없이 잘 받았어요 성능도 좋고 가격도 저렴한곳을 알려주셔서 좀더 저렴하게 구입했어요 사은품도 챙겨줘서 기분이 짱 좋아요 후회없는 선택인거 같아요^^,"['https://shopping-phinf.pstatic.net/20210324_27/36c7352c-869b-4e9a-8b75-6eb901611e82.jpg?type=f287', 'https://shopping-phinf.pstatic.net/20210324_11/d0e5802f-5d46-4f27-bba9-3f5aca6ee63d.jpg?type=f287', 'https://shopping-phinf.pstatic.net/20210324_1/8da3fbbf-4909-4060-9566-698079a6a12c.jpg?type=f287', 'https://shopping-phinf.pstatic.net/20210324_9/67460d86-c2a3-40d3-b156-c083f41f4e41.jpg?type=f287', 'https://shopping-phinf.pstatic.net/20210324_23/3b7956a7-3866-4326-936a-fbfba12b13dd.jpg?type=f287']"
21.02.17.,5,"고성능 노트북 구매는 처음입니다올레드화면 탑재 에어로 15가 처음 나왔을때 호감이 갔지만, 고가로 인하여 구매가 망설였습니다.이번 3000번대 신형 그래픽으로 업출시한 에어로15는 올레드 단가가 다소 저렴한 탓인지 도전해볼만 하여 고민끝에 구매하였습니다.특히 테크유투버 잇섭님 영상을 보니 더 사고 싶어졌네요.예약 도착일보다 다소 늦어지고 명절이라 좀더 늦어졌지만, 안전하게 도착한 제품에 안도와 실제품의 디자인 성능에 만족감이 높았습니다.역시나 화면은 일반 VA, IPS 비할바가 아니네요, 그 또렸함과 선명도, 명암비에 또 한번 만족했습니다.경쟁사보다 저렴하고 도전해 볼만한 가격인점 , 저처럼 크게 최고성능 게임을 자주 하는 편이 아닌분들에게는 3060이 최적이라 생각합니다.다소 아쉬운건 11세대 고성능 H CPU가 아직 없는터라 10세대 H인점은 약간 맘에 걸립니다.요점은 약간 고질병은 있는듯합니다 10세대 문지지만요이번에 망설이다 놓치신분들은 2분기이후 11세대 H고성능 CPU 출시후 또 업출한다하니 도전해 보시기 바랍니다.3070가격도 그런대로 도전 가격대이므로 여기까지는 강추 모델이네요.경쟁사인 A사보다는 화려하지 않지만, 있을거는 다있고 알찬 고사양 노트북입니다.고성능에 최고 화면을 써보고 싶으시다면 에어로15 올레드가 최적입니다.이번에 여로모로 출시와 예약판매에 신경 써주신 불루존 담당자님들도 감사하였습니다.올레드 패널이 가격낮아지면 더 하향될듯합니다.다음번 출시모델도 기대하게 만드는 에어로15 올레드입니다.",[]
21.02.17.,5,오래된 데탑을 대체할 만한 제품으로 기본적인 성능 뿐만 아니라 디스플레이 성능까지 겸비한 제품을 찾다가 찾은 노트북으로 제품의 마감처리나 디자인. OLED 디스플레이 등아직 윈도우 설치 및 드라이버 업데이트 만 진행한 상태지만 만족합니다. 구매 결정 이후 대리점의 친절한 안내와 빠른 배송도 좋았습니다.,"['https://shopping-phinf.pstatic.net/20210219_27/64cf6f4f-920d-45a6-9aad-1f2b42539817.jpg?type=f287', 'https://shopping-phinf.pstatic.net/20210219_11/ef24f626-6ba1-46e3-b5fd-58f0e677ed2c.jpg?type=f287', 'https://shopping-phinf.pstatic.net/20210219_18/4d396ac0-93ef-4e4e-9910-65459e6d2c7b.jpg?type=f287', 'https://shopping-phinf.pstatic.net/20210219_20/c902ccc2-ce7c-4174-9304-c431ad636e73.jpg?type=f287']"
21.02.21.,5,"RTX3000 시리즈 노트북이 나온다는 소식을 듣고, 기가바이트 AERO15와 타사의 노트북을 두고 많은 고민을 하였습니다. 선택에 영향을 끼친 가장 중요한 부분은 다음의 세 가지입니다. 1. 디스플레이 2. 외관(디자인, 만듦새) 3. 가격..1. 디스플레이 1) 4K OLED 디스플레이 화면은 정말 멋집니다. 말이 필요 없습니다. 유튜브, 게임, 웹 브라우징, 오피스 작업 등 모든 작업에 있어 화면이 주는 만족감이 매우 큽니다. 2) FHD와 4K(UHD)의 해상도 둘 중에서 선택한다면 저는 4K를 선택합니다. FHD 등에서 고주사율의 장점이 있지만 FPS 게임을 제외하면 4K가 주는 만족감과 범용성이 더 큽니다. 노트북이 게이밍 전용 기기는 아니니까요. 그리고 게임은 설정에서 FHD로 설정하여 진행하면 성능에 문제가 전혀 없습니다. 3) 펜톤인증 디스플레이 설정과 사용자 정의의 색온도 설정은 정말 마음에 듭니다. 저는 펜톤인증 값으로 사용하는데 색감이 정말 마음에 듭니다.2. 외관 1) CNC 알루미늄 바디라고 스티커에 나와 있으며, 플라스틱 바디로 이루어진 제품보다 단단함과 재질에서 오는 만족감이 매우 큽니다. 또한 각 부위의 마감, 이음새 등은 단단하고 엄밀하게 조립되어 삐걱거림 등이 없어 제품의 강성이 매우 좋아 보이고, 전체적으로 조립 품질이 정말 좋습니다. 2) 디자인적으로 가장 마음에 드는 부분은 뒷 모습입니다. 은색 플레이트에 AERO라고 쓰여진 부분과 송풍구 디자인은 마음에 듭니다. 하지만 평상시에는 볼 수가 없어 아쉽기도 합니다. 3) 그리고 다양한 입출력 포트를 지원하고 있으며, HDMI 2.1, 미니 DP 1.4, 썬터볼트 3 등의 지원은 장점입니다. 저는 HDMI 2.1은 4K 120Hz를 지원 한다고 하여, 추후 TV와 연결 시 확실한 이점이 있습니다.3. 가격 1) RTX3060과 I7-10870HK + 4K OLED를 넣은 제품으로 보면 가격은 저렴하면서도 비싸보입니다. 프리미엄급 만듦새를 고려하면 저렴해 보이지만 제품의 스펙으로만 비교하면 더 싼 제품도 많이 있기에 비싸 보이죠. 그리고 AERO15의 작년 모델과 비교하면 가격이 더 낮아진 것은 확실한 장점입니다. 2) 상위 제품인 RTX3070으로 가면 메모리 및 SSD의 용량이 증가하며 무시못할 추가 비용이 듭니다. 하지만 제가 사용하는 환경에서는 RTX3060 제품이면 충분하여 굳이 상위 제품으로 갈 필요성은 느끼지 못하였습니다.4. 성능 1) CPU에 대한 고민이 있었습니다. 그러나 게임에서는 인텔과 AMD의 차이는 의미가 없고, 일반 목적에서 제가 사용하는 환경에서는 CPU 사용율이 평균 20 ~ 30% 수준으로 50% 이상 CPU 사용율이 넘어간 적이 없어 충분히 만족합니다. 2) RTX3060은 FHD 기준으로 대부분의 게임에서 최상 옵션으로 원활한 플레이가 가능해 보입니다. 상위 제품에서 10~15 프레임정도 더 나오는 것 같은데 이미 60 프레임 이상을 뽑아 주고 있어 10 ~ 15 프레임 더 나오는 것이 의미가 없어 보입니다. 적어도 제가 사용하는 환경에서 가성비 면에서 만족합니다...전체적으로 AERO 15 OLED KC는 일부 아쉬운 부분도 있으나, 매우 좋은 제품입니다.RTX3060과 I7-10870HK + 4K OLED의 성능과 품질에 무상 A/S 2년은 확실한 장점이있는 노트북입니다.",[]
21.03.09.,5,"내돈내산 리뷰합니다. 화질 : 4K OLED /DCI P3 100% x-rite PANTONE 인증 제품 말이 필요없습니다. 영상 보거나 사진 볼때 제가 느끼는 화질을 사진이 못담아내는게 정말 아쉬울정도로 좋음. 성능 : i7 10th / RTX 3060 어지간한 데스크탑급 성능 나옴. 발열 : 같이 구매한 잘만NS2000 사용 + 기가바이트 컨트롤센터 게이밍 모드 사용시 제가 사용하는 환경에서 장시간 사용하여도, 최고온도 CPU 86도 GPU 73도로 발열관리가 나쁘지 않은 편이며, 키보드 쿨러있는 부위는 바람이 올라와 시원하나, 중앙쪽에 CPU/GPU가 있을법한 자리는 발열 느껴집니다. 무계 : 알루미늄 바디로 무계감이 있으나, 소제 특성상 정말 고급스럽고 마감이 좋아 충분히 타협하고 사용 할 수 있는 무계임. 음질 : 엄청 좋다고는 말하지 못하나 보통이상은 하는 음질이라 들어줄만 함. 장단점 및 총평 장점 : 뛰어난 마감, 준수한 발열관리, 역대급 화질, 정확한 색 표현력, 타협 가능한 무계 꽉찬 육각형 올라운더형 노트북임. 단점 : 접지가 안된 콘센트에 충전기를 꽂는다면 바디에서 미세 전기 흐름.( 알루미늄 바디 특성임, 맥북 시리즈도 같은현상이 있음.) 화면 밝기를 일정 이하로 낮추면 녹조 현상이 있으며, 플리커링 현상에 예민한 사람은 거슬릴 수 있음.(본인은 플리커링 안거슬리고, 밝기 일정 이하로 사용하지 않기 때문에 녹조 없는 환경에서만 사용함.) 검정색에 한없이 가까운 진회색을 표현할때 회색을 뭉개버리고 검정색으로 표시하는 이슈가 있음.( 실사용에선 지장없음) 화면이 꺼져 있을때 반사되는 모습이 일그러져 보임 ( 화면 켜있을땐 신경안쓰임) 총평 : 고사양게임, 영화감상 그래픽작업, 영상편집 등등 올라운더형 노트북이며, 마감 좋고 고성능인 노트북을 필요로 하신다면 추천드립니다. 하지만 하루종일 초고사양 게임만 하는 사람이면 비추천드려요 에어로 말고 어로스 알아보세요. 첨부 사진은 녹조및 회색 뭉개짐 현상 외관 등 올립니다. 단점을 많이 적은거같은데 실사용에선 느끼지 못하는 현상들이고 저는 장점이 많아 단점들이 있더라도 주력 노트북으로 사용할 예정입니다.",[]
21.02.26.,5,급하게 노트북을 사야해서 재고문의를 드렸더니 운 좋게 그 날 당일 재고가 들어왔다고 하시더라구요! 모르는 것과 걱정되는 것이 많았는데 친절히 하나하나 다 알려주시고 진행중인 이벤트와 이것저것 알려주셔서 너무 좋았어요! 문자로도 친절히 설명과 링크 보내주시구요 정말 신경쓰신다는게 느껴집니다! 택배는 출고하시고 난 다음날 도착했는데 정말 빨리 오더라구여 사은품도 다 잘 왔구요 택배박스 안에도 완충제가 빼곡히 들어있었구요! 사은품은 스림스킨 [기가바이트 Y형]과 ABCO 양손 무선마우스 BEETLE 그래이 색상으로 왔습니다! 무선 마우스는 USB를 꽂아서 연결시켜야하는 것 같구여 뒤에 건전지 하나도 들어있더라구요! 파우치는 그냥 평범한 검정색 에어로 파우치입니당 쿨러도 평범합니당 노트북은 진짜 왕만족이구요 정말 싸게 너무 잘산 것 같아서 좋습니다 짱추천이요! 신도림쇼룸 대박나세여~,"['https://shopping-phinf.pstatic.net/20210227_0/bc6bc9bc-1a3e-4b7e-baf1-448ea2b08c98.jpg?type=f287', 'https://shopping-phinf.pstatic.net/20210227_9/c21d15d3-cad0-4949-ae90-b690a58f6f59.jpg?type=f287']"
21.03.12.,5,"？ 일단 뭐 물건이야...성능 같은건 충분히 다들 알 고 계실 꺼 같고... 서비스 관련해서만 말하자면... 일단 구입전부터 온갖질문에 대해서 하나하나 친절하게 다 설명해주시고... 운이 좋아서 주문한 날에 물건이 바로 들어와서 주문하고 오후에 가서 바로 받았습니다. 가격은 진짜 다른 곳보다 할인쿠폰 적용도 많아서 더 저렴하게 구매했습니다. 암튼 쇼룸가서 윈도우 설치도 한...20분 정도 기다리니까 끝났어요. 같이 언박싱하면서 노트북 사용하면서 주의해야할 것들, 고성능 노트북은 처음 써보는데 어떻게 써야지 더 효율적으로 노트북을 관리할 수 있는지 등에 대해서도 친절하게 알려주셨습니다. 감사합니다! 그리고 그 다음날에도 궁금한게 있었는데... 또 친절하게 이거저거 다 알려주셨어요... 서비스는 뭐 여기만한 곳은 없는거 같아요. 딱 하나 단점을 말하자면... 와... 역시 무게가....ㅋㅋㅋ ;;; 충전기 그것도 어마어마합니다. 어디 멀리 갈때는 노트북이랑 충전기랑 같이 못 들고 갈 꺼 같아요...너무 무겁습니다;; 이거 빼고는 너무너무 만족합니다! ？",['https://shopping-phinf.pstatic.net/20210314_12/177909d6-7d12-4f91-9d20-e80bdda7ef24.jpg?type=f287']
21.03.10.,5,"배송문의에 친절하게 답변해주셨던 서비스가 좋았습니다. 재고가 없어서 그렇지 그걸 감안하면 배송도 빠르고 포장도 튼튼하게 왔네요. :)
• 무게: 생각보다 무겁진 않아요. 물론 어댑터 포함하면 무겁지만.. 게이밍치고 상당히 가벼운 편이라고 생각합니다. 가까운 장소로 이동 할 땐 무리 없어 보여요.
• 디자인: 외부는 실물로 보니 훨씬 깔끔합니다. 내부 화면 하단 부분이 생각보다 넓네요.. 그래서 막상 세로가 짧게 느껴져 좀 답답하지 않나..이 부분이 살짝 아쉽습니다.
• 웹캠: 이번 노트북은 웹캠이 키보드쪽에 달려있어요. 물론 저는 다른 캠을 사용할 예정이지만, 노트북 자체에 있는 웹캠을 사용하실 분이라면 이 점을 꼭 고려하셔야 할거 같아요. 각도가 좋지 못한 각도인지라.. 대신에 캠을 가릴 수 있는 장치는 편리해 보입니다.
[ 성능 ]
- 구현하는 색감이 훌룡해요. 기존에 쓰던 모니터보다 훨씬 풍부한 색을 내는 것 같습니다. 디자인 전공하려 샀는데 이정도면 만족스럽습니다.
- 지문인식 위치도 좋고 손가락 대는 즉시 바로 노트북이 켜집니다.
- 오버워치 매우매우매우 무난하게 돌아갑니다.
- 쿨링도 잘 됩니다. 키보드 왼오 위로 바람이 올라오는데 확실히 그 부분은 뜨거워지지 않습니다. 가운데 키보드는 뜨뜻해지지만.. 쿨링 신경 쓴 제품 맞는 듯 싶습니다.",[]
21.02.24.,5,"어로스 15와 끝까지 고민을 하다가 디스플레이 때문에 에어로 15를 선택을 했는데 생각했던 것보다 더 품질이 좋았습니다. 우선 디스플레이가 정말 좋았습니다. 지금껏 보아온 노트북 디스플레이중에는 가히 최고가 아닌가 싶습니다. 4k이기 때문에 게임도 게임이지만 일상적인 문서작업이나 편집에서의 가독성은 물론, 검색, 영상시청등에서 정말로 최상의 선택이 아닌가 싶습니다. 어로스 15의 기계식 키보드 때문에 정말 끝까지 고민하다 에어로 15의 타이핑감은 포기하려고 했었는데 실제로 쳐보니 생각보다 깊이 눌리고 쫀득하여 타이핑 감도 좋았습니다. 흰지 부분이 좀 걱정이 되었는데 덮일때 힘있게 덥이고 또 생각보다 견고했습니다. 무엇보다 바디 전체의 디자인이 마음에 들었습니다. 또 바디 전체가 알루미늄으로 되어 있어 묵직하고 견고한 느낌도 좋았습니다. 발열도 잘 잡는 것 같고 아직 무거운 작업들은 하지 못해봤지만 지금까지 2주정도 사용하면서 디자인 성능은 물론 감성적인 부분도 정말 좋은 노트북이라고 생각됩니다.",[]
21.02.16.,5,"마야와 포토샵 등 그래픽 작업을 위한 최신 고사양 노트북은 거의 다 비교해 본 것 같습니다. CPU가 인텔 10세대로 조금 지난 버전이 탑제된 것이 좀 걸렸지만 디스플레이 성능은 최고인 듯 합니다. 노트북에 UHD나 oled가 달리면 살인적으로 올라가는데 가격과 성능을 어느 정도 절충한 최상의 선택이라고 생각됩니다.한번 결정하면 업그레이가 불가한 그래픽 카드는 하이엔드 RTX 3060으로, 증설이 용이한 SSD나 메모리는 사용하다가 부족하다고 느껴지는 부분을 천천히 업그레이드할 수 있어 좋습니다.일단 저는 SSD만 1TB추가했고 메모리 가격 좀 떨어지면 64G로 업그레이드 해 볼까하네요.게이밍 노트북이라 색상은 좀 투박하지난 알루미늄 바디에서 느껴지는 고급스러움이 더할나위 없네요.",[]
21.02.20.,5,"신도림쇼룸을 만난게 행운인것 같아요~~^^ 완전 친절하게 제품에 대해 상담해 주셔서 주변분들께 추전해주고 싶은 곳이에요~~ 제품을 보고는 쉴새없이 ""너무 좋다""라는 말이 절로 나오네요~~ 디자인 넘 이쁘고요, 화질도 최고입니다~~ 사은품들도 딱 필요한 것들로만 챙겨주시고 완전 감사합니다","['https://shopping-phinf.pstatic.net/20210221_9/4d5e7af7-ed5d-4563-be33-b05dd5812a2a.jpg?type=f287', 'https://shopping-phinf.pstatic.net/20210221_0/891b2f18-487a-4698-b566-246f45740ebb.jpg?type=f287', 'https://shopping-phinf.pstatic.net/20210221_27/634b28ba-4ea4-458c-b944-8a13c64f1ca8.jpg?type=f287']"
21.03.12.,5,"색 재현률 미뗬네요. oled 패널 특유의 검은색은 정말 지릴 수 밖에 없습니다. 그래픽 하시는 분들께 강력 추천합니다. 시야각? 그런말은 oled 앞에서 통용되지 않습니무게가 딱 2키로로 게이밍/그래픽 작업용 노트북치고 부담스럽진 않구요.키감은 과장하자면 맥북 프로급 느낌입니다.힌지도 탄탄해서 상판 모서리만 잡고 들어올려도 안정적이에요 이거 물건이네여터치패드도 엄청 편해요 전체 영역이 왼쪽 클릭입니다.. ㄷㄷ 두손가락 터치가 오른쪽 클릭이구요, 드래그 앤 드랍을 포함해서 다 터치로 가능합니다. 여러 제스처도 있음배터리, 메모리, 씨퓨, 그래픽, 보조기억장치, 쿨링 성능까지 다 갖췄네요. 특히 디스플레이는 갑오브갑입니다.그리고 이벤트 상품으로 같이 배송되는 파우치 무선마우스 키스킨 잘 받았습니다.백팩 메고 다니실 분들은 같이 배송되는 파우치가 있으니 걱정 안 하셔도 될 거 같습니다.주변인이 윈도우 계열 노트북을 고려한다면 무조건 aero 15 노트북을 추천할겁니다.",[]
21.02.18.,5,인터넷 검색 하다가 찾은 곳이기에 가격적인 측면에서 선택했지만 주문 부터 배송까지 보여주신 친철함은 상당히 만족스럽습니다. 그리고 포장상태에서 한번 더 꼼꼼함에 놀랐습니다. 특히 설 연휴 물량 때문인지 용산에서 같이 주문한 모니터 등등은 아직도 배송중이라 뜨지만 이 노트북은 바로 온 듯 합니다. 주중이라 많이 사용하지 못했지만 상당히 만족스럽습니다. 아뭏든 좋은 노트북 신도림 쇼룸에서 잘 구매한 것 같습니다. 번창하세요.,"['https://shopping-phinf.pstatic.net/20210220_28/92296cd5-ff07-4fb6-8633-17f8138cefd9.jpg?type=f287', 'https://shopping-phinf.pstatic.net/20210220_0/614f3443-f3a0-44a8-8fff-b53494a8bf5f.jpg?type=f287']"
21.02.21.,5,"여러가지 성능 따져서 노트북 찾다가 에어로 노트북이 가성비 최고라는 평 듣고 이 제품을 사게 되었습니다. 실제로도 이 성능에 다른 노트북 찾아보면 이백 중반 후반 하는 노트북들도 많더라구요. 키보드 백라이트도 너무 예쁘고 펜도 잘 작동해서 발열 현상도 없어요. 제가 처음에 윈도우 내장 하드를 구매하지 않고 스스로 하다가 오류가 났는데, 이거랑 관련해서 전화 드리니까 증상 확인하시고 처음부터 끝까지 차근차근 따라올 수 있게 설명 잘 해주시더라구요. 제가 잘 설치했는지 확인 전화까지 해주셔서 무사히 설치할 수 있었습니다. 노트북 구성품들도 너무 좋습니다. 노트북 파우치부터 마우스, 쿨러, 키보드 커버까지 필요한 것들로 다 챙겨주셔서 별도로 지출할 돈이 없어서 좋은 것 같아요. 만족도가 정말 높은 소비였습니다! 정말 추천합니다",[]
21.03.13.,5,"제품 문의 단계부터 친절하게 설명 잘 해 주셔서 구입하게 되었습니다. 의외의 장소에 있다는 댓글 보고 조금 걱정했지만 자세한 약도 문자 덕분에 헤매지 않고 방문 하여 노트북 잘 수령했습니다. 사양 좋은 노트북,챙겨주신 사은품에 서비스까지 열라 만족합니다~~~^^","['https://shopping-phinf.pstatic.net/20210315_16/30861864-5015-4119-8f6e-dacee502dff3.jpg?type=f287', 'https://shopping-phinf.pstatic.net/20210315_12/dd78f864-0df3-466e-8cdf-f68f07b08fdb.jpg?type=f287']"
21.03.02.,5,사장님 지식도 많으시고 친절한 상담 넘 좋았습니다. 다만 품절로 늦게 받고 출발한다고 전화까지주셨는데 그때부터 뭐는 안되고 뭐는 그렇고ㅎㅎ 후에 말씀을 해주시네요^^;; 장단점을 말씀해주셔서 다행이다싶긴했어요^^;; 지금 잘 사용하고있고 쿨링판도 좋은진 잘 모르겠으나 올려놓으면 내려오네요.. 잘사용하겠습니다,"['https://shopping-phinf.pstatic.net/20210304_4/9ff80e55-e136-4afe-9c84-071a9b2160e7.jpg?type=f287', 'https://shopping-phinf.pstatic.net/20210304_21/2714ebce-42f4-4166-9c8f-8628a267edbb.jpg?type=f287']"
21.03.10.,4,3월 4일 결제해서 10일에 받았어요. 윈10깔고 이것저것 깔고 했는데 정말 빠르네요. 화질도 4K라 그런지 눈이 개안하는거 같습니다. 다 맘에 드는데 한가지가 아쉽습니다 아답터가 설명에서는 슬림형이라고 하는데 슬림형 같지가 않아요. 대략 15.3×7.3×3cm 정도 되요. 예전노트북아답터 보다 2배이상 크네요. 요건 오늘은 늦었으니 내일 문의 해봐야겠네요. 어쨌든 노트북은 정말 맘에 듭니다. 잘쓸께요,[]
21.02.24.,5,외관이 깔끔한 이미지여서 첫모습이 상당히 마음에 들었고요. 화면을 킨순간 4k oled답게 엄청난 해상도와 색을 보여줘서 만족스러웠습니다. 컨트롤센터앱을 통해 유틸리티들을 쉽고 빠르게 업데이트가 가능해서 유용했고 팬속도 조절이 쉽게 가능해 상황에 알맞게 사용할 수있어서 좋았습니다.,[]
21.03.17.,5,저번주 금요일에 상품을 배송 받았는데 그동안 사용하고 이것저것 테스트해보고 후기를 이제 작성하네요구매전 사장님께 재고 확인차 전화드렸을떄도 조금이라도 더 싸게 구매할 수 있게 알려주시고 늦은 시간이였는데도 엄청 친절하셨습니다,['https://shopping-phinf.pstatic.net/20210319_17/ceb80d78-bb6a-4e4b-a732-0e7f641d24d9.jpg?type=f287']
21.02.22.,5,4k oled 화면이라 정말 만족스럽습니다실제로 제품을 받아보니 알루미늄바디가상당히 고급스럽네요최신 고사양게임 문제없이 잘 돌아갑니다그리고 제가 질문을 여러번 드렸는데 굉장히 친절히응대해 주셔서 감사했습니다이가격에 이런스펙 제품은 찾기 힘들듯 합니다,[]
21.02.25.,5,"그래픽 디자인, 영상편집용으로 구매했습니다 제가 전 노트북 디스플레이가 너무 좋지 않아서 4k oled uhd란 말에 이제품에 반했던 것 같네요 아직 사용해보진 않았지만 좋을거라 확신하구 잘 쓰겠습니다~!+그리구 판매자분이 너무 친절하셔서 몇가지 여쭤볼때나 구매 후 약간의 문제에서 기분좋게 처리할 수 있었네요! 믿고 사셔도 좋을듯 합니다 ㅎㅎ",[]
21.02.17.,5,노트북 너무 만족하면서 잘 쓰고 있습니다. 키감도 좋고 게임도 잘 돌아가네요. 성능이 좋아 발열이 엄청 날 거 같았는데 그냥 미지근한 느낌이라서 놀랐네요. 요즘 4K 화면 달린 노트북 흔치 않은데 합리적으로 잘 산 것 같습니다. 무게도 가볍고 고급스러운 느낌이 드네요.,[]
21.02.27.,5,요즘 노트북 비싸고 사기 어려운데 쿠폰등으로 조금 더 할인가에 샀어요 그래고 총알배송. 사은품도 진짜 잘 받았습니다.. 모두 만족합니다. 제품에 대한 리뷰는 아직 몇일 사용안해봤지만 좋은 퀼리티입니다. 저는 다 테스트해보니 양품 받아서 기쁘네요~~ 번창하세요,[]
21.02.15.,5,"생각보다 빠른 배송에 감사드립니다. 예약상품인데다가 설 연휴까지 겹쳐 더 늦어질 줄 알았는데 연휴 끝나자마자 받았습니다. 업무용으로 사용할꺼라 이동이 적은 편이지만 그래도 무거운건 조금 아쉽네요 0_0그래도 외관도 예쁘고, 깔끔합니다. 아직 사용 전이라 사용감은 아직입니다. ^^;;문의드렸을 때 사장님도 친절하셨구요~",[]
21.02.26.,5,"배송도 빠른편이고 상담도 친절히 해 주셨네요.
윈도우 설치후 추가된 하드가 잡히지 않았는데
전화 상담으로 잘 해결했습니다^^
솔직히 힌지 때문에 노트북 화면의 흔들림 있을 거라고 했는데
뽑기를 잘했는지 책상에서의 흔들림은 느끼지 못했습니다.
포장도 깔끔하고 참고로 베터리 크기는 제 폰이 LG g7인데 그사이즈에 두께는 3~4개 정도의 크기 입니다. 뭐 그래도 들고 다닐만은 합니다^^;;
노트북도 의외로 무겁지 않아요.
많이 파세요~",[]
21.03.02.,5,"디스플레이를 고려해서 선택했는데 화질과 성능 모두 만족스럽네요.무게감은 좀 있지만 내부 사양을 고려하면 이정도는 어쩔 수 없을 듯 하고, 소음을 걱정하긴 했는데 아직 많이 사용하지는 않았지만 조용하니 좋네요.잘 사용하겠습니다.",[]
21.03.12.,5,구매하고나서 담당자님 전화로 제품에대해 전반적으로 설명해주시고 입고예정일까지 자세히 안내를 해주셔서 안심하고 기다려서 제품을 받았네요. 사진을 첨부하고 싶었지만 제가 갑자기 사고가 나서 사진은 못올리네요. 그리고 구매결정이 늦어져서 죄송합니다. 감사히 잘쓸께요.,[]
21.02.18.,5,"예구해서 느리게 배송됐지만, 받고나서 4k 영상을 보니화질이 매우 좋습니다.인터넷만 하면 쿨링 안돌고, 발열도 안납니다.4k영상 재생시 약간의 쿨링 소리가 납니다만 발열은 전혀 없습니다.게임을 하면 쿨링소리가 꽤 날꺼같습니다만 아직 게임 설치를안해봤습니다.매우 만족스럽습니다. 사용기간내에 고장 불량이 없으면 좋겠습니다.",[]
21.03.13.,5,디자인작업때문에 이번에 신도림쇼룸에서 기가바이트노트북을ㄹ 구입하게 됐는데 모르는것이 많아서 여러번 문의전화를 드렸는데도 친절하게 알려주셔서 좋았습니다! 노트북은 진짜 화질도 좋고 아직프로그램은 돌려보진않았지만 빨라요!!!,[]
21.03.18.,5,무조건 친절보단 구입자분들의 싱황을 인지하며 소비자 상담을 친절히 진행해주셔서 구매하는데 어려움 없이 구매할 수 있었습니다. 친절신도림 추천합니다!^^ 노트북도 다행히 재고물량이 있어 결제 후 바로 퀵을 통해 받을 수 있어 좋았구요. 앞으로도 계속 승승장구 하세요!,[]
21.03.01.,5,"3D 작업용으로 찾다가 4K OLED로 구매했습니다. 기존 노트북이 무거워서 2kg은 장난같이 가볍네요. 슬림 베젤이라 화면도 커서 작업하는데 너무 좋을 것 같아요. 저는 방문수령했는데, 방문해서 이것 저것 여쭤봤는데 친절하게 답변해주셨어요. 덕분에 잘 사용하겠습니다. 감사합니다",[]
21.03.20.,5,"화질이 쵝오
좋아요
한 10년써야겠습니다..ㅎㅎ","['https://phinf.pstatic.net/checkout/20210320_156/1616202274940VLvC8_JPEG/review-attachment-4f8ee94b-68b0-4437-bffb-ab77b610a7ae.jpeg?type=f287', 'https://phinf.pstatic.net/checkout/20210320_57/1616202276020y0ymm_JPEG/review-attachment-11ec3c47-318f-4717-8d5c-6b178ccbfe09.jpeg?type=f287', 'https://phinf.pstatic.net/checkout/20210320_146/1616202282699QzkGR_JPEG/review-attachment-25156972-3399-4eaa-8d13-1b818212aafb.jpeg?type=f287', 'https://phinf.pstatic.net/checkout/20210320_136/1616202283393fBxQM_JPEG/review-attachment-2be25261-c942-48a7-9d35-6fa45f10b45f.jpeg?type=f287', 'https://phinf.pstatic.net/checkout/20210320_63/1616202284195z3nVX_JPEG/review-attachment-5f3605e5-e92a-4a53-af70-34d1e31297de.jpeg?type=f287']"
21.03.24.,5,판매자님이 친절하고 서비스도 챙겨주셔서 기분 좋네요？？ 노트북도 성능치곤 무게도 가벼운 편이라 좋아요!! 신도림쇼룸 유튭 영상보고 윈도우랑 드라이버도 아주 쉽게 잘 깔았어요!! 적게 일하고 많이 버세요~~!,"['https://shopping-phinf.pstatic.net/20210326_8/de09d682-c9b2-4ee0-a3cd-5b060fb0e3aa.jpg?type=f287', 'https://shopping-phinf.pstatic.net/20210326_23/963043f3-7cc2-4bec-bac8-374802fe33ce.jpg?type=f287', 'https://shopping-phinf.pstatic.net/20210326_14/21ee8a1b-7ef2-4824-89fd-930baf60bd3c.jpg?type=f287']"
21.03.19.,5,"직접 사용할 분에게 필요한 노트북을
물어서 선물한건데
어댑터가 무거운 점을 빼면
화면과 성능 모두 기대만큼 만족스럽다고 하네요.","['https://phinf.pstatic.net/checkout/20210319_77/1616155973423Uvt60_JPEG/review-attachment-0e6c5986-b677-4066-a7f8-e36059dceb70.jpeg?type=f287', 'https://phinf.pstatic.net/checkout/20210319_263/1616155973478GfIqR_JPEG/review-attachment-8fe05d48-4a11-45ca-b05b-b77fe840f0d5.jpeg?type=f287']"
21.03.18.,5,"생각보다 얇고 가벼워서 만족스럽습니다! 그런데 충전기단자는 조금 큰것같아요. 스케이업을 돌리는데 가끔 끊기는 현상은 있습니다.
배송은 주문날짜로 2틀걸렸습니다!","['https://phinf.pstatic.net/checkout/20210318_207/1616054825990rGBXi_JPEG/review-attachment-be5e2b9e-7d94-4193-bae9-cbdb2953c963.jpeg?type=f287', 'https://phinf.pstatic.net/checkout/20210318_260/16160548433512dUjM_JPEG/review-attachment-c744ee69-1d14-4ed1-a064-a6692a03d30d.jpeg?type=f287']"
21.02.20.,5,주문후 다음날 바로 배송 시작이되서 정말 빠르게왔어요 그리고 사은품도 증정해주고 친절하게 설정방법등 설명해주셔서 좋았어요,"['https://shopping-phinf.pstatic.net/20210222_27/c681488e-bbeb-4ef4-b4ff-3d4ccdb4fe09.jpg?type=f287', 'https://shopping-phinf.pstatic.net/20210222_27/3b38f52b-bc7a-4e38-8397-fd1a4cab8d16.jpg?type=f287']"
21.03.23.,5,패널도 너무 좋고 크리에이터용으로 정말 괜찮은 노트북 같아요.,['https://phinf.pstatic.net/checkout/20210323_247/16165061348480ucxO_JPEG/review-attachment-6dde11a7-e711-478e-9ccb-85e61fa09b3c.jpeg?type=f287']
21.03.20.,5,노트북은 말할 것도 없고 배송도 빠르고 판매자분이 친절해서 너무 좋았어요!,['https://shopping-phinf.pstatic.net/20210322_28/dfa5bee5-0335-436e-a84b-cdbadf1b9769.jpg?type=f287']
21.03.18.,5,크 화질 지립니다 빠른배송 감사드립니다,['https://phinf.pstatic.net/checkout/20210318_185/1616066758624KtIxJ_JPEG/review-attachment-b603179d-7c5f-4515-901b-0d283e2f8b3c.jpeg?type=f287']
21.02.24.,5,배송이되게 빠르고 제품도 사진보다 좀더 마감이 좋아보이네요 또 사은품도 잘 받았습니다 감사합니다 ^^,['https://shopping-phinf.pstatic.net/20210226_11/2ebd2dd1-d493-4dfd-bab7-f2cbafdaa078.jpg?type=f287']
21.03.17.,5,"작업용 노트북이 필요해 큰맘먹고 구매했는데 배송도 빠르고, 무엇보다 화질이 엄청 좋습니다!! 전문 디자이너 분들이나 영상작업 하시는분들께 적극 추천드립니다",[]
21.03.20.,5,상품의 설명대로 성능이 매우 좋았습니다 다만 예약판매로 샀기때문에 오래 기다리지 못하신분은 비추천이요전 급한게 없어서 좋았습니다 사장님도 친절하시고 상품도 아주 짱입니다 사장님 번창하십시요 ^^,[]
21.03.17.,4,"배그한번 해보려고 구매했는데, 아직 배그를 돌려봊는 않아서 어느정도 잘 돌아가는지 확인 못해봤어요. 하지만 그외에 자잘한 게임들은 잘 돌아가는거 같네요~",[]
21.03.23.,5,배송빠르고 윈도우 추가설치도 잘 마무리해서 좋습니다,[]
21.03.17.,5,상품 진짜 예쁘고 빠른배송 감사드립니다!잘쓸게요~!,[]
21.03.23.,5,생각보다 가볍고 성능도 좋고 마음에 흡족합니다,[]
21.03.22.,5,배송도 빠르고 요즘 PC사기 힘든데 잘 쓰겠습니다,[]
21.03.19.,5,넘 넘 강력추천합니다 굿~~~~,[]
21.03.04.,5,좋습니다디자인깔끔하고 아직 사용많이 해보진않았지만미스플레이 키감 성능등 마음에 듭니다확실히 가벼운무게는 아니지만 들고다닐순있어요배송안전하게잘왔습니다얼른 영상편집 등 이 노트북으로 해보고싶네요!,[]
21.03.18.,5,생각대로 정말 좋은 노트북인 것 같습니다 추천합니다~,[]
21.03.22.,5,친절하게 설명해주셔 감사합니다,[]
21.03.10.,5,개인적으로 디자인이 엄청맘에 들었고 ㄱ성비도 좋은거 같습니다,[]
21.03.16.,5,디자인이 너무 좋고요 성능 또한 매우 만족스럽습니다 그리고 전화통화 하신 판매처분더 친절하시고 상세한 답변 감사합니다,[]
21.03.14.,5,이쁘고 가성비도 좋은거같습니다,[]
21.03.14.,5,아이 입학 선물로 구입 아이가 너무 좋아하네요. 매우 만족 합니다.,[]
21.03.14.,5,성능 좋은 노트북을 찾아 구매하였는데 배송도 너무 안전하게 오고 들고다닐 무게라고 생각합니다 추천해요 감사합니다,[]
21.03.01.,5,"화면 선명하고, 성능도 만족스럽습니다. 무게도 어느정도 납득이 가구요. 오래 쓸 것 같네요.",[]
21.02.25.,5,상품 잘 받았습니다 ^^ 세상에서 가장 멋진 노트북이라는 말이 어울리는 제품이네요,[]
21.02.25.,5,약간 무겁긴 하지만 이 정도 성능이라면 별 문제가 아니라고 생각합니다ㅎㅎ 정말 좋아요 입고하는 날에 맞춰 구매해서 빨리 받을 수 있었고 빠르고 기능도 너무 많아서 넘 만족스럽습니다,[]
21.02.27.,5,"아직 이것저것 만져보는 중인데, 화질 끝내주네요. 만족스럽습니다ㅎㅎ",[]
21.03.01.,4,배송도 느리구 상품 보낼때 제대로 멀 장착했는지몰라 번거롭게 하구요물건 보내실때 잘 확인하구 보내셔야 할거 같네요,[]
21.02.26.,5,제품 조용하고 발열도 심하지 않아요.그리고 배송도 하루만에 왔습니다.너무 만족하고 잘쓸께요!!,[]
21.02.17.,5,4k oled 모니터라 구입 1순위에 그래픽 rtx3060으로곧바로 예약구매했습니다. 구정연휴 끝나고 받고나서실사용을 해보니 oled 색감에 상당히 만족하며 단단한 알루미늄 바디 또한 괜찮았구요...결론은 잘 구입했다고 생각합니다.,[]
21.02.25.,4,배송빠르고 제품 좋아요,[]
21.02.23.,5,기가바이트 노트북 처음 사보는데 너무 좋아요 만족합니다!! 아직 이것저것 만져보는 중이지만 소음 생각보다 괜찮습니다!!만족만족 대만족입니다,[]
21.02.27.,5,"무엇보다 제품과 배송에 꼼꼼히 신경써주셔서 대단히 만족합니다. 기기도 마음에 들고요, 배송도 다음날 바로 받았습니다. 번창하세요!!",[]
21.02.25.,5,빠르게 도착했네요 그냥썼을때 소음은 없네요,[]
21.02.24.,5,수요일 발송이라고 하셔서 빠르면 목요일이나 금요일 즈음 도착할 기대했는데 수요일에 도착했습니다. 와우!!,[]
21.02.24.,5,"처음으로 인터넷에서 구매했는데, 친절하게 대답해주셨어요. 그리고 배송도 빠르게 해주셔서 매우 만족했어요.",[]
21.02.27.,5,포장도 꼼꼼하고 제품도 맘에 들고 사은품도 푸짐하고 다 좋습니다. 특히 화질은 진짜 끝장나네요,[]
21.02.16.,5,"성능/화면 모두 좋습니다. 키감도 준수하고, 15.6인치에 Full Key여서 더 좋습니다. 배터리 무게가 무거운 것이 흠이지만 가격 대비 고려했을 때 추천합니다.",[]
21.02.09.,5,"당일 구매,가능했고요.방문시 진짜,친절했어요.구매시 기분이 너무,좋아져서 가는길에 올려요.",[]
21.02.10.,5,너무친절하세요^^ 또사러올께요,[]
21.02.17.,5,"모르는것이 있을때 친절하게 상담해 주시고, 제품자체도 너무나 만족스럽습니다!!@@",[]
21.03.10.,5,오늘 배송이 도착해왔는데 사용해보니 좋아요~ 배송도 빠른배송 감사합니다 오늘 배송이 도착해왔는데 사용해보니 좋아요~ 배송도 빠른배송 감사합니다 오늘 배송이 도착해왔는데 사용해보니 좋아요~ 배송도 빠른배송 감사합니다,[]
