"1,619,000"
date,star_point,comment,photo
21.02.11.,5,"기가바이트 이미지가 좋아서 메인보드 같은 것만 써보다가 노트북은 처음 사봤습니다.일단 GTX 3060 MAX-P 사향이 모든걸 압도합니다. 시중의 게이밍 노트북들은 아무리 찾아봐도 MAX -Q만 파는데.... MAX-P를...그것도 3060을 ...게다가 17인치인데 2.5KG라는 가벼운무게....그런데..140만원초반....이가격이면 2060을 줘도 살가격이었는데...보자마자 이거 다 싶었습니다. 일단 가성비 최고입니다. 당연히 무지막지한 최신 성능이구요. 게임을 돌리니 그냥 첨부터 디폴트 최상옵션이네요...화면은 어찌나 쨍하고 화사한지, IPS패널중에서도 최상품 같습니다. 최신노트북 답게 초반 윈도우 설치가 약간 힘들었지만 너무 좋은제품이라 다른분들은 고생하지 마시라고 후기에 노하우 남깁니다.. 1. 디스크 인식이 안된다 > SMOS 에서M2 SSD 설정을 하면됩니다. 2. 홈피에 있는 드라이버 중 엔디비아 드라이버가 안깔린다 > 윈도우 업데이트를 20H2 버젼까지 올린다 (자동업데이트 시키면 자동으로 됩니다.) PS 사은품 도...가방 엄청 좋고..로지텍 게이밍 마우스까지 빵빵합니다. 게이밍 고민하셨던분이라면 고민 끝내 실수 있을껍니다. 이제 그만 글쓰고 가성비 노트북...뽐뿌에 글남기러 가야겠네요. 핫글 게시글 갈듯;;;",[]
21.02.10.,5,"G7 KC 개인사정으로 퀵으로 배송받았습니다. 소음은 게이밍 노트북이니 어쩔수 없지만 발열 부분은 게임 돌렸을때 CPU 온도 평균 80도 정도 나오더군요. 더 무거운 게임 돌리면 어떨지 모르겠지만 니어 1시간정도 돌렸을때 수치입니다.그리고 위처3, 사펑2077 등 돌릴때도 글픽 타협없이 플레이 가능합니다. 기가바이트 홈페이지에 필요 드라이버 전부 업로드 되어 있어서 FREE도스 버전으로 구매한 초보자도 쉽게 설치 가능하겠더군요.드라이버 설치 전에 팬소리에 약간 놀랐는데 컨트롤센터 설치후에 팬소리 조절 하니 고사양 게임 돌릴 때를 제외 하고는 전혀 소음 없습니다. 무게는 못들고 다닐정도는 아니고, SSD 자가로 추가할때도 어렵지 않더군요. 하판 개봉하면 바로 꽂을수 있게 되어 있으며 개봉하는것도 별 어려움 없이 가능합니다. 그래픽 카드 30 시리즈 출시 초반이니 이정도 가격이면 현재 가성비는 나쁘지 않은 것 같네요. 근데 추가로 동봉 되어 있는 나사는 어디에 쓰는건지 양면테이프는 어디에 사용하는 건지 설명이 없더군요. 매뉴얼에 단축키 안내되어 있는 부분은 괜찮았습니다.좀 더 써봐야 알겠지만 기능면에서는 현재로선 만족합니다.",[]
21.02.15.,5,"장점- 램이 삼성램. 드라이브지원 잘 되어있음 윈도우 10 기준 설치 후 잡히지 않는 장치 없음. 3060 사용한 그래픽 카드 치고는 소음과 발열이 적은 편. 현존하는 웬만한 유명 게임은 거즌 풀옵으로 돌려도 무방 함. As 2년이라 안심. 3060 장착모델 중 한성을 제외하고는 제일 저렴함. (한성은 AS 1년) 고사양 노트북임에도 불구하고 가볍고 가격대비 튼튼해 보임 힌지부위 등등.단점- SSD 메이커가 출처불명(표기 안되어있음) CPU와 그래픽카드쪽 도포된 써멀구리스가 질이좋지 않아 다시 도포 해야함. 노트북 바디, 보드 등 기본 구성 몸체가 한성것과 거즌 비슷함(기존 사용하던 한성 X-7967t 와 비교대조 해 봄. 한성의 해당 보드 사용 놋북 총 두개, 모두 보드문제로 1년 이내에 서비스 받았음). 구입시 딸려오는 어답터가 평이 좋지 않아 오래 사용하려면 어뎁터 추가 구매필요총평- AS를 포함하여 동급성능 고급모델들과의 가격격차가 30에서 60까지 나는 이상, 이보다 더 좋은 가성비를 가진 3060 탑재 노트북은 없다고 볼 수 있음.",[]
21.02.28.,4,"개인적 취향으로 디자인은 맘에 안듭니다. 와이프는 그래도 좋아보인다고는 합니다. 하지만 어차피 가성비 따질것이라서 디자인은 쓰다보면 중요한게 아니라서 만족합니다. 성능은 부품이 좋은만큼 좋습니다. 이 제품은 3060 그래픽카드가 105w 출력인데 3070 maxq 보다 파스벤치로 1000정도 밖에 차이가 안납니다. 가격대가 3070 노트북 가장 싼것보다 3, 40만원 쌌고요. 단점은 역시 가격을 낮추기 위해 바이오스등이 좀 기능이 적고 덜 신경쓴것 같습니다. 또 발열이나 소음이 있는편인데 이건 팬스피드 조절하는 프로그램으로 극복되는듯 합니다. 소음은 저소음모드로 셋팅하면 거의 안들립니다. 저소음 모드에서도 게임은 대부분 무리없이 거의 풀옵으로 돌아갑니다. 모니터는 17인치이고 매우 화질은 좋아보입니다. 저는 업무 겸용으로 구매한것이라 가급적 막굴리면서도 화면에서 글자 큰것을 원해서 이걸 구매했습니다. 멀티 모티로 작업하기에 충분한 성능입니다. 그럼 다들 신중히 고민하시고 선택하시길.",[]
21.02.20.,5,"기가바이트 rtx 3060 탑재된 노트북 엄청 기다렸는데 예약 구매 시작하자마자 구매를 했네요. 이게 2080 맥스큐에 거의 맞먹는 성능이라 작업 성능이 정말 좋을거 안봐도 뻔했죠. 주로 사용하는 건 유튜브 생방송, 프리미어 편집 입니다. 게임도 가끔 돌리구요~ 1660ti보다 CUDA 코어가 2배 늘어나니 프리미어 렌더링 아주 빠르고 좋네요. 생방송 스트리밍도 아주 원활하고 걱정 없습니다. 배터리 탈착이 되니 나중에 교체할 때 좋겠네요. sd카드 슬롯이 있어서 카메라 영상 촬영한 거 외장 리더기 없이 바로 재생할수 있어서 좋았습니다. 게임은 레지던트 이블7 풀옵 플레이 하는데 끊김 전혀 없이 아주 아주 부드럽네요. 사펑, 히트맨 3 아주 즐겁게 플레이 할 수 있을거 같습니다. 하지만 쿨링이 기가바이트 윈드포스라서 걱정 없구요. 동생이 쓰는 asus 제피러스 게이밍 노트북 대비 쿨러 소음은 뭐 비등비등하네요. 게이밍 랩탑에선 헤드셋 필수이니 불만 없습니다 ㅎㅎ",[]
21.02.28.,5,10년 가까이 사용하던 노트북을 이제 떠나보내고 새로 장만하기위해 알아보는 중에 찾아낸 가성비 상당히 괜찮은 노트북.게임을 많이 하지는 않지만 게이밍노트북이라 함은 고사양 노트북에 속하기때문에 오랜기간 사용할수 있어서 결정해버렸죠. 초고사양 노트북의 경우엔 상상 이상의 고가이기에 사양과 가격이 합리적으로 절충된 이 제품을 찾고 바로 결제해버렸죠.3시 전에 구매했더니 다음날 12시 전에 받아볼수 있었어요무게도 사용하던거보다 가벼운 편이고 블랙 색상이 고급스럽고 깔끔해 보이네요. 속도는 말할것도 없이 빠르구요. 요즘 나오는 게임들도 시원시원하게 잘 돌아가요(이건 뭐 당연한 것ㅋㅋ)코로나 때문에 집에 있는 시간이 길어질수록 컴퓨터 사용 시간도 늘어나는데 너무 만족스러워요,[]
21.02.17.,5,"4시간 정도 사용해봤는데 전체적으로 만족합니다.평생을 데스크탑만 사용하다가 노트북으로 넘어오면서 걱정 했던것들이 있는데첫째로 모니터 크기, 17.3인치를 잘샀다고 생각하는게 데스크탑이랑 비교하면 많이 작습니다. 그나마 17.3이라서 노트북이라는 점을 감안했을 때 게임에 무난했고 영상이나 이런것들은 데스크탑으로 안보다보니 충분했습니다.둘째로 소음, 소음이 크다고 들었지만 실제로 들어보니 데스크탑 돌아가는 소리가 바로 앞에서 들린다의 느낌입니다. 고사양 게임중에 데스크탑 소리를 바로 앞에서 들으면 거의 비슷한 소음이 납니다.거슬린 정도는 아니고 게임하고 있으면 어느새 잊혀지는 소음 정도 입니다.셋째로는 가격입니다. 성능,인지도,as 등을 가격과 비교하는데 이번 설 쿠폰 덕분에 매우 큰 가성비라고 생각합니다. 쿠폰이 아니더라도 와드 박고 하실 거라면 무난하다고 생각이 들지만 들고 다니기에는 17.3인치는 큰 것 같네요. 무게도 꽤 있고",[]
21.02.13.,4,설 연휴 5일 전에 주문해서 연휴 끝나고 오겠구나 생각했는데 연휴 전날 와서 정말 배송이 빠른것 같아요 그리고 os가 없고 기가바이트 드라이브 설치를 일일히 다 해야되서 좀 귀찮았어요. 17.3인치라 화면이 되게 컸고 리그오브레전드같은 가벼운 게임은 렉 없이 높은 사양으로 플레이 할 수 있어서 좋았어요. 그러나 레인보우식스시즈 같은 게임을 하면 쿨러가 100%로 돌려도 cpu랑 gpu가 60에서 80도 사이로 온도가 나와서 쿨링 성능이 딸리는거 같아 그부분이 좀 아쉬웠어요. 또한 성능이 좋은만큼 배터리가 안좋은거 같아요. 컴퓨터를 중간 밝기정도로 해두면 1~2시간 안에 배터리가 다 달아서 많이 아쉬웠습니다.,[]
21.02.09.,5,드디어 도착했습니다. ㅋㅋ 3시쯤택배연락 받고 택배함에 않들어가서 바로집으로 ㅜㅜ 문앞에있는걸 찾아서 지금까지 설치하고 드라이브깔고 다했네요 윈도우없는버전이라 손이 많이가네요.복구파티션도 못잡고 ㅠ드라이브까는것도 수동이라 불편하네요.기가바이트도 제품별 드라이브설치가자동으로 되는 유틸이 있으면 좋을꺼같은데혹시 제가 못찾는거지도 ㅎ와이파이 설정하고 부팅 시작하니 속도 역시 빠르네요.^^사진과같은 사양이고 ㅋ 게이밍전용이라 17인치로 구입했는데 잘돌아가겠죠.원래 amd로알아봤는데 3060이랑 같이나온게 아직은 없는듯 못찾아서요.가격대비 사양이 ? ^^아쉬운건 윈도버전이 배송늦어서 패스한거 ㅎ아 혹시 요즘 노트북은 베터리 관리해주는게있던데 기가바이트에는 없는건가요? 계속 어뎁터 연결해서 쓰면 금방 않좋아질까봐 걱정이네요.가격이 좋아서 이해는 하지만 새제품이라 usb등 소켓은 뻑뻑하네요.이제 컴에 필요한것들을 사야겠네요 키스킨이랑 액정필름을 못보고 주문해서 아쉽워요.좋은제품 잘구매해서 한동안은 기쁨마음으로 ^^가방과 마우스도 잘받았어요드라이브자동설치와 업뎃 프로그램과 배터리 설정 프로그램은 꼭 필요해요 ㅜㅜ,[]
21.02.10.,5,"상품은 박스와 쿠션에 끼워져 안전하게 잘 배송됩니다.OS 미설치버전이라 '윈도우 설치 USB'를 다른 컴퓨터를 이용해 준비해 두시면 빠르게 설치할 수 있습니다.17.3인치라 화면도 크고 크기에 비해 무게도 가볍습니다.사은품으로 마우스와 기가바이트 로고가 박힌 노트북 백팩도 줍니다.롤, 피파 같은 가벼운 게임은 당연히 무리없이 잘 됩니다.FPS게임도 이 정도면 데스크탑 못지 않게 잘 돌아갑니다.다만, 고사양 게임시 데스크탑의 그래픽카드 쿨러만큼 팬소리가 나긴합니다. 열을 식히려면 이건 당연하다고 봅니다.마우스 꽂고 이리저리 움직일 때 마다 고주파음이 살짝씩 나는데, 이어폰을 꽂거나 게임을 하면 팬소리에 묻혀서 들리지는 않습니다.다른 곳은 무상AS 기간이 1년인데, 기가바이트는 무상 AS기간이 2년인게 아주 마음에 들었습니다.이 정도면 합리적인 가격에 잘 구매한 것 같습니다.아 리뷰 쓰면 신세계 모바일 상품권도 주니 개꿀~^^",[]
21.02.18.,5,"노트북 배송은 다행히 빠르게 배달 되었습니다.윈도우를 설치 후 여러가지 프로그램으로 테스트 해 보았는데, 예상보다 훨씬 빨랐습니다.백팩과 마우스는 이벤트 기간을 놓쳐서 받지는 못했습니다.전원부가 뒤에 있고, 양 옆에는 USB 가 존재해서 불편한 점은 없습니다.소음은 일반적인 경우에는 조용하였고, 게임을 할 경우에는 조금 소음이 있었습니다.다행히 고주파음 같은 것은 없었습니다.무게는 17인치 치고 무난한 편이었습니다.단점은 아직 찾지를 못했습니다.손 부분에는 지문등을 좀 묻을 것 처럼 보이네요. 기존 노트북은 싱크패드를 사용했는데, 그러한 부분은 없긴 했습니다.CPU 를 11세대를 사용했으면 더 좋았을 것 같다는 생각은 듭니다.그리고, 드라이버는 기가바이트 홈페이지를 찾아 확인 후 설치하면 됩니다.게이밍 노트북으로 사용하시기에는 추천해 드립니다.",[]
21.02.13.,4,이중으로 깔끔하고 튼튼하게 잘 포장 되어서 왔습니다. 업무용으로 쓰려고 고민하다가 가격대비 기능에 있어 이제품을 선택 했습니다. 사은품 2종 누락없이 잘 받았습니다. 가방도 생각보다 보조배터리 구매시 별도 충전 기능도 있어서 기능서면에 좋을거 같고 가방 디자인도 좋습니다.마우스도 연결시 은은하게 색상바뀌는게 보기 좋습니다. 아딕 무거운 프로그램은 안돌려 봐서 팬 소음은 잘모르겠습니다. 발열은 평균 인터넷 검색시 cpu 온도 45정도 유지 합니다. 가성비좋은 노트북 추천 합니다.3주 이것저것 고민했는데 후회없는 선택이 된거 갔습니다.좋은제품 감사합나다. 잘 사용 하겠습니다.!!,[]
21.02.20.,5,아주 맘에 듭니다~ 배송도 생각보다 일찍 도착하여 좋습니다 고심끝에 구매한 상품인데 받아보니 더 좋은거 같네요~ 속도도 빠르고 큰화면이라 아주 좋네요 2.5kg 무게여서 걱정했는데 생각보다 그리 무겁다는 생각은 안드네요~ 17인치 대화면이니 만족합니다. 소음은 거의 없는데 가끔 고사양 프로그램 돌릴때 팬 돌아가는 소리 날때도 있는데 평소에 사용할때는 조용하네요 문서작업이나 인터넷 등 할때도 조용하네요 ㅎ 투박하지않고 세련된 느낌의 노트북이라는 생각이듭니다. 아무쪼록 문제없이 잘 사용했으면 좋겠네요,[]
21.02.15.,5,게이밍 노트북을 고르며 기준은 딱 몇가지였습니다 무거워도 상관없다 시끄러워도 상관없다 대신 그래픽카드는 RTX 3000번대일것+메모리16기가+SSD 512GB 일것 그리고 화면은 무조건 17인치 이상 상기조건으로 검색해보니 몇 제품이 없더라구요 처음에 ASUS 제품으로 할까 했는데 아수스 카페에서 불만들이 많을걸 보고 고민하고 있었는데 11번가 디지털데이에 쿠폰 있는것 모두 먹이니 이 제품에 2TB 추가 까지 하고도 무려 1569000원!!!! 쿠폰 정말 열심히 먹였습니다 이가격에 이 정도 사양은 없겠다 싶어서 추석전에 주문하였는데 지방인데도 2/15 오늘 도착하였네요 감솨합니다 윈도우10 열심히 설치중이니 이제 달려봐야죠~~~~~~ 사은품으로 받은 가방과 마우스 사진도 올립니다,[]
21.02.25.,5,"오래된 노트북을 대체하기 위해서 여러 가성비 좋은 노트북을 비교하여 보았다. 작년 말에 1660ti 노트북을 살까 했는데 차일피일 미루던 중 2월 초에 3060이 장착된 노트북이 기가바이트에서 출시된 것을 알고 바로 구매하였다. 노트북용 3060 랩탑 GPU가 데스크탑용 2070 GPU와 성능이 비슷하다고 하니 작년에 1660ti 노트북을 안사길 잘한 것 같다, 가끔 노트북으로 인공지능바둑(카타고)를 두는데 이것은 GPU 성능에 많은 영향을 받는다고 한다. USB로 맨 처음 윈도우를 설치할 때 깜박하고 F12 기능키를 누르지 않았는데 자동으로 인식하여 설치되었다, 설치 시간도 빨랐다.",[]
21.02.23.,4,"게이밍 노트북을 구매하려고 이리저리 알아보던중I7-10870H, RTX 3060 을 탑재하면서도 17인치 IPS 디스플레이, 144hz, 그리고 300nit 에 72% ntsc 까지!이가격에 이정도 스펙 노트북은 대체 모델이 없다라고 느껴질 정도였습니다.실제로 받았을때도 사진보다 더 고급스러웠으며, 걱정했던 키보드의 키감도 상당히 만족스러웠습니다.(개인적으로 텐키리스에 각 키들을 좀더 키웠으면 좋았을거 같습니다.)그리고 무엇보다 제품에 관련되어 게시판에 문의를 드렸는데 유선상으로 친절하고 빠르게 답변받아 기분이 좋더군요.빠른 배송까지..!덕분에 좋은 제품 구매하여 재밋게 시간 보낼거 같습니다.게이밍 노트북 구매의사 있으신분들은 이 모델 추천드립니다!",[]
21.02.12.,5,항상 대화면 게이밍 노트북 가지는게 소원 이였는데 드디어 get 했네요~ 작년에 구매하려고 가격 좀 알아봤는데 생각보다 너무 비싼 가격이여서 올해까지 조금 더 기다려 보았는데 1월 말에 RTX3060 이 나온다고 해서 가격알아보다가 딱 하니 11번가에서 딜로 올라왔길래 제품보고나서 바로 주문 했습니다:) 먼저 배송은 설 되기전에 와서 정말 좋았구요~ 저에게 주는 새해선물^^ 첫번째는 빠른배송 두번째는 대화면의 쉬원한 스크린 세번째는 가격대비 지리는 3060퍼포먼스 네번째 나의 실력을 올려줄 G102로지텍 마우스 다섯번째 노트북 말고도 넉넉히 들어가는 선착순 가방과 아웃도어에서도 충전이 가능한 내장케이블! 정말 다 만족 스럽습니다:),[]
21.02.17.,5,먼저 처음 디자인을 봤을때 전에 쓰던 다른 제품들 보다 고급스럽고 게이밍 노트북 답게 색상 설정등 다양한 기능들이 있어 좋았고 첫인상은 합격이였습니다. 윈도우 설치 후 제품을 테스트한 결과 역시 그 성능을 잘 뽑아 내주고 유튜브나 넷플릭스같은 동영상 시청시 화질이 만족스러웠고 게임 또한 렉 없이 잘 돌아갔습니다. 미디를 설치해 전자악기를 연주해본 결과 딜레이 없이 잘 나와 가격대비 성능이 굉장히 좋은 것 같습니다.,[]
21.02.25.,4,"우선 배송은 주문한지 2일 만에 왔구 포장상태좋고 구성품 모두 안전하게 와서 좋았습니다. 추가 제품으로 시킨 액정필름은 굳이 주문안해도 될것 같네요 붙이기 까다로워서 실패하고 그대로 버렸습니다. window가 안깔려있어서 추가로 설치 하셔야되는데 생각보다 쉽게 할수있으니 걱정하지 않으셔도 될것 같네요.가격대비 성능, 디자인 만족합니다.*따로 노트북 가방이나 마우스 같은건 제공되지 않으니 참고하십쇼",[]
21.03.06.,5,pc가 필요없을정도의 성능이에요. 10년전 pc사용하다가 해외출장을 가게되서 pc와 노트북 둘다 활용할수 있을정도의 노트북을 사야겠다 생각해서 일주일동안 비교후 가성비가 제일 좋은거 같아 샀네요. 배송도빠르고 성능도 아주만족합니다. 소음부분은 게이밍노트북이라 아직 적응이안되는거 빼고는 다 만족스러워요. 디스플레이도 괜찮고 웹캠도 있고 포트도 넉넉히 잘 구성되있어서 빠진게 거의 없는거같아요,[]
21.02.10.,5,"일찍 도착했습니다. 판매자분이 노력하는 모습이 감사했고, 또한 사은품 백팩은 초회물량으로 빠른 배송을 위해 따로 보내셔서 박스가 두개가 왔습니다. 백팩도 크기가 17.3인치 노트북을 담기에 충분하다고 생각되며, 마우스도 벌크가 아닌 한국어 표기된 상자에 담긴 제품으로 와서 더 반가웠습니다 노트북은 다른분들 말씀대로 3060시리즈의 성능을 보여주고 있고, 디자인 발열 소음은 사용자의 주관적 판단에 따라 다르겠습니만, 이정도면 가격대비 만족스러운 정도라고 생각됩니다. 모두 행복한 설날 보내세요~",[]
21.02.09.,4,솔직히 설 지나고 배송올줄 알았는데 생각보다 빨리 왔네요 우선 배송은 정말 맘에 듭니다. 받자마자 박스 뜯고 윈도 깔고 드라이버 깔고 벤치 돌렸습니다. 점수는 잘 나오네요... 그런데 온도가... ㄷㄷㄷ 팬 소음도 어느정도 있어요... 뭐.. 온도가 높다보니 어쩔 수 없는거지만 레지스트리에서 클럭 조절좀 해야겠습니다. 아니면 센터가서 서멀 재도포라도 해야지 오랬동안 고장 없이 쓰겠네요 키감은... 그냥 노트북 이구나~ 하는 느낌? 소음 크지 않고 타건 느낌 괜찮습니다. 가방은 매우 맘에 듭니다. 마우스도 예전에 썼던거라 뭐... 잘 되겠죠? ps. 고주파음 같은건 제 귀에는 들리지 않지만 사람마다 다를 수 있습니다.,[]
21.02.19.,5,배송이 빨라서 좋았네요. 심플하고 깔끔한 스타일의 노트북입니다. RTX 30시리즈를 장착한 노트북 치고는 소음과 무게도 비교적 적당한 것 같아요. 발열도 잘 잡아주는 것 같습니다. 노트북 구매 전에 서칭 좀 해보니 가성비의 끝판왕이라는 평이 많더라구요. 잘 산 것 같습니다. 기가바이스 공식사이트에서 드라이버 및 유틸리티 설치파일을 받으시면 되서 편하구요. 고사양 게임을 해보려고 하는데 너무 기대됩니다.,[]
21.03.01.,3,용량부족해보여서 ssd512g추가구매했는데 윈도우 파티션나누려고보니 512g바께없어서 찐당황함.우선 윈도우 깔고 내컴서 봐도 나머지512g가 안보여서 전화해보니 윈도우서 파티션 애기부터 내컴퓨터 속성보라고해도 없어서 사진 찍어달라니까 보여주니 지들 누락인정함. 택배회수해오면 부착후 다시 보내준데서 보내긴했는데 근데 죄송하다는 말도 안하고 얼렁뚱땅 넘어간게 빡침. 지들잘못인데 택배 퀵으로 쏘든 쿠팡처럼 당일오게 하든 해줘야지.. 이것때매 3일추가 지연되서 더빡침.노트북 하자는 없음. 그리고 노트북 단가 낮추려고 바이오스가 듣보잡 바이오스니 참고하셈. ssd 램 이런거 메이커 가려져있음.,[]
21.02.13.,5,게임은 잘 하진 않지만 그래픽 용도로 사용하려고 사양 높은 노트북을 찾다보니 기가바이트 노트북을 고르게 되었어요저는 노트북에 대해 잘몰라서 지인한테 물어보니 이 제품이 가성비가 좋다며 추천해주더라구요택배는 안전하게 잘 도착했구요 개봉후에 불량도 없어서 안심했습니다. 처음 본 느낌은 되게 고급스러운 디자인이여서 정말 만족했구요 성능과 사용감 또한 굉장이 좋았습니다 너무 만족하게 잘 사용하고있습니다,[]
21.02.10.,5,1.배송이 빨라서 너무 좋네요 별5점2.포장이 넘흐 넘흐 꼼꼼한게 이건 모 까도 까도 또 나오는게 양파도 아니고ㅋㅋㅋ2중3중도 아니고 화면싸고 키패드위에 또올리고 노트북 또 싸고 박스에 안전하게 스티로폼으로 해서 잡아서 넣어준후 또 빡스그리고 또박스엥 또??? ? 큰박스 박스만3.4개?였던거같고 이렇게 꼼꼼하게 보내준업체는 첨이네요 별5만개3.사은품도 좋음ㅋㅋ 가방에 마우스4.이게 가장 중요한데 성능 조금더 사용해봐야겠지만 발열없고 소음 없네요ㅋㅋ새삥이라 그런가 넘흐 좋습니다5.무게? 17인치지만 이정도면 가볍네요 배젤도 작고 깔끔하고이제 단점아닌 단점?노트북이 17인치라 가방이 좀작네요ㅋㅋ이점이 참 아쉽네요그래도 사은품으로 주신거치곤 좋네요^^부탁드리고 싶은점 파우치도 함께 판매를 해주신다면 더좋을듯합니다.좋은 제품 감사히 잘쓰렵니다~~,[]
21.02.28.,5,우선 빠른 배송 진짜 감사하구요(금요일에시켜서 토요일에받았어요!!!!)포장 되게 잘되어 와서 파손걱정없었구 상세정보에 윈도우 까는법 잘 적어노셔서 쉽게 깔았구요컴사양은 스펙만큼 빨라요그리고 젤 좋았던건 화질 진짜 좋아요!!!! 화면도 크고다른거 사려다가 우연히 이 제품봤는데 가성비 최고인거같아？ㅋㅋ저는 예민한편이 아니라 발열이나 팬소음은 별로 크게 느껴지지 않아요 정말 만족합니당!!!,[]
21.02.19.,5,모델링 위주의 업무용으로 사용중인데가격대비 아주 훌륭합니다... 4년된 쿼드로달린 노트북이 오징어됐네요..17인치라 너무 크지 않을까 했는데 기존 15.6이랑 크기 차이도 거의 안나고 2.5인치 추가로 하드를 달았어도 무겁지 않네요..처음 바이오스설정에서 좀 애먹기는 했지만 해결못할 정도는 아니더군요...,[]
21.03.05.,5,3060 그래픽 카드 내장된것중 이정도 가성비 나오는 제품이 있을까 싶네요..노트북 사기 적기가 아니라는 말에 고민 했지만 그런 생각 싹 지워지게 한 제품입니다3070 200넘게 주고 사는게 부담되어 3060 맥스피 기가바이트 삿는데 정말 후회없이 만족합니다. 지금 고민하고 계신분들 계시다면 시간 낭비입니다!! 당장 구매해서 같이 만족을 느껴봐요~,[]
21.02.09.,5,z통화했을때 일정이 변경되어서... 15일날 이후에보내주신다고 해서.... 명절지나고 나서야 받겠구나했는데 빨리배송되서 기분이 좋아요^^ 건축프로그램 노트북 이것저것 고민하다가... 이번에나온 rtx3060모바일 성능이 좋타고해서 기가바이트 17인치노트북 구매햇네요^^ 가격두저렴하고 제가 필요한건 다있는거같아서 너무 마음에듭니다. 윈도우깔아보구 어느정도 성능인지 봐야 알겠지만... 기가바이트 평이좋아서 산거니 좋을거라 믿습니다^^ 사은품도 너무 마음에듭니다^^ 좋은제품 좋은가격에 감사합니다~ 명절선물 받은듯한 기분입니다~~ z,[]
21.02.18.,5,"주문하고 바로 배송이 시작되서 빠르게 받았습니다. 데스크탑용 3000번대 시리즈 그래픽카드가 너무 비싸서, 차라리 노트북으로 반 고정 형식으로 사용해보려고 했는데 빠른 배송과 높은 가격대비 성능은 만족스럽습니다. 박스 포장상태 좋습니다 이중박스로 단단하게 고정 잘되서 오고 더스트백도 있습니다. 디자인은 민무늬로 깔끔한 편 입니다. 성능은 3060 MAX-Q가 아닌 모델답게 충분히 좋습니다. 소음은 전에 사용하던 상품 대비 비슷해서 저는 괜찮습니다. 성능에 딸려오는 발열은 쿨링패드로 잡으면 될 것 같습니다.",[]
21.02.27.,5,일단 주문하고 그 다음날 바로 배송도착하여 굉장히 만족스럽네요. 기능도 가격대비 수준급입니다. 최신 지포스rtx3060이라 게임 좀 돌려보니 그래픽성능이 잘 나옵니다. 나머지도 괜찮고요. 무게도 게이밍노트북이란걸 감안하면 이 정도는 감수할만 합니다. 팬 소음도 견딜만하구요. 하여튼 전 기가바이트 노트북 G7 만족합니다.,[]
21.02.16.,5,예약발송 상품인데 명절이끼어서 언제받을수있을지 한참 기다렸어요! 작은 노트북만 사용하다 큰걸로는 처음이라 무게에 깜짝 놀랐어요 ㅋㅋ 전자제품이라 배송 걱정했는데 두꺼운 박스에 이중삼중 안전하게 잘도착했습니다 블랙와이드 깔끔한 바디도 딱 제스타일이었는데 키보드에 파란조명 켜지니 넘 멋지고 맘에드네요 일하려고 구매한거지만 아이온클래식이 쌩쌩 잘돌아가서 더 좋습니다 굿굿 이걸로 사업도 잘되고 게임도 잘되면 좋겠네요 양품감사합니다!,[]
21.02.10.,5,오랜 고민끝에 구매한 제품인 만큼 기대가 컸는데 기대감 200% 충족했습니다배송도 빨리와서 설연휴 전에 받아서 엄청 만족합니다아직 게임이나 다른 프로그램은 안돌려 봤지만 기대 이상을 해줄꺼라 믿고있습니다고성능에 가격까지 합리적입니다 고성능 노트북 고민이신분은 무조건 사세요!!!다른 브랜드 가성비 제품과 비교해도 절대 밀리지 않습니다연휴 동안 맘껏 즐겨야 겠습니다!!,[]
21.02.12.,5,크기도 크고 3060이라 그래픽도 남달라요 발열이 좀 있긴한데 쿨러 구매하셔서 같이쓰면 걱정 없을거 같아요게임은 거의다 돌아고 같이온 g102와 백팩도 좋아요 백팩은 가방에 보조배터리 연결해서 쓸수도 있어요 많이 편이리해요 그리고 구매하실때 필름 같이 시키시는걸 추천해요 전 못시켜서 조심조심 하고 있어요 ㅜㅜ 그리고 가격도 생각보다 저렴했네요!!!,[]
21.02.10.,5,RTX3060나오자마자 신청해서 설끼어서 배송이 늦어질줄알았는데 바로왔네요. 오자마자 윈도우깔고 하나씩잡다보니 그래픽은 자동으로 안잡히더라고요.소음은 아직 고사양게임을안돌려봐서 발열이나 소음은 확인못했습니다. 하드는 따로 추가하시는걸추천드립니다삼품만놓고보면 괜찮은거 같습니다. 그리고 추가상품도 만족합니다.,[]
21.02.23.,5,"디자인, 재질, 성능, 가격 등 전반적으로 상당히 괜찮은 노트북입니다.비록 처음 왔을 때 SSD 연결이 제대로 안되어 있어서 손이 좀 가긴 했는데 이건 어느 전자기기에나 있는 미미한 뽑기운 정도고, 그 외엔 꽤 만족스럽습니다. 오래 쓸 수 있기를..",[]
21.02.09.,5,이번에 출시한 그래픽 3060 을 탑제한 기가바이트 노트북을 구매!! 두둥17인치의 장점으로 게이밍노트북인 만큼 외부로나가서라도 이동식으로 게임을 할수있고 큰화면으로 할수있어 더더욱 좋아 구매했네요깔끔한디자인 반듯한 디자인으로 깔끔하며 군더덕이없어 좋네요씨피유도 게임에 안정화된 씨피유 10세대 램16 3시르 그래픽으로 왠만함 게임 다 실행할수있어 기쁩니다좋은제품 감사합니다^^,[]
21.02.09.,5,오오래동안 쓰던 삼성노트북을 이번에 새로 사려고 여러 노트북을 비교하여 최종적으로 기가바이트 노트북을 구매하였습니다. 성능이 아주 좋아서 게임용으로도 쓰고 작업용으로도 사용하기에 더없이 좋은 것 같습니다. 가격도 저렴하여 가성비가 아주 뛰어난 노트북입니다. 배송도 아주 빨라서 좋았습니다. 설 전이라서 한참 걸릴 줄 알고 있었는데 빠른 배송에 놀랐습니다. 도착하자마자 윈도우 설치하고 드라이버 설치도 아주 쉬웠습니다. 화면도 크고 선명하고 밝아서 쓰기에 아주 좋습니다. 다음에도 이 노트북으로 재구매의사가 있습니다.,[]
21.02.25.,3,"고급 스럽지는 않아요... 처음 윈도우 깔고 실행중인 게임, 프로그램도 없는게 팬 소음이 심하네요.. 옆 동료들이 놀랄정도 압니다. 콘트롤센터에서 일단 강제로 줄이기 했는데 좀 찜찜하네요.. 글구 또 찜찜한거는 박스에 씰이 타이트하게 붙어있지 않았다는 겁니다..",[]
21.02.16.,5,설 전에 받지 못해서 아쉬웠는데 구래도 배송은 빨랐습니다. 화면도 짱짱해서 괜찮고 고사양 게임도 무리없이 돌아가네요. 근데 nahimic3 지원되는건지는 잘 모르겠네요 상세페이지에는 써있긴한데 막상 프로그램깔면 미지원이라뜨고... 어쨌든 가성비 좋은 노트북입니다,[]
21.02.22.,5,오랜 고민 끝에 기가바이트 노트북을 구매하였습니다.일단 배송 상태부터 매우 좋습니다.패킹을 꼼꼼하게 해주셔서파손될일이 거의 없었습니다.개봉 후 윈도우를 깔고 게임을 해봤는데 동 가격대비 최고 가성비인 것 같습니다.디자인도 매우 세련되었고 무게도 크게 무겁지 않아서 강추합니다!,[]
21.02.17.,5,"깔끔하고 고급스러운 디자인훌륭한 성능, 가성비키감이 좋고 스크린도 만족스러움랜포트 등 다양한 포트 존재윈도 직접 설치 필요요즘 가벼운 노트북이 많아서인지 더 무겁게 느껴짐전체적으로 만족스럽습니다가격 생각하면 다른 제품 중 이정도 노트북 사기 어려울거 같아요",[]
21.02.11.,5,"가격/성능/크기/무게등을 종합적으로 고려하여 최종적으로 GIGABYTE G7 KC 노트북을 구매하였습니다. 주로 게임 및 영상 작업용으로 사용할 예정인데, 성능도 기대했던 만큼이고 디자인도 깔끔해서 만족합니다. 큰 화면을 원해 17인치를 선택했는데 어댑터까지 해서 들고다닐만 한 것 같습니다. 드라이버 설치 완료하니 키보드 LED 커스텀 설정도 가능해서 쓰는 재미가 있습니다. 즐기고 있는 게임도 버벅임 없이 잘 돌아가고 저장 공간도 넉넉해서 몇 년은 유용하게 사용할 수 있을 듯합니다. 예정 배송일 바로 다음날에 집에 도착해서 배송에도 아주 만족합니다.",[]
21.02.21.,5,"와우 하려고 샀는데 매우 만족스럽습니다. 연휴 끼고 샀는데 생각보다 배송빨랐습니다. 사양 추가한 것도 잘 들어왔고, OS없는걸로 샀는데 까는 것도 쉽네요. 팬 돌아가는 소리야 게이밍용이니 생각한만큼 시끄러운데 쿨러가 열일하네^^싶어서 하나도 안 거슬리네요. 옛날노트북은 화면각도 잘 조절해야 선명했는데 이건 대충 펴도 선명한게 기술의 발전이 놀랍습니다. 사은품으로 챙겨주신 마우스로 즐겁게 겜 하고 있습니다 감사합니다. 번창하세요",[]
21.02.11.,5,자료수집 및 프로그램을 통한 작업 등의 사용목적으로 노트북 구입을 생각했었는데 3D 프로그램 사용하기위해서는 성능이랑 화면 사이즈를 고려하여 노트북을 고르던중에 성능도좋고 화면 사이즈도 큰 G7 KC 제품을 구입하게 됐습니다. 제품을 받고나서 바로 사용을 해보았는데 일단 디자인도 심플하고 속도도 정말 빠르네요 키보드 키감도 게이밍 노트북 답게 굉장히 좋습니다. 17인치라 되게 넓네요ㅎㅎ 제가 사용하기에는 딱 적합한 노트북인거 같습니다오래 오래 잘쓰겠습니다!!!!,[]
21.02.20.,5,배송이 빨라서 좋았습니다. 조용하고 좋습니다. 아쉬운건 제가 받지를 않아서 마우스가 빠졌는지 여부를 확인이 안됐다는 것입니다. 고등학교 졸업때까지 이 노트북으로 써도 무난하다고 생각하니 괜찮다고 생각이 듭니다. 아이한테 16기가정도면 고등학교 졸업때까지는 pt작업까지 열심히 할 수 있겠다라고 말하네요,[]
21.02.20.,5,배송은 엄청 빨리 왔어요 노트북이 사고 싶어서 알아보다 구매 했는데 너무 좋네요 오자마자 윈도우 설치하고 게임부터 깔고 해봤는데 버벅거림 없이 아주 잘돼요 며칠 사용해보니 아주 맘에들어요 마우스 백팩도 잘 받았습니다 ㅎ 블랙인것도 너무 깔끔하고 맘에들어요 ㅎ 지문이 좀 남아서 아쉽지만 화면도 크고 너무 맘에들어요-!,[]
21.03.12.,5,처음 노트북 사봐서 이것저것알아봤지만그나마 원하는 스펙의 노트북이었어요걱정반 기대반 으로 기다려서 받고 게임 가동해봤는데너무 잘되서 기분이 좋아요!게이밍 노트북인데 투박하지않고 슬림해서 좋았구고사양이라 소음은 어쩔수없지만 만족합니다 ㅎㅎ로아 최고사양으로도 안끊기지맘 발열 걱정이되서상으로 한단계 낮춰서 게임하고있어요!추천!! 드립니다 ㅎㅎ,[]
21.02.18.,5,배송도 빠르고 안전하게 잘 왔습니다! 너무 맘에들어요~~~ 일단 디자인도 너무 깔끔합니다. 디스플레이 부분을 가장 신경썼는데 가격대비 훌륭하구요! 이정도 스펙과 이정도 디자인에 최고의 가성비 좋은 노트북입니다! 작업용 게이밍용 모두 가능해서 메인컴으로 사용해도 좋을것같습니다!,[]
21.03.13.,5,제품 배송이 무척빨랐어요. 포장도 꼼꼼이 신경써주시고 제품에 윈도우를 깔지 않아서 구매 했는데 직원분께서 잘 설명해주셔 잘사용하고 있습니다. 게임용도로 구매 하지 않았지만 아들이 게임도 잘 돌아가고 사용하는데 아무문제 없이 잘 돌아간다고 합니다. 타사 제품 사려다 가격이 대비 제품사양이 비슷해서 기가바이트로 선택 했는데 너무 잘한듯합니다. 먼저 게임 돌려보았고 지금은 강의 듣고 있습니다. 좋은제품 저렴하게 잘 준비했습니다. 감사합니다.,[]
21.02.10.,5,배송은 엄청 빠르네요. 제품을 받자마자 개봉하여 윈도우-10설치하였습니다. 일단 설치는 윈도우 설치용 USB를 이용하여 쉽게되더군요. 무게는 조금 있네요 집에서 배터리 제거하고 전원을 이용할 경우 나름 가볍게 쓸수 있구요. 발영릉 없어서 맘에 듭니다. 다만 소음은 ... 간간히 살짝 거슬릴 정도의 소음이 있지만 뭐 고성능이니까... 전반적으로 매우 만족합니다.,[]
21.02.13.,5,우선 빠르게 작동됩니다. 인터넷도 기존 컴보다 많이 빠르네요.그리고 팬의 소리가 크기는 하지만 잘 작동되어서 발열을 아주 잘 잡습니다.방송을 겸해서 쓰려고 하는데 기대됩니다.키감도 좋습니다. 전원선이 뒤에 있어서 처음에는 불편했지만 실제 사용하니 뒤에 있는 것이 더 편하네요. 저렴한 가격에 잘 샀습니다.주위에서 4k를 사라고 하기는 했지만 가격도 가격이지만 저는 풀hd면 충분하더라고요.좋은 제품 감사합니다.,[]
21.02.14.,5,배송은 예약배송 다음날와서 좋았네요. 모니터가 있어서 듀얼로 사용할라고 하는데안되서 애좀 먹었네요 ;; 기가바이트 홈페이지에서 전부 다운받아 깔아도 안되길래 엔비디아에 들어가서 그래픽카드 깔으니 되더라구요 ㅋㅋ발열은 느껴지지 않구 소음은 좀 있습니다.게이밍 노트북이니 이정돈 감수하고 하면 될것 같네요 그렇다고 소음이 심하진 않네요전반적으로 좋은 노트북입니다.안심하고 구매하셔도 될것 같네요 ^^,[]
21.02.09.,5,"디자인 쪽에 관심이 많아서 프로그램들이 다 돌아갈만한 노트북을 찾다가, 이번에 좋은 노트북이 나왔다고 추천을 받고 바로 결제 했는데, 예약 배송이더라구요, 설 전이라 늦게 올줄알았는데.정말 빨리 와서 너무 좋았습니다 ㅠㅠ택배로 받는거라 파손이 있을까 염려도 했지만구성품에 뽁뽁이 추가 해서 그런지정말 튼튼하고 안전하게 배송되었더라구여!같이 온 가방도 진짜 너무 스마트하고 수납공간이 넘쳐서 정말 짱짱짱! 입니다!!",[]
21.02.09.,5,게이밍 노트북이라서 발열하고 시끄러운 것을 어쩔수 없내요. 성능은 정말 좋음 아직 드라이버가 나오지 않아서 부가적은 유틸은 설치하지 못함 조금 기다리면 나온다고 하니까요 조금만 기다려다 설치하면 더 좋아질 것 같아요.,[]
21.02.12.,5,"오래된 15인치 노트북 사용 중 너무 느려... S사,L사의 17인치 노트북을 고민 하였는데.. 가격은 비싸고 사양은 중간정도로.. 맘에 들지 않아 고민 중.. 가격도 저렴하고 성능이 좋은 외산 게이밍 노트북 고민 중 GTX30시리즈가 발매되어 추후 겜도 할수 있는 장점이 있어 게이밍 노트북을 고민 중에 있었습니다. msi와 기가바이트 고민중..CPU 사양 및 확장성(SSD)이 기가바이트가 유리한점이 많아 기가바이트로 결정.. 주문 후 바로 배송되어 WINDOWS 10설치..후 인터넷 검색시 너무 빨라 깜놀... 성능 매우 만족 스러웠습니다. 사은품으로 마우스 및 가방까지 득템 할수 있어서 너무 좋았습니다. 기가바이트 G7 만족 스럽고..추천 합니다.",[]
21.03.06.,5,"첫노트북입니다. 깔끔한 외향으로 좌우,뒤에 USB포트 연결 단자가 있는것이 너무 마음에들어요 그래픽도 선명한것 같고 게임도 잘 돌아가네요배송에서부터 아직은 다 마음에 들어요사용한지 하루도 안되었기에 우선 한달은 써봐야하겠지만현재로는 흡족합니다^^예약판매할때 샀으면 더 좋았을탠더 그거 하나가 아쉽네요ㅜㅜㅎㅎ",[]
21.02.21.,5,깔끔하고 멋지네요^^* 속도도 빠르고 생각보다 화면도 크고 선명합니다 노트북 처음 사보느거라 기대만큼 성능도 좋고 만족합니다 기가바이트 노트북 좋다고 지인이 추천해서 사본거라 확실히 마음에 들고 디자인도 멋지네요 다음에도 기가바이트 노트북 또 살것 같습니다 번창하시고 좋은제품 구매해서 굿입니다 ㅎ,[]
21.03.06.,5,"g7후기입니다. 일단 배송이 매우 빨랐던 것에 만족1 깔끔한 디자인, 키감에 만족2 큰화면과 좋은 화질에 만족3 고사양덕에 렉없이 돌아가는 게임을 보고 만족4 타 노트북들과 비교했을 때 매우 만족스럽습니다. 처음엔 가격이 비싸다고 생각했지만 받아보니 그런 생각을 한 저의 자신이 부끄러울 정도로 만족스럽습니다. 잘쓰겠습니다. 감사합니다. :D",[]
21.02.15.,5,"일단 포장이 박스에 박스 또 그 안에 박스 이런식으로 돼있어서 노트북이 안전하게 배송 된거 같아 만족 하구요.기가바이트 노트북 처음 받았는데, 상당히 깔끔한 디자인이 너무 좋네요.성능적인 부분은 아직 경험이 적어 언급 하지 않겠지만 유튜브 보는데 아직 팬 안돌아가더라구요 ㅎ ㅎ 암튼 만족만족합니다 번창하세요!",[]
21.02.18.,5,정말 좋은것 같아요이렇게 고사양 노트북은 처음인데 게임도 부드럽게 잘 돌아가고 작업하는것도 잘되고 생각보다 소음도 적어요 디자인도 이정도면 괜찮고 무게도 생각보다 가벼운듯 합니다잘 쓰겠습니다한가지 아쉬운건 가방이랑 마우스 이벤트가 끝났다는거.. ㅠㅠ,[]
21.02.14.,4,일월말에주문해서설전에받았습니다 . 박스를 이중삼중으로포장해주셔서 파손걱정은없어보였어요 모니터가 17인치라서 사은품으로 주신가방에 꽉찹니다 게임을돌리면팬돌리는소리가있어서 조용한곳에서는 게임을하기어려워보이네요 베젤이얇아서 모니터는충분히좋습니다 사은품도 싸구려티나지않고좋습니다 앞으로 잘사용하겟습니다 좋은물품많이팔아주세요,[]
21.02.22.,5,가격대 성능비가 너무 좋은 제품입니다.모니터도 17'에 업무용으로 쓰려고 구매했습니다.144hz라서 눈도 편안하고 좋습니다.더욱이 i7에 기본메모리 16gb에 512 ssd까지 뭔가 업그레이드도 바로 안해도 되고가격이벤트까지 더할나위없는 빅찬스입니다.좋은 제품 감사합니다!잘쓸게용~,[]
21.02.09.,5,"어제부터 배송시작이었는데 오늘 받았습니다. 설날이 끼어서 늦으면 어쩌나 했는데 빨리 배송되어 다행이었습니다. 포장도 튼튼해서 다행히 물품은 정상이었고, 이벤트로 받은 가방도 보니 수납공간도 많고, 쓸모있어 보였습니다. 마우스도 정품으로 잘 받았습니다. 받자마자 윈도우 설치하고 잠깐 둘러봤는데 우선 화면이 커서 시원하고요, 소음도 없고 조용한 것 같습니다.오래오래 쓸 수 있을 것 같습니다.",[]
21.02.10.,4,"일단 배송하나는 진짜 만족합니다!! 사은품 퀄리티도 너무나도 좋네요노트북은 엄청빠릅니다. 키보드 느낌 좋구요화면도 시원시원하게 좋습니다 ㅎㅎ딱 한가지 아쉬운 점이 있다믄.. 지금 원신게임 까는 중인데팬소리가.. 해운대 앞바다 파도소리만큼 크게 나는게 치명적이네요 ㅠ 와이프 몰래, 회사에서 몰래 겜하기는 걸렀습니다 ㅠㅠ 열심히 일할게요암튼 잘쓰겠습니다!!",[]
21.02.16.,5,2월4일 예약판매가떠서 그전부터 노트북을 살려고 여기저기둘러보다가 구매를 결정하게되었습니다.일단 배송은 2월8일부터 배송을 시작한다고해서 명절전에는받겠다 했는데 노트북보다 사은품이 먼저와서 조금 당황했지만 노트북을 받고나니 아쉬웠던 기분은 싹 사라졌네요 윈도우깔고 드라이버들 설정 마치고나니 부팅도 신세계고빠릿빠릿한 퍼포먼스까지 정말 좋은 선택이였던거 같습니다좋은 제품 판매 감사합니다.,[]
21.02.11.,5,"큰 맘 먹고 게이밍 노트북 알아보다가 발견!! 예약판매하고 있는 기가바이트 G7 gtx3060 발견!!! 미리 봐둔 제품이 있엇는데 사양 비교하고 가격비교하고 이리저리 다 했지만 역시 기가바이트만한 제품이 없다군요 ㅎㅎ 예약 판매라 망설이긴 했지만 예약 발송일 맞춰 보내주셨습니다. 데탑 대용으로 구매했는데 ssd 용량 , 그래픽카드, 램 등등.. 아주 빠르고 좋습니다! 런칭 사은품 마우스 백팩 보내주셔서 감사합니다. gtx3060 램 16g ssd512 이만한 사양 정말 가격 좋습니다. 다들 비교해보세요~~ 잘쓸게요!! 감사합니다!!",[]
21.02.17.,5,배송이 무척 빠르네요.월요일 저녁에 주문해서 수요일에 받았습니다.기기도 성의있게 잘 포장되어있어서 언박싱 하면서 안심이 되었습니다. 이벤트가 끝나서 마우스하고 백팩은 못받아서 조금 아쉽지만 인터넷 설치하고 컴퓨터 써보니 성능은 너무 만족입니다.드라이버 설치가 조금 번거롭지만 이 정도 금액에 이 정도 스펙 대만족합니다감사합니다잘쓰겠습니다!,[]
21.02.10.,5,제일 좋은점은 배송이 빨라 좋았습니다.가격대 성능 비교했을때. 이만한 제품없능거같아여사은품 마우스 백팩 잘받았구요.백팩이 아주 마음에듭니다 주머니가 너무 많아서 놀랬네요 ㅎㅎ또한 통합유틸 찾지못해서 문의드리니 빠르게 답변해주셔서다시하여금 잘샀다 생각듭니다.,[]
21.02.09.,4,설 전이라 배송이 올까 싶었는데 매우 빠르게 도착해서 너무 좋습니다 게임 성능도 재가하는 게임은 다 울트라가 돌아갑니다.디자인은 심플해서 좋고 로지텍 마우스도 어차피 살 거였는데 증정해 줘서 너무 좋습니다 증정품인 가방도 생각보다 퀄리티가 좋아서 놀랐습니다 보조배터리 연결해서 충전할 수 있는 곳도 있습니다,[]
21.02.09.,5,다 잘 왔습니다! 모두 깔끔하게 와서 너무 기분이 좋네요 ㅎㅎ 성능은 os 깔고 봐야겠네요 ㅎㅎ 가볍기도 가볍고 이 가격에 이정도 성능은 정말 없을 것같습니다. 기가바이트 짱입니다 추천드려요~~ 그리고 진짜 빨리와서 너무 좋았습니다 ㅠㅜ 앞으로도 자주 애용할것같네여!!근데 마우스가 전원 증정이라는데 안왔네용 ㅎㅎ 그거말고는 만족합니당 ㅎㅎㅎ 마우스도 언능 왔으면 좋겠네요 !!,[]
21.02.09.,5,설 지나고 올 줄 알았는데 하루만에 왔어요ㅠㅠ 받자마자 불량부터 확인하고 윈도우 설치하고 드라이버 설치하고검은사막 리마스터 모드로 돌려 봤는데 잘 돌아가네요ㅋㅋㅋ 사은품 가방은 그닥 기대 안했는데 무슨 주머니가 이렇게 많은지..ㅋㅋㅋㅋ 가격 대비 상당히 휼륭하다고 생각되고 배송부터 해서 모두 다 만족합니다ㅎㅎ 많이 파시고 명절 잘 보내시길 바랍니다!,[]
21.02.23.,5,기가바이트 G7 노트북 구매하였습니다. G마켓에서 쿠폰할인받아서 저렴하게 구매하였습니다.타스 돌려보았는데 7100점대의 점수가 나오네요.노트북용 RTX2060 보다는 1000점이상 높고 데스크탑 RTX2060 보다는 600점 낮습니다.가성비 정말 좋은 게이밍 노트북 입니다.,[]
21.03.05.,5,만족합니다 사업번창하세요,['https://phinf.pstatic.net/checkout/20210305_109/1614941863067txa0s_JPEG/review-attachment-c71125b3-dd27-4c1b-80e4-50e38c6cbb6a.jpeg?type=f287']
21.03.12.,3,가성비 좋아요~~~,['https://phinf.pstatic.net/checkout/20210312_175/1615535774481n05em_JPEG/review-attachment-017c3346-42b3-46ef-a513-9ba00a80c9d0.jpeg?type=f287']
21.03.15.,5,약간 무거운거 빼면 만족합니다 3060 좋긴 좋네요 ㅋ,[]
21.03.24.,5,사용해봤는데 가격에 비해 엄청 좋아요,[]
21.03.08.,5,"게이밍노트북이라 발열이랑 휀 소리는 어쩔수없다치지만, 이어폰이 필수인 수준으로 소음이 심함. 그외엔 다 만족",[]
21.03.03.,5,2년 as보장과 저렴한 가격으로 구매결정 했어요 준수한 성능과 걱정과 달리 온도도 생각보다 높지 않아 좋네요 외관은 투박하고 스피커가 그다지 좋지않지만 이정도 가격으로 이정도 성능 대만족해요,[]
21.03.04.,5,"장점: 강력한 성능, 17인치 화면, 확장능력단점 : 2.5키로 무게, 지문이 묻는 커버가성비 좋아요..굿",[]
21.03.11.,3,전반적인 성능은 좋으나 블루스크린이 계속 뜨네요 as받아야겠어요ㅠ,[]
21.02.23.,5,"프리도스 설치도 그렇게 어렵진 않네요. 아직 게임을 해보진 않아 성능 테스트는 못했지만 디지털빅세일로 할인도 잘받아서 구매했습니다. 배송도 아주 만족스럽구요, 주변에서 다들 잘샀대요:)",[]
21.03.07.,5,프리도스라 고생좀 했지만 가성비 좋은것 같아요,[]
21.03.04.,4,사은품행사끝나서 좀아쉬웠지만 제품은 좋네요 굿,[]
21.03.10.,4,사운드가 심하게 구립니다.그외 성능은 좋아요.,[]
21.02.21.,5,rtx3060 tpg 95W MAX-p 제품으로 가성비 굿화면이 17인치라 넓어서 좋아요 키보드도 풀사이즈 키보드사은품 백팩하고 광마우스 놓쳤네요3만원 상품권 꼭 주세요윈드포스 쿨링으로 적정온도유지성능 짱짱합니다대만족이요,[]
21.03.11.,3,좋아요. 밧데리 사용시간빼고.,[]
21.03.12.,5,감사합니다. 잘 쓰고 있어요,[]
21.03.05.,5,조으네요오,[]
21.03.06.,4,좋아요~~~~~.,[]
21.02.20.,4,이정도 사이즈에이정도 그래픽 넣고 이가격이면가성비는 좋습니다마감도 괜찮고단 오른쪽에 발열이 있으며유광바디라손 기름이 잘 묻어나지만전 키보드를 따로 써서 문제는 없네요,[]
21.02.28.,5,"일단 배송이 정말 빠릅니다. 25일 저녁에 주문해서 27일에 받았어요. 무게가 좀 나가도, 소음이 좀 있어도 단점을 커버할 수있는 가성비라고 생각합니다. 게임 열심히 하겠습니다.!!",[]
21.02.20.,4,가격대 이정도. 성능이 나는건 없는 것 같습니다유광이라 손 기름이 많이 문지만 물티슈로 한번 슥 닦으면 됩니당,[]
21.03.04.,5,g5 g7 고민했는데큰화면 쓰고싶어서 g7선택했네요 ㅠㅠ깔끔해서 너무 좋네요. 디자인 조잡스러운걸 안좋아해서ㅎㅎ..포장은 진짜 껍데기 3개 ㅡㅡ;;; 튼튼하게옵니다!!!,[]
21.02.28.,4,빨리왓습니다 긱바라 녿북중엔 쿨링 ㄱㅊ다고 생각하지만 히트파이프가 4개뿐이라 못잡긴하네여 그래도 쿨러 사면 될거같네요 잘쓰겟습니다,[]
21.03.02.,5,일단 배송이 너무 빠릅니다 주문한 바로 다음날 도착했습니다. 성능은 역시나 기대대로 만족스럽네요 3060에 이 가격이면 굉장히 가성비가 뛰어난거 같습니다.,[]
21.02.28.,5,마침 행사를 해서 정가보다 싸게 구매했네요포장도 깔끔하고 배송도 빠르고 성능도 좋네요역시 가성비 게이밍노트북 답네요,[]
21.03.02.,5,잘 쓰고있습니다 그램 쓰다 넘어와서 무게는 무겁지만 성능은 최고예요👍,[]
21.02.26.,5,이전 노트북이 15인치라서 17인치 노트북이 가방에 잘 들어갈까 걱정했지만 베젤이 얇아서 이전 노트북 크기와 거의 같네요! 요즘은 또 사양대비 무게도 가벼워서 이런 게이밍도 점점 가벼워지는것 같습니다!,[]
